<alto xmlns:xsi="http://www.w3.org/2001/XMLSchema-instance"
      xmlns="http://www.loc.gov/standards/alto/ns-v4#"
      xsi:schemaLocation="http://www.loc.gov/standards/alto/ns-v4# http://www.loc.gov/standards/alto/v4/alto-4-2.xsd">
   <Description>
      <MeasurementUnit>pixel</MeasurementUnit>
      <sourceImageInformation>
         <fileName>B_168_15-9-4_0001.jpg</fileName>
      </sourceImageInformation>
   </Description>
   <Tags>
      <OtherTag ID="BT365"
                LABEL="MainZone:column"
                DESCRIPTION="block type MainZone:column"/>
      <OtherTag ID="BT367" LABEL="MainZone" DESCRIPTION="block type MainZone"/>
      <OtherTag ID="BT368"
                LABEL="MarginTextZone"
                DESCRIPTION="block type MarginTextZone"/>
      <OtherTag ID="BT369"
                LABEL="MarginTextZone:note"
                DESCRIPTION="block type MarginTextZone:note"/>
      <OtherTag ID="BT370"
                LABEL="NumberingZone:other"
                DESCRIPTION="block type NumberingZone:other"/>
      <OtherTag ID="BT371"
                LABEL="NumberingZone:page"
                DESCRIPTION="block type NumberingZone:page"/>
      <OtherTag ID="BT379"
                LABEL="DecorationZone"
                DESCRIPTION="block type DecorationZone"/>
      <OtherTag ID="BT380"
                LABEL="CustomZone:signature"
                DESCRIPTION="block type CustomZone:signature"/>
      <OtherTag ID="LT118" LABEL="DefaultLine" DESCRIPTION="line type DefaultLine"/>
      <OtherTag ID="LT119" LABEL="HeadingLine" DESCRIPTION="line type HeadingLine"/>
      <OtherTag ID="LT120"
                LABEL="InterlinearLine"
                DESCRIPTION="line type InterlinearLine"/>
   </Tags>
   <Layout>
      <Page WIDTH="2746"
            HEIGHT="3743"
            PHYSICAL_IMG_NR="33"
            ID="eSc_dummypage_">
         <PrintSpace HPOS="0" VPOS="0" WIDTH="2746" HEIGHT="3743">
            <TextBlock HPOS="495"
                       VPOS="137"
                       WIDTH="305"
                       HEIGHT="203"
                       ID="eSc_textblock_27eac653"
                       TAGREFS="BT370">
               <Shape>
                  <Polygon POINTS="495 137 495 340 800 340 800 137"/>
               </Shape>
               <TextLine ID="eSc_line_ccea1e03"
                         BASELINE="578 320 757 320"
                         HPOS="574"
                         VPOS="134"
                         WIDTH="181"
                         HEIGHT="259"
                         TAGREFS="LT118">
                  <Shape>
                     <Polygon POINTS="577 318 574 140 752 134 755 318 755 355 577 393"/>
                  </Shape>
                  <String CONTENT="71" HPOS="574" VPOS="134" WIDTH="181" HEIGHT="259"/>
               </TextLine>
            </TextBlock>
            <TextBlock HPOS="436"
                       VPOS="358"
                       WIDTH="397"
                       HEIGHT="237"
                       ID="eSc_textblock_04900d59"
                       TAGREFS="BT369">
               <Shape>
                  <Polygon POINTS="708 583 436 595 436 386 463 358 804 358 833 399 808 495"/>
               </Shape>
               <TextLine ID="eSc_line_a192bcb3"
                         BASELINE="446 442 801 436"
                         HPOS="436"
                         VPOS="343"
                         WIDTH="365"
                         HEIGHT="127"
                         TAGREFS="LT118">
                  <Shape>
                     <Polygon POINTS="446 442 436 364 792 343 801 436 798 449 620 467 617 467 574 464 489 455 449 470"/>
                  </Shape>
                  <String CONTENT="Agathe"
                          HPOS="436"
                          VPOS="343"
                          WIDTH="365"
                          HEIGHT="127"/>
               </TextLine>
               <TextLine ID="eSc_line_a17ef9aa"
                         BASELINE="436 567 717 548"
                         HPOS="427"
                         VPOS="470"
                         WIDTH="290"
                         HEIGHT="141"
                         TAGREFS="LT118">
                  <Shape>
                     <Polygon POINTS="436 567 427 508 642 470 645 470 649 470 714 489 717 548 717 583 620 601 617 601 571 598 486 592 439 611"/>
                  </Shape>
                  <String CONTENT="voelin"
                          HPOS="427"
                          VPOS="470"
                          WIDTH="290"
                          HEIGHT="141"/>
               </TextLine>
            </TextBlock>
            <TextBlock HPOS="1557"
                       VPOS="99"
                       WIDTH="895"
                       HEIGHT="169"
                       ID="eSc_textblock_ffc39578"
                       TAGREFS="BT369">
               <Shape>
                  <Polygon POINTS="1557 99 1557 229 2452 268 2436 99"/>
               </Shape>
               <TextLine ID="eSc_line_68f520a5"
                         BASELINE="1594 187 2443 168"
                         HPOS="1582"
                         VPOS="49"
                         WIDTH="858"
                         HEIGHT="172"
                         TAGREFS="LT118">
                  <Shape>
                     <Polygon POINTS="1591 184 1582 56 2430 49 2440 165 2437 193 2380 184 2365 196 2352 205 2352 208 2349 208 2346 208 2259 212 2256 212 2252 212 2249 212 2234 199 2218 187 2187 199 2171 205 2168 205 2165 205 2162 205 2146 199 2121 190 2109 202 2096 212 2096 215 2093 215 2090 215 1993 218 1990 218 1987 218 1940 205 1903 196 1869 205 1828 221 1825 221 1822 221 1819 221 1775 208 1728 196 1591 212"/>
                  </Shape>
                  <String CONTENT="1609. 17 auguusti et Seqquentibus"
                          HPOS="1582"
                          VPOS="49"
                          WIDTH="858"
                          HEIGHT="172"/>
               </TextLine>
               <TextLine ID="eSc_line_c08cb1bc"
                         BASELINE="2043 243 2300 240"
                         HPOS="2034"
                         VPOS="168"
                         WIDTH="265"
                         HEIGHT="100"
                         TAGREFS="LT118">
                  <Shape>
                     <Polygon POINTS="2040 240 2034 196 2290 168 2299 237 2293 258 2103 252 2043 268"/>
                  </Shape>
                  <String CONTENT="- sept. 1."
                          HPOS="2034"
                          VPOS="168"
                          WIDTH="265"
                          HEIGHT="100"/>
               </TextLine>
            </TextBlock>
            <TextBlock HPOS="1023"
                       VPOS="199"
                       WIDTH="1438"
                       HEIGHT="446"
                       ID="eSc_textblock_bb3215ff"
                       TAGREFS="BT367">
               <Shape>
                  <Polygon POINTS="1023 308 1060 199 1286 218 1469 228 1727 245 2138 254 2365 247 2461 263 2455 570 2393 633 1185 645 1060 608"/>
               </Shape>
               <TextLine ID="eSc_line_f4378f99"
                         TAGREFS="LT119"
                         BASELINE="1039 299 2437 293"
                         HPOS="1026"
                         VPOS="199"
                         WIDTH="1411"
                         HEIGHT="122">
                  <Shape>
                     <Polygon POINTS="1039 299 1026 246 1070 205 1070 202 1073 202 1076 202 1079 202 1188 205 1192 205 1195 205 1232 237 1326 202 1329 202 1332 202 1463 227 1653 202 1656 202 1660 202 1663 202 1716 237 1812 199 1816 199 1819 199 1894 199 1897 199 1987 237 2430 237 2437 293 2437 321 1039 321"/>
                  </Shape>
                  <String CONTENT="Reconfessions des actes Crimes et delictz"
                          HPOS="1026"
                          VPOS="199"
                          WIDTH="1411"
                          HEIGHT="122"/>
               </TextLine>
               <TextLine ID="eSc_line_ec9135a2"
                         TAGREFS="LT119"
                         BASELINE="1073 446 2349 458"
                         HPOS="1067"
                         VPOS="371"
                         WIDTH="1282"
                         HEIGHT="131">
                  <Shape>
                     <Polygon POINTS="1073 446 1070 393 1294 371 1298 371 1301 371 1304 371 1304 374 1326 393 1479 374 1482 374 1485 374 1488 374 1516 396 1519 399 1585 399 1588 396 1675 374 1678 374 1681 374 1800 399 1809 402 2090 402 2106 389 2106 386 2109 386 2112 386 2268 380 2271 380 2274 380 2349 405 2349 458 2349 486 2296 502 2293 502 2290 502 2287 502 2228 486 2181 470 1909 470 1887 480 1866 492 1862 492 1859 492 1734 480 1706 477 1681 477 1479 495 1475 495 1472 495 1469 495 1441 474 1438 474 1432 474 1310 492 1307 492 1304 492 1263 474 1195 492 1192 492 1188 492 1185 492 1182 492 1182 489 1163 470 1067 467"/>
                  </Shape>
                  <String CONTENT="de henry vouelin de Beurnevesain"
                          HPOS="1067"
                          VPOS="371"
                          WIDTH="1282"
                          HEIGHT="131"/>
               </TextLine>
               <TextLine ID="eSc_line_390791c8"
                         TAGREFS="LT119"
                         BASELINE="1098 377 2465 368"
                         HPOS="1089.0"
                         VPOS="296.0"
                         WIDTH="1376.0"
                         HEIGHT="118.0">
                  <Shape>
                     <Polygon POINTS="1098 377 1089 330 1138 302 1138 302 1138 302 1142 302 1142 302 1142 302 1145 302 1145 302 1148 302 1148 302 1207 324 1238 302 1241 302 1241 302 1241 302 1245 302 1245 302 1245 302 1248 302 1248 302 1251 302 1251 302 1251 302 1254 302 1254 302 1279 324 1329 302 1329 302 1332 302 1332 302 1332 302 1335 302 1993 321 2096 296 2100 296 2100 296 2103 296 2458 321 2465 368 2465 393 2427 408 2427 408 2424 408 2424 408 2421 408 2421 408 2421 408 2418 408 2418 408 2418 408 2415 408 2415 408 2399 393 2396 389 2393 393 2374 405 2371 405 2371 405 2368 405 2368 405 2368 405 2365 405 2365 405 2362 405 2362 405 2362 405 2337 393 2315 383 2187 383 2171 393 2149 408 2146 408 2146 408 2146 408 2143 408 2143 408 2143 408 1769 411 1766 411 1766 411 1763 411 1763 411 1710 393 1694 386 1678 393 1625 408 1622 408 1622 408 1622 408 1619 408 1619 408 1619 408 1616 408 1616 408 1578 389 1572 389 1569 389 1516 414 1516 414 1513 414 1513 414 1513 414 1510 414 1510 414 1510 414 1507 414 1507 414 1504 414 1504 414 1504 411 1479 389 1475 389 1163 389 1160 389 1135 405 1132 405 1132 405 1129 405 1129 405 1129 405 1126 405 1126 405 1123 405 1123 405 1123 405 1092 389"/>
                  </Shape>
                  <String CONTENT="commis et perpetrez par Agatte femme"
                          HPOS="1089.0"
                          VPOS="296.0"
                          WIDTH="1376.0"
                          HEIGHT="118.0"/>
               </TextLine>
               <TextLine ID="eSc_line_217dd8c6"
                         TAGREFS="LT119"
                         BASELINE="1085 558 1313 539 2430 539"
                         HPOS="1079.0"
                         VPOS="464.0"
                         WIDTH="1354.0"
                         HEIGHT="113.0">
                  <Shape>
                     <Polygon POINTS="1085 558 1079 495 1245 467 1245 467 1248 467 1307 467 1307 467 1307 467 1310 467 1310 467 1310 467 1313 467 1313 467 1313 470 1335 489 1416 470 1416 470 1416 470 1419 470 1419 470 1419 470 1422 470 1422 470 1422 470 1460 489 1519 470 1522 470 1522 470 1522 470 1525 470 1525 470 1525 470 1613 489 1635 470 1635 467 1635 467 1638 467 1638 467 1638 467 1641 467 1641 467 1644 467 1853 467 1853 467 1853 467 1856 467 1856 467 1856 467 1900 489 2093 489 2134 467 2134 467 2134 467 2137 467 2137 467 2140 467 2140 467 2140 467 2143 467 2143 467 2146 467 2174 483 2193 467 2193 464 2193 464 2196 464 2196 464 2196 464 2199 464 2199 464 2199 464 2203 464 2203 464 2206 464 2206 464 2206 464 2252 486 2387 467 2387 467 2390 467 2390 467 2390 467 2393 467 2393 467 2396 467 2433 489 2430 539 2433 548 2408 570 2408 570 2408 570 2405 570 2405 570 2402 570 2402 570 2402 570 2399 570 2399 570 2256 552 2252 552 2249 552 2203 570 2203 570 2199 570 2199 570 2199 570 2196 570 1972 558 1953 558 1944 558 1875 573 1875 573 1875 573 1872 573 1872 573 1772 561 1703 555 1613 567 1569 570 1569 570 1566 570 1566 570 1563 570 1563 570 1553 567 1519 555 1491 567 1479 573 1479 573 1479 573 1475 573 1475 573 1472 573 1472 573 1472 573 1469 573 1469 573 1466 573 1466 573 1463 570 1441 555 1204 555 1085 577"/>
                  </Shape>
                  <String CONTENT="par elle recognus les 17-20-26 daougst"
                          HPOS="1079.0"
                          VPOS="464.0"
                          WIDTH="1354.0"
                          HEIGHT="113.0"/>
               </TextLine>
               <TextLine ID="eSc_line_3aaec193"
                         TAGREFS="LT119"
                         BASELINE="1148 617 2352 601"
                         HPOS="1135"
                         VPOS="533"
                         WIDTH="1224"
                         HEIGHT="112">
                  <Shape>
                     <Polygon POINTS="1148 617 1135 570 1176 545 1179 545 1182 545 1185 545 1376 561 1388 545 1391 545 1391 542 1394 542 1397 542 1401 542 1560 542 1563 542 1566 542 1600 561 1738 561 1753 545 1753 542 1756 542 1759 542 1763 542 1766 542 1769 542 1794 558 1837 539 1841 539 1844 539 1847 539 1894 555 1912 536 1915 536 1919 536 1922 536 1925 536 1972 555 2140 539 2143 539 2206 552 2281 533 2284 533 2287 533 2290 533 2349 555 2352 601 2359 611 2321 639 2318 639 2315 639 2315 642 2246 642 2243 639 2240 639 2237 639 2203 617 2115 617 2065 642 2062 642 2059 642 1775 630 1663 645 1660 645 1656 645 1653 645 1631 626 1628 623 1622 626 1575 645 1572 645 1569 645 1500 630 1482 626 1148 636"/>
                  </Shape>
                  <String CONTENT="et dernier daougst de lan present 1609."
                          HPOS="1135"
                          VPOS="533"
                          WIDTH="1224"
                          HEIGHT="112"/>
               </TextLine>
            </TextBlock>
            <TextBlock HPOS="748"
                       VPOS="711"
                       WIDTH="1757"
                       HEIGHT="2542"
                       ID="eSc_textblock_37fb3526"
                       TAGREFS="BT367">
               <Shape>
                  <Polygon POINTS="2505 1472 2505 1693 2430 1821 2455 2092 2368 2208 2418 2345 2393 2592 2293 2807 2380 2981 2393 3141 1784 3165 1631 3228 1023 3253 811 3240 800 3234 800 3004 762 3004 786 1746 748 1422 798 1294 773 998 811 736 1510 711 2243 711 2393 723 2455 786 2418 960 2455 1232 2380 1319"/>
               </Shape>
               <TextLine ID="eSc_line_aaabcdb7"
                         BASELINE="820 814 1360 795 2405 795"
                         HPOS="817"
                         VPOS="704"
                         WIDTH="1588"
                         HEIGHT="135"
                         TAGREFS="LT118">
                  <Shape>
                     <Polygon POINTS="820 814 817 714 908 742 1235 742 1288 717 1316 708 1319 708 1323 708 1326 708 1329 708 1344 720 1373 739 1447 739 1479 720 1482 717 1485 717 1488 717 1666 704 1669 704 1672 704 1728 720 1825 704 1828 704 1831 704 1834 704 1859 726 1869 733 1884 726 1912 714 1915 714 1919 714 1978 726 1981 726 2012 704 2015 704 2018 704 2022 704 2402 733 2405 795 2402 807 2137 807 2131 810 2103 832 2100 832 2096 832 2093 832 2090 832 2009 810 1993 807 1987 810 1969 826 1969 829 1965 829 1962 829 1959 829 1856 814 1812 807 1772 814 1669 835 1666 835 1544 817 1516 814 1510 817 1494 832 1494 835 1491 835 1488 835 1488 839 1407 839 1404 835 1401 835 1397 835 1397 832 1382 820 1373 810 1273 820 1195 829 1192 829 817 826"/>
                  </Shape>
                  <String CONTENT="Premierement confesse questant faschee avec"
                          HPOS="817"
                          VPOS="704"
                          WIDTH="1588"
                          HEIGHT="135"/>
               </TextLine>
               <TextLine ID="eSc_line_c9b5c57d"
                         BASELINE="814 892 1404 873 2449 864"
                         HPOS="808"
                         VPOS="789"
                         WIDTH="1641"
                         HEIGHT="124"
                         TAGREFS="LT118">
                  <Shape>
                     <Polygon POINTS="814 892 808 829 855 832 861 826 879 810 879 807 883 807 886 807 889 807 992 823 1020 804 1023 804 1026 804 1254 801 1257 801 1260 801 1316 823 1323 826 1329 823 1369 801 1373 801 1376 801 1379 801 1382 801 1413 823 1422 826 1747 823 1753 820 1788 795 1791 795 1794 795 1797 795 1909 817 1937 795 1937 792 1940 792 1944 792 1947 792 2071 817 2081 817 2090 817 2187 789 2190 789 2193 789 2196 789 2249 814 2252 814 2302 798 2306 798 2309 798 2424 814 2449 864 2449 888 2153 895 2149 895 2146 895 2137 892 2106 879 1953 892 1837 901 1834 901 1750 892 1678 885 1600 895 1500 904 1497 904 1494 904 1491 904 1479 895 1472 888 1469 895 1451 907 1447 907 1444 907 1441 907 1338 895 1307 892 1260 895 1079 910 1076 910 1073 910 1045 898 1032 910 1032 913 1029 913 1026 913 1023 913 811 895"/>
                  </Shape>
                  <String CONTENT="les freres de son mari, quelle a estee en volonte"
                          HPOS="808"
                          VPOS="789"
                          WIDTH="1641"
                          HEIGHT="124"/>
               </TextLine>
               <TextLine ID="eSc_line_74f5d2a1"
                         BASELINE="807 993 1373 954 2368 938"
                         HPOS="798"
                         VPOS="860"
                         WIDTH="1567"
                         HEIGHT="163"
                         TAGREFS="LT118">
                  <Shape>
                     <Polygon POINTS="805 991 798 898 864 910 954 895 979 892 982 892 986 892 989 892 992 895 1020 917 1085 917 1123 892 1129 888 1132 888 1135 888 1245 882 1248 882 1251 882 1254 882 1254 885 1260 892 1276 904 1291 892 1301 882 1304 882 1307 882 1366 879 1369 879 1373 879 1376 879 1388 888 1410 904 1435 888 1454 876 1457 876 1460 876 1463 876 1466 876 1469 876 1469 879 1482 888 1494 904 1535 904 1628 885 1750 867 1753 867 1756 867 1822 885 1856 892 1947 892 1956 882 1978 864 1978 860 1981 860 1984 860 1987 860 1990 860 1993 860 2025 882 2031 885 2047 882 2118 860 2121 860 2125 860 2128 860 2131 860 2153 879 2156 882 2165 879 2206 867 2209 867 2212 867 2359 879 2365 935 2365 954 2277 973 2274 973 2224 960 2181 951 2131 966 2068 985 2065 985 2062 985 1962 973 1862 960 1800 979 1756 995 1753 995 1544 1001 1541 1001 1538 1001 1519 991 1472 973 1388 991 1385 991 1382 991 1379 991 1354 976 1064 982 1020 1013 1020 1016 1017 1016 1014 1016 1011 1016 1007 1016 1004 1016 964 991 939 1013 939 1016 936 1016 933 1016 929 1016 926 1016 923 1016 901 998 808 1023"/>
                  </Shape>
                  <String CONTENT="par deux ou trois soir de se relever de son lict"
                          HPOS="798"
                          VPOS="860"
                          WIDTH="1567"
                          HEIGHT="163"/>
               </TextLine>
               <TextLine ID="eSc_line_3b617996"
                         BASELINE="836 1063 2384 1026"
                         HPOS="833"
                         VPOS="948"
                         WIDTH="1551"
                         HEIGHT="146"
                         TAGREFS="LT118">
                  <Shape>
                     <Polygon POINTS="836 1063 833 988 879 1007 1160 985 1351 970 1354 970 1357 970 1404 982 1451 995 1463 982 1466 976 1469 976 1469 973 1472 973 1475 973 1479 973 1482 973 1485 973 1497 982 1516 991 1594 979 1644 973 1647 973 1681 979 1728 988 1750 979 1788 960 1791 960 1794 960 1797 960 1837 976 1859 985 1962 976 2246 948 2249 948 2377 973 2384 1026 2380 1041 2193 1060 2190 1060 2187 1060 2184 1060 2171 1051 2153 1041 2059 1041 1956 1057 1862 1069 1859 1069 1809 1063 1738 1051 1713 1066 1703 1072 1700 1072 1697 1072 1610 1076 1607 1076 1544 1072 1404 1060 1351 1079 1338 1082 1335 1082 1332 1082 1329 1082 1319 1079 1270 1063 1045 1085 1042 1085 1039 1085 1035 1085 1011 1069 836 1094"/>
                  </Shape>
                  <String CONTENT="pour aller ? mectre le feug en la maison"
                          HPOS="833"
                          VPOS="948"
                          WIDTH="1551"
                          HEIGHT="146"/>
               </TextLine>
               <TextLine ID="eSc_line_aabc6c0e"
                         BASELINE="811 1147 1919 1119 2340 1126"
                         HPOS="801"
                         VPOS="1035"
                         WIDTH="1539"
                         HEIGHT="147"
                         TAGREFS="LT118">
                  <Shape>
                     <Polygon POINTS="811 1147 801 1094 895 1072 898 1072 901 1072 933 1088 961 1069 964 1069 967 1069 970 1069 973 1069 1004 1085 1098 1060 1101 1060 1104 1060 1207 1072 1316 1057 1319 1057 1323 1057 1326 1057 1326 1060 1341 1072 1354 1082 1466 1082 1485 1066 1500 1054 1504 1054 1507 1054 1510 1054 1513 1054 1516 1054 1532 1066 1550 1079 1672 1060 1703 1057 1706 1057 1728 1057 1853 1072 2015 1048 2059 1041 2062 1041 2065 1041 2068 1041 2068 1044 2071 1044 2093 1063 2121 1044 2125 1044 2128 1044 2131 1044 2284 1063 2327 1035 2340 1126 2340 1157 2228 1157 2224 1154 2221 1154 2174 1132 2146 1157 2143 1157 2140 1157 2137 1157 2128 1157 1969 1135 1937 1157 1934 1157 1931 1157 1928 1157 1925 1157 1922 1157 1890 1135 1788 1138 1747 1160 1734 1166 1731 1166 1728 1166 1725 1166 1710 1160 1660 1141 1585 1160 1553 1169 1550 1169 1547 1169 1500 1163 1416 1147 1394 1163 1385 1169 1382 1169 1379 1169 1379 1172 1376 1169 1373 1169 1369 1169 1363 1163 1338 1147 1179 1163 1126 1169 1123 1169 1120 1169 1107 1166 1085 1157 1076 1166 1067 1172 1067 1175 1064 1175 1060 1175 1057 1175 1054 1175 1051 1175 1039 1166 1035 1163 1023 1166 964 1182 961 1182 957 1182 954 1182 914 1166 883 1157 811 1166"/>
                  </Shape>
                  <String CONTENT="desdits freres de sondit mary ne fust esté que"
                          HPOS="801"
                          VPOS="1035"
                          WIDTH="1539"
                          HEIGHT="147"/>
               </TextLine>
               <TextLine ID="eSc_line_a5b6993c"
                         BASELINE="814 1235 1519 1210 2437 1203"
                         HPOS="808"
                         VPOS="1132"
                         WIDTH="1632"
                         HEIGHT="140"
                         TAGREFS="LT118">
                  <Shape>
                     <Polygon POINTS="814 1235 808 1169 929 1150 933 1150 936 1150 939 1150 957 1166 964 1169 976 1163 1017 1147 1020 1147 1023 1147 1026 1147 1029 1147 1051 1163 1067 1172 1310 1172 1323 1157 1326 1157 1326 1154 1329 1154 1332 1154 1335 1154 1354 1157 1397 1166 1419 1154 1444 1141 1447 1141 1451 1141 1454 1141 1457 1141 1472 1154 1491 1166 1553 1150 1591 1144 1594 1144 1597 1144 1600 1144 1607 1150 1625 1163 1660 1150 1666 1147 1669 1147 1672 1147 1691 1150 1759 1160 1775 1147 1788 1138 1788 1135 1791 1135 1794 1135 1894 1132 1897 1132 2050 1141 2237 1154 2281 1138 2293 1132 2296 1132 2299 1132 2302 1132 2306 1132 2309 1135 2324 1147 2427 1135 2437 1203 2440 1225 2399 1247 2396 1247 2393 1247 2390 1247 2340 1228 2315 1216 2284 1228 2231 1250 2228 1250 2224 1250 2221 1250 2218 1250 2190 1232 2168 1219 2115 1219 2096 1232 2065 1253 2062 1253 2059 1253 1859 1257 1856 1257 1853 1257 1850 1257 1850 1253 1831 1238 1819 1228 1772 1228 1753 1238 1728 1257 1725 1257 1722 1257 1719 1257 1716 1257 1678 1241 1644 1225 1532 1225 1266 1228 1248 1250 1232 1263 1232 1266 1229 1266 1226 1266 1223 1266 1220 1266 1160 1250 1098 1235 1045 1253 992 1272 989 1272 986 1272 982 1272 920 1257 867 1241 817 1257"/>
                  </Shape>
                  <String CONTENT="sondit mary lan a enpeiche Parce quiceulx"
                          HPOS="808"
                          VPOS="1132"
                          WIDTH="1632"
                          HEIGHT="140"/>
               </TextLine>
               <TextLine ID="eSc_line_6c65c5e4"
                         BASELINE="808 1300 1631 1275"
                         HPOS="798"
                         VPOS="1210"
                         WIDTH="833"
                         HEIGHT="125"
                         TAGREFS="LT118">
                  <Shape>
                     <Polygon POINTS="808 1300 798 1241 889 1225 892 1225 895 1225 923 1238 945 1247 976 1238 1004 1228 1007 1228 1011 1228 1048 1235 1089 1244 1132 1235 1170 1225 1173 1225 1176 1225 1179 1225 1182 1225 1182 1228 1188 1235 1195 1241 1210 1235 1248 1216 1251 1216 1254 1216 1257 1216 1313 1232 1326 1235 1338 1232 1397 1210 1401 1210 1404 1210 1625 1228 1631 1275 1625 1303 1541 1294 1491 1306 1454 1316 1451 1316 1447 1316 1444 1316 1419 1306 1388 1297 1351 1306 1304 1322 1301 1322 1298 1322 1294 1322 1266 1310 1251 1300 1241 1310 1223 1325 1223 1328 1220 1328 1216 1328 1216 1331 1163 1331 1160 1328 1157 1328 1154 1328 1126 1310 1123 1310 1110 1328 1107 1328 1107 1331 1104 1331 1101 1331 1014 1335 1011 1335 805 1313"/>
                  </Shape>
                  <String CONTENT="la chargeoyent dinjure."
                          HPOS="798"
                          VPOS="1210"
                          WIDTH="833"
                          HEIGHT="125"/>
               </TextLine>
               <TextLine ID="eSc_line_d4767071"
                         BASELINE="795 1428 1769 1403 2346 1406"
                         HPOS="789"
                         VPOS="1322"
                         WIDTH="1557"
                         HEIGHT="150"
                         TAGREFS="LT118">
                  <Shape>
                     <Polygon POINTS="795 1428 789 1341 976 1369 1039 1353 1042 1353 1045 1353 1126 1369 1176 1341 1192 1335 1195 1335 1198 1335 1294 1344 1475 1359 1497 1344 1504 1338 1507 1338 1510 1338 1513 1338 1516 1338 1532 1344 1569 1359 1585 1344 1603 1328 1607 1328 1610 1328 1850 1322 1853 1322 1856 1322 1906 1347 1922 1356 2006 1356 2015 1347 2040 1325 2040 1322 2043 1322 2047 1322 2050 1322 2053 1322 2056 1322 2056 1325 2084 1347 2087 1350 2112 1347 2231 1335 2234 1335 2237 1335 2259 1347 2277 1328 2281 1328 2284 1328 2287 1328 2290 1328 2346 1350 2346 1406 2346 1412 2281 1431 2277 1431 2274 1431 2168 1422 2143 1419 2137 1422 2096 1447 2093 1447 2090 1447 2087 1447 2084 1447 2018 1425 2003 1422 1997 1428 1962 1450 1959 1450 1956 1450 1953 1450 1950 1450 1903 1431 1869 1416 1781 1431 1778 1431 1513 1419 1466 1447 1451 1459 1447 1459 1444 1459 1326 1462 1323 1462 1319 1462 1291 1453 1229 1434 1210 1453 1207 1453 1204 1453 1201 1453 1198 1453 1195 1453 1173 1434 1104 1447 1101 1447 998 1431 945 1456 942 1456 939 1456 936 1456 883 1444 798 1472"/>
                  </Shape>
                  <String CONTENT="Item confesse que sont environ dix ans"
                          HPOS="789"
                          VPOS="1322"
                          WIDTH="1557"
                          HEIGHT="150"/>
               </TextLine>
               <TextLine ID="eSc_line_d3fbfc7d"
                         BASELINE="761 1490 2480 1497"
                         HPOS="748"
                         VPOS="1409"
                         WIDTH="1732"
                         HEIGHT="122"
                         TAGREFS="LT118">
                  <Shape>
                     <Polygon POINTS="761 1490 764 1409 820 1441 1035 1441 1051 1425 1051 1422 1054 1422 1057 1422 1060 1422 1145 1437 1173 1419 1173 1416 1176 1416 1179 1416 1182 1416 1185 1416 1188 1416 1192 1419 1220 1437 1270 1419 1276 1419 1279 1419 1282 1419 1301 1422 1410 1437 1438 1422 1466 1409 1469 1409 1472 1409 1619 1409 1841 1412 1844 1412 1897 1434 1919 1441 1944 1434 2006 1416 2009 1416 2012 1416 2015 1416 2018 1416 2018 1419 2040 1437 2047 1441 2071 1437 2196 1416 2199 1416 2480 1447 2480 1497 2477 1509 2380 1531 2377 1531 2059 1506 2025 1506 2018 1506 1959 1531 1956 1531 1953 1531 1950 1531 1947 1531 1947 1528 1922 1506 1909 1506 1700 1528 1697 1528 1694 1528 1691 1528 1660 1506 1557 1528 1553 1528 1550 1528 1547 1528 1547 1525 1522 1503 1469 1525 1466 1525 1463 1525 1460 1525 1404 1503 1401 1503 1291 1503 1220 1528 1216 1528 1213 1528 1114 1506 1026 1522 1023 1522 1020 1522 973 1503 914 1528 911 1528 911 1531 789 1531 786 1528 783 1528 780 1528 780 1525 748 1497"/>
                  </Shape>
                  <String CONTENT="que au Bolz de Rechesie elle fust sollicitee"
                          HPOS="748"
                          VPOS="1409"
                          WIDTH="1732"
                          HEIGHT="122"/>
               </TextLine>
               <TextLine ID="eSc_line_bbab0194"
                         BASELINE="789 1590 1341 1575 2462 1581"
                         HPOS="786"
                         VPOS="1500"
                         WIDTH="1676"
                         HEIGHT="100"
                         TAGREFS="LT118">
                  <Shape>
                     <Polygon POINTS="789 1590 786 1531 957 1531 1001 1503 1004 1503 1007 1503 1011 1503 1014 1503 1064 1531 1298 1531 1397 1506 1401 1506 1472 1522 1507 1500 1510 1500 1513 1500 1516 1500 1519 1500 1575 1528 1610 1500 1613 1500 1616 1500 1619 1500 1713 1522 1738 1503 1738 1500 1741 1500 1744 1500 1747 1500 1900 1500 1903 1500 1906 1500 1940 1528 1975 1500 1978 1500 1981 1500 1984 1500 2128 1531 2203 1531 2268 1500 2271 1500 2274 1500 2277 1500 2281 1500 2312 1525 2362 1509 2365 1509 2368 1509 2458 1531 2462 1581 2458 1593 789 1600"/>
                  </Shape>
                  <String CONTENT="de lennemy questoit en forme dhomme vestu"
                          HPOS="786"
                          VPOS="1500"
                          WIDTH="1676"
                          HEIGHT="100"/>
               </TextLine>
               <TextLine ID="eSc_line_a041dd03"
                         BASELINE="795 1678 1341 1656 2496 1662"
                         HPOS="789"
                         VPOS="1581"
                         WIDTH="1707"
                         HEIGHT="128"
                         TAGREFS="LT118">
                  <Shape>
                     <Polygon POINTS="795 1678 789 1612 970 1609 1020 1584 1023 1584 1026 1584 1029 1584 1120 1606 1241 1606 1257 1590 1257 1587 1260 1587 1263 1587 1266 1587 1373 1606 1401 1584 1404 1584 1407 1584 1410 1584 1494 1600 1731 1584 1734 1584 1859 1606 1862 1606 1969 1581 1972 1581 1975 1581 2028 1603 2062 1581 2065 1581 2068 1581 2071 1581 2075 1581 2162 1603 2209 1581 2212 1581 2215 1581 2218 1581 2256 1600 2293 1581 2296 1581 2299 1581 2302 1581 2306 1581 2306 1584 2330 1606 2493 1606 2496 1662 2493 1684 1969 1674 1934 1690 1912 1703 1909 1703 1906 1703 1903 1703 1881 1693 1875 1690 1872 1693 1866 1703 1862 1703 1862 1706 1859 1706 1856 1706 1856 1709 1716 1709 1713 1706 1710 1706 1688 1693 1663 1681 1613 1696 1585 1703 1582 1703 1578 1703 1575 1703 1560 1696 1532 1681 1507 1696 1494 1706 1491 1706 1488 1706 1485 1706 1426 1696 1379 1690 1344 1696 1313 1706 1310 1706 1307 1706 1304 1706 1301 1706 1301 1703 1294 1699 1273 1678 1148 1678 1104 1699 1101 1699 1098 1699 1095 1699 1060 1684 1032 1703 1026 1706 1023 1706 1020 1706 1020 1709 898 1709 895 1706 892 1706 889 1706 889 1703 886 1703 870 1687 795 1703"/>
                  </Shape>
                  <String CONTENT="de grys, que sappelloit grappin, de se donner"
                          HPOS="789"
                          VPOS="1581"
                          WIDTH="1707"
                          HEIGHT="128"/>
               </TextLine>
               <TextLine ID="eSc_line_4bb549e4"
                         BASELINE="814 1762 1607 1737 2440 1743"
                         HPOS="805"
                         VPOS="1662"
                         WIDTH="1638"
                         HEIGHT="122"
                         TAGREFS="LT118">
                  <Shape>
                     <Polygon POINTS="814 1762 805 1709 851 1690 855 1690 858 1690 1057 1703 1095 1674 1098 1674 1101 1674 1104 1674 1163 1674 1167 1674 1170 1674 1201 1699 1235 1674 1238 1674 1241 1674 1245 1674 1248 1674 1326 1699 1656 1668 1660 1668 1663 1668 1713 1696 1834 1696 1853 1678 1853 1674 1856 1674 1859 1674 1862 1674 1866 1674 1922 1693 1950 1668 1950 1665 1953 1665 1956 1665 1959 1665 1962 1665 2031 1690 2153 1665 2156 1665 2159 1665 2162 1665 2203 1690 2262 1662 2265 1662 2268 1662 2393 1662 2396 1662 2399 1662 2443 1690 2440 1743 2443 1752 2390 1768 2387 1768 2384 1768 2380 1768 2377 1768 2377 1765 2365 1756 2362 1752 2053 1752 2043 1762 2034 1768 2034 1771 2031 1771 2028 1771 1931 1774 1928 1774 1847 1765 1784 1756 1747 1765 1716 1774 1713 1774 1710 1774 1706 1774 1688 1768 1660 1756 1594 1768 1544 1777 1541 1777 1472 1771 1391 1762 1369 1771 1351 1781 1348 1781 1344 1781 1270 1774 1138 1762 1042 1762 1023 1777 1017 1784 1014 1784 1011 1784 1007 1784 973 1781 901 1768 814 1781"/>
                  </Shape>
                  <String CONTENT="a luy avec promesse quil lui donneroit"
                          HPOS="805"
                          VPOS="1662"
                          WIDTH="1638"
                          HEIGHT="122"/>
               </TextLine>
               <TextLine ID="eSc_line_8bc7b7b3"
                         BASELINE="795 1855 1625 1821 2359 1821"
                         HPOS="783"
                         VPOS="1746"
                         WIDTH="1576"
                         HEIGHT="137"
                         TAGREFS="LT118">
                  <Shape>
                     <Polygon POINTS="795 1855 783 1802 848 1777 851 1777 855 1777 951 1796 976 1777 976 1774 979 1774 982 1774 986 1774 1210 1787 1416 1765 1419 1765 1422 1765 1426 1765 1457 1784 1460 1787 1475 1784 1594 1759 1597 1759 1781 1777 1803 1777 1987 1777 1990 1771 1997 1762 2000 1762 2000 1759 2003 1759 2006 1759 2009 1759 2190 1765 2262 1768 2274 1765 2321 1746 2324 1746 2327 1746 2330 1746 2359 1762 2359 1821 2355 1846 2162 1834 2093 1852 2075 1855 2071 1855 2068 1855 2065 1855 2062 1855 2062 1852 2059 1852 2040 1834 1981 1834 1812 1855 1800 1855 1797 1855 1781 1855 1603 1840 1519 1859 1466 1871 1463 1871 1460 1871 1432 1862 1391 1846 1220 1846 1188 1865 1160 1877 1157 1877 1042 1880 1039 1880 1035 1880 1001 1865 973 1855 923 1868 851 1883 848 1883 845 1883 789 1868"/>
                  </Shape>
                  <String CONTENT="de largent et quelle nauroit Jamais"
                          HPOS="783"
                          VPOS="1746"
                          WIDTH="1576"
                          HEIGHT="137"/>
               </TextLine>
               <TextLine ID="eSc_line_8d945c0c"
                         BASELINE="811 1943 1491 1905 2365 1887"
                         HPOS="801"
                         VPOS="1812"
                         WIDTH="1564"
                         HEIGHT="143"
                         TAGREFS="LT118">
                  <Shape>
                     <Polygon POINTS="811 1943 801 1890 870 1859 873 1859 876 1859 879 1859 939 1880 1079 1880 1151 1877 1192 1846 1195 1846 1198 1846 1201 1846 1294 1865 1313 1849 1313 1846 1316 1846 1319 1846 1323 1846 1326 1846 1354 1859 1416 1840 1419 1840 1422 1840 1426 1840 1482 1862 1507 1840 1507 1837 1510 1837 1513 1837 1722 1827 1725 1827 1728 1827 1731 1827 1769 1852 1906 1821 1909 1821 1912 1821 1915 1821 1915 1824 1937 1840 1962 1821 1965 1821 1969 1821 1972 1821 1975 1821 2025 1843 2121 1843 2178 1812 2181 1812 2184 1812 2359 1837 2365 1887 2365 1902 811 1955"/>
                  </Shape>
                  <String CONTENT="de rien faulte. Et le soir du mesme"
                          HPOS="801"
                          VPOS="1812"
                          WIDTH="1564"
                          HEIGHT="143"/>
               </TextLine>
               <TextLine ID="eSc_line_7b6424c5"
                         BASELINE="830 2014 1775 1974 2440 1980"
                         HPOS="817"
                         VPOS="1890"
                         WIDTH="1623"
                         HEIGHT="146"
                         TAGREFS="LT118">
                  <Shape>
                     <Polygon POINTS="830 2014 817 1952 851 1930 855 1930 858 1930 861 1930 864 1930 867 1930 892 1952 895 1952 1011 1952 1014 1949 1035 1930 1039 1930 1042 1930 1045 1930 1048 1930 1051 1930 1067 1946 1070 1949 1073 1946 1114 1921 1117 1921 1120 1921 1123 1921 1126 1921 1163 1940 1185 1918 1185 1915 1188 1915 1192 1915 1195 1915 1251 1915 1254 1915 1257 1915 1288 1940 1413 1937 1451 1908 1454 1908 1457 1908 1460 1908 1463 1908 1532 1930 1557 1908 1557 1905 1560 1905 1563 1905 1566 1905 1644 1918 1675 1902 1678 1902 1681 1902 1685 1902 1734 1924 1763 1902 1766 1902 1769 1902 1772 1902 1775 1902 1825 1924 1884 1905 1887 1905 1890 1905 1894 1905 1897 1905 1922 1927 1969 1896 1972 1896 1975 1896 1978 1896 2059 1912 2165 1890 2168 1890 2171 1890 2174 1890 2215 1918 2265 1896 2268 1896 2271 1896 2274 1896 2318 1915 2433 1915 2440 1980 2437 1990 1806 1990 1763 2011 1753 2014 1750 2014 1747 2014 1744 2014 1734 2011 1688 1993 1669 2014 1666 2014 1666 2018 1663 2018 1660 2018 1656 2018 1653 2018 1644 2014 1607 1996 1494 1996 1466 2018 1463 2018 1460 2018 1447 2021 1301 2027 1298 2027 1294 2027 1291 2027 1288 2024 1263 2005 1198 2005 1157 2027 1157 2030 1154 2030 1151 2030 1148 2030 1129 2030 1029 2018 830 2036"/>
                  </Shape>
                  <String CONTENT="jour ledit Grappin se treuva derrier leur"
                          HPOS="817"
                          VPOS="1890"
                          WIDTH="1623"
                          HEIGHT="146"/>
               </TextLine>
               <TextLine ID="eSc_line_d2de920d"
                         BASELINE="789 2089 1660 2064 2443 2058"
                         HPOS="783"
                         VPOS="1977"
                         WIDTH="1660"
                         HEIGHT="140"
                         TAGREFS="LT118">
                  <Shape>
                     <Polygon POINTS="789 2089 783 2018 936 2027 967 2014 979 2008 982 2008 986 2008 989 2008 1001 2014 1026 2024 1048 2014 1064 2005 1067 2005 1070 2005 1073 2005 1076 2005 1085 2011 1098 2024 1157 2011 1207 2002 1210 2002 1213 2002 1235 2011 1257 2021 1276 2011 1304 1996 1307 1996 1310 1996 1313 1996 1316 1996 1316 1999 1329 2011 1335 2018 1404 2018 1413 2008 1426 1996 1426 1993 1429 1993 1432 1993 1435 1993 1619 2005 1653 2008 1660 2005 1678 1990 1681 1990 1685 1990 1688 1990 1781 2005 1791 2005 1800 2005 1894 1986 1897 1986 1900 1986 1940 2002 1965 1983 1969 1983 1972 1983 1975 1983 1978 1983 2047 2002 2065 2005 2090 2002 2228 1977 2231 1977 2234 1977 2237 1977 2271 1999 2274 1999 2433 1999 2443 2058 2443 2068 2384 2089 2380 2089 2377 2089 2306 2074 2234 2096 2231 2096 2228 2096 2153 2083 2071 2099 2068 2099 1944 2077 1922 2074 1900 2077 1800 2102 1797 2102 1719 2086 1694 2105 1691 2105 1688 2105 1685 2105 1681 2105 1635 2083 1628 2080 1575 2083 1360 2102 1357 2102 1291 2089 1276 2086 1254 2089 1160 2105 1157 2105 1154 2105 1120 2092 1114 2089 1114 2092 1089 2114 1089 2117 1085 2117 1082 2117 1079 2117 786 2096"/>
                  </Shape>
                  <String CONTENT="maison et sur telle sollicitation que devant"
                          HPOS="783"
                          VPOS="1977"
                          WIDTH="1660"
                          HEIGHT="140"/>
               </TextLine>
               <TextLine ID="eSc_line_88acfd35"
                         BASELINE="789 2189 1391 2155 2368 2139"
                         HPOS="783"
                         VPOS="2061"
                         WIDTH="1585"
                         HEIGHT="150"
                         TAGREFS="LT118">
                  <Shape>
                     <Polygon POINTS="789 2189 783 2102 851 2099 855 2099 858 2099 861 2099 861 2102 886 2127 951 2099 961 2096 964 2096 967 2096 970 2096 982 2099 1048 2117 1201 2096 1288 2086 1291 2086 1294 2086 1316 2096 1354 2114 1422 2096 1475 2080 1479 2080 1482 2080 1600 2092 1694 2105 1756 2092 1850 2074 1853 2074 1856 2074 1906 2092 1928 2099 1956 2092 2043 2064 2047 2064 2050 2064 2053 2064 2109 2089 2115 2092 2118 2089 2149 2061 2153 2061 2156 2061 2159 2061 2162 2061 2165 2061 2212 2089 2215 2089 2359 2089 2368 2139 2362 2170 2224 2161 2096 2177 2093 2177 1962 2158 1912 2183 1909 2183 1906 2183 1894 2183 1479 2170 789 2211"/>
                  </Shape>
                  <String CONTENT="Ladite Agatte se donna a lui. Et surce"
                          HPOS="783"
                          VPOS="2061"
                          WIDTH="1585"
                          HEIGHT="150"/>
               </TextLine>
               <TextLine ID="eSc_line_0db842cf"
                         BASELINE="817 2267 2274 2230"
                         HPOS="805"
                         VPOS="2155"
                         WIDTH="1469"
                         HEIGHT="125"
                         TAGREFS="LT118">
                  <Shape>
                     <Polygon POINTS="817 2267 805 2217 842 2186 845 2186 848 2186 851 2186 957 2208 1017 2183 1020 2183 1023 2183 1157 2183 1160 2183 1163 2183 1195 2202 1260 2177 1263 2177 1266 2177 1270 2177 1329 2199 1438 2170 1441 2170 1444 2170 1550 2189 1622 2167 1625 2167 1628 2167 1631 2167 1635 2167 1660 2183 1672 2167 1675 2167 1675 2164 1678 2164 1681 2164 1685 2164 1688 2164 1741 2189 1800 2174 1803 2174 1806 2174 2018 2183 2059 2155 2062 2155 2065 2155 2068 2155 2071 2155 2075 2155 2118 2180 2265 2180 2274 2230 2274 2242 817 2280"/>
                  </Shape>
                  <String CONTENT="Renuncer Dieu et la Vierge marie"
                          HPOS="805"
                          VPOS="2155"
                          WIDTH="1469"
                          HEIGHT="125"/>
               </TextLine>
               <TextLine ID="eSc_line_f2db1c69"
                         BASELINE="814 2348 1188 2330 2337 2317"
                         HPOS="811"
                         VPOS="2242"
                         WIDTH="1526"
                         HEIGHT="122"
                         TAGREFS="LT118">
                  <Shape>
                     <Polygon POINTS="814 2348 811 2264 1170 2273 1182 2261 1185 2261 1185 2258 1188 2258 1192 2258 1195 2258 1279 2261 1441 2267 1472 2261 1504 2252 1507 2252 1510 2252 1566 2261 1625 2267 1691 2258 1775 2248 1778 2248 1781 2248 1816 2258 1834 2264 1847 2258 1872 2245 1875 2245 1878 2245 2031 2258 2084 2261 2090 2258 2112 2242 2115 2242 2118 2242 2121 2242 2330 2258 2337 2317 2334 2333 1660 2354 1656 2354 1588 2348 1463 2339 1451 2351 1451 2354 1447 2354 1447 2358 1444 2358 1441 2358 1438 2358 1435 2358 1432 2358 1426 2351 1410 2342 1397 2354 1394 2358 1391 2358 1388 2358 1385 2358 1304 2354 1064 2345 814 2364"/>
                  </Shape>
                  <String CONTENT="Cresme et baptesme. Et instaument"
                          HPOS="811"
                          VPOS="2242"
                          WIDTH="1526"
                          HEIGHT="122"/>
               </TextLine>
               <TextLine ID="eSc_line_50119f14"
                         BASELINE="770 2429 1251 2407 2380 2398"
                         HPOS="764"
                         VPOS="2323"
                         WIDTH="1620"
                         HEIGHT="131"
                         TAGREFS="LT118">
                  <Shape>
                     <Polygon POINTS="770 2429 764 2367 914 2367 917 2364 936 2345 936 2342 939 2342 942 2342 945 2342 1020 2358 1042 2339 1045 2339 1048 2339 1051 2339 1054 2339 1129 2361 1135 2364 1185 2364 1188 2361 1210 2342 1210 2339 1213 2339 1216 2339 1220 2339 1313 2358 1316 2358 1344 2336 1348 2336 1351 2336 1354 2336 1357 2336 1413 2351 1469 2336 1472 2336 1475 2336 1479 2336 1547 2354 1550 2354 1816 2354 1819 2351 1856 2326 1859 2326 1862 2326 1866 2326 1959 2339 2087 2323 2090 2323 2184 2345 2187 2345 2371 2345 2380 2398 2384 2411 2334 2436 2330 2436 2330 2439 2199 2439 2196 2436 2193 2436 2153 2417 2140 2411 2125 2417 2087 2436 2084 2436 2081 2436 2078 2436 2034 2420 2012 2414 1993 2423 1959 2439 1956 2439 1953 2439 1950 2439 1915 2423 1887 2411 1866 2426 1850 2436 1847 2436 1844 2436 1841 2436 1837 2436 1806 2426 1766 2417 1700 2429 1666 2436 1663 2436 1660 2436 1644 2432 1616 2423 1600 2432 1585 2445 1582 2445 1578 2445 1575 2445 1572 2445 1569 2445 1557 2432 1541 2420 1223 2420 770 2454"/>
                  </Shape>
                  <String CONTENT="Luy donna de largent. Et heust aussy"
                          HPOS="764"
                          VPOS="2323"
                          WIDTH="1620"
                          HEIGHT="131"/>
               </TextLine>
               <TextLine ID="eSc_line_3bfd0a97"
                         BASELINE="805 2504 1532 2485 2281 2485"
                         HPOS="798"
                         VPOS="2407"
                         WIDTH="1483"
                         HEIGHT="132"
                         TAGREFS="LT118">
                  <Shape>
                     <Polygon POINTS="805 2504 798 2439 879 2426 883 2426 886 2426 920 2436 948 2445 961 2436 976 2426 979 2426 982 2426 1110 2420 1114 2420 1192 2436 1223 2442 1257 2436 1329 2420 1332 2420 1335 2420 1376 2436 1388 2439 1410 2436 1494 2417 1497 2417 1500 2417 1535 2436 1547 2439 1557 2432 1607 2414 1610 2414 1797 2411 1800 2411 1944 2432 1953 2432 1959 2432 2043 2407 2047 2407 2050 2407 2053 2407 2056 2407 2084 2432 2277 2432 2281 2485 2274 2498 1993 2498 1984 2507 1969 2520 1969 2523 1965 2523 1962 2523 1962 2526 1872 2526 1869 2523 1866 2523 1841 2510 1809 2498 1688 2498 1653 2517 1650 2520 1647 2520 1644 2520 1641 2520 1638 2520 1635 2520 1635 2517 1631 2517 1610 2498 1557 2498 1519 2520 1516 2520 1513 2520 1397 2526 1397 2529 1257 2529 1248 2529 1245 2526 1241 2526 1192 2507 1070 2529 1067 2529 1064 2529 1026 2510 979 2532 976 2532 805 2539"/>
                  </Shape>
                  <String CONTENT="in sa compagnie. Puis lui donna"
                          HPOS="798"
                          VPOS="2407"
                          WIDTH="1483"
                          HEIGHT="132"/>
               </TextLine>
               <TextLine ID="eSc_line_786fb38f"
                         BASELINE="795 2588 1316 2570 2377 2560"
                         HPOS="783"
                         VPOS="2489"
                         WIDTH="1594"
                         HEIGHT="127"
                         TAGREFS="LT118">
                  <Shape>
                     <Polygon POINTS="795 2588 783 2535 830 2507 833 2507 836 2507 839 2507 842 2507 883 2529 1007 2514 1011 2514 1014 2514 1035 2526 1070 2504 1073 2504 1076 2504 1079 2504 1198 2520 1226 2501 1229 2501 1232 2501 1235 2501 1238 2501 1298 2520 1338 2501 1341 2501 1344 2501 1348 2501 1401 2520 1419 2504 1419 2501 1422 2501 1426 2501 1429 2501 1504 2514 1582 2498 1585 2498 1588 2498 1653 2520 1828 2495 1831 2495 1834 2495 1894 2514 1915 2495 1915 2492 1919 2492 1922 2492 1925 2492 1928 2492 1972 2514 2165 2514 2199 2489 2203 2489 2206 2489 2209 2489 2212 2489 2262 2510 2368 2510 2377 2560 2377 2573 2343 2592 2340 2592 2337 2592 2181 2579 2143 2576 2096 2579 1900 2604 1897 2604 1894 2604 1853 2585 1844 2582 1841 2588 1825 2601 1825 2604 1822 2604 1819 2604 1678 2607 1678 2610 1569 2610 1566 2607 1563 2607 1560 2607 1544 2595 1529 2585 1444 2598 1391 2604 1388 2604 1323 2601 1192 2592 1179 2604 1176 2604 1176 2607 1173 2607 1170 2607 1167 2607 1142 2604 1039 2592 1023 2607 1017 2613 1017 2616 1014 2616 1011 2616 1007 2616 957 2610 855 2595 798 2613"/>
                  </Shape>
                  <String CONTENT="du poulsat et de la gresse pour nuire"
                          HPOS="783"
                          VPOS="2489"
                          WIDTH="1594"
                          HEIGHT="127"/>
               </TextLine>
               <TextLine ID="eSc_line_15108b14"
                         BASELINE="811 2670 2237 2638"
                         HPOS="801"
                         VPOS="2567"
                         WIDTH="1436"
                         HEIGHT="124"
                         TAGREFS="LT118">
                  <Shape>
                     <Polygon POINTS="811 2670 801 2623 848 2601 851 2601 855 2601 858 2601 861 2601 879 2616 973 2616 1004 2592 1007 2592 1011 2592 1014 2592 1017 2592 1045 2604 1085 2588 1089 2588 1092 2588 1173 2607 1185 2610 1192 2607 1232 2585 1235 2585 1238 2585 1466 2595 1475 2595 1482 2595 1560 2579 1563 2579 1610 2588 1660 2601 1856 2598 1875 2579 1878 2579 1881 2579 1884 2579 1887 2579 1937 2592 1953 2579 1953 2576 1956 2576 1959 2576 1962 2576 1969 2576 2075 2592 2100 2570 2103 2570 2103 2567 2106 2567 2109 2567 2112 2567 2231 2567 2237 2638 2237 2654 2199 2673 2196 2673 2193 2673 2106 2657 2096 2657 2093 2657 2040 2679 2037 2679 2034 2679 1763 2670 1656 2688 1656 2691 811 2691"/>
                  </Shape>
                  <String CONTENT="a gens et bestes. Et quant ledit maitre"
                          HPOS="801"
                          VPOS="2567"
                          WIDTH="1436"
                          HEIGHT="124"/>
               </TextLine>
               <TextLine ID="eSc_line_76eb585f"
                         BASELINE="820 2757 2315 2726"
                         HPOS="814"
                         VPOS="2657"
                         WIDTH="1504"
                         HEIGHT="137"
                         TAGREFS="LT118">
                  <Shape>
                     <Polygon POINTS="820 2757 814 2710 1170 2701 1185 2685 1185 2682 1188 2682 1192 2682 1195 2682 1198 2682 1201 2682 1220 2698 1260 2676 1263 2676 1266 2676 1270 2676 1273 2676 1301 2694 1329 2676 1332 2676 1335 2676 1338 2676 1397 2688 1407 2676 1410 2676 1410 2673 1413 2673 1416 2673 1419 2673 1510 2685 1560 2670 1563 2670 1566 2670 1681 2688 1706 2670 1706 2666 1710 2666 1713 2666 1716 2666 1856 2685 1878 2670 1881 2670 1884 2670 1887 2670 2053 2679 2071 2663 2071 2660 2075 2660 2078 2660 2081 2660 2084 2660 2140 2679 2181 2657 2184 2657 2187 2657 2309 2679 2315 2726 2318 2735 2271 2757 2268 2757 2265 2757 2140 2741 2121 2741 2118 2744 2081 2766 2078 2766 2075 2766 2071 2766 1987 2751 1959 2772 1956 2772 1953 2772 1950 2772 1738 2760 1600 2751 1557 2766 1516 2782 1513 2782 1416 2785 1413 2785 1410 2785 1407 2785 1394 2772 1373 2757 1326 2757 1288 2776 1273 2788 1270 2788 1266 2788 1263 2788 1260 2788 1257 2788 1248 2779 1220 2760 1135 2760 1051 2785 1035 2791 1032 2791 820 2794"/>
                  </Shape>
                  <String CONTENT="grappin fust departi, ledit argent fut"
                          HPOS="814"
                          VPOS="2657"
                          WIDTH="1504"
                          HEIGHT="137"/>
               </TextLine>
               <TextLine ID="eSc_line_d88d3b59"
                         BASELINE="783 2841 2090 2822"
                         HPOS="780"
                         VPOS="2747"
                         WIDTH="1310"
                         HEIGHT="135"
                         TAGREFS="LT118">
                  <Shape>
                     <Polygon POINTS="783 2841 780 2760 876 2785 1051 2760 1067 2760 1070 2760 1104 2760 1338 2779 1366 2763 1379 2754 1382 2754 1385 2754 1388 2754 1391 2754 1422 2763 1460 2776 1485 2763 1510 2751 1513 2751 1516 2751 1603 2763 1619 2766 1628 2766 1681 2747 1685 2747 1688 2747 1691 2747 1741 2766 1763 2772 1788 2766 1819 2757 1822 2757 1825 2757 1881 2766 1900 2769 1906 2766 1940 2747 1944 2747 1947 2747 2084 2769 2090 2822 2087 2844 1944 2838 1931 2847 1915 2860 1915 2863 1912 2863 1909 2863 1847 2869 1844 2869 1741 2854 1656 2838 1597 2857 1569 2863 1566 2863 1563 2863 1560 2863 1557 2863 1547 2857 1522 2841 1360 2857 1357 2857 1354 2857 1351 2857 1335 2844 1310 2860 1291 2875 1288 2875 1285 2875 1216 2878 1216 2882 1085 2882 1082 2878 1079 2878 1051 2866 1026 2854 783 2869"/>
                  </Shape>
                  <String CONTENT="converty en feuilles de chasnes."
                          HPOS="780"
                          VPOS="2747"
                          WIDTH="1310"
                          HEIGHT="135"/>
               </TextLine>
               <TextLine ID="eSc_line_d3862570"
                         BASELINE="776 2994 836 2978 1079 2969 2252 2950"
                         HPOS="764"
                         VPOS="2863"
                         WIDTH="1488"
                         HEIGHT="146"
                         TAGREFS="LT118">
                  <Shape>
                     <Polygon POINTS="776 2994 764 2885 904 2885 908 2885 967 2916 1011 2916 1042 2888 1045 2888 1048 2888 1051 2888 1054 2888 1057 2888 1095 2913 1167 2913 1204 2885 1204 2882 1207 2882 1210 2882 1279 2875 1282 2875 1335 2875 1338 2875 1341 2875 1341 2878 1348 2885 1373 2907 1510 2891 1513 2891 1635 2903 1731 2885 1816 2866 1819 2866 1822 2866 1869 2885 1900 2894 1931 2885 1990 2863 1993 2863 1997 2863 2000 2863 2056 2885 2059 2885 2062 2885 2103 2863 2106 2863 2109 2863 2112 2863 2115 2863 2146 2885 2156 2891 2165 2885 2184 2869 2187 2869 2190 2869 2193 2869 2196 2869 2249 2885 2252 2950 2249 2981 2025 2963 1919 2981 1915 2981 1912 2981 1909 2981 1909 2978 1894 2966 1822 2966 1797 2991 1794 2991 1794 2994 1791 2994 1788 2994 1784 2994 1781 2994 1775 2991 1725 2969 1688 2985 1685 2985 1681 2985 1622 2972 1597 2994 1594 2997 1591 2997 1588 2997 1588 3000 1507 3000 1504 2997 1500 2997 1497 2997 1479 2981 1463 2997 1460 2997 1460 3000 1457 3000 1454 3000 1454 3003 1404 3003 1401 3000 1397 3000 1385 2997 1310 2978 1210 3000 1192 3003 1188 3003 1185 3003 1182 3003 1179 3000 1145 2978 1095 3003 1092 3003 1089 3003 1085 3003 1082 3003 1076 3003 1001 2981 967 3003 961 3009 957 3009 954 3009 951 3009 948 3009 929 3006 858 2988 780 3006"/>
                  </Shape>
                  <String CONTENT="Item confessa que par plusieurs fois ladite"
                          HPOS="764"
                          VPOS="2863"
                          WIDTH="1488"
                          HEIGHT="146"/>
               </TextLine>
               <TextLine ID="eSc_line_fbe3b2fd"
                         BASELINE="846 3042 2015 3038"
                         HPOS="842"
                         VPOS="2963"
                         WIDTH="1209"
                         HEIGHT="115"
                         TAGREFS="LT118">
                  <Shape>
                     <Polygon POINTS="845 3041 842 2994 1098 2994 1107 2985 1129 2966 1132 2966 1135 2966 1138 2966 1142 2966 1176 2985 1192 2991 1516 2991 1563 2972 1597 2963 1600 2963 1603 2963 1769 2963 1772 2963 1788 2969 1841 2985 1887 2966 1890 2966 1894 2966 1897 2966 1900 2966 1934 2988 2000 2963 2051 2968 2006 3066 1878 3053 1862 3066 1862 3069 1859 3069 1856 3069 1853 3069 1850 3069 1822 3053 1809 3069 1803 3072 1803 3075 1800 3075 1797 3075 1797 3078 1731 3078 1728 3075 1725 3075 1722 3075 1722 3072 1719 3069 1703 3053 1616 3053 1582 3072 1578 3072 1575 3072 1572 3072 1563 3072 1429 3053 1369 3075 1363 3075 1360 3075 1188 3078 1185 3078 1163 3075 1017 3056 845 3078"/>
                  </Shape>
                  <String CONTENT="agatte a estee au Sabath avec +"
                          HPOS="842"
                          VPOS="2963"
                          WIDTH="1209"
                          HEIGHT="115"/>
               </TextLine>
               <TextLine ID="eSc_line_b12296fe"
                         BASELINE="2034 3041 2349 3038"
                         HPOS="2028"
                         VPOS="3000"
                         WIDTH="318"
                         HEIGHT="53"
                         TAGREFS="LT118">
                  <Shape>
                     <Polygon POINTS="2031 3038 2028 3000 2340 3006 2346 3034 2343 3050 2031 3053"/>
                  </Shape>
                  <String CONTENT="daultres"
                          HPOS="2028"
                          VPOS="3000"
                          WIDTH="318"
                          HEIGHT="53"/>
               </TextLine>
               <TextLine ID="eSc_line_a0eede5a"
                         BASELINE="828 3137 1585 3116 2384 3119"
                         HPOS="817"
                         VPOS="3038"
                         WIDTH="1563"
                         HEIGHT="140"
                         TAGREFS="LT118">
                  <Shape>
                     <Polygon POINTS="826 3134 817 3078 851 3059 855 3059 858 3059 970 3072 986 3059 986 3056 989 3056 992 3056 995 3056 1085 3072 1163 3047 1167 3047 1170 3047 1173 3047 1251 3069 1379 3044 1382 3044 1475 3059 1697 3041 1700 3041 1703 3041 1706 3041 1734 3066 1803 3066 1834 3044 1837 3044 1841 3044 1844 3044 1931 3059 1981 3038 1984 3038 1987 3038 1990 3038 2059 3059 2128 3038 2131 3038 2134 3038 2137 3038 2140 3038 2168 3059 2277 3038 2281 3038 2377 3059 2380 3116 2380 3128 2296 3159 2293 3159 2159 3162 2156 3162 2153 3162 2149 3162 2121 3137 2115 3134 2050 3134 2043 3141 2022 3159 2022 3162 2018 3162 2015 3162 2012 3162 1847 3150 1806 3165 1803 3165 1800 3165 1797 3165 1741 3150 1700 3137 1685 3150 1669 3165 1666 3165 1663 3165 1594 3169 1591 3169 1588 3169 1585 3169 1563 3156 1535 3141 1363 3141 1307 3141 1282 3162 1276 3169 1276 3172 1273 3172 1270 3172 1266 3172 1263 3172 1248 3165 1220 3153 1188 3165 1176 3172 1173 3172 1170 3172 1167 3172 1163 3172 1160 3169 1135 3150 1104 3169 1098 3175 1095 3175 1092 3175 1089 3175 1085 3175 1082 3175 1079 3172 1057 3153 898 3147 830 3178"/>
                  </Shape>
                  <String CONTENT="sur les planches de Rechesie. Et es planches de"
                          HPOS="817"
                          VPOS="3038"
                          WIDTH="1563"
                          HEIGHT="140"/>
               </TextLine>
               <TextLine ID="eSc_line_ea62e51f"
                         BASELINE="811 3218 1644 3194"
                         HPOS="798"
                         VPOS="3128"
                         WIDTH="846"
                         HEIGHT="125"
                         TAGREFS="LT118">
                  <Shape>
                     <Polygon POINTS="811 3218 798 3172 833 3150 836 3150 839 3150 842 3150 845 3150 908 3165 1117 3137 1120 3137 1123 3137 1185 3156 1216 3134 1220 3134 1223 3134 1226 3134 1229 3134 1232 3134 1251 3153 1282 3137 1285 3137 1288 3137 1363 3150 1426 3128 1429 3128 1432 3128 1435 3128 1438 3128 1457 3147 1513 3147 1525 3131 1529 3131 1529 3128 1532 3128 1535 3128 1538 3128 1638 3147 1644 3194 1644 3225 1472 3234 1469 3234 1466 3234 1460 3231 1435 3218 1335 3237 1273 3247 1270 3247 1266 3247 1251 3240 1226 3225 1098 3228 1079 3243 1070 3253 1067 3253 1064 3253 1060 3253 989 3247 861 3237 814 3253"/>
                  </Shape>
                  <String CONTENT="Bonfols dit en Borel."
                          HPOS="798"
                          VPOS="3128"
                          WIDTH="846"
                          HEIGHT="125"/>
               </TextLine>
            </TextBlock>
            <TextBlock HPOS="224"
                       VPOS="3041"
                       WIDTH="527"
                       HEIGHT="199"
                       ID="eSc_textblock_452fafb8"
                       TAGREFS="BT368">
               <Shape>
                  <Polygon POINTS="686 3178 620 3228 262 3240 224 3044 751 3041 751 3210"/>
               </Shape>
               <TextLine ID="eSc_line_58651ad5"
                         BASELINE="218 3091 652 3081"
                         HPOS="209"
                         VPOS="2994"
                         WIDTH="443"
                         HEIGHT="134"
                         TAGREFS="LT118">
                  <Shape>
                     <Polygon POINTS="218 3091 209 3022 365 2997 368 2997 371 2997 374 2997 396 3013 402 3016 480 3016 483 3009 499 2997 499 2994 502 2994 505 2994 508 2994 645 3006 652 3081 649 3097 589 3097 577 3103 564 3116 561 3116 558 3116 555 3116 493 3109 371 3097 218 3128"/>
                  </Shape>
                  <String CONTENT="+ aignelatte"
                          HPOS="209"
                          VPOS="2994"
                          WIDTH="443"
                          HEIGHT="134"/>
               </TextLine>
               <TextLine ID="eSc_line_4d7f79bc"
                         BASELINE="271 3153 753 3141"
                         HPOS="262"
                         VPOS="3069"
                         WIDTH="490"
                         HEIGHT="109"
                         TAGREFS="LT118">
                  <Shape>
                     <Polygon POINTS="268 3150 262 3094 742 3069 752 3137 752 3162 268 3178"/>
                  </Shape>
                  <String CONTENT="vefve Thiebault"
                          HPOS="262"
                          VPOS="3069"
                          WIDTH="490"
                          HEIGHT="109"/>
               </TextLine>
               <TextLine ID="eSc_line_6a1478e1"
                         BASELINE="249 3222 602 3209"
                         HPOS="240"
                         VPOS="3159"
                         WIDTH="362"
                         HEIGHT="97"
                         TAGREFS="LT118">
                  <Shape>
                     <Polygon POINTS="249 3222 240 3172 592 3159 602 3209 599 3243 361 3234 352 3237 327 3256 324 3256 321 3256 318 3256 315 3256 243 3234"/>
                  </Shape>
                  <String CONTENT="fouvent et"
                          HPOS="240"
                          VPOS="3159"
                          WIDTH="362"
                          HEIGHT="97"/>
               </TextLine>
            </TextBlock>
            <TextBlock HPOS="1397"
                       VPOS="3468"
                       WIDTH="147"
                       HEIGHT="134"
                       ID="eSc_textblock_905c888e"
                       TAGREFS="BT370">
               <Shape>
                  <Polygon POINTS="1532 3480 1544 3577 1397 3602 1397 3468"/>
               </Shape>
               <TextLine ID="eSc_line_0662e1b3"
                         BASELINE="1422 3562 1514 3560"
                         HPOS="1419"
                         VPOS="3459"
                         WIDTH="94"
                         HEIGHT="156"
                         TAGREFS="LT118">
                  <Shape>
                     <Polygon POINTS="1419 3558 1419 3459 1513 3459 1513 3558 1513 3608 1419 3615"/>
                  </Shape>
                  <String CONTENT="4" HPOS="1419" VPOS="3459" WIDTH="94" HEIGHT="156"/>
               </TextLine>
            </TextBlock>
            <TextBlock HPOS="2334"
                       VPOS="3543"
                       WIDTH="71"
                       HEIGHT="59"
                       ID="eSc_textblock_6e3eb73f"
                       TAGREFS="BT371">
               <Shape>
                  <Polygon POINTS="2405 3555 2380 3602 2334 3602 2346 3543"/>
               </Shape>
               <TextLine ID="eSc_line_f3592aa9"
                         BASELINE="2346 3588 2381 3590"
                         HPOS="2340"
                         VPOS="3537"
                         WIDTH="40"
                         HEIGHT="81"
                         TAGREFS="LT118">
                  <Shape>
                     <Polygon POINTS="2343 3587 2340 3543 2377 3537 2380 3587 2380 3618 2343 3618"/>
                  </Shape>
                  <String CONTENT="1" HPOS="2340" VPOS="3537" WIDTH="40" HEIGHT="81"/>
               </TextLine>
            </TextBlock>
            <TextBlock HPOS="1411"
                       VPOS="135"
                       WIDTH="88"
                       HEIGHT="69"
                       ID="eSc_textblock_1b75a4b5"
                       TAGREFS="BT379">
               <Shape>
                  <Polygon POINTS="1411 135 1411 204 1499 204 1499 135"/>
               </Shape>
            </TextBlock>
         </PrintSpace>
      </Page>
   </Layout>
</alto>
