<alto xmlns:xsi="http://www.w3.org/2001/XMLSchema-instance"
      xmlns="http://www.loc.gov/standards/alto/ns-v4#"
      xsi:schemaLocation="http://www.loc.gov/standards/alto/ns-v4# http://www.loc.gov/standards/alto/v4/alto-4-2.xsd">
   <Description>
      <MeasurementUnit>pixel</MeasurementUnit>
      <sourceImageInformation>
         <fileName>B_168_15-9-2_0009.jpg</fileName>
      </sourceImageInformation>
   </Description>
   <Tags>
      <OtherTag ID="BT365"
                LABEL="MainZone:column"
                DESCRIPTION="block type MainZone:column"/>
      <OtherTag ID="BT367" LABEL="MainZone" DESCRIPTION="block type MainZone"/>
      <OtherTag ID="BT368"
                LABEL="MarginTextZone"
                DESCRIPTION="block type MarginTextZone"/>
      <OtherTag ID="BT369"
                LABEL="MarginTextZone:note"
                DESCRIPTION="block type MarginTextZone:note"/>
      <OtherTag ID="BT370"
                LABEL="NumberingZone:other"
                DESCRIPTION="block type NumberingZone:other"/>
      <OtherTag ID="BT371"
                LABEL="NumberingZone:page"
                DESCRIPTION="block type NumberingZone:page"/>
      <OtherTag ID="BT379"
                LABEL="DecorationZone"
                DESCRIPTION="block type DecorationZone"/>
      <OtherTag ID="BT380"
                LABEL="CustomZone:signature"
                DESCRIPTION="block type CustomZone:signature"/>
      <OtherTag ID="LT118" LABEL="DefaultLine" DESCRIPTION="line type DefaultLine"/>
      <OtherTag ID="LT119" LABEL="HeadingLine" DESCRIPTION="line type HeadingLine"/>
      <OtherTag ID="LT120"
                LABEL="InterlinearLine"
                DESCRIPTION="line type InterlinearLine"/>
   </Tags>
   <Layout>
      <Page WIDTH="2754"
            HEIGHT="3743"
            PHYSICAL_IMG_NR="30"
            ID="eSc_dummypage_">
         <PrintSpace HPOS="0" VPOS="0" WIDTH="2754" HEIGHT="3743">
            <TextBlock HPOS="587"
                       VPOS="199"
                       WIDTH="1942"
                       HEIGHT="3129"
                       ID="eSc_textblock_5107742c"
                       TAGREFS="BT367">
               <Shape>
                  <Polygon POINTS="2416 374 2416 433 2504 511 2441 1157 2454 1394 2529 1484 2529 1756 2304 1993 2491 2058 2516 2130 2282 2205 2229 2267 2366 2370 2366 2629 2516 2907 2466 3056 2479 3328 936 3328 811 3303 736 3203 749 2595 721 2542 624 2529 587 2330 599 2233 774 2205 699 2155 786 1993 724 1456 749 1260 699 1194 749 982 736 249 774 212 1186 199 2416 224 2466 262"/>
               </Shape>
               <TextLine ID="eSc_line_33960e74"
                         BASELINE="746 296 1302 277 2435 305"
                         HPOS="743"
                         VPOS="202"
                         WIDTH="1692"
                         HEIGHT="125"
                         TAGREFS="LT118">
                  <Shape>
                     <Polygon POINTS="746 296 749 202 774 218 939 208 1030 202 1033 202 1036 202 1052 208 1080 224 1170 212 1252 202 1255 202 1317 215 1367 227 1408 218 1464 205 1467 205 1470 205 1498 221 1501 221 1520 221 1639 212 1642 212 1645 212 1648 212 1648 215 1661 224 1667 230 1711 224 1823 212 1826 212 1829 212 1832 212 1832 215 1836 215 1845 227 1851 233 1885 230 1951 221 1954 221 1957 221 1960 221 1960 224 1964 224 1967 230 1973 240 2216 240 2238 237 2351 218 2354 218 2357 218 2435 243 2435 305 2432 318 2020 327 2017 327 2013 327 1982 318 1948 305 1842 315 1761 324 1757 324 1754 324 1726 315 1683 302 1583 315 1570 315 1567 315 1564 315 1561 315 1498 299 1448 315 1436 318 1433 318 1430 318 1426 318 1414 315 1367 299 1317 315 1298 318 1295 318 1292 318 1289 318 1286 318 1286 315 1283 315 1283 311 1267 296 1158 296 1124 311 1117 315 1114 315 1114 318 1111 315 1108 315 1102 311 1071 296 743 308"/>
                  </Shape>
                  <String CONTENT="Agatte et une aultre femme appellee"
                          HPOS="743"
                          VPOS="202"
                          WIDTH="1692"
                          HEIGHT="125"/>
               </TextLine>
               <TextLine ID="eSc_line_a2924979"
                         BASELINE="771 377 1442 371 2338 389"
                         HPOS="761"
                         VPOS="296"
                         WIDTH="1577"
                         HEIGHT="128"
                         TAGREFS="LT118">
                  <Shape>
                     <Polygon POINTS="771 377 765 321 1080 296 1083 296 1086 296 1167 321 1177 324 1183 321 1217 299 1220 299 1224 299 1227 299 1298 299 1302 299 1345 321 1348 324 1352 321 1389 299 1392 299 1395 299 1398 299 1520 315 1764 305 1767 305 1770 305 1832 324 1857 330 1885 324 1929 315 1932 315 1982 324 2029 333 2332 327 2338 389 2335 402 2245 421 2241 421 2101 402 2095 402 2045 424 2042 424 2038 424 2035 424 1992 402 1982 396 1932 402 1764 421 1761 421 1757 421 1704 399 1686 393 1664 399 1604 417 1601 417 1601 421 1492 421 1489 417 1486 417 1483 417 1483 414 1464 399 1458 389 1398 389 1339 389 1330 396 1311 411 1311 414 1308 414 1305 414 1305 417 1199 417 1195 414 1192 414 1189 414 1189 411 1170 396 1164 386 1036 386 1027 396 1011 408 1011 411 1008 411 1005 411 1002 411 911 393 871 386 852 393 808 411 805 411 802 411 799 411 761 393"/>
                  </Shape>
                  <String CONTENT="morise laquelle sest depuis retiree"
                          HPOS="761"
                          VPOS="296"
                          WIDTH="1577"
                          HEIGHT="128"/>
               </TextLine>
               <TextLine ID="eSc_line_431f864f"
                         BASELINE="746 464 2260 458"
                         HPOS="740"
                         VPOS="389"
                         WIDTH="1520"
                         HEIGHT="110"
                         TAGREFS="LT118">
                  <Shape>
                     <Polygon POINTS="746 464 740 396 789 393 793 393 796 393 799 393 799 396 818 411 861 396 871 393 874 393 877 393 958 396 1236 411 1336 399 1392 393 1395 393 1514 402 1629 408 1648 402 1676 389 1679 389 1683 389 1754 389 1757 389 1761 389 1761 393 1773 402 1776 408 1786 402 1817 389 1820 389 1823 389 2254 408 2260 458 2257 492 2067 477 1995 492 1970 495 1967 495 1964 495 1951 489 1917 477 1829 489 1779 495 1776 495 1773 495 1748 489 1707 477 1695 489 1689 492 1689 495 1686 495 1683 495 1679 495 1526 486 1458 483 1451 486 1420 499 1417 499 1414 499 1336 483 1308 480 1277 483 1170 499 1167 499 974 480 952 480 949 480 905 499 902 499 899 499 743 477"/>
                  </Shape>
                  <String CONTENT="vindrent en sa maison visiter ledit"
                          HPOS="740"
                          VPOS="389"
                          WIDTH="1520"
                          HEIGHT="110"/>
               </TextLine>
               <TextLine ID="eSc_line_0b150d43"
                         BASELINE="771 564 2301 536 2485 545"
                         HPOS="761"
                         VPOS="452"
                         WIDTH="1724"
                         HEIGHT="159"
                         TAGREFS="LT118">
                  <Shape>
                     <Polygon POINTS="771 564 761 511 827 483 830 483 833 483 836 483 880 502 899 483 899 480 902 480 905 480 908 480 1077 502 1308 470 1311 470 1486 495 1801 492 1882 461 1885 461 1889 461 1892 461 1976 483 2048 458 2051 458 2054 458 2198 458 2201 458 2248 480 2270 461 2270 458 2273 458 2276 458 2279 458 2360 467 2398 452 2401 452 2404 452 2407 452 2485 480 2485 545 2476 570 2423 558 2376 573 2338 586 2335 586 2335 589 2232 589 2229 586 2226 586 2204 577 2179 564 2045 564 2032 577 2020 589 2020 592 2017 592 2013 592 2013 595 1892 595 1889 592 1885 592 1882 592 1867 580 1860 577 1854 580 1836 595 1832 595 1829 595 1829 598 1764 598 1761 595 1757 595 1711 583 1676 570 1658 583 1639 595 1636 595 1633 595 1455 601 1451 601 1448 601 1408 586 1389 580 1195 589 1024 595 1021 595 1017 595 999 592 971 583 946 592 896 611 893 611 889 611 886 611 849 592 836 586 771 592"/>
                  </Shape>
                  <String CONTENT="enffant Et a opinion ledit deposant que pour"
                          HPOS="761"
                          VPOS="452"
                          WIDTH="1724"
                          HEIGHT="159"/>
               </TextLine>
               <TextLine ID="eSc_line_d6163225"
                         BASELINE="758 667 2438 630"
                         HPOS="755"
                         VPOS="555"
                         WIDTH="1683"
                         HEIGHT="140"
                         TAGREFS="LT118">
                  <Shape>
                     <Polygon POINTS="758 667 755 589 811 601 899 586 924 583 927 583 946 586 1030 605 1130 583 1170 577 1174 577 1258 583 1433 595 1523 580 1576 570 1579 570 1633 577 1707 589 2001 586 2013 573 2032 558 2035 558 2038 558 2042 558 2173 558 2176 558 2179 558 2198 570 2207 577 2245 570 2338 555 2341 555 2344 555 2348 555 2363 570 2369 573 2429 570 2438 630 2432 648 2179 645 2026 661 1964 667 1960 667 1942 664 1892 651 1879 664 1879 667 1876 667 1876 670 1873 670 1870 670 1736 673 1732 673 1676 670 1498 661 1342 679 1314 683 1311 683 1295 683 1199 667 1108 686 1105 686 1102 686 1099 686 899 673 758 695"/>
                  </Shape>
                  <String CONTENT="lavoir offence moleste pour ledit manteau"
                          HPOS="755"
                          VPOS="555"
                          WIDTH="1683"
                          HEIGHT="140"/>
               </TextLine>
               <TextLine ID="eSc_line_ceb74328"
                         BASELINE="802 745 1501 726 2426 726"
                         HPOS="799"
                         VPOS="651"
                         WIDTH="1630"
                         HEIGHT="128"
                         TAGREFS="LT118">
                  <Shape>
                     <Polygon POINTS="802 745 799 683 893 683 899 679 914 664 918 664 921 664 924 664 1052 676 1111 683 1139 676 1195 661 1199 661 1202 661 1327 673 1395 679 1411 670 1430 658 1433 658 1436 658 1439 658 1526 670 1576 676 1645 667 1754 655 1757 655 1761 655 1795 667 1820 673 1848 664 1882 655 1885 655 1889 655 1892 655 1920 664 1951 673 2067 661 2170 651 2173 651 2176 651 2207 661 2254 670 2419 658 2426 726 2429 757 2398 767 2394 767 2391 767 2388 767 2385 767 2373 761 2338 739 2288 754 2285 754 2282 754 2279 754 2235 739 1992 739 1973 757 1973 761 1970 761 1967 761 1964 761 1814 742 1773 767 1767 773 1764 773 1761 773 1757 773 1717 767 1639 757 1539 770 1511 773 1508 773 1505 773 1501 773 1501 770 1470 745 1389 764 1386 764 1217 748 1152 776 1149 776 1145 776 974 779 971 779 967 779 964 779 914 754 802 779"/>
                  </Shape>
                  <String CONTENT="que ladite femme lui a heu donne le mal"
                          HPOS="799"
                          VPOS="651"
                          WIDTH="1630"
                          HEIGHT="128"/>
               </TextLine>
               <TextLine ID="eSc_line_30dce7fa"
                         BASELINE="793 839 1985 804"
                         HPOS="783"
                         VPOS="729"
                         WIDTH="1202"
                         HEIGHT="163"
                         TAGREFS="LT118">
                  <Shape>
                     <Polygon POINTS="793 839 783 789 946 782 949 779 971 761 974 761 977 761 980 761 983 761 1024 776 1033 779 1049 773 1108 751 1111 751 1114 751 1189 751 1192 751 1195 751 1195 754 1208 767 1220 776 1305 761 1386 748 1389 748 1392 748 1408 757 1436 770 1514 770 1536 751 1548 739 1551 739 1554 739 1558 739 1623 745 1754 761 1782 739 1786 736 1786 733 1789 733 1792 733 1976 729 1985 804 1985 829 1854 860 1851 860 1795 851 1773 870 1770 870 1767 870 1764 870 1761 870 1689 839 1686 839 1598 873 1595 873 1592 873 1589 873 1514 845 1445 879 1442 879 1439 879 1436 879 1433 879 1383 848 1330 864 1327 864 1323 864 1320 864 1283 851 1245 882 1242 882 1239 882 1236 882 1233 882 1142 854 1108 885 1108 888 1105 888 1102 888 1008 892 1005 892 789 860"/>
                  </Shape>
                  <String CONTENT="a sesdits enffa sondit enfant."
                          HPOS="783"
                          VPOS="729"
                          WIDTH="1202"
                          HEIGHT="163"/>
               </TextLine>
               <TextLine ID="eSc_line_3c647d31"
                         TAGREFS="LT120"
                         BASELINE="2235 873 2435 882"
                         HPOS="2223"
                         VPOS="810"
                         WIDTH="212"
                         HEIGHT="107">
                  <Shape>
                     <Polygon POINTS="2235 873 2232 817 2432 810 2435 882 2429 917 2295 892 2288 898 2273 910 2273 913 2270 913 2266 913 2263 913 2260 913 2257 913 2223 888"/>
                  </Shape>
                  <String CONTENT="leurdit"
                          HPOS="2223"
                          VPOS="810"
                          WIDTH="212"
                          HEIGHT="107"/>
               </TextLine>
               <TextLine ID="eSc_line_d699eeaa"
                         BASELINE="821 966 1576 932 2376 935"
                         HPOS="818"
                         VPOS="848"
                         WIDTH="1558"
                         HEIGHT="168"
                         TAGREFS="LT118">
                  <Shape>
                     <Polygon POINTS="821 966 818 870 977 888 1008 870 1014 864 1017 864 1021 864 1024 864 1027 864 1042 870 1111 895 1170 895 1195 870 1205 864 1205 860 1208 860 1211 860 1214 860 1277 860 1280 860 1283 860 1283 864 1289 870 1298 876 1308 870 1314 864 1317 864 1320 864 1323 864 1327 864 1342 870 1389 888 1433 870 1467 854 1470 854 1473 854 1548 854 1551 854 1554 854 1573 870 1583 879 1595 870 1614 854 1614 851 1617 851 1620 851 1623 851 1704 870 1711 870 1714 870 1829 848 1832 848 2004 870 2054 876 2369 873 2376 935 2373 976 2176 991 2173 991 2170 991 2129 982 2001 945 1904 970 1901 970 1898 970 1895 970 1892 970 1857 945 1786 945 1717 945 1667 985 1664 985 1661 985 1658 985 1654 985 1570 951 1433 951 1386 991 1367 1007 1364 1007 1361 1007 1358 1007 1280 991 1189 976 1167 995 1142 1013 1139 1013 1136 1013 1136 1016 1071 1016 1067 1013 1064 1013 1061 1013 1039 995 996 966 821 998"/>
                  </Shape>
                  <String CONTENT="Dit de plus que lors quelle entra en ladite"
                          HPOS="818"
                          VPOS="848"
                          WIDTH="1558"
                          HEIGHT="168"/>
               </TextLine>
               <TextLine ID="eSc_line_46f20a10"
                         BASELINE="786 1038 2123 1026"
                         HPOS="777"
                         VPOS="948"
                         WIDTH="1346"
                         HEIGHT="140"
                         TAGREFS="LT118">
                  <Shape>
                     <Polygon POINTS="786 1038 777 988 874 963 877 963 880 963 927 976 946 960 946 957 949 957 952 957 955 957 1024 957 1027 957 1030 957 1030 960 1055 985 1058 985 1067 985 1199 966 1202 966 1205 966 1208 966 1217 976 1242 957 1242 954 1245 954 1248 954 1252 954 1255 954 1308 982 1311 985 1386 985 1392 982 1442 951 1445 951 1448 951 1451 951 1561 970 1586 951 1589 951 1592 951 1595 951 1679 966 1779 948 1782 948 1914 948 1917 948 1920 948 1920 951 1948 976 2035 957 2038 957 2117 976 2123 1026 2117 1044 1932 1044 1926 1048 1901 1066 1898 1066 1895 1066 1892 1066 1889 1066 1848 1048 1845 1048 1789 1079 1786 1079 1786 1082 1683 1082 1679 1079 1676 1079 1673 1079 1673 1076 1645 1051 1642 1048 1467 1048 1458 1051 1423 1082 1420 1082 1417 1082 1414 1082 1245 1054 1217 1051 1205 1054 1120 1085 1117 1085 1117 1088 921 1088 918 1085 914 1085 911 1085 911 1082 883 1057 877 1054 786 1057"/>
                  </Shape>
                  <String CONTENT="maison quil ny avoit personne."
                          HPOS="777"
                          VPOS="948"
                          WIDTH="1346"
                          HEIGHT="140"/>
               </TextLine>
               <TextLine ID="eSc_line_7bd7f1ee"
                         BASELINE="718 1157 1392 1138 2379 1157"
                         HPOS="711"
                         VPOS="1051"
                         WIDTH="1668"
                         HEIGHT="140"
                         TAGREFS="LT118">
                  <Shape>
                     <Polygon POINTS="718 1157 711 1069 811 1051 814 1051 921 1069 952 1076 980 1072 1052 1057 1055 1057 1058 1057 1099 1072 1120 1082 1130 1072 1149 1057 1149 1054 1152 1054 1155 1054 1158 1054 1161 1054 1164 1054 1192 1072 1220 1054 1224 1054 1227 1054 1230 1054 1233 1054 1298 1072 1323 1054 1327 1054 1330 1054 1333 1054 1336 1054 1383 1076 1411 1054 1414 1054 1417 1054 1420 1054 1614 1054 1617 1054 1679 1079 1695 1088 1917 1088 1920 1082 1932 1072 1932 1069 1935 1069 1939 1069 1942 1069 2182 1085 2207 1085 2210 1085 2229 1066 2232 1066 2235 1066 2238 1066 2376 1088 2379 1157 2373 1185 2241 1169 2135 1185 2095 1188 2092 1188 2088 1188 2085 1188 2079 1182 2054 1166 1951 1166 1935 1182 1929 1185 1929 1188 1926 1188 1923 1188 1923 1191 1848 1191 1845 1188 1842 1188 1826 1179 1789 1163 1658 1179 1617 1182 1614 1182 1611 1182 1598 1179 1551 1160 1386 1160 1364 1175 1361 1179 1358 1179 1355 1179 1352 1179 1348 1179 1336 1175 1311 1166 1298 1175 1286 1185 1283 1185 1280 1185 1280 1188 1217 1188 1214 1185 1211 1185 1208 1185 1208 1182 1195 1172 1183 1163 1139 1172 1080 1185 1080 1188 999 1188 996 1185 992 1185 964 1169 942 1160 924 1169 905 1179 902 1179 899 1179 711 1166"/>
                  </Shape>
                  <String CONTENT="Dit de plus quicelle agatte sont passe"
                          HPOS="711"
                          VPOS="1051"
                          WIDTH="1668"
                          HEIGHT="140"/>
               </TextLine>
               <TextLine ID="eSc_line_77e7d67e"
                         BASELINE="755 1219 2432 1244"
                         HPOS="749"
                         VPOS="1150"
                         WIDTH="1683"
                         HEIGHT="125"
                         TAGREFS="LT118">
                  <Shape>
                     <Polygon POINTS="755 1219 758 1150 824 1169 871 1154 874 1154 877 1154 880 1154 883 1154 902 1172 1086 1172 1124 1157 1145 1150 1149 1150 1152 1150 1155 1150 1158 1150 1158 1154 1164 1160 1183 1175 1295 1163 1380 1154 1383 1154 1386 1154 1433 1166 1486 1179 1536 1169 1592 1157 1595 1157 1598 1157 1623 1169 1636 1179 1642 1169 1654 1160 1658 1160 1661 1160 1664 1160 1757 1160 1761 1160 1795 1175 1820 1185 1882 1175 1982 1163 1985 1163 1989 1163 2020 1179 2035 1188 2145 1188 2148 1182 2163 1169 2163 1166 2166 1166 2170 1166 2173 1166 2176 1166 2220 1185 2235 1191 2251 1185 2291 1169 2295 1169 2298 1169 2301 1169 2335 1188 2341 1191 2429 1191 2432 1244 2423 1263 2388 1253 2348 1263 2288 1275 2285 1275 2182 1260 2138 1253 2132 1260 2113 1272 2110 1272 2107 1272 2104 1272 2101 1272 2070 1257 2063 1257 2048 1257 1948 1269 1945 1269 1942 1269 1939 1269 1923 1257 1910 1247 1873 1253 1845 1260 1842 1260 1745 1253 1636 1244 1608 1250 1561 1263 1558 1263 1554 1263 1551 1263 1548 1263 1548 1260 1536 1250 1526 1241 1492 1247 1436 1260 1433 1260 1430 1260 1395 1247 1370 1238 1227 1244 967 1257 964 1257 749 1235"/>
                  </Shape>
                  <String CONTENT="ung an quicelle fust demander a vendre"
                          HPOS="749"
                          VPOS="1150"
                          WIDTH="1683"
                          HEIGHT="125"/>
               </TextLine>
               <TextLine ID="eSc_line_e5863b83"
                         BASELINE="802 1319 2407 1328"
                         HPOS="796"
                         VPOS="1241"
                         WIDTH="1614"
                         HEIGHT="128"
                         TAGREFS="LT118">
                  <Shape>
                     <Polygon POINTS="802 1319 799 1269 967 1250 971 1250 1055 1269 1058 1269 1105 1241 1108 1241 1111 1241 1114 1241 1261 1266 1330 1241 1333 1241 1336 1241 1339 1241 1417 1272 1420 1275 1526 1275 1530 1272 1583 1244 1586 1244 1589 1244 1689 1244 1692 1244 1695 1244 1739 1272 1779 1244 1782 1244 1786 1244 1789 1244 1848 1244 1851 1244 1854 1244 1876 1266 2004 1275 2013 1278 2101 1278 2101 1275 2160 1250 2163 1250 2166 1250 2170 1250 2173 1250 2213 1278 2329 1278 2357 1253 2360 1253 2363 1253 2366 1253 2369 1253 2373 1253 2410 1278 2407 1328 2404 1347 2026 1369 2023 1369 2020 1369 2017 1369 1985 1347 1901 1344 1801 1338 1792 1341 1736 1366 1732 1366 1732 1369 1645 1369 1642 1366 1639 1366 1586 1338 1583 1338 1476 1338 1470 1338 1377 1366 1373 1366 1370 1366 1367 1366 1364 1366 1323 1338 1224 1338 1189 1356 1186 1356 1183 1356 1180 1356 1067 1335 1027 1363 1024 1363 1021 1363 1021 1366 930 1366 927 1363 924 1363 921 1363 886 1335 796 1328"/>
                  </Shape>
                  <String CONTENT="a deposant deux penaux froment Ce que"
                          HPOS="796"
                          VPOS="1241"
                          WIDTH="1614"
                          HEIGHT="128"/>
               </TextLine>
               <TextLine ID="eSc_line_afc5d97e"
                         BASELINE="765 1441 889 1425 1742 1419 2273 1441"
                         HPOS="761"
                         VPOS="1344"
                         WIDTH="1512"
                         HEIGHT="128"
                         TAGREFS="LT118">
                  <Shape>
                     <Polygon POINTS="765 1441 761 1369 824 1369 827 1369 849 1347 849 1344 852 1344 855 1344 858 1344 861 1344 914 1369 918 1372 989 1372 992 1369 1024 1344 1027 1344 1030 1344 1033 1344 1139 1369 1142 1369 1145 1369 1202 1347 1205 1347 1208 1347 1211 1347 1214 1347 1242 1369 1245 1372 1317 1372 1323 1369 1526 1344 1530 1344 1533 1344 1536 1344 1554 1359 1639 1347 1642 1347 1645 1347 1648 1347 1676 1372 1683 1372 1764 1347 1767 1347 1770 1347 1879 1347 1882 1347 1885 1347 1885 1350 1907 1372 1951 1353 1954 1353 1957 1353 1960 1353 1964 1353 1992 1372 1995 1375 2270 1375 2273 1441 2266 1466 2038 1437 1917 1466 1901 1469 1901 1472 1786 1472 1782 1469 1779 1469 1776 1469 1776 1466 1773 1466 1745 1437 1495 1437 1455 1462 1451 1462 1448 1462 1445 1462 1264 1434 1080 1437 1039 1466 1036 1466 1033 1466 1033 1469 843 1469 839 1466 836 1466 833 1466 833 1462 814 1450 765 1462"/>
                  </Shape>
                  <String CONTENT="Lui estant refusa tout instanment"
                          HPOS="761"
                          VPOS="1344"
                          WIDTH="1512"
                          HEIGHT="128"/>
               </TextLine>
               <TextLine ID="eSc_line_135db10d"
                         BASELINE="786 1519 2507 1531"
                         HPOS="780"
                         VPOS="1441"
                         WIDTH="1727"
                         HEIGHT="124"
                         TAGREFS="LT118">
                  <Shape>
                     <Polygon POINTS="786 1519 780 1462 836 1447 839 1447 843 1447 846 1447 849 1447 868 1459 874 1466 1042 1466 1055 1459 1095 1447 1099 1447 1102 1447 1183 1459 1217 1462 1224 1459 1248 1441 1252 1441 1255 1441 1258 1441 1492 1441 1495 1441 1526 1456 1548 1466 1576 1456 1620 1441 1623 1441 1626 1441 1629 1441 1633 1441 1633 1444 1645 1456 1658 1469 1695 1453 1717 1447 1720 1447 1723 1447 1773 1453 1864 1469 1898 1453 1920 1444 1923 1444 1926 1444 1929 1444 1954 1453 2004 1469 2182 1450 2232 1447 2235 1447 2238 1447 2241 1447 2245 1450 2273 1472 2304 1450 2307 1447 2310 1447 2313 1447 2316 1447 2504 1450 2507 1531 2501 1553 2329 1540 2310 1553 2301 1559 2298 1559 2295 1559 2291 1559 2288 1559 2285 1559 2276 1550 2266 1543 2260 1550 2245 1562 2241 1562 2238 1562 2238 1565 2135 1565 2132 1562 2129 1562 2079 1550 2035 1537 1976 1547 1895 1559 1892 1559 1889 1559 1885 1559 1885 1556 1873 1547 1864 1537 1745 1543 1614 1550 1611 1550 1511 1540 1451 1534 1445 1540 1426 1553 1426 1556 1423 1556 1420 1556 1417 1556 1261 1540 1111 1553 1108 1553 1105 1553 1102 1553 1080 1537 933 1553 930 1553 780 1528"/>
                  </Shape>
                  <String CONTENT="leur deux vaches furent tayries instanment"
                          HPOS="780"
                          VPOS="1441"
                          WIDTH="1727"
                          HEIGHT="124"/>
               </TextLine>
               <TextLine ID="eSc_line_a003fcdc"
                         BASELINE="768 1631 2488 1625"
                         HPOS="758"
                         VPOS="1537"
                         WIDTH="1730"
                         HEIGHT="103"
                         TAGREFS="LT118">
                  <Shape>
                     <Polygon POINTS="768 1631 758 1568 808 1540 811 1540 814 1540 908 1540 911 1540 914 1540 946 1562 1074 1540 1077 1540 1080 1540 1145 1565 1145 1568 1298 1568 1302 1565 1333 1547 1336 1547 1339 1547 1342 1547 1345 1547 1348 1547 1367 1565 1370 1568 1467 1568 1470 1565 1495 1543 1495 1540 1498 1540 1501 1540 1505 1540 1639 1559 1670 1537 1673 1537 1676 1537 1679 1537 1683 1537 1745 1556 1811 1537 1814 1537 1817 1537 1820 1537 1873 1562 1873 1565 1967 1565 1967 1562 1992 1540 1992 1537 1995 1537 1998 1537 2001 1537 2004 1537 2054 1562 2057 1562 2063 1562 2195 1537 2198 1537 2201 1537 2204 1537 2204 1540 2229 1562 2232 1565 2413 1565 2423 1559 2454 1543 2457 1543 2460 1543 2463 1543 2466 1543 2488 1559 2488 1625 2485 1634 768 1640"/>
                  </Shape>
                  <String CONTENT="Et ayant surce use de ladvis de gens"
                          HPOS="758"
                          VPOS="1537"
                          WIDTH="1730"
                          HEIGHT="103"/>
               </TextLine>
               <TextLine ID="eSc_line_e495f6e0"
                         BASELINE="771 1712 2223 1718 2519 1731"
                         HPOS="768"
                         VPOS="1637"
                         WIDTH="1751"
                         HEIGHT="115"
                         TAGREFS="LT118">
                  <Shape>
                     <Polygon POINTS="771 1712 771 1643 908 1659 986 1643 1024 1637 1027 1637 1030 1637 1049 1643 1086 1662 1252 1662 1292 1646 1317 1637 1320 1637 1323 1637 1380 1646 1470 1662 1533 1646 1567 1640 1570 1640 1573 1640 1598 1646 1642 1662 1720 1662 1732 1650 1739 1643 1739 1640 1742 1640 1745 1640 1748 1640 1801 1650 1870 1662 1926 1650 1976 1640 1979 1640 1982 1640 1985 1640 1998 1650 2004 1656 2076 1653 2201 1643 2204 1643 2207 1643 2226 1653 2251 1665 2316 1653 2376 1643 2379 1643 2382 1643 2426 1653 2469 1665 2510 1656 2519 1731 2516 1743 2004 1746 2001 1746 1998 1746 1979 1740 1951 1731 1932 1740 1907 1752 1904 1752 1901 1752 1820 1740 1807 1737 1804 1737 1776 1752 1773 1752 1770 1752 1704 1737 1670 1731 1636 1737 1558 1752 1554 1752 1551 1752 1495 1737 1476 1731 1473 1737 1455 1749 1455 1752 1451 1752 1448 1752 1445 1752 1248 1734 1208 1731 768 1731"/>
                  </Shape>
                  <String CONTENT="la femme dudit deposant print des cendres"
                          HPOS="768"
                          VPOS="1637"
                          WIDTH="1751"
                          HEIGHT="115"/>
               </TextLine>
               <TextLine ID="eSc_line_a313ca76"
                         BASELINE="777 1805 2438 1812"
                         HPOS="771"
                         VPOS="1728"
                         WIDTH="1667"
                         HEIGHT="118"
                         TAGREFS="LT118">
                  <Shape>
                     <Polygon POINTS="777 1805 771 1752 852 1728 855 1728 858 1728 861 1728 864 1728 896 1752 933 1728 936 1728 939 1728 942 1728 1002 1728 1005 1728 1008 1728 1008 1731 1030 1749 1133 1728 1136 1728 1273 1746 1305 1728 1308 1728 1311 1728 1314 1728 1317 1728 1320 1728 1352 1752 1358 1756 1579 1756 1586 1752 1623 1731 1626 1731 1629 1731 1817 1752 1867 1756 1885 1752 1920 1740 1923 1740 1926 1740 1929 1740 1967 1752 1982 1756 1995 1752 2042 1731 2045 1731 2048 1731 2051 1731 2054 1731 2079 1752 2082 1752 2092 1752 2179 1731 2182 1731 2435 1752 2438 1812 2438 1830 2391 1843 2388 1843 2385 1843 2382 1843 2379 1843 2366 1830 2348 1821 2257 1821 2223 1834 2204 1840 2201 1840 2198 1840 2195 1840 2170 1834 2129 1821 2107 1834 2082 1846 2079 1846 2076 1846 1995 1834 1967 1830 1939 1834 1870 1846 1867 1846 1864 1846 1839 1834 1811 1821 1764 1837 1757 1837 1754 1837 1754 1840 1751 1837 1748 1837 1742 1837 1695 1821 1661 1837 1639 1846 1636 1846 1633 1846 1476 1843 1473 1843 1470 1843 1470 1840 1464 1837 1442 1818 1336 1837 1333 1837 1330 1837 1327 1837 1289 1818 1183 1840 1152 1843 1149 1843 1145 1843 1142 1843 1142 1840 1139 1840 1120 1821 1036 1837 1033 1837 1030 1837 986 1818 836 1818 777 1840"/>
                  </Shape>
                  <String CONTENT="cendres de la maison de ladite Agatte et"
                          HPOS="771"
                          VPOS="1728"
                          WIDTH="1667"
                          HEIGHT="118"/>
               </TextLine>
               <TextLine ID="eSc_line_e774ca22"
                         BASELINE="827 1899 2298 1905"
                         HPOS="821"
                         VPOS="1821"
                         WIDTH="1477"
                         HEIGHT="122"
                         TAGREFS="LT118">
                  <Shape>
                     <Polygon POINTS="827 1899 821 1843 868 1824 871 1824 874 1824 877 1824 918 1840 924 1843 952 1840 1067 1827 1071 1827 1074 1827 1077 1827 1089 1840 1092 1843 1095 1840 1124 1821 1127 1821 1130 1821 1133 1821 1239 1821 1242 1821 1277 1837 1295 1843 1358 1834 1423 1827 1426 1827 1483 1834 1589 1846 1614 1830 1629 1824 1633 1824 1636 1824 1686 1830 1789 1846 1811 1830 1814 1827 1814 1824 1817 1824 1820 1824 1823 1824 1848 1827 1923 1846 2029 1827 2048 1824 2051 1824 2054 1824 2057 1824 2057 1827 2082 1846 2120 1824 2123 1824 2126 1824 2129 1824 2295 1824 2298 1905 2295 1912 2148 1937 2145 1937 2023 1918 1998 1915 1995 1918 1960 1943 1957 1943 1954 1943 1951 1943 1845 1921 1811 1915 1739 1921 1667 1930 1664 1930 1661 1930 1636 1924 1598 1915 1576 1924 1561 1933 1558 1933 1554 1933 1551 1933 1533 1927 1501 1912 1358 1912 1302 1930 1273 1940 1270 1940 1267 1940 1264 1940 1261 1940 1252 1930 1233 1915 1208 1930 1208 1933 1205 1933 1202 1933 1089 1937 1086 1937 1083 1937 1080 1937 1077 1933 1055 1918 1017 1933 1005 1940 1002 1940 999 1940 821 1937"/>
                  </Shape>
                  <String CONTENT="en ayant donne a leur vaches elles"
                          HPOS="821"
                          VPOS="1821"
                          WIDTH="1477"
                          HEIGHT="122"/>
               </TextLine>
               <TextLine ID="eSc_line_28adc94b"
                         BASELINE="805 2008 2110 1993"
                         HPOS="799"
                         VPOS="1927"
                         WIDTH="1311"
                         HEIGHT="122"
                         TAGREFS="LT118">
                  <Shape>
                     <Polygon POINTS="805 2008 799 1958 1061 1933 1064 1933 1067 1933 1108 1949 1149 1933 1152 1933 1155 1933 1579 1946 1667 1927 1670 1927 2104 1943 2110 1993 2107 2002 1586 2046 1583 2046 1579 2046 1508 2018 1505 2018 1486 2018 1323 2033 1320 2033 1317 2033 1277 2024 1264 2021 1261 2024 1227 2049 1224 2049 1220 2049 1217 2049 1214 2049 1155 2027 1136 2018 1117 2027 1102 2033 1099 2033 1095 2033 1021 2030 855 2018 808 2033"/>
                  </Shape>
                  <String CONTENT="rendirent incontinenti leur laict."
                          HPOS="799"
                          VPOS="1927"
                          WIDTH="1311"
                          HEIGHT="122"/>
               </TextLine>
               <TextLine ID="eSc_line_b60d6e72"
                         BASELINE="724 2136 1264 2111 2494 2127"
                         HPOS="718"
                         VPOS="2036"
                         WIDTH="1779"
                         HEIGHT="131"
                         TAGREFS="LT118">
                  <Shape>
                     <Polygon POINTS="724 2136 718 2064 958 2036 961 2036 964 2036 1014 2061 1071 2036 1074 2036 1077 2036 1080 2036 1117 2058 1142 2036 1145 2036 1149 2036 1152 2036 1227 2036 1355 2061 1405 2036 1408 2036 1411 2036 1414 2036 1417 2036 1445 2058 1539 2046 1542 2046 1545 2046 1548 2046 1570 2064 1570 2068 1617 2068 1617 2064 1645 2043 1645 2039 1648 2039 1651 2039 1654 2039 1658 2039 1704 2064 1707 2068 1851 2068 1851 2064 1901 2039 1904 2039 1907 2039 2020 2055 2082 2039 2085 2039 2088 2039 2092 2039 2151 2064 2319 2039 2323 2039 2326 2039 2369 2061 2423 2043 2426 2043 2429 2043 2432 2043 2497 2068 2494 2127 2491 2155 2441 2167 2438 2167 2435 2167 2394 2155 2323 2133 2107 2130 2032 2158 2029 2158 2026 2158 2023 2158 2020 2158 2017 2158 1989 2136 1951 2136 1907 2158 1885 2167 1882 2167 1879 2167 1876 2167 1873 2167 1864 2158 1836 2136 1770 2149 1767 2149 1517 2130 1476 2161 1473 2164 1470 2164 1467 2164 1467 2167 1311 2167 1308 2164 1305 2164 1302 2164 1302 2161 1298 2161 1264 2127 1102 2127 1058 2161 1055 2164 1052 2164 1049 2164 1049 2167 927 2167 924 2164 921 2164 918 2164 914 2161 877 2136 721 2161"/>
                  </Shape>
                  <String CONTENT="Dit quil ny a personne en la Comunaulte"
                          HPOS="718"
                          VPOS="2036"
                          WIDTH="1779"
                          HEIGHT="131"/>
               </TextLine>
               <TextLine ID="eSc_line_78925ed7"
                         BASELINE="824 2199 2185 2205"
                         HPOS="818"
                         VPOS="2121"
                         WIDTH="1367"
                         HEIGHT="146"
                         TAGREFS="LT118">
                  <Shape>
                     <Polygon POINTS="824 2199 824 2152 1046 2152 1058 2149 1095 2136 1099 2136 1102 2136 1105 2136 1149 2149 1161 2152 1167 2149 1208 2121 1211 2121 1214 2121 1217 2121 1220 2121 1295 2149 1305 2152 1317 2149 1386 2121 1389 2121 1392 2121 1598 2124 1601 2124 1664 2145 1757 2124 1761 2124 1764 2124 1826 2145 1857 2155 2179 2145 2185 2205 2182 2220 2029 2233 1973 2264 1970 2264 1967 2264 1773 2233 1714 2223 1701 2236 1673 2261 1673 2264 1670 2264 1667 2264 1667 2267 1611 2267 1608 2264 1604 2264 1548 2239 1501 2220 1448 2242 1398 2261 1395 2261 1395 2264 1355 2264 1352 2261 1348 2261 1345 2261 1327 2245 1292 2220 1258 2220 1211 2248 1195 2261 1192 2261 1189 2261 1186 2261 1071 2258 1067 2258 1064 2258 1058 2252 1017 2220 889 2223 858 2258 855 2258 855 2261 852 2261 849 2261 846 2261 818 2258"/>
                  </Shape>
                  <String CONTENT="que ne fut absente sa compagnie"
                          HPOS="818"
                          VPOS="2121"
                          WIDTH="1367"
                          HEIGHT="146"/>
               </TextLine>
               <TextLine ID="eSc_line_a0741d91"
                         BASELINE="618 2370 2338 2395"
                         HPOS="612"
                         VPOS="2270"
                         WIDTH="1726"
                         HEIGHT="215"
                         TAGREFS="LT118">
                  <Shape>
                     <Polygon POINTS="618 2370 618 2270 808 2270 811 2270 814 2270 824 2276 877 2317 958 2301 961 2301 1046 2311 1086 2289 1092 2286 1095 2286 1099 2286 1133 2289 1170 2295 1174 2292 1195 2276 1199 2276 1202 2276 1205 2276 1208 2276 1211 2276 1211 2280 1230 2295 1239 2305 1255 2295 1264 2292 1267 2292 1270 2292 1273 2292 1295 2298 1386 2320 1433 2301 1436 2301 1439 2301 1442 2301 1445 2301 1448 2301 1448 2305 1476 2326 1520 2308 1526 2305 1530 2305 1533 2305 1536 2305 1548 2308 1604 2323 1617 2311 1629 2301 1629 2298 1633 2298 1636 2298 1639 2298 1745 2317 1823 2330 1836 2320 1848 2308 1848 2305 1851 2305 1854 2305 1857 2305 1917 2314 1935 2298 1939 2298 1942 2298 1945 2298 1948 2298 1982 2317 2007 2298 2010 2298 2013 2298 2017 2298 2020 2298 2023 2298 2023 2301 2051 2330 2057 2333 2070 2330 2129 2314 2132 2314 2135 2314 2338 2342 2338 2395 2335 2426 2195 2426 2188 2429 2110 2482 2107 2482 2104 2482 2104 2485 2023 2485 2020 2482 2017 2482 2013 2482 1957 2432 1951 2426 1876 2407 1823 2411 1792 2436 1739 2479 1736 2479 1732 2479 1729 2479 1726 2479 1723 2479 1661 2442 1608 2461 1604 2461 1601 2461 1501 2448 1461 2473 1458 2473 1455 2473 1451 2473 1448 2473 1445 2473 1398 2445 1317 2395 1202 2395 1099 2451 1080 2461 1077 2461 1074 2461 1071 2461 1067 2461 1058 2451 974 2392 833 2392 755 2461 752 2461 752 2464 749 2464 746 2464 743 2464 612 2461"/>
                  </Shape>
                  <String CONTENT="Jehannette femme dudit henri dit le mesme"
                          HPOS="612"
                          VPOS="2270"
                          WIDTH="1726"
                          HEIGHT="215"/>
               </TextLine>
               <TextLine ID="eSc_line_59b915b4"
                         BASELINE="755 2570 1398 2560 2332 2623"
                         HPOS="746"
                         VPOS="2464"
                         WIDTH="1586"
                         HEIGHT="177"
                         TAGREFS="LT118">
                  <Shape>
                     <Polygon POINTS="755 2570 746 2492 808 2464 811 2464 814 2464 818 2464 880 2495 883 2498 974 2498 977 2498 1005 2479 1008 2479 1011 2479 1014 2479 1155 2504 1167 2504 1170 2504 1227 2479 1230 2479 1233 2479 1236 2479 1289 2507 1295 2510 1302 2507 1342 2489 1345 2489 1348 2489 1480 2514 1492 2514 1498 2514 1561 2492 1564 2492 1567 2492 1570 2492 1629 2514 1836 2504 1839 2504 1842 2504 1845 2504 1867 2523 1885 2539 2067 2542 2088 2529 2107 2517 2110 2517 2113 2517 2117 2517 2120 2517 2154 2532 2191 2548 2332 2539 2332 2623 2326 2641 2073 2613 2048 2632 2045 2632 2042 2632 2038 2632 2035 2632 2032 2632 2032 2629 2017 2616 1895 2626 1879 2626 1876 2626 1873 2626 1870 2626 1870 2623 1867 2623 1851 2601 1792 2598 1757 2620 1754 2620 1751 2620 1748 2620 1567 2613 1564 2613 1561 2613 1480 2582 1255 2576 1077 2576 1058 2592 1055 2592 1052 2592 1049 2592 1046 2592 1005 2576 752 2579"/>
                  </Shape>
                  <String CONTENT="Annatte femme de Bastien Simon par serement"
                          HPOS="746"
                          VPOS="2464"
                          WIDTH="1586"
                          HEIGHT="177"/>
               </TextLine>
               <TextLine ID="eSc_line_789d75eb"
                         BASELINE="771 2641 1317 2635 1985 2679 2307 2682"
                         HPOS="768"
                         VPOS="2560"
                         WIDTH="1545"
                         HEIGHT="147"
                         TAGREFS="LT118">
                  <Shape>
                     <Polygon POINTS="771 2641 768 2579 971 2582 1014 2560 1017 2560 1021 2560 1024 2560 1027 2560 1058 2585 1205 2567 1208 2567 1211 2567 1214 2567 1214 2570 1233 2585 1377 2573 1380 2573 1633 2604 1636 2604 1854 2588 1857 2588 1860 2588 1864 2588 1895 2613 1989 2613 2017 2595 2020 2595 2023 2595 2026 2595 2029 2595 2032 2595 2032 2598 2054 2620 2079 2620 2113 2620 2117 2620 2195 2598 2198 2598 2201 2598 2204 2598 2207 2598 2241 2623 2270 2604 2273 2604 2276 2604 2279 2604 2282 2604 2285 2604 2313 2626 2307 2682 2307 2688 2263 2707 2260 2707 2257 2707 2126 2688 1951 2698 1948 2698 1945 2698 1942 2698 1923 2682 1920 2682 1914 2682 1814 2694 1811 2694 1807 2694 1779 2679 1767 2673 1667 2679 1620 2679 1617 2679 1592 2676 1486 2660 1448 2673 1423 2682 1420 2682 1417 2682 1414 2682 1411 2682 1398 2673 1367 2657 1161 2663 1158 2663 1155 2663 1092 2648 768 2660"/>
                  </Shape>
                  <String CONTENT="depose Que ladite Agatte fust par une fois"
                          HPOS="768"
                          VPOS="2560"
                          WIDTH="1545"
                          HEIGHT="147"/>
               </TextLine>
               <TextLine ID="eSc_line_a85e002e"
                         BASELINE="786 2716 1536 2735 2229 2769 2416 2794"
                         HPOS="780"
                         VPOS="2641"
                         WIDTH="1636"
                         HEIGHT="175"
                         TAGREFS="LT118">
                  <Shape>
                     <Polygon POINTS="786 2716 786 2660 902 2660 921 2645 924 2645 927 2645 930 2645 933 2645 936 2645 936 2648 939 2648 952 2663 952 2666 1055 2666 1058 2666 1102 2641 1105 2641 1108 2641 1111 2641 1170 2666 1180 2673 1186 2670 1224 2645 1227 2645 1230 2645 1233 2645 1236 2645 1239 2645 1273 2670 1277 2673 1277 2670 1311 2645 1314 2645 1317 2645 1320 2645 1323 2645 1408 2673 1436 2682 1467 2676 1558 2654 1561 2654 1564 2654 1623 2679 1654 2691 1676 2679 1714 2660 1717 2660 1720 2660 1789 2663 1792 2663 1795 2663 1795 2666 1811 2682 1823 2698 1848 2685 1879 2670 1882 2670 1885 2670 2051 2688 2085 2691 2098 2688 2151 2679 2154 2679 2157 2679 2160 2679 2179 2691 2213 2716 2366 2716 2413 2698 2416 2794 2410 2816 2323 2788 2254 2788 2229 2807 2226 2807 2223 2807 2220 2807 2216 2807 2176 2785 2132 2807 2126 2810 2123 2810 2120 2810 2117 2810 2113 2810 2110 2807 2076 2779 2045 2804 2042 2807 2038 2807 2035 2807 2032 2807 1964 2804 1960 2804 1957 2804 1957 2801 1954 2801 1923 2772 1867 2779 1864 2779 1860 2779 1857 2779 1839 2763 1779 2794 1776 2794 1773 2794 1770 2794 1767 2794 1711 2766 1645 2788 1639 2791 1636 2791 1633 2791 1629 2791 1626 2791 1623 2788 1561 2751 1467 2747 1414 2776 1411 2776 1408 2776 1405 2776 1367 2757 1336 2779 1333 2779 1330 2779 1327 2779 1323 2779 1320 2779 1277 2738 1149 2735 1074 2747 1071 2747 955 2732 921 2747 918 2747 914 2747 911 2747 908 2747 893 2735 858 2760 855 2760 852 2760 849 2760 780 2757"/>
                  </Shape>
                  <String CONTENT="querir du laict en sa maison et lui en ayant"
                          HPOS="780"
                          VPOS="2641"
                          WIDTH="1636"
                          HEIGHT="175"/>
               </TextLine>
               <TextLine ID="eSc_line_0d3afb35"
                         BASELINE="774 2804 2092 2850 2416 2878"
                         HPOS="765"
                         VPOS="2732"
                         WIDTH="1651"
                         HEIGHT="159"
                         TAGREFS="LT118">
                  <Shape>
                     <Polygon POINTS="774 2804 765 2754 799 2732 802 2732 805 2732 808 2732 811 2732 921 2760 924 2760 964 2738 967 2738 971 2738 974 2738 1014 2760 1039 2747 1042 2747 1046 2747 1049 2747 1052 2747 1052 2751 1055 2751 1064 2766 1067 2769 1142 2769 1145 2769 1202 2747 1205 2747 1208 2747 1211 2747 1298 2776 1302 2776 1308 2776 1370 2754 1373 2754 1377 2754 1548 2785 1561 2785 1570 2785 1683 2772 1686 2772 1689 2772 1732 2791 1770 2772 1773 2772 1776 2772 1864 2791 1898 2779 1901 2779 1904 2779 1907 2779 1910 2779 1910 2782 1914 2782 1926 2797 1960 2785 1964 2785 1967 2785 1970 2785 1973 2785 1973 2788 1989 2801 2104 2782 2107 2782 2110 2782 2188 2807 2251 2788 2254 2788 2257 2788 2260 2788 2263 2788 2263 2791 2266 2791 2279 2810 2416 2819 2416 2878 2413 2891 2179 2869 2148 2882 2145 2882 2142 2882 2138 2882 2085 2863 2004 2875 2001 2875 1998 2875 1926 2857 1882 2872 1879 2872 1876 2872 1851 2872 1601 2847 1558 2860 1554 2860 1551 2860 1548 2860 1545 2860 1514 2841 1492 2854 1489 2854 1486 2854 1355 2835 1289 2850 1280 2850 1277 2850 1264 2847 1186 2832 1058 2841 1039 2841 1036 2841 1033 2841 1027 2841 942 2819 771 2829"/>
                  </Shape>
                  <String CONTENT="refuse par ce quelle nen avoit point leur"
                          HPOS="765"
                          VPOS="2732"
                          WIDTH="1651"
                          HEIGHT="159"/>
               </TextLine>
               <TextLine ID="eSc_line_6731b500"
                         BASELINE="765 2907 1145 2903 2482 2956"
                         HPOS="758"
                         VPOS="2819"
                         WIDTH="1724"
                         HEIGHT="169"
                         TAGREFS="LT118">
                  <Shape>
                     <Polygon POINTS="765 2907 758 2844 864 2825 868 2825 871 2825 921 2847 924 2847 964 2819 967 2819 971 2819 974 2819 977 2819 1058 2850 1067 2854 1074 2850 1108 2832 1111 2832 1114 2832 1205 2844 1227 2829 1230 2829 1233 2829 1236 2829 1476 2838 1480 2838 1542 2860 1551 2863 1558 2860 1583 2844 1586 2844 1589 2844 1592 2844 1595 2844 1598 2844 1598 2847 1617 2863 1629 2872 1692 2863 1782 2850 1786 2850 1789 2850 1854 2866 1929 2888 2098 2891 2123 2872 2135 2863 2138 2863 2142 2863 2145 2863 2148 2863 2191 2875 2276 2900 2413 2900 2476 2882 2482 2956 2479 2969 2398 2988 2394 2988 2391 2988 2307 2966 2304 2966 2298 2966 2138 2978 2135 2978 2132 2978 2092 2960 2085 2956 2070 2960 1985 2972 1982 2972 1979 2972 1976 2972 1976 2969 1960 2956 1954 2950 1939 2953 1882 2969 1879 2969 1876 2969 1873 2969 1836 2950 1832 2950 1801 2950 1686 2956 1683 2956 1679 2956 1676 2956 1676 2953 1667 2947 1664 2941 1651 2947 1626 2956 1623 2956 1620 2956 1617 2956 1567 2944 1530 2935 1501 2941 1461 2953 1458 2953 1455 2953 1386 2938 1336 2928 1292 2935 1258 2941 1255 2941 1205 2935 1139 2922 1127 2932 1114 2941 1111 2941 1108 2941 1105 2941 1046 2928 986 2916 964 2925 949 2935 946 2935 942 2935 758 2919"/>
                  </Shape>
                  <String CONTENT="deux vaches furent tairies bien 20 sepmaines"
                          HPOS="758"
                          VPOS="2819"
                          WIDTH="1724"
                          HEIGHT="169"/>
               </TextLine>
               <TextLine ID="eSc_line_6590afe2"
                         BASELINE="783 2981 1729 3003 2332 3034"
                         HPOS="780"
                         VPOS="2922"
                         WIDTH="1552"
                         HEIGHT="137"
                         TAGREFS="LT118">
                  <Shape>
                     <Polygon POINTS="783 2981 783 2922 1071 2922 1074 2922 1099 2928 1152 2941 1195 2932 1224 2925 1227 2925 1230 2925 1233 2925 1233 2928 1236 2928 1239 2932 1248 2944 1289 2932 1308 2928 1311 2928 1314 2928 1317 2928 1333 2935 1364 2947 1411 2935 1430 2932 1433 2932 1436 2932 1439 2932 1455 2938 1489 2950 1811 2947 1817 2947 1820 2947 1823 2947 2029 2969 2045 2956 2045 2953 2048 2953 2051 2953 2054 2953 2057 2953 2098 2969 2170 2956 2173 2956 2176 2956 2235 2975 2329 2960 2332 3034 2329 3050 2135 3059 2132 3059 2054 3047 1989 3034 1879 3041 1789 3047 1786 3047 1782 3047 1779 3047 1779 3044 1773 3041 1754 3019 1498 3013 1455 3031 1442 3038 1439 3038 1436 3038 1433 3038 1411 3031 1333 3003 1227 3003 1152 3019 1149 3019 1017 3000 961 3022 958 3022 955 3022 952 3022 949 3022 946 3022 893 2997 780 3016"/>
                  </Shape>
                  <String CONTENT="jusques a ce Et ne mangeoyent choses"
                          HPOS="780"
                          VPOS="2922"
                          WIDTH="1552"
                          HEIGHT="137"/>
               </TextLine>
               <TextLine ID="eSc_line_99f185c7"
                         BASELINE="786 3059 1476 3072 2404 3116"
                         HPOS="774"
                         VPOS="2991"
                         WIDTH="1630"
                         HEIGHT="153"
                         TAGREFS="LT118">
                  <Shape>
                     <Polygon POINTS="786 3059 783 3003 893 2991 896 2991 899 2991 902 2991 918 3006 946 2991 949 2991 952 2991 955 2991 958 2991 958 2994 974 3009 977 3013 1099 3013 1102 3013 1164 2994 1167 2994 1170 2994 1174 2994 1220 3019 1239 3000 1239 2997 1242 2997 1245 2997 1248 2997 1302 2997 1305 2997 1386 3025 1392 3025 1395 3025 1467 3003 1470 3003 1473 3003 1476 3003 1554 3031 1561 3031 1564 3031 1636 3009 1639 3009 1642 3009 1876 3041 1898 3044 1917 3044 2113 3028 2117 3028 2120 3028 2154 3047 2185 3031 2188 3031 2191 3031 2195 3031 2198 3031 2232 3056 2235 3056 2238 3056 2316 3034 2319 3034 2323 3034 2326 3034 2404 3063 2404 3116 2401 3131 2332 3144 2329 3144 2326 3144 2323 3144 2323 3141 2319 3141 2310 3128 2307 3122 2220 3122 2204 3125 2157 3137 2154 3137 2151 3137 2148 3137 2079 3119 2051 3112 2032 3119 1985 3131 1982 3131 1979 3131 1789 3106 1720 3100 1683 3103 1558 3116 1554 3116 1551 3116 1514 3097 1508 3094 1489 3094 1386 3109 1383 3109 1380 3109 1298 3087 1283 3084 1270 3087 1202 3100 1199 3100 1195 3100 1192 3100 1192 3097 1177 3081 1174 3081 1161 3081 1067 3091 1064 3091 939 3072 924 3072 918 3072 802 3087 799 3087 796 3087 793 3087 793 3084 789 3084 774 3066"/>
                  </Shape>
                  <String CONTENT="aulcunes sinon jusques a ce quelle fust"
                          HPOS="774"
                          VPOS="2991"
                          WIDTH="1630"
                          HEIGHT="153"/>
               </TextLine>
               <TextLine ID="eSc_line_44449557"
                         BASELINE="768 3153 1339 3162 2469 3206"
                         HPOS="765"
                         VPOS="3075"
                         WIDTH="1704"
                         HEIGHT="156"
                         TAGREFS="LT118">
                  <Shape>
                     <Polygon POINTS="768 3153 768 3097 952 3097 1005 3075 1008 3075 1011 3075 1014 3075 1017 3075 1017 3078 1036 3097 1058 3084 1061 3084 1064 3084 1067 3084 1071 3084 1074 3084 1102 3106 1183 3081 1186 3081 1189 3081 1192 3081 1195 3081 1230 3106 1273 3084 1277 3084 1280 3084 1348 3087 1352 3087 1355 3087 1355 3091 1377 3112 1417 3091 1420 3091 1423 3091 1483 3097 1486 3097 1489 3097 1489 3100 1511 3119 1579 3097 1583 3097 1586 3097 1589 3097 1648 3125 1689 3100 1692 3100 1695 3100 1698 3100 1701 3100 1776 3128 1836 3106 1839 3106 1842 3106 1845 3106 1848 3106 1848 3109 1873 3131 1873 3134 1926 3134 1951 3134 2285 3119 2288 3119 2291 3119 2295 3119 2338 3147 2341 3150 2469 3153 2469 3206 2466 3215 2382 3231 2379 3231 2163 3209 2085 3203 2032 3206 1923 3215 1920 3215 1864 3203 1823 3194 1754 3200 1683 3206 1679 3206 1676 3206 1673 3206 1661 3197 1639 3184 1370 3178 1311 3190 1283 3194 1280 3194 1239 3187 1142 3172 765 3175"/>
                  </Shape>
                  <String CONTENT="prendre des herbes de son curtil et en donna"
                          HPOS="765"
                          VPOS="3075"
                          WIDTH="1704"
                          HEIGHT="156"/>
               </TextLine>
               <TextLine ID="eSc_line_c207b1e5"
                         BASELINE="796 3234 1792 3268 2466 3306"
                         HPOS="783"
                         VPOS="3178"
                         WIDTH="1683"
                         HEIGHT="178"
                         TAGREFS="LT118">
                  <Shape>
                     <Polygon POINTS="796 3234 796 3178 1554 3187 1558 3187 1626 3209 1636 3212 1670 3212 1926 3203 1929 3203 1932 3203 1970 3225 1982 3212 1985 3212 1989 3212 1992 3212 1995 3212 2042 3228 2060 3212 2060 3209 2063 3209 2067 3209 2070 3209 2073 3209 2076 3209 2076 3212 2095 3231 2098 3231 2142 3215 2145 3215 2148 3215 2263 3237 2273 3237 2279 3237 2388 3222 2391 3222 2394 3222 2398 3222 2398 3225 2419 3243 2419 3247 2466 3247 2466 3306 2460 3321 2388 3315 2379 3318 2319 3356 2316 3356 2313 3356 2310 3356 2307 3356 2304 3356 2235 3312 2232 3312 2157 3303 2110 3306 2029 3315 2026 3315 2023 3315 2020 3315 2001 3303 1989 3293 1854 3290 1782 3290 1779 3290 1739 3328 1739 3331 1736 3331 1732 3331 1729 3331 1726 3331 1564 3281 1548 3278 1539 3281 1451 3318 1448 3318 1445 3318 1442 3318 1342 3272 1339 3272 1217 3309 1214 3309 1211 3309 1067 3284 1030 3303 1027 3303 1024 3303 871 3296 868 3296 864 3296 783 3247"/>
                  </Shape>
                  <String CONTENT="ausdites vaches et desla reprindrent le manger"
                          HPOS="783"
                          VPOS="3178"
                          WIDTH="1683"
                          HEIGHT="178"/>
               </TextLine>
            </TextBlock>
            <TextBlock HPOS="2372"
                       VPOS="3539"
                       WIDTH="79"
                       HEIGHT="96"
                       ID="eSc_textblock_1c51c668"
                       TAGREFS="BT371">
               <Shape>
                  <Polygon POINTS="2372 3635 2373 3555 2451 3539 2442 3634"/>
               </Shape>
               <TextLine ID="eSc_line_eeaaa48b"
                         BASELINE="2389 3614 2435 3614"
                         HPOS="2385"
                         VPOS="3530"
                         WIDTH="47"
                         HEIGHT="172"
                         TAGREFS="LT118">
                  <Shape>
                     <Polygon POINTS="2388 3611 2385 3534 2429 3530 2432 3611 2432 3696 2388 3702"/>
                  </Shape>
                  <String CONTENT="9" HPOS="2385" VPOS="3530" WIDTH="47" HEIGHT="172"/>
               </TextLine>
            </TextBlock>
         </PrintSpace>
      </Page>
   </Layout>
</alto>
