<alto xmlns:xsi="http://www.w3.org/2001/XMLSchema-instance"
      xmlns="http://www.loc.gov/standards/alto/ns-v4#"
      xsi:schemaLocation="http://www.loc.gov/standards/alto/ns-v4# http://www.loc.gov/standards/alto/v4/alto-4-2.xsd">
   <Description>
      <MeasurementUnit>pixel</MeasurementUnit>
      <sourceImageInformation>
         <fileName>B_168_15-23-3_0001.jpg</fileName>
      </sourceImageInformation>
   </Description>
   <Tags>
      <OtherTag ID="BT365"
                LABEL="MainZone:column"
                DESCRIPTION="block type MainZone:column"/>
      <OtherTag ID="BT367" LABEL="MainZone" DESCRIPTION="block type MainZone"/>
      <OtherTag ID="BT368"
                LABEL="MarginTextZone"
                DESCRIPTION="block type MarginTextZone"/>
      <OtherTag ID="BT369"
                LABEL="MarginTextZone:note"
                DESCRIPTION="block type MarginTextZone:note"/>
      <OtherTag ID="BT370"
                LABEL="NumberingZone:other"
                DESCRIPTION="block type NumberingZone:other"/>
      <OtherTag ID="BT371"
                LABEL="NumberingZone:page"
                DESCRIPTION="block type NumberingZone:page"/>
      <OtherTag ID="BT379"
                LABEL="DecorationZone"
                DESCRIPTION="block type DecorationZone"/>
      <OtherTag ID="BT380"
                LABEL="CustomZone:signature"
                DESCRIPTION="block type CustomZone:signature"/>
      <OtherTag ID="LT118" LABEL="DefaultLine" DESCRIPTION="line type DefaultLine"/>
      <OtherTag ID="LT119" LABEL="HeadingLine" DESCRIPTION="line type HeadingLine"/>
      <OtherTag ID="LT120"
                LABEL="InterlinearLine"
                DESCRIPTION="line type InterlinearLine"/>
   </Tags>
   <Layout>
      <Page WIDTH="2570"
            HEIGHT="3863"
            PHYSICAL_IMG_NR="46"
            ID="eSc_dummypage_">
         <PrintSpace HPOS="0" VPOS="0" WIDTH="2570" HEIGHT="3863">
            <TextBlock HPOS="715"
                       VPOS="327"
                       WIDTH="286"
                       HEIGHT="421"
                       ID="eSc_textblock_7b3cd1ff"
                       TAGREFS="BT370">
               <Shape>
                  <Polygon POINTS="715 327 715 748 1001 748 1001 327"/>
               </Shape>
               <TextLine ID="eSc_line_90f2371c"
                         BASELINE="744 504 968 604"
                         HPOS="666"
                         VPOS="424"
                         WIDTH="335"
                         HEIGHT="342"
                         TAGREFS="LT118">
                  <Shape>
                     <Polygon POINTS="743 502 772 424 885 473 895 469 917 463 921 463 924 463 927 463 930 463 1001 508 966 601 885 766 837 727 821 730 785 737 782 737 779 737 731 714 727 714 727 711 666 647"/>
                  </Shape>
                  <String CONTENT="177"
                          HPOS="666"
                          VPOS="424"
                          WIDTH="335"
                          HEIGHT="342"/>
               </TextLine>
            </TextBlock>
            <TextBlock HPOS="469"
                       VPOS="95"
                       WIDTH="557"
                       HEIGHT="161"
                       ID="eSc_textblock_0a9edb9c"
                       TAGREFS="BT369">
               <Shape>
                  <Polygon POINTS="469 95 469 256 1026 256 1026 95"/>
               </Shape>
               <TextLine ID="eSc_line_1230c552"
                         BASELINE="499 167 966 164 1030 176"
                         HPOS="486"
                         VPOS="77"
                         WIDTH="541"
                         HEIGHT="106"
                         TAGREFS="LT118">
                  <Shape>
                     <Polygon POINTS="495 164 486 103 563 77 566 77 570 77 673 96 766 77 769 77 1027 99 1027 173 495 183"/>
                  </Shape>
                  <String CONTENT="1610. 17. may."
                          HPOS="486"
                          VPOS="77"
                          WIDTH="541"
                          HEIGHT="106"/>
               </TextLine>
               <TextLine ID="eSc_line_0d992386"
                         BASELINE="748 230 788 230 865 230"
                         HPOS="747"
                         VPOS="157"
                         WIDTH="116"
                         HEIGHT="142"
                         TAGREFS="LT118">
                  <Shape>
                     <Polygon POINTS="747 228 747 157 863 160 863 228 863 286 747 299"/>
                  </Shape>
                  <String CONTENT="/27"
                          HPOS="747"
                          VPOS="157"
                          WIDTH="116"
                          HEIGHT="142"/>
               </TextLine>
            </TextBlock>
            <TextBlock HPOS="179"
                       VPOS="416"
                       WIDTH="554"
                       HEIGHT="724"
                       ID="eSc_textblock_7587aa15"
                       TAGREFS="BT369">
               <Shape>
                  <Polygon POINTS="179 416 179 1140 733 1140 733 416"/>
               </Shape>
               <TextLine ID="eSc_line_9a71273c"
                         BASELINE="325 544 464 537 676 533"
                         HPOS="315"
                         VPOS="402"
                         WIDTH="416"
                         HEIGHT="187"
                         TAGREFS="LT118">
                  <Shape>
                     <Polygon POINTS="322 540 315 447 360 444 367 437 405 402 409 402 412 402 415 402 418 402 454 421 483 437 534 437 671 427 731 550 682 582 676 585 673 585 669 585 666 585 628 582 495 563 434 582 418 589 415 589 412 589 409 589 396 582 351 566 328 585"/>
                  </Shape>
                  <String CONTENT="adelheide"
                          HPOS="315"
                          VPOS="402"
                          WIDTH="416"
                          HEIGHT="187"/>
               </TextLine>
               <TextLine ID="eSc_line_3c47c878"
                         BASELINE="270 643 618 618"
                         HPOS="257"
                         VPOS="537"
                         WIDTH="361"
                         HEIGHT="148"
                         TAGREFS="LT118">
                  <Shape>
                     <Polygon POINTS="270 643 257 585 376 547 380 547 383 547 386 547 389 547 409 563 508 537 512 537 515 537 518 537 521 537 553 563 557 563 608 560 618 618 618 663 270 685"/>
                  </Shape>
                  <String CONTENT="Betteve"
                          HPOS="257"
                          VPOS="537"
                          WIDTH="361"
                          HEIGHT="148"/>
               </TextLine>
               <TextLine ID="eSc_line_5b62f0b8"
                         BASELINE="370 756 486 756"
                         HPOS="367"
                         VPOS="663"
                         WIDTH="119"
                         HEIGHT="125"
                         TAGREFS="LT118">
                  <Shape>
                     <Polygon POINTS="370 756 367 679 483 663 486 756 486 775 370 788"/>
                  </Shape>
                  <String CONTENT="et" HPOS="367" VPOS="663" WIDTH="119" HEIGHT="125"/>
               </TextLine>
               <TextLine ID="eSc_line_db12e058"
                         BASELINE="218 862 602 856"
                         HPOS="212"
                         VPOS="759"
                         WIDTH="393"
                         HEIGHT="145"
                         TAGREFS="LT118">
                  <Shape>
                     <Polygon POINTS="218 862 212 759 315 759 318 759 322 759 325 762 360 788 592 775 602 856 605 875 521 898 518 898 515 898 447 888 412 882 399 891 383 901 380 901 376 901 376 904 218 904"/>
                  </Shape>
                  <String CONTENT="Alix, veuve"
                          HPOS="212"
                          VPOS="759"
                          WIDTH="393"
                          HEIGHT="145"/>
               </TextLine>
               <TextLine ID="eSc_line_5573e109"
                         BASELINE="264 965 686 956"
                         HPOS="257"
                         VPOS="859"
                         WIDTH="428"
                         HEIGHT="148"
                         TAGREFS="LT118">
                  <Shape>
                     <Polygon POINTS="260 962 257 878 495 882 512 878 602 859 605 859 608 859 682 882 685 952 685 972 518 978 502 988 450 1007 447 1007 444 1007 257 1004"/>
                  </Shape>
                  <String CONTENT="Rossel, les"
                          HPOS="257"
                          VPOS="859"
                          WIDTH="428"
                          HEIGHT="148"/>
               </TextLine>
               <TextLine ID="eSc_line_f30d22da"
                         BASELINE="228 1071 673 1071 726 1063"
                         HPOS="212"
                         VPOS="978"
                         WIDTH="512"
                         HEIGHT="155"
                         TAGREFS="LT118">
                  <Shape>
                     <Polygon POINTS="225 1068 212 1007 254 978 257 978 260 978 264 978 267 978 270 978 302 1004 312 1001 370 985 373 985 376 985 380 985 383 985 402 997 412 1004 428 994 450 978 454 978 457 978 460 978 463 978 492 991 524 1007 624 1007 650 981 650 978 653 978 656 978 660 978 718 978 724 1062 721 1133 222 1107"/>
                  </Shape>
                  <String CONTENT="deux de Boncourt"
                          HPOS="212"
                          VPOS="978"
                          WIDTH="512"
                          HEIGHT="155"/>
               </TextLine>
            </TextBlock>
            <TextBlock HPOS="175"
                       VPOS="226"
                       WIDTH="538"
                       HEIGHT="119"
                       ID="eSc_textblock_9e610c95"
                       TAGREFS="BT369">
               <Shape>
                  <Polygon POINTS="175 226 175 345 713 345 713 226"/>
               </Shape>
               <TextLine ID="eSc_line_74b6bc3f"
                         BASELINE="212 299 685 276"
                         HPOS="202"
                         VPOS="183"
                         WIDTH="483"
                         HEIGHT="161"
                         TAGREFS="LT118">
                  <Shape>
                     <Polygon POINTS="212 299 202 228 441 215 450 206 470 189 470 186 473 186 476 186 534 183 537 183 595 193 647 206 669 186 685 276 676 305 660 296 650 305 624 328 621 328 618 328 541 331 537 331 534 331 531 331 531 328 508 309 499 302 437 302 428 312 415 321 412 321 409 321 405 321 302 321 270 344 267 344 264 344 260 344 257 344 206 315"/>
                  </Shape>
                  <String CONTENT="# de sortilege"
                          HPOS="202"
                          VPOS="183"
                          WIDTH="483"
                          HEIGHT="161"/>
               </TextLine>
            </TextBlock>
            <TextBlock HPOS="644"
                       VPOS="108"
                       WIDTH="1874"
                       HEIGHT="3275"
                       ID="eSc_textblock_52a0a877"
                       TAGREFS="BT367">
               <Shape>
                  <Polygon POINTS="2235 769 2454 798 2518 901 2518 1632 2466 1764 2518 2430 2454 2987 2479 3151 2415 3318 1333 3383 734 3318 695 2832 644 2713 734 2481 695 2005 721 1352 669 1258 702 1178 736 1178 736 792 1031 792 1031 112 1028 112 1028 108 2325 154 2389 395 2338 476 2325 717"/>
               </Shape>
               <TextLine ID="eSc_line_5be31f0f"
                         TAGREFS="LT119"
                         BASELINE="1045 213 1149 199 2077 212 2299 228"
                         HPOS="1033"
                         VPOS="106"
                         WIDTH="1263"
                         HEIGHT="141">
                  <Shape>
                     <Polygon POINTS="1043 212 1033 128 1152 106 1156 106 1159 106 1162 106 1191 125 1368 109 1371 109 1375 109 1378 109 1397 128 1400 128 1410 128 1523 112 1526 112 1613 128 1655 135 1706 128 1809 115 1813 115 1887 128 1938 138 2293 131 2296 225 2286 247 2238 231 2157 247 2148 247 2144 247 2141 247 2135 247 2077 228 1806 241 1803 241 1800 241 1797 241 1764 225 1739 241 1735 241 1732 241 1729 241 1726 241 1722 241 1703 225 1661 241 1658 241 1655 241 1652 241 1613 241 1214 215 1040 231"/>
                  </Shape>
                  <String CONTENT="Reconfessions des actes crimes et"
                          HPOS="1033"
                          VPOS="106"
                          WIDTH="1263"
                          HEIGHT="141"/>
               </TextLine>
               <TextLine ID="eSc_line_588b239a"
                         TAGREFS="LT119"
                         BASELINE="1046 289 1323 291"
                         HPOS="1033"
                         VPOS="247"
                         WIDTH="287"
                         HEIGHT="94">
                  <Shape>
                     <Polygon POINTS="1043 286 1040 263 1243 247 1246 247 1249 247 1320 267 1320 289 1317 334 1156 341 1152 341 1149 341 1033 309"/>
                  </Shape>
                  <String CONTENT="delitz #"
                          HPOS="1033"
                          VPOS="247"
                          WIDTH="287"
                          HEIGHT="94"/>
               </TextLine>
               <TextLine ID="eSc_line_c690d3d9"
                         TAGREFS="LT119"
                         BASELINE="1331 291 2154 296"
                         HPOS="1323"
                         VPOS="251"
                         WIDTH="828"
                         HEIGHT="77">
                  <Shape>
                     <Polygon POINTS="1330 289 1326 257 2148 251 2151 292 2148 309 1900 309 1887 312 1835 328 1832 328 1829 328 1323 318"/>
                  </Shape>
                  <String CONTENT="Commis et perpetrez par"
                          HPOS="1323"
                          VPOS="251"
                          WIDTH="828"
                          HEIGHT="77"/>
               </TextLine>
               <TextLine ID="eSc_line_2e058322"
                         TAGREFS="LT119"
                         BASELINE="1030 402 1610 383 2373 383"
                         HPOS="1017"
                         VPOS="289"
                         WIDTH="1356"
                         HEIGHT="139">
                  <Shape>
                     <Polygon POINTS="1030 402 1017 331 1120 302 1123 302 1127 302 1130 302 1133 302 1165 325 1278 325 1320 299 1323 299 1326 299 1330 299 1407 299 1410 299 1484 325 1487 325 1491 325 1545 296 1549 296 1552 296 1555 296 1558 296 1594 321 1735 299 1739 299 1742 299 1806 321 1813 321 1832 321 2077 289 2080 289 2370 315 2373 383 2370 412 2154 395 1987 418 1974 418 1970 418 1967 418 1964 418 1903 395 1880 415 1880 418 1877 418 1874 418 1784 421 1780 421 1777 421 1774 421 1739 402 1671 418 1668 418 1665 418 1558 399 1503 424 1500 424 1497 424 1494 424 1478 424 1291 402 1030 428"/>
                  </Shape>
                  <String CONTENT="Adelheit vefve Bourquin Betteny"
                          HPOS="1017"
                          VPOS="289"
                          WIDTH="1356"
                          HEIGHT="139"/>
               </TextLine>
               <TextLine ID="eSc_line_f4c94989"
                         TAGREFS="LT119"
                         BASELINE="1091 479 2289 453"
                         HPOS="1088"
                         VPOS="379"
                         WIDTH="1201"
                         HEIGHT="136">
                  <Shape>
                     <Polygon POINTS="1091 479 1088 418 1526 418 1636 399 1703 389 1706 389 1748 395 1832 408 2280 379 2289 453 2286 466 2099 495 2096 495 1938 482 1871 476 1861 486 1845 498 1845 502 1842 502 1838 502 1838 505 1719 505 1716 502 1713 502 1690 492 1671 482 1629 495 1590 505 1587 505 1584 505 1581 505 1565 495 1536 482 1285 489 1227 511 1210 515 1207 515 1204 515 1201 515 1188 511 1140 495 1094 515"/>
                  </Shape>
                  <String CONTENT="De Boncourt, selon quicelle les"
                          HPOS="1088"
                          VPOS="379"
                          WIDTH="1201"
                          HEIGHT="136"/>
               </TextLine>
               <TextLine ID="eSc_line_42b83054"
                         BASELINE="1075 566 2231 553"
                         HPOS="1069"
                         VPOS="482"
                         WIDTH="1162"
                         HEIGHT="113"
                         TAGREFS="LT118">
                  <Shape>
                     <Polygon POINTS="1075 566 1069 515 1185 492 1188 492 1323 505 1355 508 1365 505 1397 492 1400 492 1404 492 1545 498 1642 505 1674 495 1710 486 1713 486 1716 486 1768 492 1822 502 2222 482 2231 553 2228 576 2077 585 2074 585 2070 585 2054 579 2016 566 1977 582 1974 582 1970 582 1967 582 1964 582 1961 582 1929 569 1919 582 1916 582 1916 585 1913 585 1909 585 1503 592 1500 592 1497 592 1494 592 1494 589 1475 573 1365 573 1220 592 1217 592 1140 576 1078 595"/>
                  </Shape>
                  <String CONTENT="a heu recongnus et reconfesses"
                          HPOS="1069"
                          VPOS="482"
                          WIDTH="1162"
                          HEIGHT="113"/>
               </TextLine>
               <TextLine ID="eSc_line_59a8a7b4"
                         TAGREFS="LT119"
                         BASELINE="1059 640 2318 634"
                         HPOS="1053"
                         VPOS="556"
                         WIDTH="1265"
                         HEIGHT="100">
                  <Shape>
                     <Polygon POINTS="1059 640 1053 614 1449 611 1471 598 1549 560 1552 560 1555 560 1607 560 1610 560 1613 560 1613 563 1639 585 1658 566 1658 563 1661 563 1665 563 1748 556 1751 556 1871 579 2057 556 2061 556 2064 556 2103 576 2115 582 2125 576 2135 566 2138 566 2141 566 2144 566 2148 566 2151 566 2151 569 2157 573 2180 592 2209 573 2218 563 2222 563 2225 563 2228 563 2312 569 2318 634 2315 653 1059 656"/>
                  </Shape>
                  <String CONTENT="Librement, Les 17 : 19. 21. 25 et"
                          HPOS="1053"
                          VPOS="556"
                          WIDTH="1265"
                          HEIGHT="100"/>
               </TextLine>
               <TextLine ID="eSc_line_51eb8476"
                         TAGREFS="LT119"
                         BASELINE="1053 717 2103 717"
                         HPOS="1049"
                         VPOS="624"
                         WIDTH="1054"
                         HEIGHT="155">
                  <Shape>
                     <Polygon POINTS="1053 717 1049 634 1333 624 1336 624 1339 624 1365 634 1410 653 1694 650 1710 637 1732 624 1735 624 1739 624 1742 624 1816 640 1887 653 2099 643 2103 717 2096 775 1954 740 1829 740 1787 772 1784 772 1780 772 1777 772 1648 743 1610 775 1607 775 1603 775 1603 779 1400 779 1397 775 1394 775 1391 775 1339 740 1194 740 1056 775"/>
                  </Shape>
                  <String CONTENT="27 de may an présent 1610"
                          HPOS="1049"
                          VPOS="624"
                          WIDTH="1054"
                          HEIGHT="155"/>
               </TextLine>
               <TextLine ID="eSc_line_3dac961c"
                         BASELINE="750 862 2466 894"
                         HPOS="743"
                         VPOS="769"
                         WIDTH="1723"
                         HEIGHT="154"
                         TAGREFS="LT118">
                  <Shape>
                     <Polygon POINTS="750 862 750 769 859 772 863 772 930 808 1075 795 1078 795 1172 811 1220 785 1223 785 1227 785 1230 785 1249 788 1394 814 1423 795 1436 785 1439 785 1442 785 1446 785 1516 798 1639 820 1706 804 1784 788 1787 788 1906 814 1977 830 2151 830 2167 824 2225 798 2228 798 2231 798 2302 798 2351 801 2354 801 2357 801 2357 804 2389 833 2392 836 2463 836 2466 894 2460 923 743 878"/>
                  </Shape>
                  <String CONTENT="Premierement confesse que sont environ douze"
                          HPOS="743"
                          VPOS="769"
                          WIDTH="1723"
                          HEIGHT="154"/>
               </TextLine>
               <TextLine ID="eSc_line_250cbca7"
                         BASELINE="752 954 863 952 2408 962"
                         HPOS="743"
                         VPOS="872"
                         WIDTH="1662"
                         HEIGHT="125"
                         TAGREFS="LT118">
                  <Shape>
                     <Polygon POINTS="750 952 743 888 898 872 901 872 904 872 956 888 972 891 982 888 1017 872 1020 872 1024 872 1027 872 1030 872 1046 888 1053 894 1143 894 1185 888 1339 872 1342 872 1346 872 1391 888 1407 894 1423 888 1462 875 1465 875 1468 875 1471 875 1503 888 1516 894 1536 888 1587 875 1590 875 1594 875 1729 875 1732 875 1735 875 1735 878 1748 891 1751 891 1758 891 1835 875 1838 875 1842 875 1845 875 1867 891 1880 898 1919 891 1987 878 1990 878 2064 891 2103 898 2399 894 2405 959 2405 965 2344 997 2341 997 2338 997 2173 968 2167 968 2160 968 2077 997 2074 997 2070 997 2067 997 2064 997 2019 972 2009 965 1983 972 1941 981 1938 981 1935 981 1880 972 1851 968 1838 975 1809 988 1806 988 1803 988 1800 988 1771 975 1742 962 1532 965 1507 978 1475 994 1471 994 1468 994 1388 981 1304 965 1207 981 1191 985 1188 985 1185 985 1181 985 1152 962 1104 985 1088 991 1085 991 1085 994 1008 994 1004 991 1001 991 988 985 940 962 869 988 859 991 856 991 853 991 743 988"/>
                  </Shape>
                  <String CONTENT="ans, que a elle proche sa maison, entre"
                          HPOS="743"
                          VPOS="872"
                          WIDTH="1662"
                          HEIGHT="125"/>
               </TextLine>
               <TextLine ID="eSc_line_ef0039c8"
                         BASELINE="752 1059 859 1043 1033 1036 2508 1026"
                         HPOS="740"
                         VPOS="943"
                         WIDTH="1765"
                         HEIGHT="132"
                         TAGREFS="LT118">
                  <Shape>
                     <Polygon POINTS="750 1055 740 981 866 952 869 952 1107 972 1156 975 1178 972 1262 949 1265 949 1268 949 1407 965 1465 972 1503 962 1578 946 1581 946 1764 959 1935 968 1970 952 1993 943 1996 943 1999 943 2003 943 2028 952 2064 965 2132 949 2164 943 2167 943 2225 946 2399 965 2492 943 2505 1023 2502 1055 2351 1046 2267 1059 2228 1065 2225 1065 2186 1062 2064 1043 2019 1062 2003 1068 1999 1068 1996 1068 1913 1062 1751 1052 1719 1065 1713 1068 1710 1068 1706 1068 1703 1068 1694 1065 1639 1046 1597 1068 1587 1071 1584 1071 1584 1075 1471 1075 1468 1071 1465 1071 1462 1071 1458 1068 1433 1049 1365 1065 1362 1065 1359 1065 1259 1049 1223 1071 1220 1071 1217 1071 1214 1071 1210 1071 1207 1071 1181 1052 856 1052 750 1075"/>
                  </Shape>
                  <String CONTENT="jour et nuict, se presenta par deux distinctes"
                          HPOS="740"
                          VPOS="943"
                          WIDTH="1765"
                          HEIGHT="132"/>
               </TextLine>
               <TextLine ID="eSc_line_d9ba859e"
                         BASELINE="756 1136 1259 1110 2444 1120"
                         HPOS="750"
                         VPOS="1036"
                         WIDTH="1694"
                         HEIGHT="129"
                         TAGREFS="LT118">
                  <Shape>
                     <Polygon POINTS="756 1136 750 1075 1020 1071 1049 1046 1049 1043 1053 1043 1056 1043 1146 1036 1149 1036 1152 1036 1230 1055 1349 1036 1352 1036 1355 1036 1359 1036 1359 1039 1381 1059 1446 1039 1449 1039 1452 1039 1455 1039 1507 1068 1542 1036 1545 1036 1549 1036 1552 1036 1742 1043 1745 1043 1793 1065 1803 1068 1829 1065 2009 1036 2012 1036 2103 1039 2106 1039 2109 1039 2132 1062 2441 1062 2444 1120 2370 1142 2367 1142 2363 1142 2128 1129 2054 1126 2045 1133 2035 1142 2032 1142 2028 1142 2025 1142 1958 1133 1916 1129 1864 1136 1784 1149 1780 1149 1777 1149 1742 1139 1700 1126 1330 1123 1236 1152 1230 1155 1227 1155 1223 1155 1220 1155 1217 1155 1217 1152 1191 1129 1107 1146 1104 1146 1101 1146 1098 1146 1098 1142 1072 1123 914 1162 911 1162 756 1165"/>
                  </Shape>
                  <String CONTENT="fois, Ung homme a elle, la saluant, et"
                          HPOS="750"
                          VPOS="1036"
                          WIDTH="1694"
                          HEIGHT="129"/>
               </TextLine>
               <TextLine ID="eSc_line_ebf0ab84"
                         BASELINE="760 1220 991 1207 2463 1200"
                         HPOS="756"
                         VPOS="1123"
                         WIDTH="1707"
                         HEIGHT="119"
                         TAGREFS="LT118">
                  <Shape>
                     <Polygon POINTS="760 1220 756 1168 1320 1174 1365 1149 1410 1126 1413 1126 1417 1126 1513 1146 1526 1149 1529 1146 1558 1126 1561 1126 1565 1126 1568 1126 1694 1142 1706 1142 1729 1139 1835 1126 1838 1126 1842 1126 1845 1126 1858 1136 1887 1162 1913 1136 1925 1126 1925 1123 1929 1123 1932 1123 1935 1123 1938 1123 1964 1136 1983 1142 2012 1133 2045 1123 2048 1123 2051 1123 2103 1129 2189 1146 2454 1123 2463 1200 2457 1232 2212 1213 2189 1232 2186 1232 2183 1232 2180 1232 1587 1216 1503 1236 1500 1236 1497 1236 1381 1216 930 1216 760 1242"/>
                  </Shape>
                  <String CONTENT="Luy demandant ce quelle faisoit, et sy elle"
                          HPOS="756"
                          VPOS="1123"
                          WIDTH="1707"
                          HEIGHT="119"/>
               </TextLine>
               <TextLine ID="eSc_line_6d8b8264"
                         BASELINE="750 1316 1793 1297 2505 1300"
                         HPOS="740"
                         VPOS="1203"
                         WIDTH="1765"
                         HEIGHT="149"
                         TAGREFS="LT118">
                  <Shape>
                     <Polygon POINTS="750 1316 740 1252 805 1226 808 1226 811 1226 814 1226 856 1245 1030 1216 1033 1216 1217 1216 1220 1216 1223 1216 1256 1245 1262 1249 1281 1245 1352 1232 1355 1232 1449 1242 1478 1245 1494 1242 1603 1210 1607 1210 1610 1210 1613 1210 1616 1210 1652 1242 1655 1245 1742 1245 1748 1239 1790 1210 1793 1210 1797 1210 1800 1210 1803 1210 1861 1236 1941 1207 1945 1207 1948 1207 1951 1207 1954 1207 1990 1236 1990 1239 1993 1236 2054 1210 2057 1210 2061 1210 2064 1210 2135 1236 2144 1239 2151 1236 2180 1207 2180 1203 2183 1203 2186 1203 2189 1203 2193 1203 2293 1232 2296 1232 2499 1232 2505 1300 2499 1329 2363 1310 2090 1335 2077 1335 2074 1335 2070 1335 2003 1310 1710 1310 1658 1339 1655 1339 1652 1339 1417 1342 1413 1342 1410 1342 1323 1313 1265 1329 1262 1329 1259 1329 1059 1319 1020 1345 1017 1345 1014 1345 1011 1345 866 1323 753 1352"/>
                  </Shape>
                  <String CONTENT="se vouloit donner a lui. Quil Lui donneroit"
                          HPOS="740"
                          VPOS="1203"
                          WIDTH="1765"
                          HEIGHT="149"/>
               </TextLine>
               <TextLine ID="eSc_line_375528ef"
                         BASELINE="743 1422 2508 1403"
                         HPOS="737"
                         VPOS="1306"
                         WIDTH="1771"
                         HEIGHT="149"
                         TAGREFS="LT118">
                  <Shape>
                     <Polygon POINTS="743 1422 737 1332 885 1355 930 1332 946 1323 950 1323 953 1323 1033 1332 1046 1332 1049 1332 1104 1313 1107 1313 1111 1313 1114 1313 1117 1313 1149 1332 1181 1352 1243 1332 1320 1310 1323 1310 1326 1310 1484 1310 1487 1310 1565 1332 1613 1348 1632 1335 1668 1306 1671 1306 1674 1306 1677 1306 1871 1306 1874 1306 1877 1306 1916 1335 1925 1342 2009 1342 2016 1335 2032 1323 2032 1319 2035 1319 2038 1319 2041 1319 2045 1319 2080 1335 2096 1342 2138 1335 2206 1326 2209 1326 2280 1335 2299 1339 2309 1335 2392 1310 2396 1310 2399 1310 2402 1310 2405 1310 2405 1313 2431 1335 2434 1339 2499 1339 2508 1403 2502 1445 2399 1422 2334 1435 2331 1435 2328 1435 2325 1435 2325 1432 2305 1416 2183 1419 2154 1442 2151 1448 2148 1448 2144 1448 2141 1448 2138 1448 2122 1442 2077 1429 2028 1442 2006 1448 2003 1448 1999 1448 1996 1448 1980 1442 1958 1429 1938 1442 1922 1451 1919 1451 1916 1451 1916 1455 1710 1455 1706 1451 1639 1438 1590 1429 1565 1438 1552 1442 1549 1442 1545 1442 1542 1442 1539 1442 1536 1438 1513 1422 1468 1435 1413 1455 1410 1455 1407 1455 1404 1455 1362 1435 1333 1422 1256 1435 1188 1445 1185 1445 1114 1435 1066 1426 1053 1432 1037 1448 1033 1448 1030 1448 1027 1448 1024 1448 1020 1448 1001 1432 995 1429 969 1432 869 1448 866 1448 740 1429"/>
                  </Shape>
                  <String CONTENT="de lor et de largent. Et que surce ayant"
                          HPOS="737"
                          VPOS="1306"
                          WIDTH="1771"
                          HEIGHT="149"/>
               </TextLine>
               <TextLine ID="eSc_line_d0b94e87"
                         BASELINE="740 1519 2054 1506 2450 1519"
                         HPOS="737"
                         VPOS="1426"
                         WIDTH="1713"
                         HEIGHT="122"
                         TAGREFS="LT118">
                  <Shape>
                     <Polygon POINTS="740 1519 740 1435 795 1458 856 1435 859 1435 863 1435 866 1435 869 1435 875 1435 927 1448 998 1438 1040 1432 1043 1432 1046 1432 1059 1438 1104 1464 1243 1464 1301 1442 1336 1429 1339 1429 1342 1429 1407 1442 1478 1458 1507 1442 1532 1429 1536 1429 1539 1429 1632 1429 1636 1429 1639 1429 1655 1445 1658 1448 1665 1445 1700 1429 1703 1429 1706 1429 1710 1429 1713 1429 1739 1445 1761 1458 1813 1445 1909 1426 1913 1426 1916 1426 1919 1426 1919 1429 1941 1448 1948 1455 1974 1448 2054 1429 2057 1429 2167 1451 2180 1455 2312 1455 2312 1451 2331 1435 2331 1432 2334 1432 2338 1432 2341 1432 2447 1455 2450 1519 2447 1538 1922 1522 1803 1538 1764 1545 1761 1545 1758 1545 1739 1538 1687 1525 1623 1538 1610 1541 1607 1541 1590 1538 1520 1525 1487 1538 1478 1545 1475 1545 1471 1545 1439 1538 1355 1525 1230 1538 1156 1548 1152 1548 1091 1538 1014 1529 953 1538 908 1548 904 1548 737 1538"/>
                  </Shape>
                  <String CONTENT="volsus respondre a Icelui, et nommé et"
                          HPOS="737"
                          VPOS="1426"
                          WIDTH="1713"
                          HEIGHT="122"/>
               </TextLine>
               <TextLine ID="eSc_line_3e109bee"
                         BASELINE="753 1599 2499 1622"
                         HPOS="747"
                         VPOS="1516"
                         WIDTH="1752"
                         HEIGHT="167"
                         TAGREFS="LT118">
                  <Shape>
                     <Polygon POINTS="753 1599 753 1545 872 1545 875 1545 927 1519 930 1519 933 1519 937 1519 995 1545 1004 1551 1156 1551 1162 1545 1207 1516 1210 1516 1214 1516 1217 1516 1220 1516 1223 1516 1268 1545 1281 1551 1378 1548 1429 1545 1468 1519 1471 1519 1475 1519 1478 1519 1481 1519 1536 1548 1552 1554 1565 1548 1616 1522 1619 1522 1623 1522 1916 1525 1919 1525 1922 1525 1961 1551 1964 1551 1967 1551 1987 1532 1987 1529 1990 1529 1993 1529 1996 1529 2170 1529 2173 1529 2177 1529 2202 1551 2212 1561 2238 1551 2280 1535 2283 1535 2286 1535 2289 1535 2293 1535 2312 1551 2325 1561 2495 1554 2499 1622 2495 1683 2392 1683 2389 1680 2386 1680 2305 1644 2218 1677 2215 1677 2212 1677 2209 1677 2206 1677 2206 1673 2167 1638 1999 1638 1890 1673 1887 1673 1884 1673 1880 1673 1877 1673 1871 1673 1748 1635 1674 1670 1671 1670 1668 1670 1668 1673 1558 1673 1555 1670 1552 1670 1545 1667 1465 1635 1391 1651 1388 1651 1384 1651 1381 1651 1355 1632 1256 1651 1252 1651 1072 1632 998 1657 995 1657 991 1657 988 1657 985 1657 956 1638 908 1657 901 1661 898 1661 895 1661 747 1654"/>
                  </Shape>
                  <String CONTENT="appellé Le nom de Jesus, que tel homme"
                          HPOS="747"
                          VPOS="1516"
                          WIDTH="1752"
                          HEIGHT="167"/>
               </TextLine>
               <TextLine ID="eSc_line_a3254ab7"
                         BASELINE="756 1722 2325 1715"
                         HPOS="753"
                         VPOS="1609"
                         WIDTH="1572"
                         HEIGHT="164"
                         TAGREFS="LT118">
                  <Shape>
                     <Polygon POINTS="756 1722 753 1641 859 1641 863 1638 888 1616 888 1612 892 1612 895 1612 898 1612 1156 1619 1159 1619 1162 1619 1162 1622 1181 1638 1191 1648 1217 1638 1265 1622 1268 1622 1272 1622 1275 1622 1278 1622 1297 1638 1326 1657 1458 1657 1478 1638 1491 1625 1491 1622 1494 1622 1497 1622 1500 1622 1503 1622 1536 1638 1571 1654 1877 1654 1925 1635 2003 1609 2006 1609 2009 1609 2141 1609 2144 1609 2148 1609 2183 1635 2209 1651 2315 1635 2325 1715 2322 1770 2244 1770 2241 1767 2238 1767 2157 1731 2070 1764 2067 1764 2064 1764 2061 1764 1993 1731 1877 1751 1874 1751 1574 1731 1542 1751 1539 1751 1536 1751 1532 1751 1362 1735 1268 1770 1265 1770 1265 1773 1140 1773 1136 1770 1133 1770 1130 1770 1088 1741 1075 1751 1072 1751 1069 1751 1066 1751 975 1735 901 1770 898 1770 756 1773"/>
                  </Shape>
                  <String CONTENT="sestoit tousjour esvanouy et perdus."
                          HPOS="753"
                          VPOS="1609"
                          WIDTH="1572"
                          HEIGHT="164"/>
               </TextLine>
               <TextLine ID="eSc_line_670d297d"
                         BASELINE="740 1899 1503 1899 2428 1931"
                         HPOS="734"
                         VPOS="1786"
                         WIDTH="1694"
                         HEIGHT="171"
                         TAGREFS="LT118">
                  <Shape>
                     <Polygon POINTS="740 1899 734 1809 808 1786 811 1786 814 1786 818 1786 821 1786 853 1809 879 1825 943 1825 1033 1809 1152 1793 1156 1793 1159 1793 1162 1793 1162 1796 1181 1809 1198 1828 1342 1834 1478 1834 1507 1812 1516 1802 1520 1802 1523 1802 1526 1802 1668 1805 1671 1805 1687 1812 1719 1831 1739 1812 1748 1805 1751 1805 1755 1805 1758 1805 1822 1815 1880 1822 1900 1815 1913 1809 1916 1809 1919 1809 1922 1809 1925 1809 1932 1815 1970 1847 2115 1847 2202 1815 2206 1815 2209 1815 2212 1815 2215 1815 2218 1815 2312 1847 2421 1818 2428 1931 2421 1957 2093 1928 1906 1937 1903 1937 1900 1937 1896 1937 1877 1921 1642 1937 1639 1937 1475 1912 1375 1912 1349 1934 1346 1934 1342 1934 1339 1934 1336 1934 1333 1934 1333 1931 1307 1912 1149 1912 1104 1931 1101 1931 1098 1931 1094 1931 1091 1931 1066 1912 737 1925"/>
                  </Shape>
                  <String CONTENT="Item confesse que par une troisieme fois, ledit"
                          HPOS="734"
                          VPOS="1786"
                          WIDTH="1694"
                          HEIGHT="171"/>
               </TextLine>
               <TextLine ID="eSc_line_54f2ad18"
                         BASELINE="734 1992 1491 1992 2444 2018"
                         HPOS="731"
                         VPOS="1889"
                         WIDTH="1716"
                         HEIGHT="158"
                         TAGREFS="LT118">
                  <Shape>
                     <Polygon POINTS="734 1992 731 1925 1004 1889 1008 1889 1011 1889 1056 1905 1188 1892 1191 1892 1194 1892 1198 1892 1198 1896 1201 1896 1210 1908 1275 1892 1278 1892 1281 1892 1285 1892 1288 1892 1288 1896 1291 1896 1301 1908 1780 1902 1784 1902 1835 1908 1838 1908 1842 1908 1842 1912 1874 1941 1874 1944 2441 1950 2444 2018 2447 2021 2418 2044 2415 2044 2412 2044 2412 2047 2270 2047 2267 2044 2264 2044 2260 2044 2260 2040 2238 2021 2096 2040 2093 2040 2090 2040 2048 2021 1819 2034 1816 2034 1813 2034 1809 2034 1809 2031 1797 2018 1793 2018 1774 2018 1658 2028 1655 2028 1652 2028 1623 2018 1603 2011 1597 2018 1581 2031 1578 2031 1574 2031 1571 2031 1513 2018 1468 2008 1368 2018 1294 2024 1291 2024 1288 2024 1285 2024 1275 2018 1262 2008 1249 2018 1239 2024 1236 2024 1233 2024 1233 2028 1088 2028 1085 2024 1082 2024 1078 2024 1072 2018 1056 2005 731 2015"/>
                  </Shape>
                  <String CONTENT="homme sestoit derechieff representé a elle"
                          HPOS="731"
                          VPOS="1889"
                          WIDTH="1716"
                          HEIGHT="158"/>
               </TextLine>
               <TextLine ID="eSc_line_6ff0531a"
                         BASELINE="737 2073 2347 2092"
                         HPOS="734"
                         VPOS="1989"
                         WIDTH="1613"
                         HEIGHT="135"
                         TAGREFS="LT118">
                  <Shape>
                     <Polygon POINTS="737 2073 737 1989 830 2008 1037 1995 1069 1995 1072 1995 1075 1995 1078 1995 1078 1999 1114 2018 1162 1999 1175 1995 1178 1995 1181 1995 1185 1995 1204 2002 1272 2021 1307 2005 1320 1999 1323 1999 1326 1999 1400 2005 1558 2024 1632 2011 1706 2002 1710 2002 1713 2002 1716 2002 1716 2005 1729 2015 1742 2024 1774 2018 1806 2011 1809 2011 1845 2018 1887 2028 1929 2021 2022 2005 2025 2005 2028 2005 2086 2024 2106 2031 2135 2028 2257 2008 2260 2008 2264 2008 2347 2034 2347 2092 2341 2124 2074 2105 1890 2118 1842 2121 1838 2121 1835 2121 1826 2118 1784 2102 1636 2114 1584 2118 1581 2118 1578 2118 1558 2114 1500 2098 1317 2098 1297 2108 1291 2114 1288 2114 1285 2114 1281 2114 1278 2114 1275 2114 1265 2108 1243 2095 1207 2108 1194 2111 1191 2111 1188 2111 1127 2105 975 2092 734 2098"/>
                  </Shape>
                  <String CONTENT="Et lavoit sollicité comme devant,"
                          HPOS="734"
                          VPOS="1989"
                          WIDTH="1613"
                          HEIGHT="135"/>
               </TextLine>
               <TextLine ID="eSc_line_03250713"
                         BASELINE="740 2182 1513 2176 2405 2192"
                         HPOS="734"
                         VPOS="2102"
                         WIDTH="1671"
                         HEIGHT="132"
                         TAGREFS="LT118">
                  <Shape>
                     <Polygon POINTS="740 2182 737 2102 2402 2111 2405 2192 2396 2195 2299 2224 2296 2224 2293 2224 2289 2224 2222 2201 2109 2221 2106 2221 2103 2221 2057 2198 1954 2234 1951 2234 1948 2234 1790 2198 1780 2198 1771 2201 1684 2230 1681 2230 1681 2234 1510 2234 1507 2230 1503 2230 1500 2230 1500 2227 1471 2201 1462 2189 1420 2189 1262 2201 1198 2208 1194 2208 1191 2208 1181 2205 1152 2189 1123 2205 1120 2205 1117 2205 1114 2205 1104 2205 1043 2192 1017 2205 1008 2208 1004 2208 1001 2208 998 2208 988 2205 953 2189 930 2205 908 2224 904 2224 901 2224 898 2224 734 2205"/>
                  </Shape>
                  <String CONTENT="de se donner a lui, quil lui donneroit"
                          HPOS="734"
                          VPOS="2102"
                          WIDTH="1671"
                          HEIGHT="132"/>
               </TextLine>
               <TextLine ID="eSc_line_09634a01"
                         BASELINE="747 2279 2460 2292"
                         HPOS="743"
                         VPOS="2189"
                         WIDTH="1717"
                         HEIGHT="132"
                         TAGREFS="LT118">
                  <Shape>
                     <Polygon POINTS="747 2279 753 2201 779 2221 892 2205 895 2205 898 2205 946 2221 982 2201 988 2198 991 2198 995 2198 1020 2201 1152 2221 1207 2201 1239 2189 1243 2189 1246 2189 1494 2189 1497 2189 1500 2189 1500 2192 1510 2198 1536 2227 1800 2227 1861 2205 1864 2205 1867 2205 1871 2205 1925 2221 1948 2201 1951 2201 1954 2201 1958 2201 2035 2218 2054 2201 2057 2201 2061 2201 2064 2201 2151 2214 2251 2195 2257 2195 2260 2195 2264 2195 2267 2195 2309 2224 2328 2208 2328 2205 2331 2205 2334 2205 2338 2205 2341 2205 2379 2218 2450 2195 2460 2292 2450 2321 2383 2301 2183 2317 2180 2317 2177 2317 2119 2298 2090 2321 2086 2321 2083 2321 2080 2321 2067 2321 1941 2298 1919 2314 1916 2314 1913 2314 1909 2314 1758 2304 1645 2317 1607 2321 1603 2321 1600 2321 1584 2317 1494 2292 1117 2292 1046 2314 1043 2314 1040 2314 1037 2314 1020 2314 840 2295 743 2311"/>
                  </Shape>
                  <String CONTENT="de largent, et lui promectoit de jamais"
                          HPOS="743"
                          VPOS="2189"
                          WIDTH="1717"
                          HEIGHT="132"/>
               </TextLine>
               <TextLine ID="eSc_line_0996655a"
                         BASELINE="769 2475 1768 2478"
                         HPOS="760"
                         VPOS="2391"
                         WIDTH="1008"
                         HEIGHT="129"
                         TAGREFS="LT118">
                  <Shape>
                     <Polygon POINTS="769 2475 769 2407 921 2417 930 2407 946 2395 946 2391 950 2391 953 2391 956 2391 1059 2391 1156 2411 1188 2417 1204 2411 1249 2391 1252 2391 1256 2391 1381 2391 1384 2391 1452 2414 1462 2417 1491 2414 1645 2401 1648 2401 1764 2420 1768 2478 1761 2520 1600 2491 1552 2491 1532 2514 1526 2517 1526 2520 1523 2520 1520 2520 1516 2520 1513 2520 1510 2520 1497 2510 1458 2491 1239 2494 1230 2501 1204 2520 1201 2520 1198 2520 1194 2520 1040 2501 908 2517 904 2517 901 2517 898 2517 898 2514 872 2491 824 2507 821 2507 818 2507 814 2507 760 2485"/>
                  </Shape>
                  <String CONTENT="et surce se donna a lui"
                          HPOS="760"
                          VPOS="2391"
                          WIDTH="1008"
                          HEIGHT="129"/>
               </TextLine>
               <TextLine ID="eSc_line_f268b3e9"
                         BASELINE="702 2642 966 2633 2476 2662"
                         HPOS="692"
                         VPOS="2533"
                         WIDTH="1784"
                         HEIGHT="180"
                         TAGREFS="LT118">
                  <Shape>
                     <Polygon POINTS="702 2642 692 2565 795 2533 798 2533 801 2533 805 2533 885 2565 885 2568 898 2568 959 2568 1001 2539 1004 2539 1008 2539 1011 2539 1194 2539 1198 2539 1201 2539 1236 2572 1239 2572 1252 2572 1491 2546 1494 2546 1497 2546 1584 2575 1587 2578 1893 2581 1900 2578 1935 2556 1938 2556 1941 2556 1945 2556 2009 2556 2012 2556 2115 2581 2141 2591 2302 2591 2312 2584 2338 2562 2341 2562 2344 2562 2347 2562 2351 2562 2396 2584 2402 2591 2405 2584 2421 2572 2425 2572 2428 2572 2431 2572 2434 2572 2476 2588 2476 2662 2473 2684 2305 2700 2302 2700 2183 2688 2048 2671 2003 2688 1932 2713 1929 2713 1925 2713 1922 2713 1919 2713 1890 2688 1877 2681 1867 2688 1842 2710 1838 2710 1835 2710 1832 2710 1829 2710 1826 2710 1797 2688 1768 2665 1694 2665 1661 2688 1652 2697 1648 2697 1645 2697 1558 2707 1555 2707 1449 2704 1446 2704 1413 2691 1371 2671 1349 2691 1339 2700 1336 2700 1333 2700 1330 2700 1272 2691 1188 2675 1152 2691 1149 2691 1146 2691 1143 2691 1140 2691 1078 2652 959 2652 917 2691 917 2694 914 2694 911 2694 911 2697 908 2694 904 2694 901 2694 901 2691 872 2662 792 2655 753 2688 753 2691 750 2691 747 2691 747 2694 698 2694"/>
                  </Shape>
                  <String CONTENT="Item confesse que ledit homme lui conseilla"
                          HPOS="692"
                          VPOS="2533"
                          WIDTH="1784"
                          HEIGHT="180"/>
               </TextLine>
               <TextLine ID="eSc_line_910b4d8f"
                         BASELINE="692 2716 2354 2749 2431 2765"
                         HPOS="682"
                         VPOS="2636"
                         WIDTH="1749"
                         HEIGHT="151"
                         TAGREFS="LT118">
                  <Shape>
                     <Polygon POINTS="692 2716 692 2668 743 2668 782 2636 785 2636 789 2636 792 2636 853 2639 856 2639 859 2639 859 2642 885 2668 888 2671 1117 2675 1140 2668 1185 2652 1188 2652 1191 2652 1281 2668 1330 2678 1339 2668 1362 2652 1362 2649 1365 2649 1368 2649 1371 2649 1375 2649 1429 2668 1455 2678 1568 2671 1764 2655 1768 2655 1771 2655 1803 2671 1835 2688 1858 2671 1864 2665 1867 2665 1871 2665 1874 2665 1877 2665 1893 2671 1935 2691 1993 2671 2025 2662 2028 2662 2032 2662 2035 2662 2067 2671 2093 2681 2106 2671 2115 2665 2119 2665 2122 2665 2125 2665 2235 2671 2238 2671 2244 2671 2315 2697 2431 2675 2431 2765 2425 2784 2238 2762 2206 2778 2189 2787 2186 2787 2183 2787 2057 2784 2054 2784 2051 2784 2051 2781 2041 2774 2028 2762 1974 2771 1913 2781 1909 2781 1616 2778 1613 2778 1561 2758 1532 2745 1429 2745 1349 2752 1149 2768 1146 2768 1143 2768 1140 2768 1111 2742 1104 2739 1078 2742 995 2755 991 2755 824 2736 801 2733 798 2733 763 2758 760 2758 756 2758 753 2758 750 2758 682 2729"/>
                  </Shape>
                  <String CONTENT="et persuada de renier Dieu Cresme et"
                          HPOS="682"
                          VPOS="2636"
                          WIDTH="1749"
                          HEIGHT="151"/>
               </TextLine>
               <TextLine ID="eSc_line_fad38d36"
                         BASELINE="747 2823 1626 2823 2430 2852"
                         HPOS="734"
                         VPOS="2723"
                         WIDTH="1694"
                         HEIGHT="167"
                         TAGREFS="LT118">
                  <Shape>
                     <Polygon POINTS="743 2819 734 2758 776 2723 779 2723 782 2723 785 2723 843 2723 950 2745 982 2726 985 2726 988 2726 991 2726 1127 2729 1130 2729 1210 2758 1217 2762 1230 2758 1346 2739 1349 2739 1352 2739 1394 2758 1400 2762 1407 2758 1478 2736 1481 2736 1484 2736 1616 2758 1681 2771 1716 2762 1748 2749 1751 2749 1755 2749 1816 2762 1890 2778 2267 2781 2421 2762 2428 2848 2418 2890 2351 2865 2296 2887 2293 2887 2289 2887 2286 2887 2225 2871 2164 2887 2160 2887 2157 2887 2154 2887 2151 2887 2148 2887 2119 2865 2057 2874 2054 2874 1945 2852 1890 2881 1887 2881 1884 2881 1880 2881 1877 2881 1829 2845 1446 2842 1181 2871 1178 2871 737 2865"/>
                  </Shape>
                  <String CONTENT="baptesme et de le recepvoir lui ledit"
                          HPOS="734"
                          VPOS="2723"
                          WIDTH="1694"
                          HEIGHT="167"/>
               </TextLine>
               <TextLine ID="eSc_line_3703c896"
                         BASELINE="753 2913 1574 2913 2399 2935"
                         HPOS="747"
                         VPOS="2836"
                         WIDTH="1652"
                         HEIGHT="151"
                         TAGREFS="LT118">
                  <Shape>
                     <Polygon POINTS="753 2913 747 2855 789 2839 792 2839 795 2839 798 2839 801 2839 818 2855 821 2858 927 2858 953 2858 979 2839 982 2839 985 2839 988 2839 1082 2858 1088 2858 1098 2858 1397 2836 1400 2836 1404 2836 1468 2865 1484 2848 1484 2845 1487 2845 1491 2845 1494 2845 1497 2845 1532 2861 1555 2842 1555 2839 1558 2839 1561 2839 1565 2839 1690 2839 1694 2839 1697 2839 1732 2868 1735 2871 1848 2871 1848 2868 1871 2848 1874 2848 1877 2848 1880 2848 2164 2874 2196 2874 2199 2874 2247 2852 2251 2852 2254 2852 2257 2852 2260 2852 2293 2874 2296 2877 2396 2877 2399 2935 2396 2987 2167 2987 2164 2984 2160 2984 2154 2980 2057 2948 1941 2980 1935 2980 1932 2980 1929 2980 1874 2977 1871 2977 1867 2977 1822 2942 1458 2939 1301 2971 1291 2971 1288 2971 1285 2971 1281 2971 1207 2942 1111 2942 1075 2968 1072 2968 1069 2968 1066 2968 1053 2968 904 2945 750 2961"/>
                  </Shape>
                  <String CONTENT="homme pour son maître Lequel Il"
                          HPOS="747"
                          VPOS="2836"
                          WIDTH="1652"
                          HEIGHT="151"/>
               </TextLine>
               <TextLine ID="eSc_line_98973e1b"
                         BASELINE="711 3022 1288 3013 2016 3042 2408 3032"
                         HPOS="708"
                         VPOS="2929"
                         WIDTH="1700"
                         HEIGHT="151"
                         TAGREFS="LT118">
                  <Shape>
                     <Polygon POINTS="711 3022 711 2929 753 2951 943 2935 988 2932 991 2932 995 2932 998 2932 998 2935 1001 2935 1027 2964 1169 2942 1207 2935 1210 2935 1214 2935 1239 2942 1278 2955 1310 2945 1326 2939 1330 2939 1333 2939 1455 2939 1458 2939 1462 2939 1462 2942 1471 2948 1481 2958 1510 2948 1526 2945 1529 2945 1532 2945 1536 2945 1549 2951 1594 2974 1793 2974 1822 2958 1845 2945 1848 2945 1851 2945 1855 2945 1858 2945 1877 2958 1900 2974 2006 2961 2077 2955 2080 2955 2083 2955 2106 2964 2135 2977 2402 2974 2408 3032 2405 3045 2154 3080 2151 3080 2148 3080 2144 3080 2144 3077 2122 3058 2057 3077 2054 3077 2051 3077 2048 3077 2003 3054 1958 3077 1954 3077 1951 3077 1784 3074 1780 3074 1777 3074 1739 3045 1732 3038 1375 3038 1359 3042 1297 3064 1294 3064 1291 3064 1288 3064 1285 3064 1262 3048 1146 3067 1143 3067 1140 3067 1062 3042 1053 3038 1043 3042 1017 3051 1014 3051 1011 3051 1008 3051 972 3042 943 3032 921 3042 863 3064 859 3064 856 3064 853 3064 792 3042 785 3038 708 3038"/>
                  </Shape>
                  <String CONTENT="disoit sappeller Hämmerlin, Ce que"
                          HPOS="708"
                          VPOS="2929"
                          WIDTH="1700"
                          HEIGHT="151"/>
               </TextLine>
               <TextLine ID="eSc_line_c4c214a0"
                         BASELINE="753 3103 1272 3109 2421 3151"
                         HPOS="750"
                         VPOS="3016"
                         WIDTH="1671"
                         HEIGHT="167"
                         TAGREFS="LT118">
                  <Shape>
                     <Polygon POINTS="753 3103 750 3038 821 3022 824 3022 827 3022 863 3038 895 3016 898 3016 901 3016 904 3016 908 3016 911 3016 950 3042 1027 3019 1030 3019 1033 3019 1037 3019 1133 3048 1136 3051 1214 3051 1281 3051 1326 3029 1330 3029 1333 3029 1336 3029 1339 3029 1375 3054 1529 3035 1532 3035 1536 3035 1629 3064 1674 3042 1677 3042 1681 3042 1822 3071 1832 3071 1842 3071 1996 3051 1999 3051 2003 3051 2064 3074 2160 3061 2164 3061 2167 3061 2170 3061 2170 3064 2173 3064 2186 3080 2315 3067 2318 3067 2322 3067 2325 3067 2325 3071 2328 3071 2338 3087 2341 3090 2418 3090 2421 3151 2412 3183 2318 3161 2238 3180 2228 3180 2225 3180 2222 3180 2218 3180 2218 3177 2202 3161 2173 3174 2170 3174 2167 3174 2022 3151 1945 3170 1941 3170 1938 3170 1935 3170 1932 3170 1929 3170 1929 3167 1906 3151 1890 3167 1887 3167 1884 3167 1880 3167 1874 3167 1684 3141 1539 3158 1526 3158 1523 3158 1520 3158 1516 3158 1478 3135 1336 3148 1333 3148 1330 3148 1326 3148 1304 3129 1162 3138 1159 3138 1156 3138 1120 3122 1078 3141 1075 3141 1072 3141 991 3125 933 3138 930 3138 927 3138 924 3138 921 3138 888 3119 750 3132"/>
                  </Shape>
                  <String CONTENT="a telle persuasion elle feist. Renia"
                          HPOS="750"
                          VPOS="3016"
                          WIDTH="1671"
                          HEIGHT="167"/>
               </TextLine>
               <TextLine ID="eSc_line_712978a8"
                         BASELINE="753 3193 2351 3241"
                         HPOS="747"
                         VPOS="3106"
                         WIDTH="1604"
                         HEIGHT="174"
                         TAGREFS="LT118">
                  <Shape>
                     <Polygon POINTS="753 3193 750 3129 853 3106 856 3106 859 3106 863 3106 895 3129 911 3112 914 3112 917 3112 921 3112 924 3112 1001 3132 1140 3116 1143 3116 1146 3116 1204 3138 1207 3138 1355 3122 1359 3122 1362 3122 1404 3145 1410 3148 1532 3148 1536 3148 1571 3129 1574 3129 1578 3129 1581 3129 1658 3148 1745 3135 1748 3135 1919 3158 1951 3161 1964 3158 2022 3141 2025 3141 2028 3141 2032 3141 2093 3161 2103 3167 2351 3170 2351 3241 2344 3277 2177 3254 2064 3273 2009 3280 2006 3280 1829 3277 1826 3277 1822 3277 1822 3273 1813 3267 1784 3241 1716 3261 1713 3261 1710 3261 1706 3261 1665 3238 1458 3257 1394 3264 1391 3264 1388 3264 1368 3257 1326 3241 1194 3244 1191 3244 1188 3244 1185 3244 1185 3241 1181 3241 1165 3222 927 3228 924 3228 921 3228 856 3212 805 3244 801 3244 798 3244 795 3244 747 3241"/>
                  </Shape>
                  <String CONTENT="surce dieu, Cresme, et Baptesme et"
                          HPOS="747"
                          VPOS="3106"
                          WIDTH="1604"
                          HEIGHT="174"/>
               </TextLine>
               <TextLine ID="eSc_line_1fbe4168"
                         BASELINE="782 3293 1075 3293 1587 3325 2299 3322"
                         HPOS="772"
                         VPOS="3215"
                         WIDTH="1527"
                         HEIGHT="161"
                         TAGREFS="LT118">
                  <Shape>
                     <Polygon POINTS="782 3293 779 3251 937 3215 940 3215 1330 3222 1333 3222 1336 3222 1371 3244 1397 3261 1481 3244 1532 3235 1536 3235 1539 3235 1558 3244 1600 3267 1964 3270 2022 3244 2025 3244 2028 3244 2032 3244 2035 3244 2074 3273 2183 3273 2286 3238 2299 3322 2296 3341 2186 3364 2183 3364 2035 3347 1990 3376 1987 3376 1983 3376 1980 3376 1977 3376 1890 3341 1816 3373 1813 3373 1813 3376 1732 3376 1729 3373 1410 3367 1407 3367 1349 3335 1326 3322 1301 3335 1297 3335 1294 3335 1291 3335 1256 3335 1078 3318 1043 3331 1033 3335 1030 3335 1027 3335 991 3331 904 3318 872 3328 827 3347 824 3347 821 3347 818 3347 772 3328"/>
                  </Shape>
                  <String CONTENT="rint ledit hämmerlin pour son maitre."
                          HPOS="772"
                          VPOS="3215"
                          WIDTH="1527"
                          HEIGHT="161"/>
               </TextLine>
            </TextBlock>
            <TextBlock HPOS="1285"
                       VPOS="3592"
                       WIDTH="112"
                       HEIGHT="126"
                       ID="eSc_textblock_8c7b75be"
                       TAGREFS="BT370">
               <Shape>
                  <Polygon POINTS="1285 3718 1285 3592 1397 3605 1371 3718"/>
               </Shape>
               <TextLine ID="eSc_line_1924ab1c"
                         BASELINE="1295 3678 1359 3678"
                         HPOS="1294"
                         VPOS="3592"
                         WIDTH="61"
                         HEIGHT="142"
                         TAGREFS="LT118">
                  <Shape>
                     <Polygon POINTS="1294 3676 1294 3592 1355 3605 1355 3676 1355 3721 1294 3734"/>
                  </Shape>
                  <String CONTENT="3" HPOS="1294" VPOS="3592" WIDTH="61" HEIGHT="142"/>
               </TextLine>
            </TextBlock>
            <TextBlock HPOS="2330"
                       VPOS="3686"
                       WIDTH="110"
                       HEIGHT="98"
                       ID="eSc_textblock_af337313"
                       TAGREFS="BT371">
               <Shape>
                  <Polygon POINTS="2440 3691 2426 3782 2330 3784 2331 3686"/>
               </Shape>
               <TextLine ID="eSc_line_99e6f33c"
                         BASELINE="2348 3750 2415 3750"
                         HPOS="2347"
                         VPOS="3679"
                         WIDTH="65"
                         HEIGHT="93"
                         TAGREFS="LT118">
                  <Shape>
                     <Polygon POINTS="2347 3747 2347 3679 2412 3679 2412 3747 2412 3766 2347 3772"/>
                  </Shape>
                  <String CONTENT="1" HPOS="2347" VPOS="3679" WIDTH="65" HEIGHT="93"/>
               </TextLine>
            </TextBlock>
         </PrintSpace>
      </Page>
   </Layout>
</alto>
