<alto xmlns:xsi="http://www.w3.org/2001/XMLSchema-instance"
      xmlns="http://www.loc.gov/standards/alto/ns-v4#"
      xsi:schemaLocation="http://www.loc.gov/standards/alto/ns-v4# http://www.loc.gov/standards/alto/v4/alto-4-2.xsd">
   <Description>
      <MeasurementUnit>pixel</MeasurementUnit>
      <sourceImageInformation>
         <fileName>B_168_15-2-4_0002.jpg</fileName>
      </sourceImageInformation>
   </Description>
   <Tags>
      <OtherTag ID="BT365"
                LABEL="MainZone:column"
                DESCRIPTION="block type MainZone:column"/>
      <OtherTag ID="BT367" LABEL="MainZone" DESCRIPTION="block type MainZone"/>
      <OtherTag ID="BT368"
                LABEL="MarginTextZone"
                DESCRIPTION="block type MarginTextZone"/>
      <OtherTag ID="BT369"
                LABEL="MarginTextZone:note"
                DESCRIPTION="block type MarginTextZone:note"/>
      <OtherTag ID="BT370"
                LABEL="NumberingZone:other"
                DESCRIPTION="block type NumberingZone:other"/>
      <OtherTag ID="BT371"
                LABEL="NumberingZone:page"
                DESCRIPTION="block type NumberingZone:page"/>
      <OtherTag ID="BT379"
                LABEL="DecorationZone"
                DESCRIPTION="block type DecorationZone"/>
      <OtherTag ID="BT380"
                LABEL="CustomZone:signature"
                DESCRIPTION="block type CustomZone:signature"/>
      <OtherTag ID="LT118" LABEL="DefaultLine" DESCRIPTION="line type DefaultLine"/>
      <OtherTag ID="LT119" LABEL="HeadingLine" DESCRIPTION="line type HeadingLine"/>
      <OtherTag ID="LT120"
                LABEL="InterlinearLine"
                DESCRIPTION="line type InterlinearLine"/>
   </Tags>
   <Layout>
      <Page WIDTH="2655"
            HEIGHT="3972"
            PHYSICAL_IMG_NR="19"
            ID="eSc_dummypage_">
         <PrintSpace HPOS="0" VPOS="0" WIDTH="2655" HEIGHT="3972">
            <TextBlock HPOS="688"
                       VPOS="225"
                       WIDTH="1874"
                       HEIGHT="3134"
                       ID="eSc_textblock_55f863f6"
                       TAGREFS="BT367">
               <Shape>
                  <Polygon POINTS="2429 900 2522 2022 2562 2065 2469 2383 2496 3293 2270 3333 1440 3306 1228 3359 768 3333 715 3041 728 2356 688 2313 741 2115 701 1522 754 278 1850 225 2376 225 2509 331"/>
               </Shape>
               <TextLine ID="eSc_line_7227a42a"
                         BASELINE="764 334 2366 284"
                         HPOS="751"
                         VPOS="185"
                         WIDTH="1615"
                         HEIGHT="179"
                         TAGREFS="LT118">
                  <Shape>
                     <Polygon POINTS="764 334 751 258 817 235 820 235 824 235 827 235 873 251 897 258 1042 258 1072 241 1115 225 1118 225 1122 225 1125 225 1168 238 1201 248 1248 235 1301 218 1304 218 1307 218 1310 218 1353 228 1403 241 1539 241 1582 218 1608 208 1612 208 1615 208 1678 215 1817 231 1903 205 1923 198 1926 198 1930 198 1933 198 1949 201 2026 225 2138 225 2357 185 2366 284 2366 304 2234 331 2231 331 2155 314 2122 307 2069 317 1939 340 1936 340 1933 340 1883 324 1857 314 1847 324 1830 340 1830 344 1827 344 1824 344 1509 350 1506 350 1502 350 1499 350 1499 347 1489 337 1476 327 1430 327 1387 340 1344 357 1340 357 1337 357 1271 347 1191 334 764 364"/>
                  </Shape>
                  <String CONTENT="faire a relascher de prison, Moyenant les"
                          HPOS="751"
                          VPOS="185"
                          WIDTH="1615"
                          HEIGHT="179"/>
               </TextLine>
               <TextLine ID="eSc_line_a22dfe54"
                         BASELINE="751 426 1973 387 2496 390"
                         HPOS="741"
                         VPOS="307"
                         WIDTH="1755"
                         HEIGHT="149"
                         TAGREFS="LT118">
                  <Shape>
                     <Polygon POINTS="751 426 741 364 1006 334 1009 334 1013 334 1069 354 1072 354 1075 354 1125 331 1128 331 1132 331 1135 331 1181 350 1185 350 1294 350 1297 347 1360 324 1363 324 1499 321 1502 321 1506 321 1545 340 1602 324 1605 324 1608 324 1718 337 1734 337 1741 337 1794 314 1797 314 1800 314 1939 331 1949 331 1953 331 1982 307 1986 307 1989 307 1992 307 2492 317 2496 390 2496 420 2360 423 2357 423 2353 423 2350 423 2264 400 2241 420 2237 420 2234 420 2231 420 1943 410 1820 430 1747 440 1744 440 1698 430 1632 417 1516 417 1489 433 1463 446 1459 446 1456 446 1390 433 1350 426 1317 436 1251 453 1248 453 1244 453 1241 453 1198 436 1178 430 1145 436 1095 446 1092 446 953 440 893 436 887 440 854 456 850 456 847 456 748 440"/>
                  </Shape>
                  <String CONTENT="conditions et reserves suigvantes Premierement"
                          HPOS="741"
                          VPOS="307"
                          WIDTH="1755"
                          HEIGHT="149"/>
               </TextLine>
               <TextLine ID="eSc_line_aa8e74ac"
                         BASELINE="761 522 2363 463"
                         HPOS="754"
                         VPOS="383"
                         WIDTH="1609"
                         HEIGHT="183"
                         TAGREFS="LT118">
                  <Shape>
                     <Polygon POINTS="761 522 754 460 834 460 837 453 860 436 864 436 867 436 870 436 873 436 913 453 920 453 930 450 1016 426 1019 426 1022 426 1185 436 1201 423 1201 420 1205 420 1208 420 1211 420 1214 420 1274 436 1284 440 1291 436 1317 420 1320 420 1324 420 1327 420 1330 420 1360 433 1360 436 1363 433 1373 420 1377 420 1377 417 1380 417 1383 417 1387 417 1473 426 1552 407 1555 407 1559 407 1562 407 1625 423 1641 426 1694 420 1916 393 1920 393 1923 393 1959 410 2138 410 2148 403 2184 383 2188 383 2191 383 2357 397 2363 463 2357 489 2287 479 2234 496 2188 513 2184 513 2055 516 2052 516 2006 506 1939 493 1916 513 1906 519 1906 522 1903 522 1900 522 1896 522 1893 522 1873 513 1837 496 1724 519 1721 519 1718 519 1678 503 1595 526 1565 536 1562 536 1559 536 1496 532 1294 516 1185 539 1181 539 1178 539 1118 522 1029 556 1022 556 1019 556 1016 556 1003 556 877 542 761 566"/>
                  </Shape>
                  <String CONTENT="que jassisterai tous Les dimenches et festes"
                          HPOS="754"
                          VPOS="383"
                          WIDTH="1609"
                          HEIGHT="183"/>
               </TextLine>
               <TextLine ID="eSc_line_b94bec47"
                         BASELINE="754 609 2429 559"
                         HPOS="744"
                         VPOS="486"
                         WIDTH="1685"
                         HEIGHT="159"
                         TAGREFS="LT118">
                  <Shape>
                     <Polygon POINTS="754 609 744 552 837 529 840 529 1052 542 1069 542 1072 542 1105 519 1109 519 1112 519 1115 519 1118 519 1122 519 1138 532 1420 506 1423 506 1526 522 1708 499 1711 499 1860 513 1913 493 1916 493 1920 493 2082 513 2085 513 2198 486 2201 486 2204 486 2244 506 2419 506 2429 559 2426 599 2237 575 2118 602 2115 602 2035 585 1986 612 1982 612 1979 612 1976 612 1900 592 1873 615 1870 615 1867 615 1867 618 1824 618 1804 618 1800 615 1797 615 1794 615 1754 589 1545 592 1516 618 1512 618 1509 618 1506 618 1502 618 1499 618 1463 595 1393 622 1390 622 1387 622 1383 622 1380 622 1353 605 1105 605 754 645"/>
                  </Shape>
                  <String CONTENT="solempnelles devotement a leglise, et vivrai"
                          HPOS="744"
                          VPOS="486"
                          WIDTH="1685"
                          HEIGHT="159"/>
               </TextLine>
               <TextLine ID="eSc_line_7d76151c"
                         BASELINE="748 705 1973 658 2469 652"
                         HPOS="744"
                         VPOS="562"
                         WIDTH="1725"
                         HEIGHT="172"
                         TAGREFS="LT118">
                  <Shape>
                     <Polygon POINTS="748 705 744 615 824 642 907 642 946 612 950 609 953 609 956 609 960 609 963 609 969 612 1013 625 1079 609 1115 602 1118 602 1168 609 1248 618 1277 605 1304 595 1307 595 1310 595 1387 605 1496 618 1536 602 1545 599 1549 599 1552 599 1648 599 1843 605 1857 599 1883 575 1886 575 1890 575 1893 575 1896 575 1949 595 1959 599 2148 599 2155 592 2184 566 2188 566 2191 566 2194 566 2198 566 2274 589 2363 562 2366 562 2370 562 2373 562 2466 589 2469 652 2469 671 2184 685 2181 685 2168 681 2095 668 1757 681 1718 698 1698 705 1694 705 1691 705 1641 701 1529 688 1512 705 1506 708 1506 711 1502 711 1499 711 1496 711 1393 708 1281 705 1254 711 1231 721 1228 721 1224 721 1221 721 1195 714 1135 701 1056 701 1042 721 1039 724 1036 724 1036 728 1032 728 1029 728 1026 728 973 721 883 711 860 724 847 734 844 734 840 734 837 734 744 728"/>
                  </Shape>
                  <String CONTENT="en femme de bien selon les ordonnance dicelle"
                          HPOS="744"
                          VPOS="562"
                          WIDTH="1725"
                          HEIGHT="172"/>
               </TextLine>
               <TextLine ID="eSc_line_f3824509"
                         BASELINE="754 797 1757 754 2383 741"
                         HPOS="748"
                         VPOS="658"
                         WIDTH="1635"
                         HEIGHT="179"
                         TAGREFS="LT118">
                  <Shape>
                     <Polygon POINTS="754 797 748 711 867 728 969 705 973 705 976 705 1016 724 1178 695 1195 695 1198 695 1224 695 1459 708 1565 688 1569 688 1572 688 1608 701 1655 681 1661 678 1665 678 1668 678 1671 678 1678 681 1731 698 1781 678 1787 675 1790 675 1794 675 1837 675 2065 685 2115 668 2118 668 2122 668 2337 675 2366 658 2383 741 2380 757 2270 777 2267 777 2264 777 2241 764 2227 757 2214 767 2208 774 2204 774 2201 774 2198 774 2135 771 2078 767 2062 774 2016 794 2012 794 2009 794 2006 794 1959 777 1920 767 1840 784 1744 804 1741 804 1665 794 1592 781 1565 797 1545 810 1542 810 1539 810 1536 810 1532 810 1529 810 1512 801 1489 784 1473 801 1469 801 1466 801 1463 801 1383 787 1330 807 1297 820 1294 820 1291 820 1201 814 1026 801 960 827 936 834 933 834 930 834 926 834 910 827 870 810 834 830 827 837 824 837 820 837 817 837 751 834"/>
                  </Shape>
                  <String CONTENT="Secondement que je ne hanterai les assemblees"
                          HPOS="748"
                          VPOS="658"
                          WIDTH="1635"
                          HEIGHT="179"/>
               </TextLine>
               <TextLine ID="eSc_line_91c1b1fd"
                         BASELINE="758 880 1486 847 2423 830"
                         HPOS="751"
                         VPOS="757"
                         WIDTH="1672"
                         HEIGHT="146"
                         TAGREFS="LT118">
                  <Shape>
                     <Polygon POINTS="758 880 751 820 1032 810 1036 807 1132 781 1135 781 1138 781 1214 794 1251 777 1254 777 1512 774 1516 774 1519 774 1555 787 1569 794 1579 787 1608 767 1612 767 1615 767 1618 767 1744 781 1810 787 1996 784 2016 771 2029 761 2032 761 2035 761 2413 757 2423 830 2423 847 1615 860 1575 870 1459 887 1456 887 1373 873 1344 870 1291 877 1109 897 1105 897 1029 880 1016 880 993 883 854 903 850 903 754 887"/>
                  </Shape>
                  <String CONTENT="comme Nopces beniesons comairaige, louvres"
                          HPOS="751"
                          VPOS="757"
                          WIDTH="1672"
                          HEIGHT="146"/>
               </TextLine>
               <TextLine ID="eSc_line_8501320f"
                         BASELINE="761 976 1486 933 2396 913"
                         HPOS="751"
                         VPOS="834"
                         WIDTH="1645"
                         HEIGHT="172"
                         TAGREFS="LT118">
                  <Shape>
                     <Polygon POINTS="761 976 751 910 930 906 946 900 1032 877 1036 877 1039 877 1297 883 1380 887 1390 880 1403 870 1406 870 1410 870 1413 870 1416 870 1446 880 1459 883 1466 877 1483 863 1483 860 1486 860 1489 860 1493 860 1496 860 1549 873 1569 880 1589 873 1612 863 1615 863 1618 863 1747 867 1824 867 1834 863 1857 847 1860 847 1863 847 1867 847 1956 857 2016 863 2052 853 2092 840 2095 840 2098 840 2102 840 2105 840 2118 850 2131 857 2171 847 2237 834 2241 834 2390 840 2396 913 2396 933 2297 953 2294 953 2221 943 2141 930 2075 949 2049 956 2045 956 2042 956 2016 953 1949 936 1930 956 1926 956 1926 959 1923 959 1920 959 1916 959 1913 959 1906 956 1870 940 1764 940 1701 966 1671 976 1668 976 1665 976 1585 969 1400 956 1327 983 1307 989 1304 989 1301 989 1297 989 1284 983 1241 963 1072 993 1032 999 1029 999 1003 996 917 986 761 1006"/>
                  </Shape>
                  <String CONTENT="et costelz, Ains procurerai ladvancement de"
                          HPOS="751"
                          VPOS="834"
                          WIDTH="1645"
                          HEIGHT="172"/>
               </TextLine>
               <TextLine ID="eSc_line_840a1f5a"
                         BASELINE="761 1059 2390 999"
                         HPOS="754"
                         VPOS="930"
                         WIDTH="1636"
                         HEIGHT="162"
                         TAGREFS="LT118">
                  <Shape>
                     <Polygon POINTS="761 1059 754 1006 920 976 923 976 1006 993 1016 993 1029 993 1145 973 1148 973 1231 983 1241 983 1244 983 1257 969 1257 966 1261 966 1264 966 1267 966 1320 979 1330 979 1337 976 1370 959 1373 959 1377 959 1449 969 1473 953 1476 953 1479 953 1483 953 1602 966 1655 969 1668 963 1685 949 1688 949 1691 949 1694 949 1771 956 1837 963 1877 953 1930 936 1933 936 1936 936 1939 936 1966 946 1982 956 1999 946 2019 933 2022 933 2026 933 2029 933 2032 933 2062 943 2088 953 2108 940 2118 933 2122 933 2125 933 2380 930 2390 999 2386 1019 2062 1022 2049 1032 2026 1052 2022 1052 2019 1052 2016 1052 1847 1039 1767 1036 1734 1045 1668 1065 1665 1065 1661 1065 1658 1065 1622 1049 1605 1042 1526 1052 1423 1065 1420 1065 1416 1065 1413 1065 1403 1055 1393 1052 1390 1055 1380 1072 1377 1072 1377 1075 1373 1075 1370 1075 1304 1079 1301 1079 1297 1079 1248 1062 1241 1062 1231 1062 1105 1085 1102 1085 1099 1085 1052 1069 1029 1062 983 1072 890 1092 887 1092 758 1079"/>
                  </Shape>
                  <String CONTENT="mon menaige sans divaguer de courir ca"
                          HPOS="754"
                          VPOS="930"
                          WIDTH="1636"
                          HEIGHT="162"/>
               </TextLine>
               <TextLine ID="eSc_line_f251b183"
                         BASELINE="758 1165 1731 1118 2416 1118"
                         HPOS="748"
                         VPOS="1032"
                         WIDTH="1668"
                         HEIGHT="166"
                         TAGREFS="LT118">
                  <Shape>
                     <Polygon POINTS="758 1165 748 1098 1132 1088 1135 1085 1175 1069 1178 1069 1181 1069 1185 1069 1211 1082 1244 1062 1248 1062 1251 1062 1254 1062 1344 1079 1353 1079 1363 1079 1436 1059 1440 1059 1443 1059 1605 1069 1615 1069 1665 1049 1668 1049 1671 1049 1757 1065 1767 1065 1781 1065 1877 1042 1880 1042 1883 1042 1886 1042 1913 1059 1920 1059 2188 1032 2191 1032 2413 1045 2416 1118 2413 1145 2320 1132 2307 1148 2304 1155 2300 1155 2300 1158 2297 1158 2294 1158 2294 1161 2194 1161 2191 1158 2188 1158 2184 1158 2178 1151 2141 1132 2112 1148 2108 1148 2105 1148 2002 1132 1645 1141 1612 1168 1595 1181 1592 1181 1589 1181 1317 1188 1314 1188 1310 1188 1291 1178 1251 1158 1178 1158 1138 1181 1122 1194 1118 1194 1115 1194 979 1198 976 1198 973 1198 943 1188 887 1168 857 1191 854 1194 850 1194 847 1194 844 1194 754 1191"/>
                  </Shape>
                  <String CONTENT="et la, en sorte que personne naura occasion"
                          HPOS="748"
                          VPOS="1032"
                          WIDTH="1668"
                          HEIGHT="166"/>
               </TextLine>
               <TextLine ID="eSc_line_c127730a"
                         BASELINE="758 1261 2416 1194"
                         HPOS="748"
                         VPOS="1125"
                         WIDTH="1668"
                         HEIGHT="175"
                         TAGREFS="LT118">
                  <Shape>
                     <Polygon POINTS="758 1261 748 1184 1056 1165 1059 1165 1062 1165 1065 1165 1075 1171 1089 1184 1158 1171 1175 1168 1178 1168 1198 1168 1297 1178 1347 1165 1380 1155 1383 1155 1387 1155 1459 1161 1552 1168 1671 1155 1817 1135 1820 1135 1824 1135 1827 1135 1843 1148 1850 1151 1853 1148 1880 1132 1883 1132 1886 1132 1890 1132 1893 1132 1943 1145 1966 1151 1996 1141 2049 1125 2052 1125 2055 1125 2131 1138 2151 1141 2155 1138 2171 1125 2174 1125 2178 1125 2181 1125 2410 1132 2416 1194 2416 1204 2247 1247 2244 1247 2098 1221 2085 1221 2065 1224 1916 1257 1913 1257 1797 1237 1771 1234 1761 1241 1744 1251 1741 1251 1737 1251 1734 1251 1731 1251 1711 1241 1704 1237 1701 1244 1681 1267 1678 1267 1678 1271 1675 1271 1671 1271 1668 1271 1562 1251 1536 1271 1532 1271 1529 1271 1526 1271 1522 1271 1469 1254 1446 1247 1436 1257 1426 1267 1423 1267 1420 1267 1416 1267 1340 1261 1277 1257 1248 1267 1175 1290 1171 1290 1085 1294 1082 1294 1079 1294 1039 1277 1006 1264 966 1280 953 1287 950 1287 946 1287 943 1287 940 1287 936 1284 926 1277 917 1284 900 1297 900 1300 897 1300 893 1300 890 1300 754 1290"/>
                  </Shape>
                  <String CONTENT="de soi complaindre de moi. Tiercement que"
                          HPOS="748"
                          VPOS="1125"
                          WIDTH="1668"
                          HEIGHT="175"/>
               </TextLine>
               <TextLine ID="eSc_line_30819a48"
                         BASELINE="781 1350 2433 1297"
                         HPOS="774"
                         VPOS="1218"
                         WIDTH="1659"
                         HEIGHT="178"
                         TAGREFS="LT118">
                  <Shape>
                     <Polygon POINTS="781 1350 774 1294 864 1290 890 1267 890 1264 893 1264 897 1264 900 1264 1178 1277 1218 1254 1221 1254 1224 1254 1228 1254 1314 1271 1363 1251 1367 1251 1370 1251 1373 1251 1413 1267 1536 1247 1539 1247 1542 1247 1605 1264 1681 1244 1685 1244 1688 1244 1800 1254 1827 1234 1830 1234 1834 1234 1837 1234 1840 1234 1890 1247 1910 1231 1913 1231 1916 1231 1920 1231 2254 1237 2350 1218 2353 1218 2357 1218 2429 1241 2433 1297 2433 1320 2347 1343 2343 1343 2340 1343 2337 1343 2297 1327 2270 1317 2201 1330 2095 1353 2092 1353 2088 1353 2085 1353 2065 1337 2049 1324 2042 1333 2039 1333 2039 1337 2035 1337 2032 1337 2029 1337 2026 1337 1979 1324 1949 1343 1923 1360 1920 1360 1916 1360 1913 1360 1910 1360 1873 1347 1817 1327 1728 1327 1711 1350 1708 1350 1708 1353 1704 1353 1701 1353 1605 1370 1602 1370 1499 1367 1496 1367 1493 1367 1489 1363 1459 1340 1178 1367 1175 1367 913 1360 883 1390 880 1390 880 1393 877 1393 873 1393 873 1396 781 1396"/>
                  </Shape>
                  <String CONTENT="si aulcune ulterieure plaincte se faisoit contre"
                          HPOS="774"
                          VPOS="1218"
                          WIDTH="1659"
                          HEIGHT="178"/>
               </TextLine>
               <TextLine ID="eSc_line_5260354c"
                         BASELINE="748 1446 2462 1413"
                         HPOS="741"
                         VPOS="1333"
                         WIDTH="1721"
                         HEIGHT="149"
                         TAGREFS="LT118">
                  <Shape>
                     <Polygon POINTS="748 1446 741 1370 897 1383 963 1363 989 1357 993 1357 996 1357 999 1357 1022 1363 1062 1376 1079 1363 1085 1357 1085 1353 1089 1353 1092 1353 1095 1353 1188 1360 1340 1373 1367 1357 1370 1353 1373 1353 1377 1353 1380 1353 1403 1357 1473 1370 1499 1357 1516 1347 1519 1347 1522 1347 1526 1347 1545 1353 1585 1370 1751 1370 1787 1350 1807 1340 1810 1340 1814 1340 1860 1350 1900 1357 1946 1347 1999 1337 2002 1337 2006 1337 2009 1337 2019 1347 2042 1363 2092 1363 2105 1343 2115 1337 2115 1333 2118 1333 2122 1333 2125 1333 2184 1343 2264 1357 2307 1340 2330 1333 2333 1333 2337 1333 2340 1333 2343 1333 2350 1340 2370 1353 2453 1340 2462 1413 2459 1446 2360 1429 2178 1453 2138 1456 2135 1456 2102 1453 1949 1436 1923 1453 1920 1453 1916 1453 1913 1453 1817 1439 1787 1459 1781 1466 1777 1466 1774 1466 1771 1466 1767 1466 1764 1466 1757 1459 1728 1443 1661 1443 1622 1463 1605 1469 1602 1469 1598 1469 1552 1463 1440 1446 1301 1446 1261 1469 1244 1476 1241 1476 917 1482 913 1482 910 1482 907 1482 897 1476 873 1459 748 1476"/>
                  </Shape>
                  <String CONTENT="de moi que Je me rendrai entre les mains de la"
                          HPOS="741"
                          VPOS="1333"
                          WIDTH="1721"
                          HEIGHT="149"/>
               </TextLine>
               <TextLine ID="eSc_line_a1ae965f"
                         BASELINE="754 1565 1486 1529 2400 1512"
                         HPOS="748"
                         VPOS="1423"
                         WIDTH="1652"
                         HEIGHT="182"
                         TAGREFS="LT118">
                  <Shape>
                     <Polygon POINTS="754 1565 748 1486 946 1492 976 1476 989 1466 993 1466 996 1466 999 1466 1003 1466 1026 1472 1072 1489 1142 1469 1178 1459 1181 1459 1185 1459 1244 1466 1367 1479 1390 1459 1397 1456 1397 1453 1400 1453 1403 1453 1406 1453 1483 1456 1708 1469 1741 1446 1744 1443 1747 1443 1751 1443 1754 1443 1757 1443 1764 1446 1810 1466 1906 1466 1933 1443 1933 1439 1936 1439 1939 1439 1943 1439 1946 1439 2026 1459 2161 1429 2171 1429 2174 1429 2178 1429 2181 1429 2254 1453 2390 1423 2400 1512 2396 1552 2171 1525 2131 1552 2128 1552 2125 1552 2122 1552 2118 1552 2115 1552 2082 1529 2055 1549 2052 1549 2049 1549 2045 1549 2042 1549 1969 1529 1896 1565 1893 1565 1890 1565 1886 1565 1883 1565 1837 1535 1747 1535 1724 1555 1724 1559 1721 1559 1718 1559 1714 1559 1536 1542 1453 1542 1406 1585 1403 1585 1400 1585 1284 1588 1281 1588 1277 1588 1185 1552 1125 1555 1085 1592 1085 1595 1082 1595 1079 1595 1075 1595 1072 1595 890 1565 758 1605"/>
                  </Shape>
                  <String CONTENT="Justice sans mabsenter Et finablement que"
                          HPOS="748"
                          VPOS="1423"
                          WIDTH="1652"
                          HEIGHT="182"/>
               </TextLine>
               <TextLine ID="eSc_line_d84517b9"
                         BASELINE="758 1664 2443 1605"
                         HPOS="744"
                         VPOS="1529"
                         WIDTH="1699"
                         HEIGHT="172"
                         TAGREFS="LT118">
                  <Shape>
                     <Polygon POINTS="758 1664 744 1608 804 1578 807 1578 811 1578 814 1578 873 1602 926 1575 930 1575 933 1575 936 1575 999 1598 1089 1575 1092 1575 1095 1575 1181 1592 1238 1562 1241 1562 1244 1562 1248 1562 1307 1588 1310 1588 1314 1588 1469 1555 1473 1555 1681 1575 1685 1575 1724 1549 1728 1549 1731 1549 1873 1539 1877 1539 2059 1562 2151 1529 2155 1529 2158 1529 2161 1529 2221 1555 2433 1552 2443 1605 2439 1628 2317 1645 2314 1645 2310 1645 2290 1635 2277 1628 2267 1638 2251 1651 2247 1651 2244 1651 2241 1651 2188 1641 2131 1628 1910 1631 1896 1651 1890 1661 1886 1661 1886 1664 1883 1664 1880 1664 1787 1668 1784 1668 1781 1668 1754 1658 1714 1645 1625 1664 1612 1664 1608 1664 1595 1664 1453 1651 1360 1674 1320 1684 1317 1684 1132 1691 1128 1691 1059 1688 854 1671 817 1698 814 1701 811 1701 807 1701 804 1701 754 1698"/>
                  </Shape>
                  <String CONTENT="de ce mien emprisonement je ne me vengerai"
                          HPOS="744"
                          VPOS="1529"
                          WIDTH="1699"
                          HEIGHT="172"/>
               </TextLine>
               <TextLine ID="eSc_line_3bbe036b"
                         BASELINE="754 1767 1416 1737 2482 1714"
                         HPOS="744"
                         VPOS="1631"
                         WIDTH="1742"
                         HEIGHT="182"
                         TAGREFS="LT118">
                  <Shape>
                     <Polygon POINTS="754 1767 744 1711 1350 1661 1353 1661 1479 1664 1483 1664 1486 1664 1502 1674 1522 1684 1675 1684 1701 1664 1711 1658 1714 1658 1718 1658 1721 1658 1777 1661 1923 1674 1956 1655 1969 1645 1973 1645 1976 1645 2045 1641 2049 1641 2108 1648 2277 1664 2472 1631 2482 1714 2486 1734 2459 1760 2459 1764 2456 1764 2453 1764 2373 1767 2370 1767 2366 1767 2314 1744 2304 1737 2294 1744 2261 1770 2257 1770 2254 1770 2251 1770 2247 1770 2191 1747 2181 1744 2178 1750 2155 1770 2155 1774 2151 1774 2148 1774 2012 1777 2009 1777 2006 1777 1959 1760 1939 1750 1926 1760 1903 1780 1900 1780 1896 1780 1810 1784 1807 1784 1804 1784 1800 1784 1774 1767 1747 1754 1602 1754 1572 1777 1559 1787 1555 1787 1552 1787 1549 1787 1545 1787 1519 1780 1469 1767 1228 1767 1128 1797 1109 1803 1105 1803 1102 1803 1099 1803 1085 1800 1019 1774 986 1803 983 1807 979 1807 976 1807 973 1807 953 1807 847 1790 758 1813"/>
                  </Shape>
                  <String CONTENT="par moi ou par aultres ny entreprendrai ny ferai"
                          HPOS="744"
                          VPOS="1631"
                          WIDTH="1742"
                          HEIGHT="182"/>
               </TextLine>
               <TextLine ID="eSc_line_0667f769"
                         BASELINE="764 1866 1896 1827 2429 1823"
                         HPOS="761"
                         VPOS="1747"
                         WIDTH="1668"
                         HEIGHT="146"
                         TAGREFS="LT118">
                  <Shape>
                     <Polygon POINTS="764 1866 761 1797 1089 1797 1115 1787 1158 1774 1161 1774 1165 1774 1168 1774 1191 1784 1198 1790 1208 1784 1228 1770 1231 1770 1234 1770 1238 1770 1347 1780 1380 1784 1413 1780 1536 1760 1539 1760 1542 1760 1545 1760 1565 1777 1569 1777 1579 1777 1675 1760 1678 1760 1681 1760 1728 1774 1731 1774 1734 1770 1751 1757 1751 1754 1754 1754 1757 1754 1761 1754 1837 1770 1843 1770 1847 1770 1867 1750 1870 1750 1873 1750 1877 1750 1880 1750 1906 1764 1976 1747 1979 1747 1982 1747 2423 1757 2429 1823 2429 1850 2122 1860 2118 1860 2115 1860 2105 1856 2029 1840 1840 1843 1824 1863 1824 1866 1820 1866 1820 1870 1817 1870 1814 1870 1810 1870 1807 1870 1794 1863 1761 1846 1675 1846 1655 1866 1645 1873 1645 1876 1641 1876 1638 1876 1635 1876 1632 1876 1602 1866 1549 1853 1479 1870 1466 1873 1463 1873 1459 1873 1433 1870 1320 1860 1264 1873 1208 1890 1205 1890 1201 1890 1198 1890 1161 1876 1148 1873 1135 1876 1089 1893 1085 1893 1082 1893 761 1883"/>
                  </Shape>
                  <String CONTENT="entreprendre de men venger, soit contre Sondit"
                          HPOS="761"
                          VPOS="1747"
                          WIDTH="1668"
                          HEIGHT="146"/>
               </TextLine>
               <TextLine ID="eSc_line_4066505a"
                         BASELINE="758 1972 2466 1916"
                         HPOS="751"
                         VPOS="1833"
                         WIDTH="1715"
                         HEIGHT="182"
                         TAGREFS="LT118">
                  <Shape>
                     <Polygon POINTS="758 1972 751 1890 1118 1896 1224 1873 1241 1870 1244 1870 1271 1870 1420 1886 1463 1870 1466 1870 1469 1870 1877 1870 2082 1843 2128 1840 2131 1840 2178 1840 2383 1853 2453 1833 2466 1916 2459 1939 2267 1939 2247 1949 2224 1966 2221 1966 2218 1966 2214 1966 2141 1956 2085 1946 2075 1959 2062 1969 2062 1972 2059 1972 2055 1972 1863 1979 1860 1979 1857 1979 1827 1969 1787 1956 1678 1956 1651 1976 1641 1986 1638 1986 1635 1986 1632 1986 1628 1986 1608 1979 1585 1969 1562 1982 1545 1989 1542 1989 1539 1989 1536 1989 1522 1982 1489 1966 1363 1966 1195 1999 1158 2002 1155 2002 1112 2002 900 1989 758 2015"/>
                  </Shape>
                  <String CONTENT="Excellence Reverendissime, Messieurs ses officiers"
                          HPOS="751"
                          VPOS="1833"
                          WIDTH="1715"
                          HEIGHT="182"/>
               </TextLine>
               <TextLine ID="eSc_line_b1e50248"
                         BASELINE="771 2072 2472 2022"
                         HPOS="761"
                         VPOS="1939"
                         WIDTH="1711"
                         HEIGHT="176"
                         TAGREFS="LT118">
                  <Shape>
                     <Polygon POINTS="771 2072 761 2009 877 1976 880 1976 883 1976 1072 1989 1105 1969 1109 1969 1112 1969 1115 1969 1118 1969 1165 1986 1218 1966 1221 1966 1516 1959 1519 1959 1598 1976 1612 1976 1632 1972 1711 1956 1714 1956 1718 1956 1761 1969 1787 1976 1817 1966 1843 1956 1847 1956 1850 1956 1853 1956 1873 1962 1903 1972 2002 1959 2069 1949 2072 1949 2075 1949 2078 1949 2085 1956 2098 1966 2145 1952 2158 1949 2161 1949 2165 1949 2168 1949 2178 1952 2224 1962 2267 1946 2290 1939 2294 1939 2297 1939 2343 1946 2433 1956 2456 1939 2472 2022 2472 2042 2244 2065 2241 2065 2237 2065 2234 2065 2218 2048 2211 2045 1976 2048 1966 2055 1926 2081 1923 2081 1920 2081 1790 2088 1787 2088 1632 2065 1612 2062 1605 2065 1569 2095 1565 2095 1562 2095 1559 2095 1555 2095 1493 2078 1449 2095 1446 2095 1443 2095 1440 2095 1380 2072 1314 2091 1310 2091 1307 2091 1304 2091 1301 2091 1277 2072 1274 2072 1125 2072 1118 2078 1052 2105 1049 2105 883 2115 880 2115 877 2115 764 2085"/>
                  </Shape>
                  <String CONTENT="leurs serviteurs, les tesmoings produis contre"
                          HPOS="761"
                          VPOS="1939"
                          WIDTH="1711"
                          HEIGHT="176"/>
               </TextLine>
               <TextLine ID="eSc_line_2eb5375f"
                         BASELINE="758 2168 2539 2111"
                         HPOS="748"
                         VPOS="2038"
                         WIDTH="1791"
                         HEIGHT="169"
                         TAGREFS="LT118">
                  <Shape>
                     <Polygon POINTS="758 2168 748 2115 867 2091 870 2091 976 2105 996 2105 999 2101 1026 2085 1029 2085 1032 2085 1036 2085 1039 2085 1085 2098 1092 2101 1099 2098 1135 2081 1138 2081 1142 2081 1205 2095 1224 2098 1231 2091 1248 2078 1251 2078 1254 2078 1257 2078 1489 2081 1658 2085 1704 2075 1737 2065 1741 2065 1744 2065 1790 2068 1857 2078 1883 2065 1900 2058 1903 2058 1906 2058 1946 2062 2006 2072 2122 2055 2184 2048 2188 2048 2264 2048 2492 2058 2522 2038 2539 2111 2532 2138 2376 2131 2353 2144 2320 2164 2317 2164 2314 2164 2314 2168 2088 2168 2085 2164 2082 2164 2055 2151 2035 2141 2022 2151 1992 2174 1989 2174 1986 2174 1982 2174 1784 2158 1737 2154 1728 2158 1704 2177 1701 2177 1698 2177 1694 2177 1691 2177 1641 2161 1618 2154 1589 2161 1526 2181 1522 2181 1519 2181 1443 2164 1416 2161 1406 2168 1367 2194 1363 2194 1360 2194 1357 2194 1178 2177 966 2207 963 2207 960 2207 883 2181 877 2177 758 2181"/>
                  </Shape>
                  <String CONTENT="de moi Leurs femmes familles biens et chevances."
                          HPOS="748"
                          VPOS="2038"
                          WIDTH="1791"
                          HEIGHT="169"/>
               </TextLine>
               <TextLine ID="eSc_line_c25865d8"
                         BASELINE="698 2290 870 2273 2148 2237 2373 2237 2439 2254"
                         HPOS="685"
                         VPOS="2141"
                         WIDTH="1754"
                         HEIGHT="179"
                         TAGREFS="LT118">
                  <Shape>
                     <Polygon POINTS="698 2290 685 2211 784 2177 787 2177 923 2174 926 2174 930 2174 933 2174 976 2201 979 2204 983 2201 1036 2177 1039 2177 1042 2177 1046 2177 1102 2194 1145 2168 1148 2168 1152 2168 1155 2168 1158 2168 1211 2184 1254 2164 1257 2164 1261 2164 1264 2164 1267 2164 1267 2168 1294 2194 1297 2197 1363 2197 1406 2191 1724 2151 1728 2151 1731 2151 1794 2181 1797 2181 1834 2164 1837 2164 1840 2164 1933 2177 1953 2177 1963 2174 2072 2141 2075 2141 2078 2141 2082 2141 2155 2171 2158 2171 2211 2141 2214 2141 2218 2141 2221 2141 2224 2141 2254 2168 2257 2168 2436 2164 2439 2254 2436 2277 2290 2280 2287 2280 2284 2280 2231 2254 2184 2283 2181 2283 2178 2283 2108 2287 2105 2287 2102 2287 2095 2287 2009 2260 1959 2287 1959 2290 1956 2290 1953 2290 1949 2290 1946 2290 1939 2290 1873 2264 1777 2293 1757 2297 1754 2297 1751 2297 1708 2293 1519 2273 1367 2277 1310 2300 1287 2310 1284 2310 1284 2313 1125 2313 1122 2310 1118 2310 1115 2310 1112 2307 1085 2287 1046 2307 1026 2317 1022 2317 811 2320 807 2320 804 2320 781 2313 741 2300 701 2313"/>
                  </Shape>
                  <String CONTENT="Lesquelx pointz et articles jai promis et jure par"
                          HPOS="685"
                          VPOS="2141"
                          WIDTH="1754"
                          HEIGHT="179"/>
               </TextLine>
               <TextLine ID="eSc_line_9b986fd2"
                         BASELINE="774 2363 2347 2340"
                         HPOS="764"
                         VPOS="2267"
                         WIDTH="1583"
                         HEIGHT="139"
                         TAGREFS="LT118">
                  <Shape>
                     <Polygon POINTS="774 2363 764 2313 837 2287 840 2287 844 2287 847 2287 850 2287 883 2310 989 2310 1056 2280 1059 2280 1062 2280 1165 2293 1214 2277 1218 2277 1221 2277 1224 2277 1310 2297 1393 2277 1397 2277 1400 2277 1403 2277 1406 2277 1433 2300 1499 2277 1502 2277 1506 2277 1721 2293 1771 2270 1774 2270 1777 2270 1926 2290 1989 2267 1992 2267 1996 2267 2340 2290 2347 2340 2340 2360 1933 2360 1900 2373 1880 2383 1877 2383 1668 2393 1668 2396 1506 2396 1502 2393 1499 2393 1496 2393 1496 2389 1489 2386 1473 2366 1430 2389 1420 2393 1416 2393 1413 2393 1380 2389 1244 2369 1181 2389 1178 2389 1175 2389 1065 2373 917 2393 913 2393 910 2393 873 2376 777 2406"/>
                  </Shape>
                  <String CONTENT="serement de tout en tout de par tout fidelement"
                          HPOS="764"
                          VPOS="2267"
                          WIDTH="1583"
                          HEIGHT="139"/>
               </TextLine>
               <TextLine ID="eSc_line_fc8c0c30"
                         BASELINE="741 2462 2426 2436"
                         HPOS="728"
                         VPOS="2350"
                         WIDTH="1701"
                         HEIGHT="152"
                         TAGREFS="LT118">
                  <Shape>
                     <Polygon POINTS="741 2462 728 2399 758 2379 761 2379 764 2379 768 2379 771 2379 807 2399 824 2409 900 2409 913 2399 930 2383 933 2383 936 2383 940 2383 1075 2396 1138 2403 1171 2396 1248 2376 1251 2376 1254 2376 1413 2393 1440 2396 1446 2393 1479 2363 1483 2363 1486 2363 1489 2363 1754 2389 1784 2393 1790 2389 1867 2356 1870 2356 2102 2353 2105 2353 2108 2353 2151 2369 2218 2350 2221 2350 2224 2350 2419 2386 2426 2436 2429 2449 2357 2472 2353 2472 2350 2472 2191 2459 2155 2482 2151 2482 2148 2482 2145 2482 1893 2465 1797 2462 1777 2472 1734 2489 1731 2489 1728 2489 1582 2475 1483 2469 1430 2482 1373 2495 1370 2495 1367 2495 1228 2489 1009 2475 953 2495 940 2502 936 2502 933 2502 907 2499 837 2485 741 2502"/>
                  </Shape>
                  <String CONTENT="garder et observer de mon millieur pouvoir"
                          HPOS="728"
                          VPOS="2350"
                          WIDTH="1701"
                          HEIGHT="152"/>
               </TextLine>
               <TextLine ID="eSc_line_fb3ee38b"
                         BASELINE="738 2585 1089 2558 2393 2538"
                         HPOS="724"
                         VPOS="2462"
                         WIDTH="1669"
                         HEIGHT="146"
                         TAGREFS="LT118">
                  <Shape>
                     <Polygon POINTS="738 2585 724 2515 787 2495 791 2495 794 2495 966 2505 1006 2508 1019 2505 1079 2482 1082 2482 1085 2482 1089 2482 1161 2502 1181 2505 1195 2499 1241 2479 1244 2479 1248 2479 1350 2495 1393 2502 1400 2495 1406 2485 1410 2485 1410 2482 1413 2482 1416 2482 1420 2482 1476 2492 1519 2499 1539 2489 1565 2475 1569 2475 1572 2475 1721 2485 1863 2492 1896 2479 1930 2465 1933 2465 1936 2465 1999 2475 2072 2489 2108 2472 2125 2465 2128 2465 2131 2465 2135 2465 2151 2472 2191 2485 2211 2469 2218 2462 2221 2462 2224 2462 2227 2462 2386 2465 2393 2538 2393 2565 2035 2581 2032 2581 2029 2581 2026 2581 2026 2578 2022 2575 2006 2561 1946 2561 1814 2581 1784 2585 1781 2585 1777 2585 1771 2581 1734 2568 1685 2585 1675 2588 1671 2588 1668 2588 1665 2588 1655 2585 1598 2568 1536 2588 1526 2591 1522 2591 1519 2591 1443 2591 966 2581 738 2608"/>
                  </Shape>
                  <String CONTENT="Que sil advient que en lung ou en laultre"
                          HPOS="724"
                          VPOS="2462"
                          WIDTH="1669"
                          HEIGHT="146"/>
               </TextLine>
               <TextLine ID="eSc_line_a91b9540"
                         BASELINE="771 2651 2466 2628"
                         HPOS="768"
                         VPOS="2558"
                         WIDTH="1701"
                         HEIGHT="142"
                         TAGREFS="LT118">
                  <Shape>
                     <Polygon POINTS="771 2651 768 2588 1469 2588 1483 2581 1499 2568 1502 2568 1506 2568 1509 2568 1512 2568 1539 2581 1552 2585 1598 2581 1694 2568 1698 2568 1701 2568 1721 2578 1734 2585 1774 2578 1857 2565 1860 2565 1863 2565 1913 2578 1933 2581 1943 2578 1973 2561 1976 2561 1979 2561 2161 2575 2204 2578 2211 2575 2231 2558 2234 2558 2237 2558 2241 2558 2459 2575 2466 2628 2469 2651 2429 2671 2426 2671 2423 2671 2419 2671 2366 2654 2347 2648 2337 2654 2314 2677 2314 2681 2310 2681 2307 2681 2304 2681 2201 2664 2181 2681 2181 2684 2178 2684 2174 2684 2174 2687 2078 2687 2075 2684 2072 2684 2022 2664 1992 2651 1979 2667 1959 2684 1959 2687 1956 2687 1953 2687 1953 2691 1807 2691 1804 2687 1800 2687 1797 2687 1781 2671 1764 2657 1721 2674 1681 2687 1678 2687 1675 2687 1671 2687 1668 2687 1655 2674 1632 2657 1433 2681 1406 2684 1403 2684 1400 2684 1397 2684 1334 2661 1277 2687 1254 2697 1251 2697 1248 2697 1244 2697 1218 2687 1155 2664 1013 2664 771 2700"/>
                  </Shape>
                  <String CONTENT="je contreviengne, alors je me submectz destre"
                          HPOS="768"
                          VPOS="2558"
                          WIDTH="1701"
                          HEIGHT="142"/>
               </TextLine>
               <TextLine ID="eSc_line_2e471302"
                         BASELINE="768 2747 2386 2734"
                         HPOS="761"
                         VPOS="2657"
                         WIDTH="1625"
                         HEIGHT="123"
                         TAGREFS="LT118">
                  <Shape>
                     <Polygon POINTS="768 2747 761 2684 986 2667 989 2667 993 2667 1039 2684 1065 2691 1082 2684 1112 2667 1115 2667 1545 2664 1549 2664 1665 2684 1678 2684 1681 2684 1701 2664 1701 2661 1704 2661 1708 2661 1711 2661 1714 2661 1718 2661 1751 2684 1757 2687 1923 2687 1930 2684 1966 2657 1969 2657 1973 2657 1976 2657 2078 2684 2380 2684 2386 2734 2383 2760 1757 2770 1754 2770 1751 2770 1747 2770 1708 2753 1658 2770 1655 2770 1651 2770 1648 2770 1585 2753 1317 2773 1314 2773 1185 2757 768 2780"/>
                  </Shape>
                  <String CONTENT="chastie au contenu des ordonnances penible"
                          HPOS="761"
                          VPOS="2657"
                          WIDTH="1625"
                          HEIGHT="123"/>
               </TextLine>
               <TextLine ID="eSc_line_8e546c7e"
                         BASELINE="748 2849 1022 2830 2426 2813"
                         HPOS="741"
                         VPOS="2734"
                         WIDTH="1685"
                         HEIGHT="145"
                         TAGREFS="LT118">
                  <Shape>
                     <Polygon POINTS="748 2849 741 2770 890 2773 917 2767 963 2753 966 2753 969 2753 1046 2767 1079 2770 1115 2763 1211 2747 1214 2747 1367 2763 1416 2767 1453 2760 1555 2743 1559 2743 1837 2757 1843 2757 1860 2743 1860 2740 1863 2740 1867 2740 1870 2740 1873 2740 1877 2740 1903 2757 1913 2760 2069 2760 2078 2757 2151 2734 2155 2734 2158 2734 2161 2734 2227 2753 2231 2753 2320 2734 2323 2734 2419 2753 2426 2813 2426 2823 2380 2843 2376 2843 2373 2843 2204 2830 2171 2830 2161 2833 2122 2859 2118 2859 2115 2859 2112 2859 2108 2859 2049 2836 2039 2833 2035 2836 2016 2856 2016 2859 2012 2859 2009 2859 1923 2863 1920 2863 1665 2849 1473 2839 1406 2859 1367 2869 1363 2869 1360 2869 1211 2866 1208 2866 1205 2866 1175 2846 1102 2866 1099 2866 1095 2866 1092 2866 1026 2846 966 2846 933 2873 933 2876 930 2876 926 2876 923 2876 920 2876 917 2876 864 2853 748 2879"/>
                  </Shape>
                  <String CONTENT="du sainct Empire, Ce que jai par serement"
                          HPOS="741"
                          VPOS="2734"
                          WIDTH="1685"
                          HEIGHT="145"/>
               </TextLine>
               <TextLine ID="eSc_line_0154e3e0"
                         BASELINE="751 2929 2065 2906 2439 2916"
                         HPOS="741"
                         VPOS="2826"
                         WIDTH="1698"
                         HEIGHT="136"
                         TAGREFS="LT118">
                  <Shape>
                     <Polygon POINTS="751 2929 741 2876 807 2839 811 2839 814 2839 817 2839 930 2869 1109 2836 1112 2836 1244 2856 1373 2833 1377 2833 1506 2859 1549 2830 1552 2830 1555 2830 1671 2826 1675 2826 1678 2826 1681 2826 1718 2856 1751 2830 1754 2830 1757 2830 1761 2830 1764 2830 1827 2856 2009 2836 2012 2836 2016 2836 2062 2853 2131 2826 2135 2826 2138 2826 2141 2826 2208 2849 2433 2849 2439 2916 2433 2932 1943 2926 1916 2942 1910 2949 1906 2949 1903 2949 1903 2952 1790 2952 1787 2949 1784 2949 1771 2945 1724 2929 1675 2945 1655 2952 1651 2952 1367 2955 1363 2955 1330 2952 1241 2935 1178 2952 1158 2959 1155 2959 1152 2959 1109 2955 983 2939 936 2959 923 2962 920 2962 917 2962 913 2962 910 2962 903 2959 883 2945 751 2959"/>
                  </Shape>
                  <String CONTENT="solennel, jure de garder et inviolablement"
                          HPOS="741"
                          VPOS="2826"
                          WIDTH="1698"
                          HEIGHT="136"/>
               </TextLine>
               <TextLine ID="eSc_line_0d6d2312"
                         BASELINE="728 3008 2443 2979"
                         HPOS="721"
                         VPOS="2912"
                         WIDTH="1722"
                         HEIGHT="143"
                         TAGREFS="LT118">
                  <Shape>
                     <Polygon POINTS="728 3008 721 2935 900 2955 923 2935 923 2932 926 2932 930 2932 933 2932 953 2932 1125 2949 1244 2932 1287 2926 1291 2926 1294 2926 1307 2929 1350 2945 1840 2942 1913 2926 1963 2919 1966 2919 2002 2926 2045 2935 2062 2926 2082 2912 2085 2912 2088 2912 2092 2912 2095 2912 2138 2926 2161 2932 2433 2926 2443 2979 2439 2998 2310 2998 2304 3002 2254 3031 2251 3031 2247 3031 2244 3031 2052 3008 2026 3005 2002 3008 1896 3031 1893 3031 1890 3031 1840 3015 1817 3035 1817 3038 1814 3038 1810 3038 1807 3038 1804 3038 1800 3038 1764 3015 1751 3008 1721 3015 1625 3041 1622 3041 1618 3041 1615 3041 1565 3022 1542 3012 1499 3022 1413 3045 1410 3045 1277 3048 1274 3048 1195 3031 1138 3018 1092 3031 1036 3051 1032 3051 907 3055 903 3055 900 3055 897 3055 877 3038 854 3025 728 3041"/>
                  </Shape>
                  <String CONTENT="accomplir Et pour plus grande solempnite"
                          HPOS="721"
                          VPOS="2912"
                          WIDTH="1722"
                          HEIGHT="143"/>
               </TextLine>
               <TextLine ID="eSc_line_c99e0555"
                         BASELINE="751 3118 2413 3068"
                         HPOS="738"
                         VPOS="2988"
                         WIDTH="1675"
                         HEIGHT="179"
                         TAGREFS="LT118">
                  <Shape>
                     <Polygon POINTS="751 3118 738 3061 771 3038 774 3038 777 3038 781 3038 784 3038 857 3055 999 3022 1003 3022 1006 3022 1072 3048 1079 3048 1181 3048 1188 3041 1218 3015 1221 3015 1224 3015 1228 3015 1231 3015 1287 3038 1301 3041 1453 3038 1473 3028 1536 3005 1539 3005 1542 3005 1545 3005 1585 3025 1592 3028 1602 3022 1628 3005 1632 3005 1635 3005 1777 2998 1781 2998 1784 2998 1820 3012 1853 3025 1976 3022 1992 3005 2006 2995 2006 2992 2009 2992 2012 2992 2161 2988 2165 2988 2168 2988 2194 2995 2251 3012 2403 2988 2413 3068 2413 3118 2357 3121 2353 3121 2350 3121 2347 3121 2300 3088 2211 3121 2191 3127 2188 3127 2184 3127 2078 3121 1976 3118 1933 3124 1857 3137 1853 3137 1850 3137 1847 3137 1827 3124 1794 3104 1751 3124 1734 3134 1731 3134 1728 3134 1724 3134 1701 3127 1661 3114 1466 3114 1436 3127 1390 3151 1387 3151 1383 3151 1380 3151 1307 3131 1297 3127 1287 3131 1224 3154 1221 3154 1218 3154 1214 3154 1168 3131 1165 3127 973 3127 953 3134 864 3167 860 3167 857 3167 854 3167 850 3167 807 3137 751 3137"/>
                  </Shape>
                  <String CONTENT="et assurance jai prie le Notaire soubsigne,"
                          HPOS="738"
                          VPOS="2988"
                          WIDTH="1675"
                          HEIGHT="179"/>
               </TextLine>
               <TextLine ID="eSc_line_7700fe11"
                         BASELINE="758 3217 1297 3187 2363 3167"
                         HPOS="748"
                         VPOS="3101"
                         WIDTH="1615"
                         HEIGHT="146"
                         TAGREFS="LT118">
                  <Shape>
                     <Polygon POINTS="758 3217 748 3161 830 3131 834 3131 837 3131 940 3151 1003 3118 1006 3118 1185 3114 1188 3114 1191 3114 1195 3114 1228 3137 1267 3111 1271 3111 1274 3111 1277 3111 1281 3111 1367 3137 1390 3118 1390 3114 1393 3114 1397 3114 1638 3101 1641 3101 1867 3127 2353 3118 2363 3167 2360 3197 2174 3190 2125 3207 2112 3210 2108 3210 2105 3210 2102 3210 2092 3207 2035 3187 1956 3210 1946 3214 1943 3214 1939 3214 1936 3214 1933 3214 1933 3210 1896 3190 1694 3220 1678 3220 1536 3223 1532 3223 1529 3223 1479 3204 1446 3223 1443 3223 1440 3223 1436 3223 1264 3207 1198 3227 1195 3227 1191 3227 1188 3227 1142 3210 1062 3210 1016 3240 1013 3240 1009 3240 1006 3240 999 3240 887 3223 758 3247"/>
                  </Shape>
                  <String CONTENT="de soubsigner le present acte en mon nom"
                          HPOS="748"
                          VPOS="3101"
                          WIDTH="1615"
                          HEIGHT="146"/>
               </TextLine>
               <TextLine ID="eSc_line_9d201f3d"
                         BASELINE="771 3296 1390 3270 2482 3270"
                         HPOS="764"
                         VPOS="3177"
                         WIDTH="1718"
                         HEIGHT="179"
                         TAGREFS="LT118">
                  <Shape>
                     <Polygon POINTS="771 3296 764 3227 1006 3223 1006 3220 1085 3190 1089 3190 1092 3190 1228 3190 1231 3190 1234 3190 1264 3217 1314 3190 1317 3190 1320 3190 1483 3214 1496 3214 1499 3214 1555 3187 1559 3187 1562 3187 1648 3187 1651 3187 1655 3187 1655 3190 1678 3210 1685 3214 1771 3214 1774 3207 1800 3187 1800 3184 1804 3184 1807 3184 1810 3184 1814 3184 1853 3197 2098 3180 2102 3180 2105 3180 2108 3180 2135 3200 2135 3204 2284 3207 2314 3197 2380 3177 2383 3177 2386 3177 2390 3177 2393 3177 2393 3180 2413 3197 2419 3200 2476 3197 2482 3270 2479 3296 2360 3300 2277 3339 2274 3339 2274 3343 2184 3343 2181 3339 2178 3339 2174 3339 2135 3303 2131 3303 1996 3303 1996 3306 1946 3343 1943 3343 1939 3343 1939 3346 1777 3346 1774 3343 1771 3343 1714 3319 1688 3336 1685 3336 1681 3336 1678 3336 1675 3336 1598 3310 1592 3310 1373 3310 1370 3313 1294 3349 1291 3349 1287 3349 1042 3323 983 3353 979 3353 979 3356 827 3356 824 3353 820 3353 764 3323"/>
                  </Shape>
                  <String CONTENT="Ce quil at faict a ma tres grande priere"
                          HPOS="764"
                          VPOS="3177"
                          WIDTH="1718"
                          HEIGHT="179"/>
               </TextLine>
            </TextBlock>
            <TextBlock HPOS="2311"
                       VPOS="3719"
                       WIDTH="89"
                       HEIGHT="94"
                       ID="eSc_textblock_b0bb2a69"
                       TAGREFS="BT371">
               <Shape>
                  <Polygon POINTS="2311 3813 2321 3726 2400 3719 2392 3812"/>
               </Shape>
               <TextLine ID="eSc_line_e4884839"
                         BASELINE="2327 3787 2389 3792"
                         HPOS="2323"
                         VPOS="3710"
                         WIDTH="63"
                         HEIGHT="119"
                         TAGREFS="LT118">
                  <Shape>
                     <Polygon POINTS="2323 3786 2323 3710 2386 3717 2386 3789 2386 3813 2323 3829"/>
                  </Shape>
                  <String CONTENT="2" HPOS="2323" VPOS="3710" WIDTH="63" HEIGHT="119"/>
               </TextLine>
            </TextBlock>
         </PrintSpace>
      </Page>
   </Layout>
</alto>
