<alto xmlns:xsi="http://www.w3.org/2001/XMLSchema-instance"
      xmlns="http://www.loc.gov/standards/alto/ns-v4#"
      xsi:schemaLocation="http://www.loc.gov/standards/alto/ns-v4# http://www.loc.gov/standards/alto/v4/alto-4-2.xsd">
   <Description>
      <MeasurementUnit>pixel</MeasurementUnit>
      <sourceImageInformation>
         <fileName>B_168_15-9-4_0004.jpg</fileName>
      </sourceImageInformation>
   </Description>
   <Tags>
      <OtherTag ID="BT365"
                LABEL="MainZone:column"
                DESCRIPTION="block type MainZone:column"/>
      <OtherTag ID="BT367" LABEL="MainZone" DESCRIPTION="block type MainZone"/>
      <OtherTag ID="BT368"
                LABEL="MarginTextZone"
                DESCRIPTION="block type MarginTextZone"/>
      <OtherTag ID="BT369"
                LABEL="MarginTextZone:note"
                DESCRIPTION="block type MarginTextZone:note"/>
      <OtherTag ID="BT370"
                LABEL="NumberingZone:other"
                DESCRIPTION="block type NumberingZone:other"/>
      <OtherTag ID="BT371"
                LABEL="NumberingZone:page"
                DESCRIPTION="block type NumberingZone:page"/>
      <OtherTag ID="BT379"
                LABEL="DecorationZone"
                DESCRIPTION="block type DecorationZone"/>
      <OtherTag ID="BT380"
                LABEL="CustomZone:signature"
                DESCRIPTION="block type CustomZone:signature"/>
      <OtherTag ID="LT118" LABEL="DefaultLine" DESCRIPTION="line type DefaultLine"/>
      <OtherTag ID="LT119" LABEL="HeadingLine" DESCRIPTION="line type HeadingLine"/>
      <OtherTag ID="LT120"
                LABEL="InterlinearLine"
                DESCRIPTION="line type InterlinearLine"/>
   </Tags>
   <Layout>
      <Page WIDTH="2754"
            HEIGHT="3743"
            PHYSICAL_IMG_NR="36"
            ID="eSc_dummypage_">
         <PrintSpace HPOS="0" VPOS="0" WIDTH="2754" HEIGHT="3743">
            <TextBlock HPOS="749"
                       VPOS="1859"
                       WIDTH="1630"
                       HEIGHT="733"
                       ID="eSc_textblock_ad6c3559"
                       TAGREFS="BT367">
               <Shape>
                  <Polygon POINTS="1617 1871 1629 1955 1683 1983 2079 2008 2157 2170 2366 2195 2379 2267 2241 2467 2129 2504 1720 2492 1542 2592 836 2554 786 2504 749 2021 1033 2008 1074 1871 1124 1859"/>
               </Shape>
               <TextLine ID="eSc_line_73cc57f8"
                         BASELINE="1071 1974 1583 1952"
                         HPOS="1061"
                         VPOS="1849"
                         WIDTH="528"
                         HEIGHT="159"
                         TAGREFS="LT118">
                  <Shape>
                     <Polygon POINTS="1071 1974 1061 1874 1164 1859 1167 1859 1170 1859 1174 1859 1174 1862 1186 1871 1202 1883 1286 1883 1305 1868 1327 1849 1330 1849 1333 1849 1336 1849 1339 1849 1405 1868 1433 1874 1448 1865 1480 1849 1483 1849 1486 1849 1576 1865 1583 1952 1589 1958 1558 1990 1558 1993 1554 1993 1551 1993 1548 1993 1455 1974 1445 1971 1439 1974 1423 1990 1420 1990 1417 1990 1414 1990 1411 1990 1389 1980 1383 1977 1380 1980 1361 1999 1361 2002 1358 2002 1355 2002 1352 2002 1283 1990 1230 1980 1071 2008"/>
                  </Shape>
                  <String CONTENT="Reconfession"
                          HPOS="1061"
                          VPOS="1849"
                          WIDTH="528"
                          HEIGHT="159"/>
               </TextLine>
               <TextLine ID="eSc_line_37e82550"
                         BASELINE="755 2086 1442 2064 2073 2083"
                         HPOS="749"
                         VPOS="1971"
                         WIDTH="1324"
                         HEIGHT="140"
                         TAGREFS="LT118">
                  <Shape>
                     <Polygon POINTS="755 2086 749 2002 899 2002 899 1999 949 1974 952 1974 955 1974 1108 1990 1183 1974 1186 1974 1189 1974 1192 1974 1211 1993 1277 1974 1280 1974 1283 1974 1286 1974 1289 1974 1330 1999 1333 1999 1426 1974 1430 1974 1433 1974 1436 1974 1489 1996 1598 1971 1601 1971 2070 1999 2073 2083 2070 2108 1860 2086 1801 2108 1798 2108 1795 2108 1795 2111 1626 2111 1623 2108 1620 2108 1617 2108 1617 2105 1579 2080 1233 2080 1183 2099 1180 2099 1177 2099 1174 2099 1170 2099 1139 2080 1099 2102 1086 2108 1083 2108 1080 2108 1077 2108 1064 2102 1033 2086 905 2086 877 2102 852 2111 849 2111 846 2111 752 2099"/>
                  </Shape>
                  <String CONTENT="Des Actes Crimes et delitz ppetres p"
                          HPOS="749"
                          VPOS="1971"
                          WIDTH="1324"
                          HEIGHT="140"/>
               </TextLine>
               <TextLine ID="eSc_line_ca8cf465"
                         BASELINE="808 2164 1211 2152 2076 2161"
                         HPOS="799"
                         VPOS="2074"
                         WIDTH="1277"
                         HEIGHT="125"
                         TAGREFS="LT118">
                  <Shape>
                     <Polygon POINTS="808 2164 799 2105 861 2083 864 2083 868 2083 958 2102 1039 2080 1042 2080 1046 2080 1049 2080 1089 2102 1142 2074 1145 2074 1149 2074 1152 2074 1236 2099 1327 2083 1330 2083 1333 2083 1380 2099 1405 2077 1408 2077 1411 2077 1414 2077 1417 2077 1501 2099 1530 2077 1533 2077 1536 2077 1539 2077 1614 2077 1617 2077 1620 2077 1658 2105 1658 2108 1732 2108 1732 2105 1754 2086 1754 2083 1757 2083 1761 2083 1764 2083 1867 2105 1935 2077 1939 2077 1942 2077 1945 2077 2001 2105 2001 2108 2073 2108 2076 2161 2073 2180 1842 2195 1839 2195 1836 2195 1776 2180 1745 2170 1723 2180 1686 2195 1683 2195 1683 2199 1476 2199 1473 2195 1470 2195 1467 2195 1442 2177 1433 2170 1386 2177 1320 2183 1317 2183 1220 2174 1139 2167 1127 2174 1117 2183 1114 2183 1111 2183 1108 2183 1105 2183 1074 2174 1049 2167 1005 2174 871 2192 868 2192 864 2192 799 2170"/>
                  </Shape>
                  <String CONTENT="Agatte femme de henry vouelin"
                          HPOS="799"
                          VPOS="2074"
                          WIDTH="1277"
                          HEIGHT="125"/>
               </TextLine>
               <TextLine ID="eSc_line_5e6076da"
                         BASELINE="824 2248 1970 2242 2366 2255"
                         HPOS="818"
                         VPOS="2158"
                         WIDTH="1548"
                         HEIGHT="134"
                         TAGREFS="LT118">
                  <Shape>
                     <Polygon POINTS="824 2248 818 2186 902 2183 936 2158 939 2158 942 2158 946 2158 1120 2177 1158 2158 1161 2158 1164 2158 1167 2158 1224 2174 1267 2161 1270 2161 1273 2161 1277 2161 1314 2180 1386 2158 1389 2158 1392 2158 1464 2158 1467 2158 1470 2158 1470 2161 1492 2183 1826 2183 1870 2161 1873 2161 1876 2161 2032 2180 2142 2158 2145 2158 2363 2183 2366 2255 2366 2286 2173 2289 2170 2289 2166 2289 2160 2286 2117 2267 2067 2286 2057 2289 2054 2289 2054 2292 1832 2292 1829 2289 1826 2289 1823 2289 1823 2286 1820 2286 1798 2264 1670 2280 1667 2280 1564 2264 1545 2280 1545 2283 1542 2283 1539 2283 1536 2283 1533 2283 1530 2283 1505 2264 1455 2280 1451 2280 1448 2280 1445 2280 1395 2264 1370 2283 1364 2289 1361 2289 1358 2289 1355 2289 1352 2289 1339 2283 1311 2270 1270 2283 1252 2289 1248 2289 1245 2289 1242 2289 1224 2283 1164 2264 824 2280"/>
                  </Shape>
                  <String CONTENT="de Beurnevesain. Que fust condempnee"
                          HPOS="818"
                          VPOS="2158"
                          WIDTH="1548"
                          HEIGHT="134"/>
               </TextLine>
               <TextLine ID="eSc_line_ec6da953"
                         BASELINE="821 2342 2195 2330"
                         HPOS="808"
                         VPOS="2255"
                         WIDTH="1387"
                         HEIGHT="121"
                         TAGREFS="LT118">
                  <Shape>
                     <Polygon POINTS="821 2342 808 2286 833 2264 836 2264 839 2264 843 2264 1108 2283 1195 2261 1199 2261 1202 2261 1573 2276 1592 2261 1592 2258 1595 2258 1598 2258 1601 2258 1604 2258 1679 2276 1798 2258 1801 2258 1804 2258 1845 2276 2101 2276 2135 2255 2138 2255 2142 2255 2145 2255 2148 2255 2191 2276 2195 2330 2191 2370 2017 2370 2013 2367 2010 2367 2007 2367 1960 2345 1832 2364 1786 2370 1782 2370 1779 2370 1776 2370 1776 2367 1770 2364 1757 2348 1579 2345 1539 2361 1508 2373 1505 2373 1501 2373 1498 2373 1470 2361 1448 2348 1170 2348 1089 2354 874 2376 871 2376 868 2376 814 2351"/>
                  </Shape>
                  <String CONTENT="destre mis a mort ple feug Mais p"
                          HPOS="808"
                          VPOS="2255"
                          WIDTH="1387"
                          HEIGHT="121"/>
               </TextLine>
               <TextLine ID="eSc_line_3eef0abe"
                         BASELINE="814 2432 1055 2420 2198 2417"
                         HPOS="805"
                         VPOS="2345"
                         WIDTH="1393"
                         HEIGHT="140"
                         TAGREFS="LT118">
                  <Shape>
                     <Polygon POINTS="814 2432 805 2376 846 2358 849 2358 852 2358 999 2370 1017 2354 1021 2354 1024 2354 1027 2354 1152 2370 1177 2351 1180 2351 1183 2351 1186 2351 1189 2351 1192 2351 1217 2370 1255 2351 1258 2351 1261 2351 1451 2370 1548 2348 1551 2348 1673 2348 1676 2348 1679 2348 1679 2351 1698 2367 1757 2348 1761 2348 1764 2348 1767 2348 1814 2367 1857 2348 1860 2348 1864 2348 2017 2348 2098 2367 2101 2367 2135 2345 2138 2345 2142 2345 2145 2345 2148 2345 2195 2367 2198 2417 2198 2445 2132 2476 2129 2476 2126 2476 2123 2476 2076 2457 2048 2482 2045 2482 2042 2482 2042 2485 1864 2485 1860 2482 1857 2482 1854 2482 1854 2479 1829 2457 1826 2451 1689 2439 1601 2454 1598 2454 1520 2439 1461 2464 1458 2464 1455 2464 1236 2439 1192 2473 1189 2473 1186 2473 1183 2473 1180 2473 1080 2445 1039 2457 1036 2457 1033 2457 927 2439 818 2485"/>
                  </Shape>
                  <String CONTENT="grace fust decapitee et dezla son"
                          HPOS="805"
                          VPOS="2345"
                          WIDTH="1393"
                          HEIGHT="140"/>
               </TextLine>
               <TextLine ID="eSc_line_12c36177"
                         BASELINE="833 2514 1670 2492"
                         HPOS="821"
                         VPOS="2426"
                         WIDTH="849"
                         HEIGHT="169"
                         TAGREFS="LT118">
                  <Shape>
                     <Polygon POINTS="833 2514 821 2467 858 2445 861 2445 864 2445 868 2445 871 2445 927 2461 1027 2439 1030 2439 1033 2439 1083 2454 1102 2439 1102 2436 1105 2436 1108 2436 1111 2436 1189 2448 1208 2432 1211 2432 1214 2432 1217 2432 1220 2432 1267 2451 1498 2426 1501 2426 1664 2442 1670 2492 1670 2532 1551 2579 1548 2579 1430 2582 1426 2582 1423 2582 1311 2548 1230 2548 1186 2579 1183 2579 1180 2579 1177 2579 986 2551 980 2551 977 2551 933 2592 933 2595 930 2595 927 2595 924 2595 921 2595 918 2595 918 2592 880 2557 833 2557"/>
                  </Shape>
                  <String CONTENT="corps jecte au feug."
                          HPOS="821"
                          VPOS="2426"
                          WIDTH="849"
                          HEIGHT="169"/>
               </TextLine>
            </TextBlock>
            <TextBlock HPOS="2335"
                       VPOS="3439"
                       WIDTH="107"
                       HEIGHT="110"
                       ID="eSc_textblock_fab6029b"
                       TAGREFS="BT371">
               <Shape>
                  <Polygon POINTS="2335 3439 2335 3549 2442 3549 2442 3439"/>
               </Shape>
               <TextLine ID="eSc_line_89e1d057"
                         BASELINE="2362 3523 2424 3527"
                         HPOS="2357"
                         VPOS="3440"
                         WIDTH="66"
                         HEIGHT="106"
                         TAGREFS="LT118">
                  <Shape>
                     <Polygon POINTS="2360 3521 2360 3440 2423 3440 2423 3524 2419 3534 2357 3546"/>
                  </Shape>
                  <String CONTENT="4" HPOS="2357" VPOS="3440" WIDTH="66" HEIGHT="106"/>
               </TextLine>
            </TextBlock>
         </PrintSpace>
      </Page>
   </Layout>
</alto>
