<alto xmlns:xsi="http://www.w3.org/2001/XMLSchema-instance"
      xmlns="http://www.loc.gov/standards/alto/ns-v4#"
      xsi:schemaLocation="http://www.loc.gov/standards/alto/ns-v4# http://www.loc.gov/standards/alto/v4/alto-4-2.xsd">
   <Description>
      <MeasurementUnit>pixel</MeasurementUnit>
      <sourceImageInformation>
         <fileName>B_168_15-9-4_0002.jpg</fileName>
      </sourceImageInformation>
   </Description>
   <Tags>
      <OtherTag ID="BT365"
                LABEL="MainZone:column"
                DESCRIPTION="block type MainZone:column"/>
      <OtherTag ID="BT367" LABEL="MainZone" DESCRIPTION="block type MainZone"/>
      <OtherTag ID="BT368"
                LABEL="MarginTextZone"
                DESCRIPTION="block type MarginTextZone"/>
      <OtherTag ID="BT369"
                LABEL="MarginTextZone:note"
                DESCRIPTION="block type MarginTextZone:note"/>
      <OtherTag ID="BT370"
                LABEL="NumberingZone:other"
                DESCRIPTION="block type NumberingZone:other"/>
      <OtherTag ID="BT371"
                LABEL="NumberingZone:page"
                DESCRIPTION="block type NumberingZone:page"/>
      <OtherTag ID="BT379"
                LABEL="DecorationZone"
                DESCRIPTION="block type DecorationZone"/>
      <OtherTag ID="BT380"
                LABEL="CustomZone:signature"
                DESCRIPTION="block type CustomZone:signature"/>
      <OtherTag ID="LT118" LABEL="DefaultLine" DESCRIPTION="line type DefaultLine"/>
      <OtherTag ID="LT119" LABEL="HeadingLine" DESCRIPTION="line type HeadingLine"/>
      <OtherTag ID="LT120"
                LABEL="InterlinearLine"
                DESCRIPTION="line type InterlinearLine"/>
   </Tags>
   <Layout>
      <Page WIDTH="2754"
            HEIGHT="3743"
            PHYSICAL_IMG_NR="34"
            ID="eSc_dummypage_">
         <PrintSpace HPOS="0" VPOS="0" WIDTH="2754" HEIGHT="3743">
            <TextBlock HPOS="374"
                       VPOS="885"
                       WIDTH="269"
                       HEIGHT="147"
                       ID="eSc_textblock_96e1c1cd"
                       TAGREFS="BT368">
               <Shape>
                  <Polygon POINTS="412 1032 374 923 412 885 643 907 643 1021"/>
               </Shape>
               <TextLine ID="eSc_line_bfe32a78"
                         BASELINE="380 988 610 988"
                         HPOS="374"
                         VPOS="854"
                         WIDTH="238"
                         HEIGHT="190"
                         TAGREFS="LT118">
                  <Shape>
                     <Polygon POINTS="377 985 380 860 424 873 465 867 527 854 530 854 533 854 612 876 608 985 605 1023 527 1016 518 1026 499 1041 499 1044 496 1044 493 1044 490 1044 374 1026"/>
                  </Shape>
                  <String CONTENT="Negat"
                          HPOS="374"
                          VPOS="854"
                          WIDTH="238"
                          HEIGHT="190"/>
               </TextLine>
            </TextBlock>
            <TextBlock HPOS="636"
                       VPOS="187"
                       WIDTH="1830"
                       HEIGHT="2741"
                       ID="eSc_textblock_b54f28d8"
                       TAGREFS="BT367">
               <Shape>
                  <Polygon POINTS="2341 1781 2166 1859 2316 1921 2341 2142 2429 2195 2416 2305 2266 2345 2391 2607 2404 2903 1645 2878 1286 2928 749 2891 774 1859 724 1784 761 1756 774 1434 699 1381 699 1285 786 1072 744 1051 744 872 749 870 736 736 636 720 636 623 774 508 774 436 674 371 774 187 2304 199 2341 333 2466 374 2429 670 2366 711 2454 1010 2341 1297 2391 1681"/>
               </Shape>
               <TextLine ID="eSc_line_6a21ff88"
                         BASELINE="736 293 1233 274 2316 268"
                         HPOS="727"
                         VPOS="165"
                         WIDTH="1589"
                         HEIGHT="156"
                         TAGREFS="LT118">
                  <Shape>
                     <Polygon POINTS="736 293 727 193 883 180 886 180 889 180 930 190 999 208 1033 190 1036 190 1039 190 1042 190 1089 190 1352 202 1370 190 1373 187 1377 187 1380 187 1383 187 1405 190 1458 202 1495 190 1551 171 1554 171 1558 171 1642 171 1720 190 1757 199 1767 190 1786 174 1786 171 1789 171 1792 171 1860 168 1864 168 2023 190 2082 196 2104 190 2163 165 2166 165 2170 165 2173 165 2176 165 2207 190 2216 193 2307 190 2316 268 2316 280 2282 299 2279 299 2276 299 1920 290 1795 286 1782 293 1761 308 1757 308 1754 308 1751 308 1748 308 1717 293 1707 290 1676 296 1595 308 1592 308 1589 308 1561 296 1545 290 1536 296 1520 311 1517 311 1514 311 1514 315 1377 315 1373 311 1370 311 1342 302 1308 290 1261 302 1224 315 1220 315 1217 315 1145 305 1042 293 1021 308 1008 318 1005 318 1002 318 1002 321 783 321 780 318 777 318 774 318 771 315 752 305 746 315"/>
                  </Shape>
                  <String CONTENT="Item confesse aussy que avec daultres"
                          HPOS="727"
                          VPOS="165"
                          WIDTH="1589"
                          HEIGHT="156"/>
               </TextLine>
               <TextLine ID="eSc_line_ad74d501"
                         BASELINE="693 371 1455 346 2298 339"
                         HPOS="683"
                         VPOS="271"
                         WIDTH="1612"
                         HEIGHT="112"
                         TAGREFS="LT118">
                  <Shape>
                     <Polygon POINTS="690 368 683 293 827 305 1049 286 1095 283 1099 283 1114 286 1164 296 1183 283 1189 280 1192 280 1195 280 1199 280 1283 283 1501 293 1517 280 1523 274 1526 274 1530 274 1533 274 1576 280 1654 290 2285 271 2295 336 2291 361 1683 355 1520 377 1517 377 1514 377 1511 377 1370 361 1189 383 1186 383 1183 383 1099 368 1089 380 1086 380 1086 383 1083 383 1080 383 1077 383 930 371 714 381"/>
                  </Shape>
                  <String CONTENT="elle a assiste a faire de la grelle"
                          HPOS="683"
                          VPOS="271"
                          WIDTH="1612"
                          HEIGHT="112"/>
               </TextLine>
               <TextLine ID="eSc_line_dc3bda1b"
                         BASELINE="802 452 1167 433 2454 408"
                         HPOS="796"
                         VPOS="339"
                         WIDTH="1658"
                         HEIGHT="128"
                         TAGREFS="LT118">
                  <Shape>
                     <Polygon POINTS="802 452 796 377 967 364 971 364 974 364 989 371 1017 383 1061 371 1089 361 1092 361 1095 361 1139 368 1217 380 1245 364 1258 358 1261 358 1264 358 1267 358 1270 358 1277 364 1295 380 1370 380 1445 361 1473 355 1476 355 1480 355 1489 358 1517 374 1608 358 1658 349 1661 349 1664 349 1689 355 1739 368 1870 352 1945 343 1948 343 1989 349 2067 361 2110 346 2126 339 2129 339 2132 339 2160 346 2232 358 2444 339 2454 408 2451 427 802 467"/>
                  </Shape>
                  <String CONTENT="et de la pluye par quelquefois. Et que la grelle"
                          HPOS="796"
                          VPOS="339"
                          WIDTH="1658"
                          HEIGHT="128"/>
               </TextLine>
               <TextLine ID="eSc_line_33c37b8d"
                         BASELINE="802 495 2432 464"
                         HPOS="796"
                         VPOS="402"
                         WIDTH="1636"
                         HEIGHT="118"
                         TAGREFS="LT118">
                  <Shape>
                     <Polygon POINTS="802 495 796 452 992 427 996 427 999 427 1055 442 1071 430 1071 427 1074 427 1077 427 1080 427 1248 439 1267 439 1280 424 1283 424 1283 421 1286 421 1289 421 1292 421 1423 436 1448 436 1608 436 1617 430 1651 414 1654 414 1658 414 1661 414 1689 427 1695 430 1707 427 1770 411 1773 411 1776 411 1882 424 1923 427 1945 421 1995 408 1998 408 2001 408 2004 408 2029 421 2042 424 2060 417 2110 405 2113 405 2117 405 2120 405 2142 417 2148 421 2154 417 2173 405 2176 405 2179 405 2182 405 2185 405 2216 414 2232 421 2241 414 2257 402 2260 402 2263 402 2266 402 2270 402 2291 414 2301 417 2423 411 2432 464 2432 480 2335 499 2332 499 2132 486 2110 486 2104 486 2079 505 2076 505 2073 505 2070 505 1811 492 1792 492 1776 492 1595 514 1592 514 1517 499 1442 517 1439 517 1436 517 1295 502 1292 502 1267 520 1264 520 1261 520 1258 520 799 508"/>
                  </Shape>
                  <String CONTENT="quelles feirent lannee passe icelle tomba sur le bois de"
                          HPOS="796"
                          VPOS="402"
                          WIDTH="1636"
                          HEIGHT="118"/>
               </TextLine>
               <TextLine ID="eSc_line_9c6a8650"
                         TAGREFS="LT120"
                         BASELINE="799 548 1086 533"
                         HPOS="793"
                         VPOS="498"
                         WIDTH="293"
                         HEIGHT="82">
                  <Shape>
                     <Polygon POINTS="810 522 876 500 1072 498 1086 533 1086 558 936 573 933 573 930 573 927 573 914 564 911 558 896 564 849 580 846 580 843 580 839 580 793 564"/>
                  </Shape>
                  <String CONTENT="Rechesie"
                          HPOS="793"
                          VPOS="498"
                          WIDTH="293"
                          HEIGHT="82"/>
               </TextLine>
               <TextLine ID="eSc_line_70478fcf"
                         BASELINE="743 611 1348 577 2319 561"
                         HPOS="733"
                         VPOS="489"
                         WIDTH="1586"
                         HEIGHT="150"
                         TAGREFS="LT118">
                  <Shape>
                     <Polygon POINTS="743 611 733 552 1102 542 1117 536 1183 511 1186 511 1189 511 1333 524 1451 505 1455 505 1458 505 1461 505 1480 520 1486 524 1492 520 1511 505 1514 505 1517 505 1592 502 1595 502 1598 502 1645 514 1686 524 1739 511 1798 495 1801 495 1804 495 1807 495 1836 508 1870 520 1967 520 1985 502 1998 492 1998 489 2001 489 2004 489 2007 489 2073 499 2179 511 2310 489 2319 561 2319 573 2182 598 2179 598 2176 598 2173 598 2148 583 2132 573 1970 577 1939 592 1882 611 1879 611 1876 611 1873 611 1836 595 1804 583 1751 598 1748 598 1745 598 1742 598 1736 598 1654 586 1598 605 1589 608 1586 608 1583 608 1579 608 1576 608 1576 605 1554 592 1539 608 1526 617 1526 620 1523 620 1520 620 1517 620 1514 620 1480 611 1426 592 1401 614 1389 623 1386 623 1383 623 1380 623 1327 617 1230 601 1180 623 1167 626 1164 626 1161 626 1158 626 1152 623 1105 601 743 639"/>
                  </Shape>
                  <String CONTENT="Item confesse que dudit poulsat quelle en a"
                          HPOS="733"
                          VPOS="489"
                          WIDTH="1586"
                          HEIGHT="150"/>
               </TextLine>
               <TextLine ID="eSc_line_c1efa784"
                         BASELINE="820 690 1270 658 2416 633"
                         HPOS="808"
                         VPOS="555"
                         WIDTH="1605"
                         HEIGHT="149"
                         TAGREFS="LT118">
                  <Shape>
                     <Polygon POINTS="818 689 808 626 849 605 852 605 855 605 958 617 980 598 980 595 983 595 986 595 989 595 1202 611 1220 611 1242 589 1242 586 1245 586 1248 586 1252 586 1361 605 1367 605 1398 583 1401 583 1405 583 1408 583 1411 583 1448 601 1458 605 1476 598 1561 577 1564 577 1567 577 1701 577 1704 577 1707 577 1726 589 1732 595 1742 589 1776 570 1779 570 1782 570 1786 570 1836 586 1864 592 1898 583 1942 570 1945 570 1948 570 1951 570 1973 580 1995 589 2117 586 2126 573 2135 567 2135 564 2138 564 2142 564 2145 564 2148 564 2151 564 2151 567 2157 573 2170 583 2257 583 2285 567 2313 555 2316 555 2319 555 2407 564 2413 630 2410 658 2344 651 2329 661 2323 667 2319 667 2316 667 2313 667 2310 667 2307 667 2307 664 2301 661 2282 645 2223 645 2201 661 2198 661 2195 661 2191 661 2013 651 1989 670 1979 676 1976 676 1973 676 1970 676 1914 670 1826 661 1754 673 1711 683 1707 683 1704 683 1701 683 1701 679 1695 676 1689 670 1676 676 1673 679 1670 679 1667 679 1664 679 1645 676 1573 664 1558 679 1554 679 1554 683 1551 683 1548 683 1545 683 1526 679 1473 667 1458 683 1445 692 1442 692 1439 692 1436 692 1373 683 1302 673 1248 686 1227 692 1224 692 1220 692 1217 692 1214 692 1211 689 1192 676 1071 676 1033 692 996 704 992 704 989 704 814 695"/>
                  </Shape>
                  <String CONTENT="heu Jete sur lund des chevaulx au voueble"
                          HPOS="808"
                          VPOS="555"
                          WIDTH="1605"
                          HEIGHT="149"/>
               </TextLine>
               <TextLine ID="eSc_line_1961b63b"
                         BASELINE="793 770 1252 742 2254 720"
                         HPOS="789"
                         VPOS="651"
                         WIDTH="1471"
                         HEIGHT="150"
                         TAGREFS="LT118">
                  <Shape>
                     <Polygon POINTS="793 770 789 683 889 698 899 686 902 686 902 683 905 683 908 683 911 683 974 695 996 679 999 673 1002 673 1005 673 1008 673 1052 676 1152 689 1174 676 1180 670 1183 670 1186 670 1189 670 1192 670 1195 670 1202 676 1224 689 1248 673 1258 670 1261 670 1264 670 1267 670 1283 673 1330 686 1367 673 1389 664 1392 664 1395 664 1398 664 1423 670 1442 679 1451 670 1461 664 1461 661 1464 661 1467 661 1551 658 1554 658 1558 658 1592 670 1614 676 1761 676 1773 667 1795 651 1798 651 1801 651 1804 651 2248 661 2254 720 2260 729 2238 748 2235 748 2232 748 2229 748 2060 739 2001 736 1973 742 1882 770 1879 770 1876 770 1873 770 1836 748 1820 742 1782 751 1711 773 1707 773 1589 776 1586 776 1583 776 1579 776 1579 773 1567 764 1554 751 1383 754 1358 773 1342 786 1339 786 1336 786 1333 786 1330 786 1311 776 1277 757 1189 773 1186 773 1183 773 1149 761 1120 786 1114 792 1111 792 1108 792 1105 792 1102 792 1099 792 1092 789 1055 764 1017 792 1014 795 1011 795 1008 795 793 801"/>
                  </Shape>
                  <String CONTENT="dudit Beurnevesain dequoi il en morut"
                          HPOS="789"
                          VPOS="651"
                          WIDTH="1471"
                          HEIGHT="150"/>
               </TextLine>
               <TextLine ID="eSc_line_903b0abf"
                         BASELINE="786 923 1108 888 1430 873 2391 854"
                         HPOS="780"
                         VPOS="773"
                         WIDTH="1611"
                         HEIGHT="159"
                         TAGREFS="LT118">
                  <Shape>
                     <Polygon POINTS="786 923 780 807 846 807 849 807 852 807 852 810 883 842 911 842 958 804 961 804 964 804 967 804 971 804 974 804 1083 835 1155 804 1158 804 1161 804 1164 804 1242 820 1280 804 1286 801 1289 801 1292 801 1295 801 1302 804 1352 826 1370 807 1370 804 1373 804 1377 804 1380 801 1501 786 1505 786 1508 786 1545 801 1576 814 1639 801 1701 789 1704 789 1754 801 1811 814 1848 801 1914 773 1917 773 1920 773 1923 773 2023 798 2051 804 2382 798 2391 854 2388 864 2079 885 2076 885 2073 885 2054 879 2026 870 1851 870 1842 885 1839 885 1839 888 1836 888 1832 888 1829 888 1826 888 1792 876 1754 892 1720 907 1717 907 1714 907 1711 907 1683 895 1645 879 1586 901 1570 904 1567 904 1564 904 1561 904 1558 904 1554 901 1533 882 1480 904 1476 904 1473 904 1470 904 1464 904 1305 888 1224 913 1199 923 1195 923 1192 923 1189 923 1167 917 1105 901 1024 923 1011 926 1008 926 1005 926 1002 926 999 926 977 910 961 926 958 929 955 929 952 929 786 932"/>
                  </Shape>
                  <String CONTENT="Item confesse avoir aussy faict a mourir"
                          HPOS="780"
                          VPOS="773"
                          WIDTH="1611"
                          HEIGHT="159"/>
               </TextLine>
               <TextLine ID="eSc_line_b7c1c196"
                         BASELINE="794 988 874 988 1361 954 2391 932"
                         HPOS="786"
                         VPOS="854"
                         WIDTH="1602"
                         HEIGHT="153"
                         TAGREFS="LT118">
                  <Shape>
                     <Polygon POINTS="793 985 786 926 927 898 930 898 933 898 936 898 936 901 955 917 958 920 1046 920 1052 913 1108 888 1111 888 1114 888 1117 888 1167 910 1174 913 1177 910 1199 888 1199 885 1202 885 1205 885 1208 885 1211 885 1283 904 1302 910 1330 904 1408 879 1411 879 1414 879 1505 892 1636 876 1639 876 1642 876 1689 888 1717 898 1732 888 1761 870 1764 870 1767 870 1770 870 1773 870 1804 885 1826 895 1895 882 1985 864 1989 864 1992 864 2038 876 2079 885 2101 873 2132 857 2135 857 2138 857 2142 857 2185 870 2216 879 2229 870 2245 854 2248 854 2251 854 2254 854 2257 854 2285 867 2316 879 2376 864 2388 929 2388 941 2298 960 2295 960 2291 960 2266 948 2260 945 2254 948 2216 966 2213 966 2210 966 2207 966 2154 954 2145 951 2142 954 2120 970 2117 970 2113 970 2110 970 1985 960 1910 954 1879 963 1832 979 1829 979 1829 982 1683 982 1679 979 1676 979 1673 979 1667 973 1651 960 1576 976 1517 988 1514 988 1511 988 1489 979 1458 966 1208 970 1114 995 1086 1001 1083 1001 1058 998 999 988 793 1007"/>
                  </Shape>
                  <String CONTENT="au voueble une vache. Laquelle Il avoit"
                          HPOS="786"
                          VPOS="854"
                          WIDTH="1602"
                          HEIGHT="153"/>
               </TextLine>
               <TextLine ID="eSc_line_bff887bf"
                         BASELINE="805 1069 1717 1019 2316 1023 2404 1035"
                         HPOS="799"
                         VPOS="932"
                         WIDTH="1605"
                         HEIGHT="175"
                         TAGREFS="LT118">
                  <Shape>
                     <Polygon POINTS="805 1069 799 1010 974 1004 974 1001 999 982 1002 982 1005 982 1008 982 1011 982 1058 995 1155 970 1158 970 1161 970 1164 970 1236 991 1330 963 1333 963 1336 963 1548 979 1604 954 1608 954 1611 954 1842 970 1848 970 1870 948 1870 945 1873 945 1876 945 1948 941 1951 941 1954 941 2020 963 2023 963 2179 960 2182 957 2229 932 2232 932 2235 932 2404 951 2404 1035 2401 1076 2195 1085 2191 1085 2188 1085 2185 1085 2182 1082 2120 1032 2023 1085 2020 1085 2017 1085 2013 1085 2010 1085 2007 1085 1907 1032 1764 1032 1729 1063 1729 1066 1726 1066 1723 1066 1720 1066 1717 1066 1623 1032 1505 1060 1501 1060 1498 1060 1451 1044 1420 1072 1420 1076 1417 1076 1414 1076 1411 1076 1408 1076 1405 1076 1367 1051 1323 1066 1320 1066 1317 1066 1236 1054 1174 1101 1170 1101 1167 1101 1164 1101 1161 1101 1158 1101 1105 1063 805 1107"/>
                  </Shape>
                  <String CONTENT="elle avoit frappe avec une verge que sondit"
                          HPOS="799"
                          VPOS="932"
                          WIDTH="1605"
                          HEIGHT="175"/>
               </TextLine>
               <TextLine ID="eSc_line_f018a10b"
                         BASELINE="793 1150 1570 1101 1954 1088"
                         HPOS="783"
                         VPOS="1016"
                         WIDTH="1171"
                         HEIGHT="175"
                         TAGREFS="LT118">
                  <Shape>
                     <Polygon POINTS="793 1150 783 1101 942 1063 946 1063 949 1063 1024 1085 1027 1085 1180 1079 1180 1076 1205 1051 1205 1048 1208 1048 1211 1048 1261 1044 1264 1044 1267 1044 1270 1044 1295 1060 1392 1038 1395 1038 1398 1038 1464 1060 1542 1035 1545 1035 1548 1035 1701 1044 1742 1016 1745 1016 1748 1016 1751 1016 1754 1016 1757 1016 1792 1041 1795 1041 1948 1035 1954 1088 1954 1097 1901 1119 1898 1119 1895 1119 1695 1116 1661 1116 1654 1119 1604 1150 1601 1150 1598 1150 1595 1150 1480 1132 1470 1129 1467 1132 1433 1163 1433 1166 1430 1166 1426 1166 1383 1169 1380 1169 1377 1169 1373 1169 1333 1141 1327 1138 1283 1138 1267 1144 1224 1172 1220 1172 1217 1172 1214 1172 1211 1172 1208 1172 1208 1169 1195 1160 1120 1185 1117 1185 971 1191 967 1191 964 1191 961 1191 930 1166 921 1163 793 1175"/>
                  </Shape>
                  <String CONTENT="maitre grappin lui avoit donne"
                          HPOS="783"
                          VPOS="1016"
                          WIDTH="1171"
                          HEIGHT="175"/>
               </TextLine>
               <TextLine ID="eSc_line_4a069d71"
                         BASELINE="761 1297 1077 1266 1523 1247 2338 1247"
                         HPOS="749"
                         VPOS="1166"
                         WIDTH="1589"
                         HEIGHT="137"
                         TAGREFS="LT118">
                  <Shape>
                     <Polygon POINTS="761 1297 749 1219 818 1188 821 1188 824 1188 827 1188 908 1216 918 1216 936 1213 1161 1179 1164 1179 1167 1179 1233 1203 1383 1185 1386 1185 1389 1185 1423 1200 1464 1172 1467 1172 1470 1172 1473 1172 1533 1172 1536 1172 1539 1172 1567 1197 1595 1172 1595 1169 1598 1169 1601 1169 1604 1169 1608 1169 1611 1169 1654 1197 1661 1200 1695 1200 1698 1194 1736 1166 1739 1166 1742 1166 1745 1166 1926 1172 1929 1172 1932 1172 1948 1188 1976 1169 1979 1169 1982 1169 1985 1169 1989 1169 2038 1188 2054 1191 2332 1182 2338 1247 2332 1260 1776 1260 1754 1278 1748 1281 1748 1285 1745 1285 1742 1285 1739 1285 1736 1285 1732 1285 1726 1278 1701 1263 1517 1263 1430 1288 1405 1291 1401 1291 1380 1288 1289 1269 1255 1291 1252 1294 1248 1294 1245 1294 1245 1297 1133 1297 1130 1294 1127 1294 1124 1294 1095 1275 761 1303"/>
                  </Shape>
                  <String CONTENT="Item confesse aussy avoir faict a mourir"
                          HPOS="749"
                          VPOS="1166"
                          WIDTH="1589"
                          HEIGHT="137"/>
               </TextLine>
               <TextLine ID="eSc_line_b935aa28"
                         BASELINE="808 1363 2254 1319"
                         HPOS="796"
                         VPOS="1250"
                         WIDTH="1455"
                         HEIGHT="141"
                         TAGREFS="LT118">
                  <Shape>
                     <Polygon POINTS="805 1359 799 1303 1108 1275 1111 1275 1186 1294 1208 1297 1220 1291 1255 1275 1258 1275 1420 1266 1423 1266 1561 1285 1573 1285 1589 1285 1729 1257 1732 1257 1736 1257 1782 1278 2132 1272 2132 1269 2151 1253 2151 1250 2154 1250 2157 1250 2160 1250 2245 1269 2251 1316 2248 1325 2157 1347 2154 1347 2151 1347 2104 1331 2098 1331 1954 1338 1910 1363 1907 1363 1904 1363 1817 1347 1736 1369 1732 1369 1729 1369 1726 1369 1676 1344 1611 1344 1464 1344 1458 1347 1323 1381 1320 1381 1317 1381 1180 1356 1117 1388 1114 1388 1111 1388 961 1366 839 1391 836 1391 833 1391 830 1391 796 1366"/>
                  </Shape>
                  <String CONTENT="une vache a Petre Malgrain avec du"
                          HPOS="796"
                          VPOS="1250"
                          WIDTH="1455"
                          HEIGHT="141"/>
               </TextLine>
               <TextLine ID="eSc_line_daded1d8"
                         BASELINE="818 1450 2319 1394"
                         HPOS="808"
                         VPOS="1331"
                         WIDTH="1515"
                         HEIGHT="159"
                         TAGREFS="LT118">
                  <Shape>
                     <Polygon POINTS="818 1450 808 1403 1011 1372 1014 1372 1199 1381 1220 1363 1224 1363 1227 1363 1230 1363 1233 1363 1305 1381 1308 1381 1314 1381 1392 1356 1395 1356 1398 1356 1539 1372 1554 1372 1579 1369 1707 1350 1711 1350 1964 1353 2013 1353 2020 1350 2060 1331 2063 1331 2067 1331 2070 1331 2073 1331 2098 1347 2104 1350 2310 1341 2319 1394 2323 1406 2254 1425 2251 1425 2248 1425 2176 1416 2173 1416 2160 1431 2157 1431 2157 1434 2154 1434 2151 1434 2148 1434 2145 1434 2107 1419 2104 1419 1807 1428 1789 1437 1736 1456 1732 1456 1729 1456 1726 1456 1698 1444 1676 1431 1617 1447 1614 1447 1611 1447 1608 1447 1601 1447 1492 1437 1473 1456 1464 1462 1464 1466 1461 1466 1458 1466 1455 1466 1451 1466 1448 1466 1436 1456 1408 1441 1336 1441 1314 1462 1308 1469 1308 1472 1305 1472 1302 1472 1149 1478 1149 1481 1095 1481 1092 1478 1089 1478 1086 1478 1086 1475 1064 1456 1027 1481 1024 1481 1021 1481 946 1484 942 1484 939 1484 936 1484 905 1462 821 1490"/>
                  </Shape>
                  <String CONTENT="poulsat que sondit maître lui avoit donne"
                          HPOS="808"
                          VPOS="1331"
                          WIDTH="1515"
                          HEIGHT="159"/>
               </TextLine>
               <TextLine ID="eSc_line_e69efe45"
                         BASELINE="786 1587 2316 1572"
                         HPOS="780"
                         VPOS="1490"
                         WIDTH="1536"
                         HEIGHT="110"
                         TAGREFS="LT118">
                  <Shape>
                     <Polygon POINTS="786 1587 780 1503 886 1500 889 1500 893 1500 902 1503 986 1531 1027 1503 1033 1500 1036 1500 1039 1500 1042 1500 1046 1500 1061 1506 1130 1528 1189 1506 1214 1497 1217 1497 1220 1497 1273 1506 1364 1528 1383 1509 1398 1497 1398 1494 1401 1494 1405 1494 1408 1494 1514 1497 1517 1497 1545 1509 1570 1525 1601 1512 1629 1500 1633 1500 1636 1500 1639 1500 1664 1512 1689 1525 1782 1525 1807 1515 1873 1490 1876 1490 1879 1490 1882 1490 1885 1490 1917 1515 1923 1522 1929 1515 1951 1500 1954 1500 1957 1500 1960 1500 1964 1500 1995 1515 2001 1522 2010 1515 2032 1503 2035 1503 2038 1503 2042 1503 2310 1522 2316 1572 2316 1590 786 1600"/>
                  </Shape>
                  <String CONTENT="Item de plus confesse avoir faict mourir"
                          HPOS="780"
                          VPOS="1490"
                          WIDTH="1536"
                          HEIGHT="110"/>
               </TextLine>
               <TextLine ID="eSc_line_6aacb033"
                         BASELINE="793 1662 2376 1653"
                         HPOS="789"
                         VPOS="1581"
                         WIDTH="1590"
                         HEIGHT="122"
                         TAGREFS="LT118">
                  <Shape>
                     <Polygon POINTS="793 1662 789 1593 977 1606 989 1593 996 1590 996 1587 999 1587 1002 1587 1005 1587 1095 1587 1099 1587 1102 1587 1102 1590 1108 1593 1120 1609 1186 1609 1217 1593 1230 1590 1233 1590 1236 1590 1239 1590 1255 1593 1286 1606 1311 1597 1336 1584 1339 1584 1342 1584 1505 1584 1508 1584 1511 1584 1526 1597 1536 1603 1576 1597 1654 1584 1658 1584 1661 1584 1664 1584 1664 1587 1676 1597 1683 1603 1698 1597 1736 1587 1739 1587 1742 1587 1798 1597 1826 1603 1851 1600 1942 1581 1945 1581 2088 1600 2098 1600 2101 1600 2148 1581 2151 1581 2154 1581 2157 1581 2160 1581 2160 1584 2179 1600 2179 1603 2369 1603 2376 1653 2379 1668 2348 1693 2344 1693 2341 1693 2341 1696 2198 1696 2195 1693 2191 1693 2188 1693 2157 1671 2154 1668 2151 1671 2126 1693 2123 1693 2120 1693 2120 1696 1954 1696 1951 1693 1948 1693 1945 1693 1945 1690 1929 1678 1917 1668 1854 1681 1786 1690 1782 1690 1779 1690 1776 1690 1764 1681 1748 1671 1714 1684 1698 1687 1695 1687 1692 1687 1689 1687 1676 1684 1633 1671 1330 1671 1236 1693 1208 1699 1205 1699 1161 1696 1036 1681 1011 1696 1008 1696 1005 1696 1002 1696 999 1696 996 1696 996 1693 971 1674 793 1703"/>
                  </Shape>
                  <String CONTENT="avec dudit poulsat une vache a Jehan du pray"
                          HPOS="789"
                          VPOS="1581"
                          WIDTH="1590"
                          HEIGHT="122"/>
               </TextLine>
               <TextLine ID="eSc_line_7d0ad562"
                         BASELINE="808 1749 1417 1734 2326 1737"
                         HPOS="799"
                         VPOS="1656"
                         WIDTH="1530"
                         HEIGHT="140"
                         TAGREFS="LT118">
                  <Shape>
                     <Polygon POINTS="808 1749 799 1696 861 1678 864 1678 868 1678 980 1690 1055 1662 1058 1662 1061 1662 1064 1662 1067 1662 1067 1665 1099 1690 1199 1687 1224 1665 1224 1662 1227 1662 1230 1662 1233 1662 1236 1662 1280 1687 1308 1662 1311 1662 1314 1662 1317 1662 1464 1687 1505 1659 1508 1659 1511 1659 1514 1659 1639 1659 1642 1659 1645 1659 1645 1662 1676 1690 1720 1690 1789 1659 1792 1659 1795 1659 1882 1659 1885 1659 1932 1684 1957 1662 1960 1662 1964 1662 1967 1662 1970 1662 2035 1684 2057 1665 2057 1662 2060 1662 2063 1662 2067 1662 2070 1662 2117 1674 2182 1656 2185 1656 2188 1656 2191 1656 2195 1656 2195 1659 2223 1687 2323 1687 2326 1737 2329 1752 2245 1790 2241 1790 2241 1793 2157 1793 2154 1790 2151 1790 2148 1790 2148 1787 2117 1756 2113 1752 2060 1752 1876 1752 1867 1762 1820 1793 1817 1793 1814 1793 1814 1796 1639 1796 1636 1793 1633 1793 1629 1793 1592 1765 1573 1756 1439 1756 1426 1768 1411 1781 1411 1784 1408 1784 1405 1784 1401 1784 1398 1784 1395 1784 1373 1768 1352 1759 1286 1759 1245 1771 1174 1796 1170 1796 1167 1796 1036 1777 961 1796 958 1796 955 1796 952 1796 914 1777 889 1765 808 1777"/>
                  </Shape>
                  <String CONTENT="a raison quil lui avoit refuse de vendre"
                          HPOS="799"
                          VPOS="1656"
                          WIDTH="1530"
                          HEIGHT="140"/>
               </TextLine>
               <TextLine ID="eSc_line_2a5ac305"
                         BASELINE="746 1821 1342 1815"
                         HPOS="740"
                         VPOS="1762"
                         WIDTH="605"
                         HEIGHT="109"
                         TAGREFS="LT118">
                  <Shape>
                     <Polygon POINTS="746 1821 740 1762 1336 1765 1342 1815 1345 1837 1305 1865 1302 1865 1298 1865 1295 1865 1292 1865 1242 1849 1177 1865 1174 1865 1170 1865 1167 1865 1099 1837 1095 1837 1092 1840 1046 1868 1042 1868 1039 1868 1039 1871 955 1871 952 1868 949 1868 946 1868 905 1840 902 1840 746 1840"/>
                  </Shape>
                  <String CONTENT="de la grainne."
                          HPOS="740"
                          VPOS="1762"
                          WIDTH="605"
                          HEIGHT="109"/>
               </TextLine>
               <TextLine ID="eSc_line_3cbf7739"
                         BASELINE="768 1974 2291 1996"
                         HPOS="761"
                         VPOS="1890"
                         WIDTH="1530"
                         HEIGHT="134"
                         TAGREFS="LT118">
                  <Shape>
                     <Polygon POINTS="768 1974 765 1905 905 1890 908 1890 911 1890 955 1908 989 1921 1014 1908 1046 1893 1049 1893 1052 1893 1205 1893 1208 1893 1211 1893 1211 1896 1233 1912 1236 1915 1242 1912 1283 1902 1286 1902 1289 1902 1292 1902 1295 1902 1308 1915 1327 1927 1383 1915 1451 1902 1455 1902 1458 1902 1461 1902 1461 1905 1476 1918 1489 1930 1530 1918 1561 1908 1564 1908 1567 1908 1570 1908 1573 1908 1589 1918 1604 1930 1642 1921 1673 1912 1676 1912 1679 1912 1683 1912 1701 1921 1726 1937 1945 1937 1960 1927 1973 1915 1976 1915 1979 1915 1982 1915 1985 1915 2007 1927 2029 1937 2288 1933 2291 1996 2288 2005 1857 2024 1854 2024 1617 1999 1323 2014 1320 2014 1317 2014 1270 1999 1220 2011 1217 2011 1214 2011 1211 2011 1208 2011 1183 1993 1142 2008 1139 2008 1136 2008 1133 2008 1130 2008 1130 2005 1114 1993 1017 2005 1014 2005 1011 2005 974 1990 952 2008 949 2008 946 2008 942 2008 939 2008 936 2008 936 2005 921 1990 886 2008 883 2008 880 2008 761 1983"/>
                  </Shape>
                  <String CONTENT="Item confesse que sont environ huict ans"
                          HPOS="761"
                          VPOS="1890"
                          WIDTH="1530"
                          HEIGHT="134"/>
               </TextLine>
               <TextLine ID="eSc_line_894de8f6"
                         BASELINE="849 2073 1187 2062"
                         HPOS="836"
                         VPOS="1983"
                         WIDTH="387"
                         HEIGHT="113"
                         TAGREFS="LT118">
                  <Shape>
                     <Polygon POINTS="846 2071 836 2008 893 1983 896 1983 899 1983 989 1993 1064 1999 1223 1998 1186 2061 1186 2074 967 2074 846 2096"/>
                  </Shape>
                  <String CONTENT="quicelle +"
                          HPOS="836"
                          VPOS="1983"
                          WIDTH="387"
                          HEIGHT="113"/>
               </TextLine>
               <TextLine ID="eSc_line_6f7403ea"
                         BASELINE="1199 2066 2318 2094"
                         HPOS="1192"
                         VPOS="1986"
                         WIDTH="1124"
                         HEIGHT="131"
                         TAGREFS="LT118">
                  <Shape>
                     <Polygon POINTS="1195 2064 1192 2011 1292 1986 1295 1986 1298 1986 1355 2014 1358 2014 1364 2014 1523 1993 1526 1993 1530 1993 1533 1993 1573 2021 1579 2024 1767 2024 1770 2024 1807 1999 1811 1999 1814 1999 1817 1999 1820 1999 1823 1999 1857 2024 1910 2002 1914 2002 1917 2002 1920 2002 2020 2030 2023 2033 2151 2033 2182 2008 2185 2008 2188 2008 2191 2008 2316 2039 2316 2092 2310 2114 2170 2102 2107 2111 2070 2117 2067 2117 2026 2111 1939 2092 1773 2105 1720 2108 1717 2108 1714 2108 1698 2105 1633 2083 1289 2077 1192 2092"/>
                  </Shape>
                  <String CONTENT="feist a mourir leur Une fille"
                          HPOS="1192"
                          VPOS="1986"
                          WIDTH="1124"
                          HEIGHT="131"/>
               </TextLine>
               <TextLine ID="eSc_line_d70be8ee"
                         BASELINE="802 2149 2223 2161"
                         HPOS="796"
                         VPOS="2077"
                         WIDTH="1427"
                         HEIGHT="122"
                         TAGREFS="LT118">
                  <Shape>
                     <Polygon POINTS="802 2149 802 2089 905 2099 933 2089 974 2077 977 2077 980 2077 983 2077 1017 2092 1033 2099 1046 2092 1067 2077 1071 2077 1074 2077 1077 2077 1156 2077 1277 2080 1280 2080 1283 2080 1283 2083 1298 2096 1302 2099 1314 2096 1386 2080 1389 2080 1392 2080 1442 2099 1455 2105 1633 2105 1648 2102 1704 2083 1707 2083 1711 2083 1714 2083 1748 2102 1754 2105 1764 2102 1832 2083 1836 2083 1839 2083 1842 2083 1885 2105 1895 2111 2076 2111 2079 2108 2113 2086 2117 2086 2120 2086 2123 2086 2220 2111 2223 2161 2220 2170 2004 2199 2001 2199 1836 2170 1686 2189 1683 2189 1430 2167 1361 2192 1358 2192 1355 2192 1352 2192 1348 2192 1348 2189 1320 2167 1280 2167 1147 2165 1050 2158 996 2189 992 2189 989 2189 796 2158"/>
                  </Shape>
                  <String CONTENT="a Bastien Simon monnier : Parce que"
                          HPOS="796"
                          VPOS="2077"
                          WIDTH="1427"
                          HEIGHT="122"/>
               </TextLine>
               <TextLine ID="eSc_line_e58b0dc5"
                         TAGREFS="LT120"
                         BASELINE="1060 2188 1193 2194"
                         HPOS="1055"
                         VPOS="2136"
                         WIDTH="137"
                         HEIGHT="78">
                  <Shape>
                     <Polygon POINTS="1058 2186 1055 2142 1189 2136 1192 2192 1189 2199 1055 2214"/>
                  </Shape>
                  <String CONTENT="fille"
                          HPOS="1055"
                          VPOS="2136"
                          WIDTH="137"
                          HEIGHT="78"/>
               </TextLine>
               <TextLine ID="eSc_line_c3b07eb7"
                         BASELINE="799 2233 1259 2233"
                         HPOS="793"
                         VPOS="2142"
                         WIDTH="466"
                         HEIGHT="131"
                         TAGREFS="LT118">
                  <Shape>
                     <Polygon POINTS="799 2233 799 2142 961 2170 1055 2152 1074 2149 1083 2149 1083 2152 1086 2152 1105 2174 1259 2161 1259 2247 1017 2248 1011 2252 996 2267 996 2270 989 2270 989 2273 936 2273 933 2270 793 2245"/>
                  </Shape>
                  <String CONTENT="la femme"
                          HPOS="793"
                          VPOS="2142"
                          WIDTH="466"
                          HEIGHT="131"/>
               </TextLine>
               <TextLine ID="eSc_line_67c6209f"
                         BASELINE="1270 2233 1373 2233 2419 2267"
                         HPOS="1261"
                         VPOS="2155"
                         WIDTH="1158"
                         HEIGHT="146"
                         TAGREFS="LT118">
                  <Shape>
                     <Polygon POINTS="1267 2230 1264 2167 1336 2155 1336 2155 1339 2155 1339 2155 1339 2155 1342 2155 1342 2155 1345 2155 1345 2155 1345 2158 1361 2170 1373 2180 1386 2170 1405 2158 1408 2158 1408 2158 1408 2158 1411 2158 1411 2158 1411 2158 1414 2158 1414 2158 1417 2158 1480 2174 1548 2161 1548 2161 1548 2161 1551 2161 1551 2161 1554 2161 1554 2161 1554 2161 1558 2161 1589 2180 1604 2192 1754 2195 1770 2189 1795 2177 1795 2177 1795 2177 1798 2177 1798 2177 1801 2177 1801 2177 1801 2177 1804 2177 1804 2177 1804 2177 1807 2177 1807 2177 1807 2180 1811 2180 1820 2192 1823 2199 1932 2202 1948 2199 2007 2180 2010 2180 2010 2180 2010 2180 2013 2180 2013 2180 2017 2180 2017 2180 2017 2180 2020 2180 2020 2180 2020 2183 2023 2183 2035 2202 2038 2205 2042 2202 2092 2180 2092 2180 2095 2180 2095 2180 2095 2180 2098 2180 2098 2180 2101 2180 2101 2180 2101 2180 2104 2180 2104 2180 2129 2202 2204 2183 2207 2183 2207 2183 2210 2183 2210 2183 2210 2183 2213 2183 2213 2183 2216 2183 2216 2183 2216 2186 2220 2186 2235 2205 2316 2186 2316 2186 2316 2186 2319 2186 2385 2189 2385 2189 2385 2189 2388 2189 2388 2189 2388 2189 2391 2189 2391 2189 2391 2192 2419 2220 2416 2264 2404 2301 2376 2280 2276 2295 2226 2301 2226 2301 2223 2301 2142 2298 2142 2298 2142 2298 2138 2298 2138 2298 2138 2298 2135 2298 2135 2298 2126 2289 2101 2267 1836 2261 1779 2273 1757 2280 1754 2280 1754 2280 1751 2280 1751 2280 1751 2280 1748 2280 1748 2280 1748 2280 1732 2273 1704 2258 1679 2270 1654 2283 1654 2283 1654 2283 1651 2283 1651 2283 1648 2283 1648 2283 1648 2283 1645 2283 1645 2283 1604 2267 1570 2255 1505 2264 1489 2264 1489 2264 1486 2264 1486 2264 1486 2264 1483 2264 1483 2264 1476 2261 1445 2248 1420 2261 1389 2273 1389 2273 1386 2273 1386 2273 1386 2273 1383 2273 1383 2273 1261 2252"/>
                  </Shape>
                  <String CONTENT="dudit Simon luy avoit refuse"
                          HPOS="1261"
                          VPOS="2155"
                          WIDTH="1158"
                          HEIGHT="146"/>
               </TextLine>
               <TextLine ID="eSc_line_4c61ae3f"
                         BASELINE="783 2342 1960 2311"
                         HPOS="768"
                         VPOS="2236"
                         WIDTH="1192"
                         HEIGHT="147"
                         TAGREFS="LT118">
                  <Shape>
                     <Polygon POINTS="783 2342 768 2286 808 2261 811 2261 814 2261 818 2261 821 2261 871 2283 952 2283 955 2280 1005 2255 1008 2255 1011 2255 1111 2267 1133 2252 1136 2252 1139 2252 1142 2252 1205 2264 1311 2248 1314 2248 1317 2248 1395 2267 1583 2242 1586 2242 1589 2242 1592 2242 1620 2264 1623 2264 1711 2264 1795 2261 1798 2258 1826 2236 1829 2236 1832 2236 1836 2236 1954 2255 1960 2311 1960 2336 1823 2354 1820 2354 1717 2348 1548 2333 1520 2354 1514 2361 1511 2361 1508 2361 1401 2364 1398 2364 1395 2364 1383 2361 1323 2339 1283 2364 1280 2364 1277 2364 1273 2364 1270 2364 1236 2345 1211 2367 1208 2370 1205 2370 1202 2370 1199 2370 1195 2370 1189 2367 1133 2342 1017 2342 783 2383"/>
                  </Shape>
                  <String CONTENT="du laict sestoit ferme a elle"
                          HPOS="768"
                          VPOS="2236"
                          WIDTH="1192"
                          HEIGHT="147"/>
               </TextLine>
               <TextLine ID="eSc_line_95d2a806"
                         BASELINE="786 2510 1448 2495 2263 2501"
                         HPOS="783"
                         VPOS="2407"
                         WIDTH="1480"
                         HEIGHT="135"
                         TAGREFS="LT118">
                  <Shape>
                     <Polygon POINTS="786 2510 783 2417 974 2439 1014 2417 1021 2414 1024 2414 1027 2414 1405 2414 1408 2414 1411 2414 1414 2417 1445 2439 1495 2439 1523 2417 1530 2411 1533 2411 1536 2411 1539 2411 1542 2411 1545 2411 1551 2417 1579 2436 1620 2417 1629 2414 1633 2414 1636 2414 1639 2414 1648 2417 1689 2439 1764 2439 1782 2417 1786 2417 1786 2414 1789 2414 1792 2414 1795 2414 1798 2414 1814 2417 1879 2436 2142 2436 2157 2417 2166 2411 2166 2407 2170 2407 2173 2407 2176 2407 2260 2420 2263 2501 2260 2514 2035 2535 2032 2535 2029 2535 1992 2520 1967 2510 1739 2510 1723 2526 1714 2532 1714 2535 1711 2535 1707 2535 1707 2539 1629 2539 1626 2535 1623 2535 1598 2529 1542 2510 1486 2529 1470 2535 1467 2535 1464 2535 1461 2535 1458 2535 1451 2529 1423 2514 1295 2514 1189 2535 1167 2539 1167 2542 1164 2539 1145 2535 1036 2514 786 2542"/>
                  </Shape>
                  <String CONTENT="Item confesse de plus quelle a aussy"
                          HPOS="783"
                          VPOS="2407"
                          WIDTH="1480"
                          HEIGHT="135"/>
               </TextLine>
               <TextLine ID="eSc_line_5f71bf48"
                         BASELINE="786 2576 2260 2595"
                         HPOS="780"
                         VPOS="2507"
                         WIDTH="1480"
                         HEIGHT="109"
                         TAGREFS="LT118">
                  <Shape>
                     <Polygon POINTS="786 2576 783 2526 1017 2507 1021 2507 1024 2507 1027 2507 1027 2510 1030 2510 1046 2529 1074 2529 1286 2514 1289 2514 1292 2514 1339 2532 1342 2532 1348 2532 1430 2514 1433 2514 1436 2514 1439 2514 1439 2517 1458 2532 1608 2517 1611 2517 1614 2517 1679 2535 1723 2517 1726 2517 1729 2517 1732 2517 1736 2517 1736 2520 1754 2535 1836 2520 1839 2520 1979 2539 2004 2520 2007 2520 2010 2520 2013 2520 2257 2545 2260 2595 2254 2616 780 2585"/>
                  </Shape>
                  <String CONTENT="faict a mourir avec dudit poulsat"
                          HPOS="780"
                          VPOS="2507"
                          WIDTH="1480"
                          HEIGHT="109"/>
               </TextLine>
               <TextLine ID="eSc_line_cd05545a"
                         BASELINE="783 2666 2373 2676"
                         HPOS="777"
                         VPOS="2585"
                         WIDTH="1596"
                         HEIGHT="128"
                         TAGREFS="LT118">
                  <Shape>
                     <Polygon POINTS="783 2666 786 2588 830 2613 1042 2613 1071 2595 1083 2585 1086 2585 1089 2585 1092 2585 1095 2585 1099 2585 1099 2588 1108 2595 1124 2610 1192 2595 1252 2585 1255 2585 1633 2588 1636 2588 1639 2588 1639 2592 1654 2604 1667 2613 1707 2607 1770 2595 1773 2595 1776 2595 1779 2595 1779 2598 1792 2607 1795 2610 1801 2607 1832 2588 1836 2588 1839 2588 1842 2588 1845 2588 1882 2610 1898 2616 1917 2610 1970 2592 1973 2592 1976 2592 1979 2592 2054 2613 2073 2616 2098 2613 2216 2592 2220 2592 2373 2620 2373 2676 2366 2707 2157 2704 2154 2704 2151 2704 2123 2688 1945 2688 1907 2704 1882 2713 1879 2713 1876 2713 1801 2710 1798 2710 1795 2710 1795 2707 1789 2701 1770 2685 1683 2685 1654 2701 1639 2710 1636 2710 1633 2710 1633 2713 1470 2713 1467 2710 1464 2710 1461 2710 1461 2707 1448 2698 1439 2685 1308 2682 1217 2682 1192 2694 1174 2707 1170 2707 1167 2707 1164 2707 1161 2707 1124 2694 1099 2685 1055 2694 983 2707 980 2707 777 2688"/>
                  </Shape>
                  <String CONTENT="ung enffant a Jehan mahon dit madeux"
                          HPOS="777"
                          VPOS="2585"
                          WIDTH="1596"
                          HEIGHT="128"/>
               </TextLine>
               <TextLine ID="eSc_line_63e3a9af"
                         BASELINE="793 2766 2332 2772"
                         HPOS="783"
                         VPOS="2688"
                         WIDTH="1549"
                         HEIGHT="125"
                         TAGREFS="LT118">
                  <Shape>
                     <Polygon POINTS="793 2766 786 2710 846 2688 849 2688 852 2688 855 2688 858 2688 893 2710 918 2710 1211 2688 1214 2688 1217 2688 1292 2710 1330 2691 1333 2691 1336 2691 1420 2710 1423 2710 1430 2710 1592 2691 1595 2691 1689 2707 1720 2691 1723 2691 1726 2691 1836 2710 1848 2713 1851 2710 1882 2691 1885 2691 1889 2691 1892 2691 1985 2713 1995 2713 2004 2713 2082 2691 2085 2691 2088 2691 2213 2713 2223 2713 2226 2713 2270 2691 2273 2691 2276 2691 2279 2691 2332 2713 2332 2772 2326 2794 2160 2785 2151 2794 2135 2807 2135 2810 2132 2810 2129 2810 2126 2810 2026 2794 1979 2810 1976 2810 1973 2810 1970 2810 1967 2810 1945 2791 1935 2788 1929 2791 1914 2807 1914 2810 1910 2810 1907 2810 1907 2813 1842 2813 1839 2810 1836 2810 1832 2810 1804 2791 1795 2785 1673 2785 1648 2791 1564 2810 1561 2810 1311 2788 1239 2782 1202 2785 1071 2807 1067 2807 1064 2807 1061 2807 1033 2785 1027 2782 989 2785 849 2797 846 2797 843 2797 783 2782"/>
                  </Shape>
                  <String CONTENT="A raison de ce que Il la chargeoyent"
                          HPOS="783"
                          VPOS="2688"
                          WIDTH="1549"
                          HEIGHT="125"/>
               </TextLine>
               <TextLine ID="eSc_line_a993984f"
                         BASELINE="761 2878 1614 2850 2145 2850 2404 2872"
                         HPOS="752"
                         VPOS="2798"
                         WIDTH="1652"
                         HEIGHT="121"
                         TAGREFS="LT118">
                  <Shape>
                     <Polygon POINTS="761 2878 752 2832 1177 2819 1180 2819 1183 2819 1186 2819 1186 2822 1195 2829 1265 2798 2174 2803 2349 2815 2391 2819 2404 2872 2401 2897 2257 2885 2170 2900 2154 2900 2151 2900 2148 2900 2145 2900 2145 2897 2110 2866 2048 2891 2045 2891 2042 2891 2038 2891 1973 2866 1945 2891 1942 2891 1939 2891 1935 2891 1932 2891 1873 2866 1683 2866 1514 2866 1380 2900 1311 2916 1311 2919 1255 2919 1252 2916 1248 2916 1245 2916 1230 2900 1199 2875 1139 2875 1089 2900 1086 2900 1083 2900 1080 2900 1049 2885 905 2900 902 2900 899 2900 896 2900 843 2885 761 2900"/>
                  </Shape>
                  <String CONTENT="de leur avoir faict a mourir ung cheval"
                          HPOS="752"
                          VPOS="2798"
                          WIDTH="1652"
                          HEIGHT="121"/>
               </TextLine>
            </TextBlock>
            <TextBlock HPOS="312"
                       VPOS="1572"
                       WIDTH="246"
                       HEIGHT="121"
                       ID="eSc_textblock_acd0e22f"
                       TAGREFS="BT368">
               <Shape>
                  <Polygon POINTS="546 1584 558 1668 324 1693 312 1572"/>
               </Shape>
               <TextLine ID="eSc_line_f33ee281"
                         BASELINE="309 1653 543 1653"
                         HPOS="302"
                         VPOS="1534"
                         WIDTH="241"
                         HEIGHT="169"
                         TAGREFS="LT118">
                  <Shape>
                     <Polygon POINTS="309 1653 309 1534 362 1534 365 1534 368 1534 374 1540 437 1581 540 1559 543 1653 543 1668 377 1703 374 1703 371 1703 302 1668"/>
                  </Shape>
                  <String CONTENT="Negat"
                          HPOS="302"
                          VPOS="1534"
                          WIDTH="241"
                          HEIGHT="169"/>
               </TextLine>
            </TextBlock>
            <TextBlock HPOS="174"
                       VPOS="2008"
                       WIDTH="422"
                       HEIGHT="184"
                       ID="eSc_textblock_96181c6f"
                       TAGREFS="BT368">
               <Shape>
                  <Polygon POINTS="174 2142 199 2008 558 2008 596 2130 409 2192"/>
               </Shape>
               <TextLine ID="eSc_line_2d779961"
                         BASELINE="193 2086 578 2080"
                         HPOS="184"
                         VPOS="1971"
                         WIDTH="390"
                         HEIGHT="143"
                         TAGREFS="LT118">
                  <Shape>
                     <Polygon POINTS="193 2086 184 2018 355 2005 365 1996 396 1971 399 1971 402 1971 405 1971 409 1971 465 1986 471 1986 565 1977 574 2080 571 2108 399 2092 334 2099 212 2114 209 2114 206 2114 202 2114 202 2111 184 2092"/>
                  </Shape>
                  <String CONTENT="+avec dudit"
                          HPOS="184"
                          VPOS="1971"
                          WIDTH="390"
                          HEIGHT="143"/>
               </TextLine>
               <TextLine ID="eSc_line_c148cb59"
                         BASELINE="271 2149 555 2139"
                         HPOS="265"
                         VPOS="2080"
                         WIDTH="290"
                         HEIGHT="153"
                         TAGREFS="LT118">
                  <Shape>
                     <Polygon POINTS="271 2149 265 2089 546 2080 555 2139 555 2233 390 2217 387 2217 362 2230 359 2230 355 2230 352 2230 265 2205"/>
                  </Shape>
                  <String CONTENT="poussât"
                          HPOS="265"
                          VPOS="2080"
                          WIDTH="290"
                          HEIGHT="153"/>
               </TextLine>
            </TextBlock>
            <TextBlock HPOS="2270"
                       VPOS="3530"
                       WIDTH="71"
                       HEIGHT="72"
                       ID="eSc_textblock_8882745f"
                       TAGREFS="BT371">
               <Shape>
                  <Polygon POINTS="2282 3530 2341 3530 2341 3602 2270 3602"/>
               </Shape>
               <TextLine ID="eSc_line_47391296"
                         BASELINE="2298 3599 2313 3599"
                         HPOS="2295"
                         VPOS="3512"
                         WIDTH="18"
                         HEIGHT="187"
                         TAGREFS="LT118">
                  <Shape>
                     <Polygon POINTS="2298 3599 2295 3515 2310 3512 2313 3599 2310 3699 2295 3696"/>
                  </Shape>
                  <String CONTENT="2" HPOS="2295" VPOS="3512" WIDTH="18" HEIGHT="187"/>
               </TextLine>
            </TextBlock>
         </PrintSpace>
      </Page>
   </Layout>
</alto>
