<alto xmlns:xsi="http://www.w3.org/2001/XMLSchema-instance"
      xmlns="http://www.loc.gov/standards/alto/ns-v4#"
      xsi:schemaLocation="http://www.loc.gov/standards/alto/ns-v4# http://www.loc.gov/standards/alto/v4/alto-4-2.xsd">
   <Description>
      <MeasurementUnit>pixel</MeasurementUnit>
      <sourceImageInformation>
         <fileName>B_168_15-2-4_0001.jpg</fileName>
      </sourceImageInformation>
   </Description>
   <Tags>
      <OtherTag ID="BT365"
                LABEL="MainZone:column"
                DESCRIPTION="block type MainZone:column"/>
      <OtherTag ID="BT367" LABEL="MainZone" DESCRIPTION="block type MainZone"/>
      <OtherTag ID="BT368"
                LABEL="MarginTextZone"
                DESCRIPTION="block type MarginTextZone"/>
      <OtherTag ID="BT369"
                LABEL="MarginTextZone:note"
                DESCRIPTION="block type MarginTextZone:note"/>
      <OtherTag ID="BT370"
                LABEL="NumberingZone:other"
                DESCRIPTION="block type NumberingZone:other"/>
      <OtherTag ID="BT371"
                LABEL="NumberingZone:page"
                DESCRIPTION="block type NumberingZone:page"/>
      <OtherTag ID="BT379"
                LABEL="DecorationZone"
                DESCRIPTION="block type DecorationZone"/>
      <OtherTag ID="BT380"
                LABEL="CustomZone:signature"
                DESCRIPTION="block type CustomZone:signature"/>
      <OtherTag ID="LT118" LABEL="DefaultLine" DESCRIPTION="line type DefaultLine"/>
      <OtherTag ID="LT119" LABEL="HeadingLine" DESCRIPTION="line type HeadingLine"/>
      <OtherTag ID="LT120"
                LABEL="InterlinearLine"
                DESCRIPTION="line type InterlinearLine"/>
   </Tags>
   <Layout>
      <Page WIDTH="2643"
            HEIGHT="3968"
            PHYSICAL_IMG_NR="18"
            ID="eSc_dummypage_">
         <PrintSpace HPOS="0" VPOS="0" WIDTH="2643" HEIGHT="3968">
            <TextBlock HPOS="357"
                       VPOS="198"
                       WIDTH="343"
                       HEIGHT="158"
                       ID="eSc_textblock_9aa689e5"
                       TAGREFS="BT370">
               <Shape>
                  <Polygon POINTS="396 353 357 327 370 198 700 207 700 356"/>
               </Shape>
               <TextLine ID="eSc_line_23cf7cd6"
                         BASELINE="399 317 663 341"
                         HPOS="387"
                         VPOS="181"
                         WIDTH="274"
                         HEIGHT="209"
                         TAGREFS="LT118">
                  <Shape>
                     <Polygon POINTS="396 314 403 196 476 274 629 181 661 290 661 340 651 390 387 383"/>
                  </Shape>
                  <String CONTENT="62" HPOS="387" VPOS="181" WIDTH="274" HEIGHT="209"/>
               </TextLine>
            </TextBlock>
            <TextBlock HPOS="1569"
                       VPOS="129"
                       WIDTH="538"
                       HEIGHT="103"
                       ID="eSc_textblock_31e3d300"
                       TAGREFS="BT369">
               <Shape>
                  <Polygon POINTS="1569 129 1569 232 2107 232 2107 129"/>
               </Shape>
               <TextLine ID="eSc_line_09f44402"
                         BASELINE="1569 210 2067 205"
                         HPOS="1558"
                         VPOS="99"
                         WIDTH="506"
                         HEIGHT="145"
                         TAGREFS="LT118">
                  <Shape>
                     <Polygon POINTS="1567 208 1558 142 1650 102 1653 102 1657 102 1660 102 1713 119 1849 99 1852 99 1855 99 1859 99 1898 125 1911 132 2054 119 2064 201 2064 218 1984 241 1981 241 1978 241 1974 241 1898 221 1892 221 1878 221 1799 244 1796 244 1792 244 1564 228"/>
                  </Shape>
                  <String CONTENT="1608, Dez. 5"
                          HPOS="1558"
                          VPOS="99"
                          WIDTH="506"
                          HEIGHT="145"/>
               </TextLine>
            </TextBlock>
            <TextBlock HPOS="264"
                       VPOS="634"
                       WIDTH="436"
                       HEIGHT="250"
                       ID="eSc_textblock_0c0f8884"
                       TAGREFS="BT369">
               <Shape>
                  <Polygon POINTS="277 869 264 780 304 634 592 634 700 703 700 884"/>
               </Shape>
               <TextLine ID="eSc_line_0e78e24c"
                         BASELINE="301 704 625 714"
                         HPOS="294"
                         VPOS="605"
                         WIDTH="331"
                         HEIGHT="145"
                         TAGREFS="LT118">
                  <Shape>
                     <Polygon POINTS="301 704 301 605 393 608 396 608 400 608 400 611 403 611 443 648 621 634 625 714 618 750 294 744"/>
                  </Shape>
                  <String CONTENT="Anne"
                          HPOS="294"
                          VPOS="605"
                          WIDTH="331"
                          HEIGHT="145"/>
               </TextLine>
               <TextLine ID="eSc_line_0d4dc268"
                         BASELINE="267 849 711 829"
                         HPOS="254"
                         VPOS="720"
                         WIDTH="457"
                         HEIGHT="166"
                         TAGREFS="LT118">
                  <Shape>
                     <Polygon POINTS="267 849 254 763 327 734 330 734 334 734 453 753 459 753 469 753 608 720 611 720 704 744 711 829 707 863 340 863 271 886"/>
                  </Shape>
                  <String CONTENT="Vauthier"
                          HPOS="254"
                          VPOS="720"
                          WIDTH="457"
                          HEIGHT="166"/>
               </TextLine>
            </TextBlock>
            <TextBlock HPOS="740"
                       VPOS="209"
                       WIDTH="1836"
                       HEIGHT="3107"
                       ID="eSc_textblock_9931a894"
                       TAGREFS="BT367">
               <Shape>
                  <Polygon POINTS="2404 264 2431 304 2457 658 2537 767 2563 1243 2563 1530 2470 1626 2470 1769 2537 1851 2470 2023 2537 2155 2497 2417 2576 2513 2550 2747 2457 2896 2523 3210 2418 3250 1137 3263 740 3316 767 886 764 886 764 640 744 640 763 404 764 404 764 390 767 357 764 357 764 209 1293 224 1495 248 1730 252 2103 238"/>
               </Shape>
               <TextLine ID="eSc_line_dd5b0b9e"
                         BASELINE="770 324 1180 314 2398 333"
                         HPOS="764"
                         VPOS="201"
                         WIDTH="1634"
                         HEIGHT="156"
                         TAGREFS="LT118">
                  <Shape>
                     <Polygon POINTS="770 324 767 201 979 205 982 205 992 208 1088 251 1266 221 1290 218 1293 218 1296 218 1309 221 1379 248 1415 231 1419 231 1422 231 1425 231 1429 231 1429 234 1448 254 1538 254 1584 234 1627 214 1630 214 1634 214 1637 214 1736 241 1809 257 1872 244 1931 234 1935 234 1938 234 1968 248 1991 261 2034 251 2100 238 2103 238 2107 238 2153 257 2173 264 2226 261 2348 248 2351 248 2355 248 2398 267 2398 333 2394 347 1683 357 1680 357 1442 340 1402 337 1389 337 1313 353 1309 353 1306 353 1303 353 1303 350 1290 337 1276 347 1276 350 1273 350 1270 350 1270 353 1041 353 1038 350 764 330"/>
                  </Shape>
                  <String CONTENT="Je, Annelin vefve de Pierrat vauthier de"
                          HPOS="764"
                          VPOS="201"
                          WIDTH="1634"
                          HEIGHT="156"/>
               </TextLine>
               <TextLine ID="eSc_line_f1cd1745"
                         BASELINE="787 416 1945 406 2295 419"
                         HPOS="783"
                         VPOS="327"
                         WIDTH="1512"
                         HEIGHT="126"
                         TAGREFS="LT118">
                  <Shape>
                     <Polygon POINTS="787 416 783 333 975 347 1101 330 1121 330 1124 330 1127 330 1134 330 1213 353 1263 330 1266 330 1270 330 1273 330 1296 330 1521 350 1544 330 1548 330 1551 330 1554 330 1558 330 1561 330 1587 347 1604 330 1607 330 1607 327 1610 327 1614 327 1617 327 1620 327 1627 330 1663 350 1746 330 1766 327 1769 327 1773 327 1786 330 1862 353 2189 353 2289 330 2295 419 2292 423 2150 446 2146 446 2143 446 2140 446 2113 426 2107 423 1898 423 1892 426 1872 443 1868 443 1865 443 1862 443 1859 443 1855 443 1835 426 1809 439 1806 439 1802 439 1657 429 1574 423 1558 429 1515 446 1511 446 1508 446 1412 429 1382 426 1369 429 1316 453 1313 453 1309 453 783 433"/>
                  </Shape>
                  <String CONTENT="Courthedoubz, Cougnois librement et sans"
                          HPOS="783"
                          VPOS="327"
                          WIDTH="1512"
                          HEIGHT="126"/>
               </TextLine>
               <TextLine ID="eSc_line_3cdb4c78"
                         BASELINE="800 499 2375 489"
                         HPOS="797"
                         VPOS="413"
                         WIDTH="1578"
                         HEIGHT="119"
                         TAGREFS="LT118">
                  <Shape>
                     <Polygon POINTS="800 499 797 439 1233 443 1260 439 1352 416 1356 416 1359 416 1362 416 1395 439 1399 439 1432 416 1435 416 1438 416 1442 416 1594 416 1696 439 1710 439 1723 439 1842 413 1845 413 1849 413 1905 433 1928 413 1931 413 1935 413 1938 413 2017 429 2133 413 2136 413 2140 413 2203 439 2368 439 2375 489 2368 512 2156 502 2054 519 2017 522 2014 522 2011 522 1997 519 1945 502 1816 519 1773 525 1769 525 1766 525 1756 522 1720 505 1601 522 1574 525 1571 525 1541 522 1372 505 1352 522 1352 525 1349 525 1346 525 1343 525 1336 525 1220 509 1194 529 1190 529 1187 529 1187 532 1055 532 1051 529 1048 529 985 509 965 529 962 529 959 529 955 529 853 512 803 532"/>
                  </Shape>
                  <String CONTENT="controincte, Comment que dez longue main"
                          HPOS="797"
                          VPOS="413"
                          WIDTH="1578"
                          HEIGHT="119"/>
               </TextLine>
               <TextLine ID="eSc_line_bade1c1a"
                         BASELINE="780 581 2421 581"
                         HPOS="774"
                         VPOS="499"
                         WIDTH="1647"
                         HEIGHT="129"
                         TAGREFS="LT118">
                  <Shape>
                     <Polygon POINTS="780 581 774 522 840 499 843 499 846 499 916 499 919 499 922 499 922 502 942 519 1008 499 1012 499 1015 499 1018 499 1061 519 1147 502 1151 502 1154 502 1220 519 1250 499 1253 499 1256 499 1260 499 1263 499 1316 515 1438 499 1442 499 1445 499 1511 522 1690 522 1723 499 1726 499 1730 499 1733 499 2050 519 2080 499 2083 499 2087 499 2090 499 2239 499 2242 499 2246 499 2265 519 2421 522 2421 581 2418 595 2269 595 2259 598 2222 624 2219 624 2216 624 2212 624 2209 624 2156 601 2140 595 1935 595 1911 605 1905 611 1902 611 1898 611 1895 611 1868 608 1812 595 1782 608 1749 624 1746 624 1743 624 1647 611 1624 608 1604 611 1551 624 1548 624 1544 624 1541 624 1538 624 1521 611 1505 601 1448 615 1395 624 1392 624 1389 624 1369 615 1319 595 1157 595 1104 621 1094 624 1091 624 1088 624 1084 624 1081 624 1078 621 1032 595 979 621 972 624 969 624 969 628 780 628"/>
                  </Shape>
                  <String CONTENT="Je sois este diffame par bruict comung destre"
                          HPOS="774"
                          VPOS="499"
                          WIDTH="1647"
                          HEIGHT="129"/>
               </TextLine>
               <TextLine ID="eSc_line_4f174795"
                         BASELINE="780 681 2408 664"
                         HPOS="777"
                         VPOS="598"
                         WIDTH="1631"
                         HEIGHT="119"
                         TAGREFS="LT118">
                  <Shape>
                     <Polygon POINTS="780 681 777 615 896 634 926 611 929 611 932 611 936 611 962 611 1157 624 1177 611 1177 608 1180 608 1184 608 1187 608 1190 608 1197 611 1290 648 1419 648 1829 641 1941 605 1945 605 1948 605 1951 605 2024 628 2060 601 2067 598 2070 598 2074 598 2077 598 2080 598 2093 601 2126 615 2236 601 2272 598 2275 598 2279 598 2282 598 2282 601 2285 601 2302 618 2398 601 2408 664 2404 677 2275 681 2255 701 2255 704 2252 704 2249 704 2246 704 1981 687 1905 684 1888 691 1839 707 1835 707 1832 707 1829 707 1779 691 1753 684 1723 694 1663 710 1660 710 1657 710 1564 697 1505 687 1462 697 1409 714 1405 714 1402 714 1399 714 1346 701 1339 701 1306 701 1065 717 1061 717 1058 717 1055 717 1038 707 1018 694 780 710"/>
                  </Shape>
                  <String CONTENT="une sorciere et genauche, et pour ce regard"
                          HPOS="777"
                          VPOS="598"
                          WIDTH="1631"
                          HEIGHT="119"/>
               </TextLine>
               <TextLine ID="eSc_line_d41025af"
                         BASELINE="787 777 1872 767 2500 780"
                         HPOS="780"
                         VPOS="687"
                         WIDTH="1720"
                         HEIGHT="129"
                         TAGREFS="LT118">
                  <Shape>
                     <Polygon POINTS="787 777 780 691 952 687 955 687 959 687 962 687 962 691 982 707 1051 691 1068 687 1071 687 1075 687 1084 691 1124 704 1157 691 1167 687 1170 687 1174 687 1177 687 1180 687 1180 691 1184 691 1200 707 1243 691 1253 687 1256 687 1260 687 1296 691 1425 707 1452 691 1455 687 1458 687 1462 687 1465 687 1468 687 1481 691 1524 707 1567 691 1581 687 1584 687 1587 687 1591 687 1594 687 1601 691 1627 710 1706 710 1726 694 1733 687 1736 687 1739 687 1743 687 1746 687 1766 694 1816 707 1865 694 1888 687 1892 687 1895 687 1898 687 1925 694 1981 707 2494 697 2500 780 2497 786 2341 786 2338 786 2289 813 2285 813 2282 813 2279 813 2193 790 2173 786 2166 790 2136 813 2133 813 2130 813 2126 813 1991 796 1773 813 1769 813 1766 813 1726 800 1683 786 1610 803 1567 810 1564 810 1561 810 1538 803 1481 786 1309 803 1306 803 1154 786 1061 813 1058 813 1055 813 1051 813 1048 813 1045 813 979 786 787 816"/>
                  </Shape>
                  <String CONTENT="plusieurs plainctes et doleances soyent estees faictes"
                          HPOS="780"
                          VPOS="687"
                          WIDTH="1720"
                          HEIGHT="129"/>
               </TextLine>
               <TextLine ID="eSc_line_700aeef0"
                         BASELINE="797 859 919 872 1594 856 2500 859"
                         HPOS="790"
                         VPOS="780"
                         WIDTH="1710"
                         HEIGHT="122"
                         TAGREFS="LT118">
                  <Shape>
                     <Polygon POINTS="797 859 790 813 1005 810 1005 806 1025 790 1025 786 1028 786 1032 786 1035 786 1144 803 1180 810 1194 803 1230 786 1233 786 1442 783 1445 783 1448 783 1452 783 1472 800 1478 796 1524 783 1528 783 1531 783 1700 783 1703 783 1706 783 1706 786 1716 793 1720 800 1733 793 1756 783 1759 783 1763 783 1766 783 1769 783 1769 786 1776 793 1792 810 2090 810 2120 786 2126 780 2130 780 2133 780 2136 780 2140 780 2143 780 2146 786 2173 803 2494 780 2500 859 2497 886 2259 896 2255 896 2252 896 2229 889 2189 879 2169 889 2163 896 2160 896 2156 896 2153 896 2150 896 2146 896 2140 889 2117 876 2080 889 2074 892 2070 892 2067 892 2064 892 2054 889 2001 876 1971 892 1954 899 1951 899 1948 899 1945 899 1928 892 1898 879 1862 892 1852 896 1849 896 1845 896 1842 896 1829 892 1749 872 1587 872 1564 889 1561 889 1558 889 1554 889 1445 872 1283 872 1260 896 1253 899 1253 902 1250 902 1247 902 1243 902 1217 896 1144 879 1091 899 1088 899 1084 899 1081 899 1078 899 1071 899 998 879 969 899 965 899 962 899 959 899 949 899 860 882 800 899"/>
                  </Shape>
                  <String CONTENT="contre de moy, Quont donne occasion a Messieurs"
                          HPOS="790"
                          VPOS="780"
                          WIDTH="1710"
                          HEIGHT="122"/>
               </TextLine>
               <TextLine ID="eSc_line_0dd6daf4"
                         BASELINE="787 972 1336 955 2517 965"
                         HPOS="777"
                         VPOS="872"
                         WIDTH="1740"
                         HEIGHT="129"
                         TAGREFS="LT118">
                  <Shape>
                     <Polygon POINTS="787 972 780 899 965 872 969 872 1104 876 1108 876 1111 876 1134 892 1137 896 1174 892 1316 872 1319 872 1323 872 1386 889 1392 889 1402 889 1485 876 1488 876 1491 876 1495 876 1495 879 1505 886 1508 889 1508 886 1524 872 1528 872 1531 872 1534 872 1733 872 1806 882 1898 899 1974 899 1991 879 1997 876 1997 872 2001 872 2004 872 2007 872 2011 872 2031 879 2074 896 2150 879 2179 872 2183 872 2186 872 2199 876 2246 896 2434 876 2437 876 2441 876 2444 876 2467 896 2507 872 2517 965 2510 998 2404 978 2358 995 2355 995 2351 995 2348 995 2345 995 2315 972 2275 995 2269 998 2265 998 2265 1001 2110 1001 2107 998 2103 998 2100 998 2093 992 2064 972 2004 992 2001 992 1997 992 1994 992 1991 992 1988 992 1958 972 1792 988 1776 988 1773 988 1759 988 1653 972 1601 985 1574 992 1571 992 1567 992 1564 992 1561 992 1551 985 1528 972 1343 972 1306 982 1237 998 1233 998 1230 998 1227 998 1180 978 1164 972 1065 972 1058 975 1028 998 1025 998 1022 998 1018 998 826 995 823 995 777 972"/>
                  </Shape>
                  <String CONTENT="les hault Officiers doffice de faire inquisition"
                          HPOS="777"
                          VPOS="872"
                          WIDTH="1740"
                          HEIGHT="129"/>
               </TextLine>
               <TextLine ID="eSc_line_765f1c4b"
                         BASELINE="793 1061 2507 1054"
                         HPOS="783"
                         VPOS="968"
                         WIDTH="1724"
                         HEIGHT="123"
                         TAGREFS="LT118">
                  <Shape>
                     <Polygon POINTS="793 1061 783 1001 836 972 840 972 843 972 932 988 949 975 949 972 952 972 955 972 959 972 1131 972 1134 972 1137 972 1167 995 1412 972 1415 972 1419 972 1498 995 1577 972 1581 972 1584 972 1587 972 1644 995 1713 995 1743 968 1746 968 1749 968 1753 968 1756 968 1759 968 1799 992 1875 992 1895 972 1895 968 1898 968 1902 968 1905 968 2242 992 2269 972 2269 968 2272 968 2275 968 2279 968 2338 968 2500 995 2507 1054 2504 1071 2292 1087 2289 1087 2285 1087 2282 1087 2282 1084 2269 1071 2265 1068 2259 1071 2236 1084 2232 1084 2229 1084 2093 1071 2027 1068 2011 1071 1964 1087 1961 1087 1961 1091 1746 1091 1743 1087 1673 1071 1647 1068 1495 1068 1491 1071 1475 1087 1475 1091 1472 1091 1468 1091 1465 1091 1352 1071 1333 1071 1313 1071 1184 1091 1180 1091 1177 1091 1127 1071 1121 1071 1088 1071 906 1087 903 1087 790 1071"/>
                  </Shape>
                  <String CONTENT="contre de moy Et retreuve par icelle des indices"
                          HPOS="783"
                          VPOS="968"
                          WIDTH="1724"
                          HEIGHT="123"/>
               </TextLine>
               <TextLine ID="eSc_line_edfa0596"
                         BASELINE="783 1154 2497 1154"
                         HPOS="777"
                         VPOS="1068"
                         WIDTH="1727"
                         HEIGHT="138"
                         TAGREFS="LT118">
                  <Shape>
                     <Polygon POINTS="783 1154 777 1104 846 1068 850 1068 853 1068 1108 1068 1111 1068 1190 1101 1190 1104 1409 1104 1419 1101 1534 1074 1538 1074 1696 1097 1723 1101 1746 1097 1845 1084 1849 1084 1852 1084 1898 1097 1911 1101 1915 1097 1935 1081 1938 1081 1941 1081 1945 1081 2130 1097 2199 1101 2206 1094 2236 1071 2236 1068 2239 1068 2242 1068 2246 1068 2249 1068 2292 1084 2434 1068 2437 1068 2441 1068 2500 1094 2497 1154 2504 1170 2470 1193 2467 1193 2464 1193 2461 1193 2457 1193 2454 1193 2427 1173 2312 1173 2219 1203 2216 1203 2212 1203 2080 1177 1918 1203 1915 1203 1911 1203 1809 1173 1806 1173 1802 1173 1653 1200 1650 1200 1647 1200 1644 1200 1614 1173 1610 1173 1501 1203 1498 1203 1498 1206 1309 1206 1306 1203 1190 1177 1174 1173 1157 1177 1041 1203 1038 1203 922 1177 896 1173 783 1177"/>
                  </Shape>
                  <String CONTENT="et conjectures pregnantes et concluantes, Le tout"
                          HPOS="777"
                          VPOS="1068"
                          WIDTH="1727"
                          HEIGHT="138"/>
               </TextLine>
               <TextLine ID="eSc_line_642dcf47"
                         BASELINE="793 1259 2533 1292"
                         HPOS="780"
                         VPOS="1177"
                         WIDTH="1753"
                         HEIGHT="155"
                         TAGREFS="LT118">
                  <Shape>
                     <Polygon POINTS="793 1259 793 1200 1005 1203 1008 1200 1035 1180 1035 1177 1038 1177 1041 1177 1045 1177 1151 1177 1266 1183 1270 1183 1273 1183 1273 1187 1276 1187 1293 1206 1296 1206 1356 1193 1359 1193 1362 1193 1366 1193 1366 1197 1369 1197 1376 1206 1379 1210 1412 1206 1610 1190 1614 1190 1766 1213 1796 1216 1802 1213 1839 1193 1842 1193 1845 1193 1849 1193 1915 1216 1931 1220 1945 1216 2014 1193 2017 1193 2021 1193 2150 1213 2226 1203 2229 1203 2232 1203 2236 1203 2255 1220 2265 1226 2527 1226 2533 1292 2533 1299 2477 1329 2474 1329 2470 1329 2332 1306 2014 1332 2011 1332 2007 1332 1964 1309 1921 1329 1918 1329 1915 1329 1716 1325 1713 1325 1640 1289 1601 1306 1597 1306 1594 1306 1591 1306 1587 1306 1567 1286 1515 1319 1511 1319 1508 1319 1505 1319 1501 1319 1409 1282 1402 1279 1187 1279 1180 1279 1081 1312 1078 1312 1075 1312 1071 1312 975 1279 959 1273 929 1276 817 1296 813 1296 810 1296 807 1296 780 1276"/>
                  </Shape>
                  <String CONTENT="comme est au long pourte par lesdites informations"
                          HPOS="780"
                          VPOS="1177"
                          WIDTH="1753"
                          HEIGHT="155"/>
               </TextLine>
               <TextLine ID="eSc_line_e2a611bf"
                         BASELINE="790 1368 2461 1392"
                         HPOS="787"
                         VPOS="1289"
                         WIDTH="1674"
                         HEIGHT="142"
                         TAGREFS="LT118">
                  <Shape>
                     <Polygon POINTS="790 1368 790 1289 955 1296 959 1296 962 1296 995 1319 1154 1299 1177 1296 1180 1296 1184 1296 1187 1296 1187 1299 1190 1299 1210 1322 1250 1299 1260 1296 1263 1296 1266 1296 1270 1296 1286 1302 1352 1329 1478 1329 1531 1309 1548 1302 1551 1302 1554 1302 1558 1302 1571 1309 1607 1329 1667 1312 1680 1309 1683 1309 1687 1309 1690 1309 1700 1312 1753 1332 1918 1319 1935 1319 1938 1319 1954 1319 2064 1335 2083 1322 2100 1309 2103 1309 2107 1309 2110 1309 2212 1309 2216 1309 2219 1309 2246 1329 2255 1335 2265 1329 2279 1319 2279 1316 2282 1316 2285 1316 2368 1312 2371 1312 2375 1312 2378 1312 2378 1316 2398 1332 2408 1339 2454 1335 2461 1392 2457 1402 2279 1431 2275 1431 2272 1431 2163 1402 2156 1402 2150 1402 2087 1428 2083 1428 2080 1428 2077 1428 2074 1428 2074 1425 2050 1402 2047 1402 2027 1402 1746 1425 1743 1425 1739 1425 1677 1402 1657 1395 1564 1395 1554 1402 1531 1421 1528 1421 1524 1421 1521 1421 1518 1421 1468 1402 1445 1392 1389 1392 1372 1402 1349 1418 1346 1418 1343 1418 1343 1421 1270 1421 1266 1418 1263 1418 1260 1418 1240 1402 1223 1388 1170 1402 1101 1415 1101 1418 1035 1418 1032 1415 1028 1415 1025 1415 1025 1411 1012 1402 995 1385 787 1398"/>
                  </Shape>
                  <String CONTENT="Pour raison dequoi je seroye este saisie au"
                          HPOS="787"
                          VPOS="1289"
                          WIDTH="1674"
                          HEIGHT="142"/>
               </TextLine>
               <TextLine ID="eSc_line_a8694d92"
                         BASELINE="774 1461 2550 1504"
                         HPOS="770"
                         VPOS="1378"
                         WIDTH="1780"
                         HEIGHT="166"
                         TAGREFS="LT118">
                  <Shape>
                     <Polygon POINTS="774 1461 774 1392 843 1402 856 1392 869 1382 869 1378 873 1378 876 1378 879 1378 883 1378 886 1378 909 1395 929 1405 962 1395 992 1385 995 1385 998 1385 1068 1398 1127 1408 1144 1398 1177 1382 1180 1382 1184 1382 1316 1402 1468 1385 1472 1385 1475 1385 1478 1385 1505 1408 1521 1421 1746 1425 1842 1415 2014 1398 2017 1398 2140 1425 2169 1428 2189 1425 2289 1405 2292 1405 2550 1435 2550 1504 2547 1544 2414 1544 2411 1540 2408 1540 2398 1537 2325 1511 2295 1534 2292 1537 2289 1537 2285 1537 2282 1537 2143 1534 2140 1534 2136 1534 2133 1530 2103 1507 2050 1527 2047 1527 2044 1527 2040 1527 2037 1527 1997 1501 1895 1524 1868 1527 1865 1527 1802 1521 1581 1491 1382 1507 1366 1507 1362 1507 1359 1507 1356 1507 1306 1481 1167 1481 1131 1501 1127 1501 1124 1501 1121 1501 1118 1501 1114 1501 1091 1478 1008 1478 979 1494 965 1504 962 1504 959 1504 955 1504 906 1494 853 1481 770 1488"/>
                  </Shape>
                  <String CONTENT="corps conduite et menee au chasteau et forteresse"
                          HPOS="770"
                          VPOS="1378"
                          WIDTH="1780"
                          HEIGHT="166"/>
               </TextLine>
               <TextLine ID="eSc_line_ef056c04"
                         BASELINE="744 1573 1167 1567 2404 1597"
                         HPOS="737"
                         VPOS="1478"
                         WIDTH="1667"
                         HEIGHT="158"
                         TAGREFS="LT118">
                  <Shape>
                     <Polygon POINTS="744 1573 744 1478 823 1501 929 1484 949 1481 952 1481 975 1484 1071 1507 1250 1494 1356 1488 1359 1488 1362 1488 1366 1488 1379 1501 1392 1511 1531 1514 1577 1507 1644 1494 1647 1494 1650 1494 1696 1511 1730 1521 1825 1514 2044 1501 2047 1501 2401 1537 2404 1597 2401 1613 1931 1636 1928 1636 1925 1636 1921 1636 1921 1633 1898 1610 1829 1633 1825 1633 1822 1633 1819 1633 1759 1603 1749 1600 1730 1603 1574 1630 1571 1630 1409 1616 1405 1616 1402 1616 1376 1597 1366 1590 1243 1590 1237 1593 1213 1613 1210 1613 1207 1613 1204 1613 1200 1613 1197 1613 1170 1593 1157 1583 1051 1583 1045 1590 1018 1613 1018 1616 1015 1616 1012 1616 1012 1620 909 1620 906 1616 737 1583"/>
                  </Shape>
                  <String CONTENT="de Pourrentruy et jusques au present y Detenue"
                          HPOS="737"
                          VPOS="1478"
                          WIDTH="1667"
                          HEIGHT="158"/>
               </TextLine>
               <TextLine ID="eSc_line_36bce6c8"
                         BASELINE="780 1669 2411 1686"
                         HPOS="777"
                         VPOS="1593"
                         WIDTH="1634"
                         HEIGHT="126"
                         TAGREFS="LT118">
                  <Shape>
                     <Polygon POINTS="780 1669 780 1597 972 1613 1051 1597 1071 1593 1075 1593 1078 1593 1081 1593 1084 1597 1108 1616 1151 1600 1154 1600 1157 1600 1283 1616 1395 1597 1429 1593 1432 1593 1435 1593 1452 1597 1521 1623 1766 1623 2252 1603 2255 1603 2259 1603 2262 1603 2292 1626 2404 1603 2411 1686 2408 1709 2087 1719 2083 1719 2007 1709 1928 1696 1915 1709 1908 1712 1908 1716 1905 1716 1902 1716 1902 1719 1759 1719 1756 1716 1710 1706 1657 1696 1561 1706 1491 1712 1488 1712 1485 1712 1465 1706 1419 1689 1263 1702 1230 1706 1227 1706 1207 1702 1101 1686 777 1699"/>
                  </Shape>
                  <String CONTENT="durant lequel terme Messieurs les Officiers"
                          HPOS="777"
                          VPOS="1593"
                          WIDTH="1634"
                          HEIGHT="126"/>
               </TextLine>
               <TextLine ID="eSc_line_ee05faed"
                         BASELINE="780 1778 1323 1772 2418 1795"
                         HPOS="770"
                         VPOS="1693"
                         WIDTH="1648"
                         HEIGHT="132"
                         TAGREFS="LT118">
                  <Shape>
                     <Polygon POINTS="780 1778 777 1712 1108 1716 1118 1716 1187 1693 1190 1693 1194 1693 1197 1693 1256 1716 1260 1716 1263 1716 1349 1696 1352 1696 1356 1696 1429 1716 1528 1702 1531 1702 1534 1702 1538 1702 1564 1719 1571 1722 1597 1719 1733 1699 1736 1699 1835 1722 1859 1726 1915 1722 2123 1706 2126 1706 2414 1729 2418 1795 2411 1815 2173 1798 2150 1812 2130 1821 2126 1821 2123 1821 2034 1808 1984 1802 1961 1808 1902 1825 1898 1825 1895 1825 1892 1825 1825 1805 1816 1802 1809 1805 1773 1821 1769 1821 1766 1821 1763 1821 1723 1802 1716 1798 1710 1802 1670 1821 1667 1821 1663 1821 1660 1821 1581 1798 1544 1788 1528 1798 1495 1818 1491 1818 1488 1818 1485 1818 1481 1818 1422 1795 1392 1785 1237 1792 830 1812 826 1812 823 1812 770 1782"/>
                  </Shape>
                  <String CONTENT="ont procede avec moy suivant ordre de droit et"
                          HPOS="770"
                          VPOS="1693"
                          WIDTH="1648"
                          HEIGHT="132"/>
               </TextLine>
               <TextLine ID="eSc_line_c8b734da"
                         BASELINE="787 1878 2513 1891"
                         HPOS="780"
                         VPOS="1792"
                         WIDTH="1733"
                         HEIGHT="122"
                         TAGREFS="LT118">
                  <Shape>
                     <Polygon POINTS="787 1878 787 1821 962 1821 979 1821 1124 1792 1127 1792 1313 1812 1448 1795 1452 1795 1455 1795 1458 1795 1458 1798 1485 1821 1491 1825 1561 1821 1749 1805 1753 1805 1756 1805 1792 1821 1812 1828 1832 1821 1878 1798 1882 1798 1885 1798 1888 1798 1945 1821 1951 1821 1981 1821 2169 1802 2173 1802 2176 1802 2179 1802 2203 1821 2216 1831 2262 1821 2318 1805 2322 1805 2325 1805 2328 1805 2332 1805 2351 1821 2375 1831 2510 1821 2513 1891 2507 1914 780 1904"/>
                  </Shape>
                  <String CONTENT="au contenu des ordonnances penibles du Sainct Empire"
                          HPOS="780"
                          VPOS="1792"
                          WIDTH="1733"
                          HEIGHT="122"/>
               </TextLine>
               <TextLine ID="eSc_line_e9d89de8"
                         BASELINE="774 1964 2375 2003"
                         HPOS="770"
                         VPOS="1888"
                         WIDTH="1605"
                         HEIGHT="162"
                         TAGREFS="LT118">
                  <Shape>
                     <Polygon POINTS="774 1964 770 1901 1299 1888 1303 1888 1571 1917 1594 1921 1604 1921 1703 1898 1706 1898 1710 1898 1766 1924 1769 1924 1835 1901 1839 1901 1842 1901 1958 1924 2120 1911 2123 1911 2126 1911 2130 1911 2163 1934 2166 1937 2371 1941 2375 2003 2368 2050 2216 2026 2179 2043 2176 2043 2173 2043 2169 2043 2123 2017 2090 2043 2087 2043 2083 2043 2083 2046 1978 2046 1974 2043 1971 2043 1968 2043 1968 2040 1931 2003 1706 2000 1617 2033 1614 2033 1610 2033 1607 2033 1604 2033 1601 2033 1551 1993 1306 1990 1194 2023 1187 2023 1184 2023 1180 2023 1038 2020 1035 2020 1032 2020 1032 2017 992 1984 770 2010"/>
                  </Shape>
                  <String CONTENT="voyre jusques a avoir sostenu la question et"
                          HPOS="770"
                          VPOS="1888"
                          WIDTH="1605"
                          HEIGHT="162"/>
               </TextLine>
               <TextLine ID="eSc_line_d71b2a6f"
                         BASELINE="783 2073 2398 2083"
                         HPOS="770"
                         VPOS="1993"
                         WIDTH="1628"
                         HEIGHT="133"
                         TAGREFS="LT118">
                  <Shape>
                     <Polygon POINTS="783 2073 777 2013 820 1993 823 1993 826 1993 830 1993 833 1993 856 2013 903 1993 906 1993 909 1993 912 1993 959 2013 972 2013 1296 1993 1299 1993 1462 2017 1472 2017 1475 2017 1515 1997 1518 1997 1521 1997 1690 1997 1842 2020 1862 2023 2087 2023 2090 2020 2113 2003 2117 2003 2120 2003 2123 2003 2394 2023 2398 2083 2394 2099 2262 2122 2259 2122 2255 2122 2252 2122 2252 2119 2229 2099 2226 2096 2216 2099 2140 2119 2136 2119 2133 2119 2130 2119 2070 2099 2064 2096 2057 2099 2001 2122 1997 2122 1997 2126 1862 2126 1859 2122 1766 2119 1763 2119 1759 2119 1733 2096 1726 2089 1716 2096 1673 2119 1670 2119 1667 2119 1538 2093 1508 2089 1481 2093 1425 2106 1422 2106 1419 2106 1415 2106 1399 2093 1395 2089 1376 2093 1323 2103 1319 2103 1316 2103 1313 2103 1299 2093 1286 2086 1137 2086 1111 2089 1041 2106 1038 2106 1035 2106 1032 2106 1015 2089 1008 2086 916 2086 899 2089 813 2112 810 2112 807 2112 803 2112 800 2112 770 2089"/>
                  </Shape>
                  <String CONTENT="torture moderement. Sy est ce que persistant"
                          HPOS="770"
                          VPOS="1993"
                          WIDTH="1628"
                          HEIGHT="133"/>
               </TextLine>
               <TextLine ID="eSc_line_8398dc33"
                         BASELINE="783 2172 1419 2165 2500 2189"
                         HPOS="777"
                         VPOS="2083"
                         WIDTH="1723"
                         HEIGHT="139"
                         TAGREFS="LT118">
                  <Shape>
                     <Polygon POINTS="783 2172 777 2096 866 2083 869 2083 873 2083 876 2083 889 2096 909 2112 1048 2112 1084 2096 1094 2093 1098 2093 1101 2093 1104 2093 1118 2096 1147 2109 1177 2096 1204 2086 1207 2086 1210 2086 1283 2099 1313 2103 1352 2099 1442 2089 1445 2089 1448 2089 1468 2099 1508 2119 1667 2103 1696 2099 1700 2099 1703 2099 1710 2103 1756 2122 1779 2103 1782 2103 1786 2103 1789 2103 1792 2103 1796 2103 1796 2106 1816 2122 1868 2103 1872 2103 1875 2103 1878 2103 1888 2103 2014 2129 2074 2129 2097 2106 2100 2103 2100 2099 2103 2099 2107 2099 2110 2099 2143 2106 2232 2122 2259 2106 2262 2103 2265 2103 2269 2103 2272 2103 2500 2109 2500 2189 2497 2195 2384 2222 2381 2222 2206 2218 2203 2218 2199 2218 2166 2198 2163 2195 2153 2198 2083 2218 2080 2218 2077 2218 1918 2215 1816 2198 1749 2189 1700 2198 1647 2212 1644 2212 1640 2212 1637 2212 1637 2208 1624 2198 1610 2189 1554 2198 1521 2205 1518 2205 1515 2205 1511 2205 1511 2202 1508 2202 1491 2185 1343 2185 1309 2202 1296 2208 1293 2208 1290 2208 1286 2208 1263 2202 1197 2182 1081 2198 1078 2198 1075 2198 998 2179 942 2202 939 2202 936 2202 932 2202 876 2182 780 2202"/>
                  </Shape>
                  <String CONTENT="et perseverant a linficiatx, et negative de tous"
                          HPOS="777"
                          VPOS="2083"
                          WIDTH="1723"
                          HEIGHT="139"/>
               </TextLine>
               <TextLine ID="eSc_line_8c026569"
                         BASELINE="767 2261 1389 2255 2474 2274"
                         HPOS="760"
                         VPOS="2175"
                         WIDTH="1714"
                         HEIGHT="136"
                         TAGREFS="LT118">
                  <Shape>
                     <Polygon POINTS="767 2261 760 2185 869 2175 873 2175 876 2175 916 2185 985 2205 1051 2189 1084 2179 1088 2179 1091 2179 1256 2185 1260 2185 1263 2185 1263 2189 1266 2189 1283 2208 1326 2192 1349 2182 1352 2182 1356 2182 1359 2182 1389 2192 1438 2208 1468 2192 1488 2182 1491 2182 1495 2182 1564 2192 1637 2205 1657 2195 1670 2185 1673 2185 1677 2185 1680 2185 1819 2185 1822 2185 1845 2195 1878 2215 1981 2198 1988 2198 1991 2198 1997 2198 2070 2215 2090 2198 2103 2189 2107 2189 2110 2189 2113 2189 2117 2189 2140 2198 2176 2222 2295 2222 2328 2202 2351 2192 2355 2192 2358 2192 2361 2192 2365 2192 2378 2202 2398 2218 2467 2205 2474 2274 2474 2288 2424 2311 2421 2311 2418 2311 2298 2288 2285 2288 2269 2288 2146 2308 2143 2308 2140 2308 2100 2291 2087 2284 1911 2284 1895 2291 1868 2304 1865 2304 1862 2304 1859 2304 1822 2291 1796 2281 1776 2291 1753 2304 1749 2304 1746 2304 1326 2301 1323 2301 1293 2294 1220 2274 1184 2294 1174 2298 1170 2298 1167 2298 1164 2298 1147 2294 1098 2281 1068 2294 1058 2298 1055 2298 1051 2298 1048 2298 1045 2298 1041 2294 1008 2271 876 2271 764 2294"/>
                  </Shape>
                  <String CONTENT="Les faictz pourtez auxdites informations. Combien"
                          HPOS="760"
                          VPOS="2175"
                          WIDTH="1714"
                          HEIGHT="136"/>
               </TextLine>
               <TextLine ID="eSc_line_e5772c95"
                         BASELINE="777 2351 2375 2364"
                         HPOS="774"
                         VPOS="2265"
                         WIDTH="1601"
                         HEIGHT="135"
                         TAGREFS="LT118">
                  <Shape>
                     <Polygon POINTS="777 2351 774 2291 979 2265 982 2265 1101 2291 1101 2294 1190 2294 1194 2294 1220 2271 1220 2268 1223 2268 1227 2268 1230 2268 1386 2291 1429 2268 1432 2268 1435 2268 1438 2268 1501 2291 1584 2271 1587 2271 1591 2271 1594 2271 1597 2271 1630 2298 1634 2301 1683 2301 1687 2298 1756 2271 1759 2271 1763 2271 1766 2271 1839 2294 1885 2271 1888 2271 1892 2271 1895 2271 1974 2294 1997 2274 2001 2274 2004 2274 2007 2274 2011 2274 2070 2301 2074 2301 2077 2301 2160 2278 2163 2278 2166 2278 2308 2304 2375 2364 2368 2377 2332 2370 2322 2377 2305 2390 2305 2394 2302 2394 2298 2394 2295 2394 2169 2380 2110 2374 2083 2380 2047 2390 2044 2390 2040 2390 1988 2380 1915 2367 1885 2380 1855 2397 1852 2397 1852 2400 1743 2400 1739 2397 1736 2397 1706 2384 1687 2370 1531 2367 1501 2384 1488 2394 1485 2394 1481 2394 1481 2397 1399 2397 1395 2394 1392 2394 1389 2394 1389 2390 1382 2384 1362 2367 1316 2384 1309 2387 1306 2387 1303 2387 1299 2387 1296 2384 1250 2364 1051 2364 774 2387"/>
                  </Shape>
                  <String CONTENT="Que les preuves soyent revestues de toutes"
                          HPOS="774"
                          VPOS="2265"
                          WIDTH="1601"
                          HEIGHT="135"/>
               </TextLine>
               <TextLine ID="eSc_line_fc06c104"
                         BASELINE="787 2456 2447 2440"
                         HPOS="780"
                         VPOS="2367"
                         WIDTH="1667"
                         HEIGHT="126"
                         TAGREFS="LT118">
                  <Shape>
                     <Polygon POINTS="787 2456 780 2407 1058 2403 1061 2400 1108 2377 1111 2377 1114 2377 1299 2377 1303 2377 1306 2377 1306 2380 1326 2397 1386 2380 1389 2380 1392 2380 1395 2380 1435 2394 1465 2374 1468 2374 1472 2374 1475 2374 1743 2374 1746 2374 1749 2374 1773 2394 1776 2394 1849 2370 1852 2370 1855 2370 1964 2390 1968 2390 2166 2390 2222 2367 2226 2367 2229 2367 2441 2387 2447 2440 2441 2466 2186 2460 2117 2470 2021 2483 2017 2483 2014 2483 2011 2483 1997 2470 1988 2463 1961 2470 1908 2483 1905 2483 1630 2486 1627 2486 1624 2486 1581 2473 1564 2466 1544 2473 1491 2486 1488 2486 1485 2486 1293 2473 1240 2470 1233 2473 1213 2486 1210 2486 1207 2486 1204 2486 1200 2486 1167 2473 1157 2470 1147 2473 1088 2493 1084 2493 1081 2493 1078 2493 1018 2473 1012 2473 787 2473"/>
                  </Shape>
                  <String CONTENT="circonstances conluantes , Et que nonobstant"
                          HPOS="780"
                          VPOS="2367"
                          WIDTH="1667"
                          HEIGHT="126"/>
               </TextLine>
               <TextLine ID="eSc_line_8625f046"
                         BASELINE="760 2549 2513 2536"
                         HPOS="754"
                         VPOS="2450"
                         WIDTH="1759"
                         HEIGHT="139"
                         TAGREFS="LT118">
                  <Shape>
                     <Polygon POINTS="760 2549 754 2486 1326 2486 1346 2473 1366 2460 1369 2460 1372 2460 1376 2460 1518 2460 1521 2460 1538 2470 1567 2483 1640 2466 1687 2456 1690 2456 1733 2463 1809 2483 1908 2483 1931 2460 1935 2460 1935 2456 1938 2456 1941 2456 1945 2456 1971 2460 2087 2476 2130 2456 2136 2453 2140 2453 2143 2453 2146 2453 2153 2456 2209 2476 2504 2450 2513 2536 2513 2562 2457 2582 2454 2582 2451 2582 2447 2582 2414 2562 2401 2556 2388 2562 2371 2575 2368 2575 2365 2575 2365 2579 2259 2579 2255 2575 2183 2565 2113 2552 2083 2565 2031 2585 2027 2585 2024 2585 1763 2569 1700 2585 1696 2585 1693 2585 1690 2585 1653 2565 1634 2556 1581 2565 1508 2579 1505 2579 1501 2579 1452 2565 1425 2559 1402 2565 1356 2582 1352 2582 1349 2582 1346 2582 1313 2565 1303 2559 1293 2565 1266 2589 1263 2589 1260 2589 1256 2589 1141 2565 1111 2562 995 2562 992 2565 972 2585 969 2585 965 2585 962 2585 959 2585 955 2585 929 2565 919 2562 760 2565"/>
                  </Shape>
                  <String CONTENT="ma pertace inficiation Mesdits seigneurs les Officiers"
                          HPOS="754"
                          VPOS="2450"
                          WIDTH="1759"
                          HEIGHT="139"/>
               </TextLine>
               <TextLine ID="eSc_line_a0b4e2e6"
                         BASELINE="777 2645 2513 2628"
                         HPOS="774"
                         VPOS="2549"
                         WIDTH="1739"
                         HEIGHT="139"
                         TAGREFS="LT118">
                  <Shape>
                     <Polygon POINTS="777 2645 774 2565 1035 2585 1094 2565 1114 2559 1118 2559 1121 2559 1187 2565 1293 2579 1313 2565 1319 2562 1323 2562 1326 2562 1329 2562 1392 2569 1448 2572 1468 2569 1511 2556 1515 2556 1518 2556 1521 2556 1524 2556 1544 2569 1551 2572 1571 2569 1637 2556 1640 2556 1739 2569 1812 2579 1961 2572 2328 2549 2332 2549 2335 2549 2338 2549 2371 2572 2375 2575 2507 2575 2513 2628 2513 2648 2302 2671 2298 2671 2295 2671 2259 2655 2239 2645 2216 2655 2186 2671 2183 2671 2179 2671 2176 2671 2173 2671 2153 2658 2146 2651 1825 2648 1799 2665 1782 2678 1779 2678 1776 2678 1773 2678 1683 2668 1558 2651 1481 2671 1455 2678 1452 2678 1448 2678 1445 2678 1442 2678 1442 2675 1435 2671 1419 2655 1392 2675 1379 2681 1376 2681 1372 2681 1369 2681 1303 2675 1124 2655 1048 2681 1035 2685 1032 2685 1032 2688 962 2688 959 2685 955 2685 952 2685 952 2681 919 2658 777 2685"/>
                  </Shape>
                  <String CONTENT="ayent preuves suffisante pour maccuser devant"
                          HPOS="774"
                          VPOS="2549"
                          WIDTH="1739"
                          HEIGHT="139"/>
               </TextLine>
               <TextLine ID="eSc_line_63a86242"
                         BASELINE="731 2761 1270 2731 2461 2737"
                         HPOS="724"
                         VPOS="2645"
                         WIDTH="1737"
                         HEIGHT="129"
                         TAGREFS="LT118">
                  <Shape>
                     <Polygon POINTS="731 2761 724 2671 883 2675 896 2668 909 2658 912 2658 916 2658 919 2658 962 2665 1002 2675 1032 2665 1068 2651 1071 2651 1075 2651 1078 2651 1104 2665 1118 2671 1273 2675 1286 2661 1290 2661 1290 2658 1293 2658 1296 2658 1299 2658 1319 2661 1399 2675 1419 2658 1432 2648 1435 2648 1438 2648 1442 2648 1647 2648 1650 2648 1673 2655 1720 2671 1766 2655 1773 2651 1776 2651 1779 2651 1782 2651 1789 2655 1835 2671 1895 2651 1898 2651 1902 2651 1905 2651 1915 2651 2070 2671 2107 2648 2110 2645 2113 2645 2117 2645 2120 2645 2457 2645 2461 2737 2454 2764 2388 2747 2123 2767 2093 2767 2090 2767 2087 2767 2083 2767 2040 2747 1673 2747 1630 2767 1627 2767 1624 2767 1620 2767 1561 2751 1041 2751 979 2770 975 2770 975 2774 731 2774"/>
                  </Shape>
                  <String CONTENT="La justice criminelle, Et me convaincre desdits"
                          HPOS="724"
                          VPOS="2645"
                          WIDTH="1737"
                          HEIGHT="129"/>
               </TextLine>
               <TextLine ID="eSc_line_5bbfa5d0"
                         BASELINE="770 2843 1048 2850 1157 2823 1339 2820 2368 2833"
                         HPOS="764"
                         VPOS="2731"
                         WIDTH="1604"
                         HEIGHT="145"
                         TAGREFS="LT118">
                  <Shape>
                     <Polygon POINTS="770 2843 764 2757 826 2737 830 2737 833 2737 959 2754 1045 2731 1048 2731 1051 2731 1055 2731 1088 2747 1220 2737 1223 2737 1227 2737 1230 2737 1263 2757 1465 2737 1468 2737 1472 2737 1534 2761 1627 2737 1630 2737 1634 2737 1739 2754 1865 2741 1868 2741 2027 2767 2040 2767 2057 2767 2285 2744 2289 2744 2292 2744 2368 2770 2368 2833 2355 2866 2328 2847 2229 2866 2199 2870 2196 2870 2193 2870 2189 2870 2183 2866 2153 2843 1839 2843 1766 2863 1716 2876 1713 2876 1710 2876 1630 2863 1505 2837 1326 2837 1227 2840 1194 2860 1180 2870 1177 2870 1174 2870 1170 2870 764 2856"/>
                  </Shape>
                  <String CONTENT="faictz par tesmoing suffisans pourte ausdites"
                          HPOS="764"
                          VPOS="2731"
                          WIDTH="1604"
                          HEIGHT="145"/>
               </TextLine>
               <TextLine ID="eSc_line_87ec82a2"
                         BASELINE="750 2936 2351 2913"
                         HPOS="744"
                         VPOS="2830"
                         WIDTH="1607"
                         HEIGHT="155"
                         TAGREFS="LT118">
                  <Shape>
                     <Polygon POINTS="750 2936 744 2856 893 2847 896 2847 899 2847 919 2853 972 2873 1022 2853 1025 2853 1028 2853 1032 2853 1045 2853 1124 2866 1161 2853 1197 2840 1200 2840 1204 2840 1336 2840 1339 2840 1369 2853 1402 2866 1491 2853 1551 2843 1554 2843 1634 2850 1716 2860 1730 2850 1756 2833 1759 2833 1763 2833 1766 2833 1842 2850 1885 2860 1921 2850 1984 2830 1988 2830 1991 2830 2345 2850 2351 2913 2345 2942 2222 2933 2123 2949 2034 2966 2031 2966 2027 2966 1997 2952 1958 2936 1806 2952 1802 2952 1799 2952 1743 2939 1690 2962 1667 2972 1663 2972 1660 2972 1607 2966 1518 2949 1455 2969 1429 2976 1425 2976 1422 2976 1336 2972 979 2949 869 2982 866 2982 750 2985"/>
                  </Shape>
                  <String CONTENT="informations ; Sy est ce que a ma humble"
                          HPOS="744"
                          VPOS="2830"
                          WIDTH="1607"
                          HEIGHT="155"/>
               </TextLine>
               <TextLine ID="eSc_line_53cf147c"
                         BASELINE="750 3042 1832 3005 2414 3015"
                         HPOS="747"
                         VPOS="2923"
                         WIDTH="1667"
                         HEIGHT="152"
                         TAGREFS="LT118">
                  <Shape>
                     <Polygon POINTS="750 3042 747 2985 889 2985 896 2982 962 2949 965 2949 969 2949 1045 2949 1048 2949 1098 2976 1101 2976 1306 2976 1435 2972 1438 2969 1481 2936 1485 2936 1488 2936 1491 2936 1634 2962 1670 2933 1673 2933 1677 2933 1935 2926 1938 2926 2004 2926 2007 2926 2011 2926 2057 2956 2060 2956 2130 2923 2133 2923 2136 2923 2140 2923 2219 2952 2226 2952 2232 2952 2305 2936 2308 2936 2411 2949 2414 3015 2408 3035 2087 3018 2021 3045 2017 3045 2014 3045 2011 3045 2007 3045 2007 3042 1978 3018 1806 3018 1670 3018 1634 3048 1630 3048 1627 3048 1624 3048 1505 3025 1405 3025 1319 3061 1316 3061 1243 3065 1144 3065 1141 3065 1137 3065 1081 3042 750 3075"/>
                  </Shape>
                  <String CONTENT="priere et requeste faicte a Moin Seigneur et"
                          HPOS="747"
                          VPOS="2923"
                          WIDTH="1667"
                          HEIGHT="152"/>
               </TextLine>
               <TextLine ID="eSc_line_29518b8c"
                         BASELINE="764 3141 1690 3104 2173 3104 2504 3124"
                         HPOS="750"
                         VPOS="3022"
                         WIDTH="1754"
                         HEIGHT="168"
                         TAGREFS="LT118">
                  <Shape>
                     <Polygon POINTS="764 3141 750 3085 783 3061 787 3061 790 3061 793 3061 797 3061 846 3078 1137 3075 1217 3038 1220 3038 1223 3038 1227 3038 1280 3065 1343 3032 1346 3032 1736 3025 1739 3025 1842 3048 1915 3028 1918 3028 1921 3028 1925 3028 1971 3052 2007 3028 2011 3028 2014 3028 2017 3028 2021 3028 2080 3052 2173 3022 2176 3022 2179 3022 2183 3022 2279 3045 2497 3045 2504 3124 2504 3151 2295 3154 2292 3154 2289 3154 2285 3154 2242 3118 2153 3134 2150 3134 2017 3121 1931 3164 1928 3164 1925 3164 1921 3164 1918 3164 1868 3124 1799 3124 1763 3144 1759 3144 1756 3144 1753 3144 1749 3144 1690 3128 1498 3131 1412 3174 1409 3174 1405 3174 1402 3174 1336 3138 1280 3177 1276 3177 1273 3177 1270 3177 1266 3177 1263 3177 1200 3141 1147 3141 1101 3177 1098 3177 1094 3177 1038 3184 1005 3184 1002 3184 998 3184 995 3184 995 3181 962 3154 909 3154 843 3187 840 3187 840 3190 764 3190"/>
                  </Shape>
                  <String CONTENT="Prince, ayant heu pitie de mes pouvres enffans"
                          HPOS="750"
                          VPOS="3022"
                          WIDTH="1754"
                          HEIGHT="168"/>
               </TextLine>
               <TextLine ID="eSc_line_2d283060"
                         BASELINE="757 3243 1614 3214 2484 3220"
                         HPOS="750"
                         VPOS="3128"
                         WIDTH="1734"
                         HEIGHT="155"
                         TAGREFS="LT118">
                  <Shape>
                     <Polygon POINTS="757 3243 750 3177 850 3154 853 3154 992 3171 995 3171 998 3171 1104 3144 1108 3144 1111 3144 1114 3144 1187 3164 1293 3138 1296 3138 1299 3138 1362 3138 1366 3138 1369 3138 1369 3141 1395 3161 1422 3138 1425 3138 1429 3138 1511 3134 1515 3134 1640 3157 1657 3161 1667 3157 1746 3131 1749 3131 1753 3131 1756 3131 1825 3147 1865 3131 1868 3131 1872 3131 1875 3131 1945 3154 1964 3157 2011 3151 2173 3128 2176 3128 2179 3128 2219 3147 2226 3151 2477 3144 2484 3220 2477 3257 2441 3240 2388 3250 2384 3250 2381 3250 2378 3250 2378 3247 2358 3230 2269 3260 2265 3260 2262 3260 2259 3260 2255 3260 2219 3237 2077 3247 2074 3247 2070 3247 2024 3227 1981 3260 1978 3260 1974 3260 1971 3260 1968 3260 1898 3230 1855 3247 1852 3247 1849 3247 1756 3230 1703 3253 1700 3253 1696 3253 1693 3253 1650 3233 1531 3233 1422 3273 1419 3273 1415 3273 1412 3273 1409 3273 1366 3237 1276 3237 1200 3237 1124 3280 1121 3280 1118 3280 757 3283"/>
                  </Shape>
                  <String CONTENT="Il a pleu a Son Excellence Reverendissime me"
                          HPOS="750"
                          VPOS="3128"
                          WIDTH="1734"
                          HEIGHT="155"/>
               </TextLine>
            </TextBlock>
            <TextBlock HPOS="1365"
                       VPOS="3663"
                       WIDTH="140"
                       HEIGHT="154"
                       ID="eSc_textblock_21d3c10b"
                       TAGREFS="BT370">
               <Shape>
                  <Polygon POINTS="1365 3795 1415 3663 1505 3690 1491 3817"/>
               </Shape>
               <TextLine ID="eSc_line_1c3a7349"
                         TAGREFS="LT118"
                         BASELINE="1389 3760 1487 3770"
                         HPOS="1376"
                         VPOS="3643"
                         WIDTH="119"
                         HEIGHT="176">
                  <Shape>
                     <Polygon POINTS="1386 3759 1389 3657 1442 3643 1445 3643 1448 3643 1495 3667 1485 3769 1475 3819 1376 3809"/>
                  </Shape>
                  <String CONTENT="4"
                          HPOS="1376"
                          VPOS="3643"
                          WIDTH="119"
                          HEIGHT="176"/>
               </TextLine>
            </TextBlock>
            <TextBlock HPOS="2327"
                       VPOS="3695"
                       WIDTH="103"
                       HEIGHT="93"
                       ID="eSc_textblock_40119b6e"
                       TAGREFS="BT371">
               <Shape>
                  <Polygon POINTS="2327 3695 2327 3788 2430 3788 2430 3695"/>
               </Shape>
               <TextLine ID="eSc_line_81a21f96"
                         TAGREFS="LT118"
                         BASELINE="2342 3763 2411 3760"
                         HPOS="2332"
                         VPOS="3683"
                         WIDTH="76"
                         HEIGHT="96">
                  <Shape>
                     <Polygon POINTS="2341 3762 2332 3693 2398 3683 2408 3759 2404 3779 2338 3776"/>
                  </Shape>
                  <String CONTENT="1" HPOS="2332" VPOS="3683" WIDTH="76" HEIGHT="96"/>
               </TextLine>
            </TextBlock>
            <TextBlock HPOS="1388"
                       VPOS="123"
                       WIDTH="138"
                       HEIGHT="106"
                       ID="eSc_textblock_5755fe8d"
                       TAGREFS="BT379">
               <Shape>
                  <Polygon POINTS="1388 123 1388 229 1526 229 1526 123"/>
               </Shape>
            </TextBlock>
         </PrintSpace>
      </Page>
   </Layout>
</alto>
