<alto xmlns:xsi="http://www.w3.org/2001/XMLSchema-instance"
      xmlns="http://www.loc.gov/standards/alto/ns-v4#"
      xsi:schemaLocation="http://www.loc.gov/standards/alto/ns-v4# http://www.loc.gov/standards/alto/v4/alto-4-2.xsd">
   <Description>
      <MeasurementUnit>pixel</MeasurementUnit>
      <sourceImageInformation>
         <fileName>B_168_15-2-3_0002.jpg</fileName>
      </sourceImageInformation>
   </Description>
   <Tags>
      <OtherTag ID="BT365"
                LABEL="MainZone:column"
                DESCRIPTION="block type MainZone:column"/>
      <OtherTag ID="BT367" LABEL="MainZone" DESCRIPTION="block type MainZone"/>
      <OtherTag ID="BT368"
                LABEL="MarginTextZone"
                DESCRIPTION="block type MarginTextZone"/>
      <OtherTag ID="BT369"
                LABEL="MarginTextZone:note"
                DESCRIPTION="block type MarginTextZone:note"/>
      <OtherTag ID="BT370"
                LABEL="NumberingZone:other"
                DESCRIPTION="block type NumberingZone:other"/>
      <OtherTag ID="BT371"
                LABEL="NumberingZone:page"
                DESCRIPTION="block type NumberingZone:page"/>
      <OtherTag ID="BT379"
                LABEL="DecorationZone"
                DESCRIPTION="block type DecorationZone"/>
      <OtherTag ID="BT380"
                LABEL="CustomZone:signature"
                DESCRIPTION="block type CustomZone:signature"/>
      <OtherTag ID="LT118" LABEL="DefaultLine" DESCRIPTION="line type DefaultLine"/>
      <OtherTag ID="LT119" LABEL="HeadingLine" DESCRIPTION="line type HeadingLine"/>
      <OtherTag ID="LT120"
                LABEL="InterlinearLine"
                DESCRIPTION="line type InterlinearLine"/>
   </Tags>
   <Layout>
      <Page WIDTH="2649"
            HEIGHT="3967"
            PHYSICAL_IMG_NR="15"
            ID="eSc_dummypage_">
         <PrintSpace HPOS="0" VPOS="0" WIDTH="2649" HEIGHT="3967">
            <TextBlock HPOS="449"
                       VPOS="198"
                       WIDTH="2120"
                       HEIGHT="3382"
                       ID="eSc_textblock_b2adb758"
                       TAGREFS="BT367">
               <Shape>
                  <Polygon POINTS="2450 565 2066 647 2176 727 2450 740 2516 885 2477 1071 2516 1398 2463 1600 2503 1861 2463 1900 2556 1970 2569 2469 2490 2631 2543 2905 2437 3041 2490 3200 2463 3395 1871 3421 1673 3487 1068 3487 631 3580 502 3500 502 3305 568 3183 582 3067 644 3067 648 3014 489 3011 476 2922 515 2882 714 2763 542 2733 502 2628 515 2472 591 2459 701 2353 582 2350 502 2257 502 2062 621 2009 578 1927 489 1900 489 1785 542 1689 605 1623 449 1596 449 1507 687 1428 568 1411 568 1309 489 1292 489 1163 542 1133 489 912 515 859 701 793 595 776 555 687 489 671 489 581 552 555 515 485 489 317 591 290 638 245 727 198 2450 198 2529 238 2529 314 2410 370"/>
               </Shape>
               <TextLine ID="eSc_line_869c03a5"
                         BASELINE="506 350 614 320 740 298 1078 284 2520 287"
                         HPOS="499"
                         VPOS="191"
                         WIDTH="2021"
                         HEIGHT="168"
                         TAGREFS="LT118">
                  <Shape>
                     <Polygon POINTS="499 304 556 275 664 231 757 195 760 195 763 195 922 228 1008 195 1011 195 1015 195 1306 204 1309 204 1312 204 1342 224 1345 228 1349 224 1428 195 1431 195 1435 195 1438 195 1534 224 1551 228 1574 224 1732 191 1736 191 1739 191 1828 218 1937 195 1941 195 2063 198 2066 198 2070 198 2096 218 2136 191 2139 191 2143 191 2146 191 2305 191 2308 191 2371 218 2391 224 2510 218 2516 284 2520 297 2480 327 2477 327 2473 327 2470 327 2467 327 2463 327 2463 323 2447 310 2384 327 2381 327 2377 327 2374 327 2298 300 2295 300 2291 300 2225 320 2222 320 2219 320 2215 320 2182 304 2172 297 2139 304 2090 314 2086 314 2083 314 2053 304 2027 297 2010 307 1971 327 1967 327 1967 330 1765 330 1762 327 1696 314 1627 297 1451 314 1448 314 1349 300 1326 320 1322 320 1319 320 1316 320 1303 320 1210 304 1147 323 1124 330 1121 330 1117 330 1041 323 830 307 503 359"/>
                  </Shape>
                  <String CONTENT="10 Qui a cause La maladie des chevaulx de Guilliame"
                          HPOS="499"
                          VPOS="191"
                          WIDTH="2021"
                          HEIGHT="168"/>
               </TextLine>
               <TextLine ID="eSc_line_128a1159"
                         BASELINE="744 370 994 362"
                         HPOS="737"
                         VPOS="325"
                         WIDTH="300"
                         HEIGHT="51"
                         TAGREFS="LT118">
                  <Shape>
                     <Polygon POINTS="740 366 759 330 1009 325 1037 355 1025 371 737 376"/>
                  </Shape>
                  <String CONTENT="perreal"
                          HPOS="737"
                          VPOS="325"
                          WIDTH="300"
                          HEIGHT="51"/>
               </TextLine>
               <TextLine ID="eSc_line_1a87e0f7"
                         BASELINE="790 437 1107 419 2043 400"
                         HPOS="780"
                         VPOS="357"
                         WIDTH="1260"
                         HEIGHT="125"
                         TAGREFS="LT118">
                  <Shape>
                     <Polygon POINTS="787 436 780 363 1944 357 2040 396 2037 419 1861 419 1851 429 1828 449 1828 452 1825 452 1822 452 1818 452 1815 452 1762 436 1696 462 1693 462 1689 462 1686 462 1613 436 1607 436 1587 436 1412 459 1408 459 1405 459 1355 446 1309 433 1256 449 1207 466 1203 466 1200 466 1197 466 1150 452 1104 439 1081 456 1048 479 1045 479 1041 479 882 482 879 482 876 482 873 482 843 462 820 449 790 466"/>
                  </Shape>
                  <String CONTENT="dit bien scavoir quil lui en soit beaulxcoup mors"
                          HPOS="780"
                          VPOS="357"
                          WIDTH="1260"
                          HEIGHT="125"/>
               </TextLine>
               <TextLine ID="eSc_line_1a50b741"
                         BASELINE="525 452 772 438"
                         HPOS="519"
                         VPOS="397"
                         WIDTH="251"
                         HEIGHT="75"
                         TAGREFS="LT118">
                  <Shape>
                     <Polygon POINTS="522 449 519 419 765 397 770 436 770 449 522 472"/>
                  </Shape>
                  <String CONTENT="Negat"
                          HPOS="519"
                          VPOS="397"
                          WIDTH="251"
                          HEIGHT="75"/>
               </TextLine>
               <TextLine ID="eSc_line_942a8a5d"
                         BASELINE="727 624 1855 601"
                         HPOS="720"
                         VPOS="525"
                         WIDTH="1135"
                         HEIGHT="129"
                         TAGREFS="LT118">
                  <Shape>
                     <Polygon POINTS="727 624 720 575 1008 568 1015 565 1203 535 1207 535 1210 535 1296 558 1299 558 1303 558 1402 535 1405 535 1547 552 1551 552 1554 552 1580 528 1584 528 1587 528 1689 525 1693 525 1696 525 1699 525 1729 548 1732 548 1736 548 1789 525 1792 525 1795 525 1799 525 1851 545 1855 601 1855 611 1686 641 1683 641 1481 624 1369 647 1365 647 1362 647 1316 628 1273 647 1269 647 1266 647 1104 631 1078 631 1074 634 1051 651 1051 654 1048 654 1045 654 1041 654 724 641"/>
                  </Shape>
                  <String CONTENT="se vengeoit de telle injures"
                          HPOS="720"
                          VPOS="525"
                          WIDTH="1135"
                          HEIGHT="129"/>
               </TextLine>
               <TextLine ID="eSc_line_5abf685d"
                         BASELINE="499 651 543 653 767 544 2407 522"
                         HPOS="496"
                         VPOS="439"
                         WIDTH="1908"
                         HEIGHT="210"
                         TAGREFS="LT118">
                  <Shape>
                     <Polygon POINTS="496 647 510 597 677 512 727 466 730 466 734 466 787 462 790 462 985 492 1071 459 1074 459 1078 459 1193 485 1233 452 1236 452 1240 452 1243 452 1362 476 1405 456 1408 456 1412 456 1415 456 1498 482 1521 489 1554 479 1623 462 1627 462 1630 462 1772 469 1835 439 1838 439 1842 439 1845 439 1921 469 1954 479 1994 466 2073 439 2076 439 2080 439 2083 439 2146 459 2176 469 2318 456 2321 456 2324 456 2328 456 2331 456 2348 472 2394 452 2404 519 2400 558 2308 545 2281 565 2278 565 2275 565 2271 565 2242 565 2116 558 2066 571 2037 578 2033 578 2030 578 2027 578 2004 571 1885 542 1666 565 1663 565 1660 565 1603 548 1560 581 1557 581 1554 581 1551 581 1408 561 1306 581 1303 581 1299 581 1246 558 1114 558 992 604 988 604 985 604 982 604 978 604 975 604 935 571 777 611 767 611 546 649"/>
                  </Shape>
                  <String CONTENT="11 Pourquoi quant on lappelloit genauche en elle"
                          HPOS="496"
                          VPOS="439"
                          WIDTH="1908"
                          HEIGHT="210"/>
               </TextLine>
               <TextLine ID="eSc_line_a06daada"
                         BASELINE="582 704 1980 674"
                         HPOS="572"
                         VPOS="604"
                         WIDTH="1408"
                         HEIGHT="146"
                         TAGREFS="LT118">
                  <Shape>
                     <Polygon POINTS="582 704 572 651 730 624 734 624 949 638 1035 641 1114 631 1243 614 1246 614 1250 614 1286 624 1316 634 1971 604 1980 674 1974 700 1832 694 1769 707 1696 723 1693 723 1689 723 1656 710 1633 700 1610 710 1594 720 1590 720 1587 720 1584 720 1560 714 1521 700 1488 714 1448 733 1445 733 1339 737 1336 737 1332 737 1289 720 1253 704 1223 720 1197 740 1193 740 1190 740 1187 740 985 727 767 714 737 733 717 750 714 750 711 750 707 750 704 750 701 750 681 737 661 723 582 737"/>
                  </Shape>
                  <String CONTENT="dit quelle navoit personne pour la deffendre"
                          HPOS="572"
                          VPOS="604"
                          WIDTH="1408"
                          HEIGHT="146"/>
               </TextLine>
               <TextLine ID="eSc_line_107a3774"
                         BASELINE="724 925 1362 899 2486 919"
                         HPOS="717"
                         VPOS="829"
                         WIDTH="1769"
                         HEIGHT="116"
                         TAGREFS="LT118">
                  <Shape>
                     <Polygon POINTS="724 925 717 856 995 829 998 829 1002 829 1061 846 1240 829 1243 829 1246 829 1250 829 1250 833 1269 849 1303 829 1306 829 1309 829 1312 829 1465 829 1468 829 1524 849 1541 856 1557 849 1597 833 1600 833 1603 833 1749 849 1822 856 1848 849 1875 839 1878 839 1881 839 1941 846 2000 856 2017 846 2043 833 2047 833 2050 833 2053 833 2100 846 2136 856 2483 846 2486 919 2483 935 2149 945 2146 945 2143 945 2113 938 2066 925 2017 938 1984 945 1980 945 1977 945 1931 938 1842 922 1802 938 1782 945 1779 945 1775 945 1732 938 1643 922 1567 938 1534 945 1531 945 1527 945 1524 945 1524 942 1517 938 1501 919 1415 919 1395 938 1392 938 1392 942 1388 942 1385 942 1385 945 1243 945 1240 942 1236 942 1233 942 1230 938 1200 919 1045 919 982 938 975 942 972 942 968 942 965 942 955 938 892 925 720 938"/>
                  </Shape>
                  <String CONTENT="de sa femme que sont este sy souvent malades"
                          HPOS="717"
                          VPOS="829"
                          WIDTH="1769"
                          HEIGHT="116"/>
               </TextLine>
               <TextLine ID="eSc_line_95c80f89"
                         BASELINE="519 956 613 947 744 839 1785 829 2440 849"
                         HPOS="509"
                         VPOS="733"
                         WIDTH="1928"
                         HEIGHT="222"
                         TAGREFS="LT118">
                  <Shape>
                     <Polygon POINTS="515 955 509 813 687 809 754 750 757 750 760 750 816 747 820 747 823 747 826 747 886 790 925 760 929 760 932 760 935 760 939 760 1008 780 1048 747 1051 747 1054 747 1058 747 1200 766 1293 743 1296 743 1299 743 1352 743 1355 743 1359 743 1425 783 1637 743 1640 743 1643 743 1646 743 1689 780 1716 760 1719 760 1723 760 1858 750 1861 750 1865 750 1980 780 2033 733 2037 733 2040 733 2043 733 2109 733 2113 733 2116 733 2146 757 2209 743 2212 743 2215 743 2219 743 2285 790 2361 760 2364 760 2367 760 2371 760 2437 790 2437 846 2430 882 2238 856 2159 889 2156 889 2152 889 2149 889 2146 889 2143 889 2063 852 1977 889 1971 892 1967 892 1964 892 1961 892 1957 892 1957 889 1908 862 1752 866 1749 866 1746 866 1742 866 1709 842 1567 862 1564 862 1560 862 1511 842 1402 862 1398 862 1395 862 1392 862 1369 846 1144 866 1140 866 1011 849 939 869 935 869 932 869 840 849 711 905 707 905 615 946"/>
                  </Shape>
                  <String CONTENT="12 . Qui ont causé les maladies de Mori Vauthier et"
                          HPOS="509"
                          VPOS="733"
                          WIDTH="1928"
                          HEIGHT="222"/>
               </TextLine>
               <TextLine ID="eSc_line_830e1978"
                         BASELINE="687 995 2275 988"
                         HPOS="681"
                         VPOS="905"
                         WIDTH="1594"
                         HEIGHT="149"
                         TAGREFS="LT118">
                  <Shape>
                     <Polygon POINTS="687 995 681 925 1094 909 1097 909 1101 909 1167 925 1197 935 1471 935 1560 928 1885 905 1888 905 1891 905 1928 925 1954 912 1957 912 1961 912 2268 932 2275 988 2268 1031 1838 1014 1802 1031 1775 1044 1772 1044 1769 1044 1709 1031 1637 1014 1564 1031 1478 1051 1478 1054 906 1054 902 1051 899 1051 846 1031 816 1018 687 1028"/>
                  </Shape>
                  <String CONTENT="Lors que Ilz avoient querelles avec elle"
                          HPOS="681"
                          VPOS="905"
                          WIDTH="1594"
                          HEIGHT="149"/>
               </TextLine>
               <TextLine ID="eSc_line_a26724a6"
                         BASELINE="558 1067 813 1054"
                         HPOS="552"
                         VPOS="978"
                         WIDTH="261"
                         HEIGHT="126"
                         TAGREFS="LT118">
                  <Shape>
                     <Polygon POINTS="558 1067 552 978 628 978 631 978 634 978 638 981 658 998 711 985 747 978 750 978 806 991 813 1054 813 1084 621 1084 562 1104"/>
                  </Shape>
                  <String CONTENT="Negat"
                          HPOS="552"
                          VPOS="978"
                          WIDTH="261"
                          HEIGHT="126"/>
               </TextLine>
               <TextLine ID="eSc_line_4ce45d92"
                         BASELINE="674 1249 2483 1285"
                         HPOS="668"
                         VPOS="1176"
                         WIDTH="1815"
                         HEIGHT="152"
                         TAGREFS="LT118">
                  <Shape>
                     <Polygon POINTS="674 1249 671 1186 787 1176 790 1176 793 1176 823 1186 863 1200 906 1186 939 1180 942 1180 945 1180 1005 1190 1068 1200 1121 1190 1164 1183 1167 1183 1170 1183 1203 1193 1260 1206 1408 1193 1478 1190 1481 1190 1484 1190 1488 1190 1488 1193 1494 1196 1514 1216 1666 1216 1789 1200 1818 1196 1822 1196 1825 1196 1838 1200 1894 1223 2156 1226 2301 1206 2311 1206 2314 1206 2318 1206 2321 1206 2407 1229 2473 1209 2483 1285 2473 1328 2404 1305 2311 1325 2295 1325 2291 1325 2288 1325 2281 1322 2238 1299 2020 1299 2000 1312 1990 1322 1987 1322 1984 1322 1885 1328 1881 1328 1878 1328 1838 1309 1808 1292 1782 1305 1762 1315 1759 1315 1756 1315 1752 1315 1726 1302 1716 1299 1713 1302 1686 1325 1683 1325 1680 1325 1676 1325 1329 1319 1326 1319 1260 1289 1177 1315 1174 1315 1170 1315 1018 1279 998 1276 992 1279 949 1305 945 1305 942 1305 859 1309 856 1309 853 1309 849 1309 790 1272 787 1269 668 1266"/>
                  </Shape>
                  <String CONTENT="mori vauthier et pourquoi Il y mouroit tant"
                          HPOS="668"
                          VPOS="1176"
                          WIDTH="1815"
                          HEIGHT="152"/>
               </TextLine>
               <TextLine ID="eSc_line_6fd80407"
                         BASELINE="500 1269 562 1269 747 1164 2424 1186"
                         HPOS="489"
                         VPOS="1081"
                         WIDTH="1931"
                         HEIGHT="185"
                         TAGREFS="LT118">
                  <Shape>
                     <Polygon POINTS="499 1266 489 1123 677 1123 681 1123 720 1087 720 1084 724 1084 727 1084 823 1081 826 1081 830 1081 939 1123 942 1123 1193 1081 1197 1081 1425 1114 1468 1084 1471 1084 1474 1084 1478 1084 1600 1084 1603 1084 1607 1084 1640 1107 1683 1090 1686 1090 1689 1090 1842 1097 1845 1097 1848 1097 1865 1114 1918 1090 1921 1090 1924 1090 1997 1100 2000 1100 2004 1100 2004 1104 2033 1130 2037 1130 2143 1110 2146 1110 2149 1110 2172 1123 2209 1097 2212 1097 2215 1097 2219 1097 2417 1133 2420 1183 2414 1216 2324 1203 2262 1219 2205 1233 2202 1233 2199 1233 2195 1233 2169 1219 2123 1193 2086 1216 2083 1216 2080 1216 2076 1216 2073 1216 2030 1196 1928 1219 1908 1223 1904 1223 1901 1223 1885 1219 1769 1190 1746 1209 1742 1209 1739 1209 1736 1209 1732 1209 1729 1209 1729 1206 1703 1183 1660 1200 1656 1200 1653 1200 1491 1186 1474 1200 1474 1203 1471 1203 1468 1203 1465 1203 1461 1203 1392 1186 1355 1209 1352 1209 1349 1209 1345 1209 1203 1180 1074 1219 1071 1219 1068 1219 929 1193 882 1209 879 1209 876 1209 873 1209 826 1186 803 1206 803 1209 800 1209 797 1209 793 1209 737 1200 615 1223"/>
                  </Shape>
                  <String CONTENT="13. Qui causoit les maladies des chevaulx dudit"
                          HPOS="489"
                          VPOS="1081"
                          WIDTH="1931"
                          HEIGHT="185"/>
               </TextLine>
               <TextLine ID="eSc_line_8e1a54f8"
                         BASELINE="598 1335 873 1325"
                         HPOS="588"
                         VPOS="1256"
                         WIDTH="285"
                         HEIGHT="122"
                         TAGREFS="LT118">
                  <Shape>
                     <Polygon POINTS="598 1335 588 1272 863 1256 873 1325 873 1345 598 1378"/>
                  </Shape>
                  <String CONTENT="Negat"
                          HPOS="588"
                          VPOS="1256"
                          WIDTH="285"
                          HEIGHT="122"/>
               </TextLine>
               <TextLine ID="eSc_line_cfdf6cbc"
                         BASELINE="730 1570 1646 1583"
                         HPOS="727"
                         VPOS="1490"
                         WIDTH="919"
                         HEIGHT="136"
                         TAGREFS="LT118">
                  <Shape>
                     <Polygon POINTS="730 1570 727 1504 1127 1490 1131 1490 1134 1490 1180 1514 1193 1523 1279 1523 1299 1517 1395 1494 1398 1494 1402 1494 1451 1520 1461 1527 1643 1527 1646 1583 1640 1600 1551 1596 1541 1600 1508 1623 1504 1623 1501 1623 1418 1626 1415 1626 1306 1600 1266 1593 1226 1600 1170 1613 1167 1613 1164 1613 1127 1600 1091 1590 968 1590 942 1600 912 1616 909 1616 906 1616 902 1616 873 1600 856 1593 727 1600"/>
                  </Shape>
                  <String CONTENT="Semon villain Et pour"
                          HPOS="727"
                          VPOS="1490"
                          WIDTH="919"
                          HEIGHT="136"/>
               </TextLine>
               <TextLine ID="eSc_line_6bedd5ac"
                         BASELINE="457 1587 543 1586 745 1483 1217 1471 2457 1500"
                         HPOS="449"
                         VPOS="1371"
                         WIDTH="2004"
                         HEIGHT="215"
                         TAGREFS="LT118">
                  <Shape>
                     <Polygon POINTS="456 1586 449 1461 748 1410 837 1371 900 1401 912 1431 916 1431 1008 1428 1011 1428 1620 1431 1623 1431 1703 1454 1713 1457 1723 1454 1759 1441 1762 1441 1765 1441 1769 1441 1772 1441 1772 1444 1785 1454 1792 1461 1815 1454 1878 1438 1881 1438 1885 1438 1888 1438 1891 1438 1891 1441 1908 1454 1921 1464 1977 1454 2037 1444 2040 1444 2453 1454 2453 1497 2450 1523 2377 1540 2374 1540 2371 1540 2367 1540 2348 1527 2338 1520 2328 1527 2271 1557 2268 1557 2268 1560 2136 1560 2133 1557 2129 1557 2126 1557 2090 1530 2070 1514 2037 1504 1994 1523 1990 1523 1987 1523 1984 1523 1980 1523 1980 1520 1954 1494 1855 1533 1851 1533 1848 1533 1845 1533 1842 1533 1838 1533 1782 1514 1547 1523 1544 1523 1541 1523 1537 1523 1498 1494 1134 1490 1008 1490 929 1530 925 1530 922 1530 714 1504 618 1550"/>
                  </Shape>
                  <String CONTENT="14 Qui a cause la maladie des juvencels de"
                          HPOS="449"
                          VPOS="1371"
                          WIDTH="2004"
                          HEIGHT="215"/>
               </TextLine>
               <TextLine ID="eSc_line_000996c4"
                         BASELINE="628 1649 879 1642"
                         HPOS="618"
                         VPOS="1560"
                         WIDTH="261"
                         HEIGHT="145"
                         TAGREFS="LT118">
                  <Shape>
                     <Polygon POINTS="628 1649 618 1570 869 1560 879 1642 879 1669 628 1705"/>
                  </Shape>
                  <String CONTENT="Negat"
                          HPOS="618"
                          VPOS="1560"
                          WIDTH="261"
                          HEIGHT="145"/>
               </TextLine>
               <TextLine ID="eSc_line_a1cbe740"
                         BASELINE="495 1874 552 1865 738 1798 1465 1795 2460 1831"
                         HPOS="492"
                         VPOS="1746"
                         WIDTH="1965"
                         HEIGHT="125"
                         TAGREFS="LT118">
                  <Shape>
                     <Polygon POINTS="492 1871 503 1746 1101 1748 1104 1748 1303 1771 1312 1771 1316 1771 1395 1748 1398 1748 1402 1748 2457 1785 2457 1828 2453 1838 2245 1867 2242 1867 2238 1867 2186 1841 2182 1838 2179 1841 2156 1861 2152 1861 2149 1861 2146 1861 2143 1861 2113 1847 2073 1864 2070 1864 2066 1864 2063 1864 2060 1864 2037 1847 2020 1861 2020 1864 2017 1864 2014 1864 2014 1867 1934 1867 1931 1864 1822 1854 1818 1854 1815 1854 1815 1851 1805 1844 1785 1824 1729 1824 1709 1844 1699 1851 1699 1854 1696 1854 1693 1854 1689 1854 1686 1854 1660 1844 1610 1821 1534 1838 1531 1838 1220 1818 1127 1847 1111 1851 1107 1851 1104 1851 1101 1851 1081 1847 1031 1834 1008 1847 1005 1851 1002 1851 998 1851 995 1851 992 1851 982 1847 916 1821 849 1847 846 1847 843 1847 840 1847 797 1824 747 1847 744 1847 744 1851 611 1851"/>
                  </Shape>
                  <String CONTENT="15 Et pourquoi elle se treuva ainsy blessee lors"
                          HPOS="492"
                          VPOS="1746"
                          WIDTH="1965"
                          HEIGHT="125"/>
               </TextLine>
               <TextLine ID="eSc_line_0247491b"
                         BASELINE="730 1881 1412 1874"
                         HPOS="724"
                         VPOS="1795"
                         WIDTH="691"
                         HEIGHT="115"
                         TAGREFS="LT118">
                  <Shape>
                     <Polygon POINTS="730 1881 724 1831 909 1798 912 1798 916 1798 978 1821 995 1824 1180 1824 1217 1811 1266 1795 1269 1795 1273 1795 1405 1804 1412 1874 1415 1887 1365 1907 1362 1907 1362 1910 730 1910"/>
                  </Shape>
                  <String CONTENT="de telle maladie"
                          HPOS="724"
                          VPOS="1795"
                          WIDTH="691"
                          HEIGHT="115"/>
               </TextLine>
               <TextLine ID="eSc_line_4c3829fb"
                         BASELINE="615 1966 873 1953"
                         HPOS="605"
                         VPOS="1877"
                         WIDTH="268"
                         HEIGHT="106"
                         TAGREFS="LT118">
                  <Shape>
                     <Polygon POINTS="615 1966 605 1884 664 1877 668 1877 671 1877 674 1877 684 1884 714 1907 770 1907 793 1887 803 1877 806 1877 810 1877 813 1877 866 1890 873 1953 873 1966 615 1983"/>
                  </Shape>
                  <String CONTENT="Negat"
                          HPOS="605"
                          VPOS="1877"
                          WIDTH="268"
                          HEIGHT="106"/>
               </TextLine>
               <TextLine ID="eSc_line_9a80ba50"
                         BASELINE="515 2158 584 2146 770 2091 1382 2082 2506 2115"
                         HPOS="505"
                         VPOS="2027"
                         WIDTH="1998"
                         HEIGHT="128"
                         TAGREFS="LT118">
                  <Shape>
                     <Polygon POINTS="512 2155 505 2052 628 2052 631 2052 677 2029 681 2029 684 2029 687 2029 744 2052 769 2027 1405 2036 1408 2036 1412 2036 1415 2036 1415 2039 1441 2062 1445 2062 1451 2062 1597 2039 1600 2039 1772 2049 1775 2049 1779 2049 1779 2052 1795 2066 1812 2066 2040 2052 2043 2052 2503 2076 2503 2112 2493 2155 2407 2128 2318 2145 2314 2145 2156 2115 2126 2135 2123 2135 2119 2135 2116 2135 2014 2119 1967 2152 1964 2152 1961 2152 1957 2152 1954 2152 1951 2152 1894 2112 1729 2138 1726 2138 1557 2112 1468 2145 1465 2145 1461 2145 1458 2145 1455 2145 1402 2105 1164 2105 1041 2138 1038 2138 1035 2138 1031 2138 949 2119 879 2138 876 2138 873 2138 869 2138 866 2138 866 2135 830 2099 605 2135"/>
                  </Shape>
                  <String CONTENT="16. Pourquoi la femme premiere de Estienne doland"
                          HPOS="505"
                          VPOS="2027"
                          WIDTH="1998"
                          HEIGHT="128"/>
               </TextLine>
               <TextLine ID="eSc_line_67dab391"
                         BASELINE="717 2165 2536 2195"
                         HPOS="717"
                         VPOS="2092"
                         WIDTH="1819"
                         HEIGHT="146"
                         TAGREFS="LT118">
                  <Shape>
                     <Polygon POINTS="717 2165 717 2102 797 2109 810 2102 830 2092 833 2092 836 2092 840 2092 889 2105 922 2112 935 2105 949 2095 952 2095 955 2095 959 2095 962 2095 1005 2105 1035 2115 1051 2109 1068 2099 1071 2099 1074 2099 1078 2099 1114 2109 1137 2115 1157 2109 1197 2099 1200 2099 1203 2099 1303 2112 1365 2122 1441 2115 1577 2105 1580 2105 1584 2105 1617 2119 1630 2125 1653 2122 1736 2105 1739 2105 1908 2125 1957 2132 1964 2128 1987 2112 1990 2112 1994 2112 1997 2112 2143 2112 2146 2112 2189 2132 2195 2138 2533 2142 2536 2195 2533 2211 1931 2238 1928 2238 1868 2234 1865 2234 1861 2234 1861 2231 1838 2211 1828 2204 1785 2211 1729 2221 1726 2221 1723 2221 1699 2211 1670 2201 1643 2211 1603 2231 1600 2231 1597 2231 1594 2231 1537 2211 1521 2208 1491 2211 1395 2228 1392 2228 1388 2228 1355 2211 1319 2195 995 2211 863 2218 859 2218 856 2218 836 2211 770 2188 717 2211"/>
                  </Shape>
                  <String CONTENT="disoit que elle ladite Annelin la faisoit mourir"
                          HPOS="717"
                          VPOS="2092"
                          WIDTH="1819"
                          HEIGHT="146"/>
               </TextLine>
               <TextLine ID="eSc_line_a1abef2f"
                         BASELINE="572 2267 843 2261"
                         HPOS="562"
                         VPOS="2171"
                         WIDTH="281"
                         HEIGHT="126"
                         TAGREFS="LT118">
                  <Shape>
                     <Polygon POINTS="572 2267 562 2195 605 2171 608 2171 611 2171 836 2178 843 2261 843 2294 572 2297"/>
                  </Shape>
                  <String CONTENT="Negat"
                          HPOS="562"
                          VPOS="2171"
                          WIDTH="281"
                          HEIGHT="126"/>
               </TextLine>
               <TextLine ID="eSc_line_b0740953"
                         BASELINE="730 2495 1554 2492 2529 2512"
                         HPOS="724"
                         VPOS="2419"
                         WIDTH="1805"
                         HEIGHT="136"
                         TAGREFS="LT118">
                  <Shape>
                     <Polygon POINTS="730 2495 724 2443 843 2419 846 2419 849 2419 906 2443 909 2443 912 2443 955 2423 959 2423 962 2423 1091 2443 1097 2443 1104 2443 1203 2423 1207 2423 1326 2439 1554 2426 1557 2426 1560 2426 1600 2446 1607 2446 1613 2446 1656 2429 1660 2429 1663 2429 1666 2429 1670 2429 1689 2446 1696 2449 1723 2446 1808 2429 1812 2429 1914 2433 1918 2433 1921 2433 1921 2436 1934 2446 1941 2452 2523 2449 2529 2512 2526 2532 2308 2548 2305 2548 2301 2548 2262 2535 2238 2525 2215 2535 2176 2552 2172 2552 2172 2555 2083 2555 2080 2552 2076 2552 2073 2552 2050 2535 2047 2532 2040 2535 2007 2552 2004 2552 2000 2552 1997 2552 1961 2535 1944 2528 1928 2535 1894 2548 1891 2548 1888 2548 1885 2548 1858 2535 1832 2522 1560 2515 1527 2535 1524 2535 1521 2535 1517 2535 1514 2535 1461 2515 1425 2538 1422 2538 1418 2538 1415 2538 1412 2538 1408 2538 1355 2515 1269 2538 1240 2545 1236 2545 1233 2545 1230 2545 1207 2538 1121 2512 896 2512 863 2538 859 2538 856 2538 856 2542 727 2542"/>
                  </Shape>
                  <String CONTENT="quil avoit refuse de mener des voihon pour elle"
                          HPOS="724"
                          VPOS="2419"
                          WIDTH="1805"
                          HEIGHT="136"/>
               </TextLine>
               <TextLine ID="eSc_line_2b7d8ac9"
                         BASELINE="514 2567 595 2563 769 2407 2556 2433"
                         HPOS="509"
                         VPOS="2341"
                         WIDTH="2044"
                         HEIGHT="224"
                         TAGREFS="LT118">
                  <Shape>
                     <Polygon POINTS="513 2565 509 2495 697 2409 747 2341 806 2363 810 2363 813 2363 1134 2366 1137 2366 1190 2393 1246 2366 1250 2366 1253 2366 1256 2366 1260 2366 1260 2370 1289 2396 1355 2396 1385 2396 1451 2396 1474 2396 1498 2373 1498 2370 1501 2370 1504 2370 1508 2370 1511 2370 1597 2393 1610 2396 1623 2393 1703 2373 1706 2373 1709 2373 2549 2383 2553 2429 2546 2462 2414 2443 2364 2466 2308 2495 2305 2495 2301 2495 2298 2495 2245 2469 2215 2452 2199 2469 2182 2482 2182 2485 2179 2485 2176 2485 2106 2495 2103 2495 1941 2479 1937 2479 1934 2479 1931 2472 1881 2439 1818 2439 1769 2472 1765 2472 1762 2472 1759 2472 1756 2472 1752 2472 1680 2429 1537 2456 1534 2456 1531 2456 1474 2429 1266 2449 1263 2449 1260 2449 1256 2449 1223 2429 1015 2429 929 2479 925 2479 922 2479 919 2479 916 2479 912 2479 856 2439 727 2492 720 2495 717 2495 717 2499 603 2564"/>
                  </Shape>
                  <String CONTENT="17. Pourquoi les chevaulx de Thevnat guenin surce"
                          HPOS="509"
                          VPOS="2341"
                          WIDTH="2044"
                          HEIGHT="224"/>
               </TextLine>
               <TextLine ID="eSc_line_7dc36b40"
                         BASELINE="730 2575 1150 2581"
                         HPOS="724"
                         VPOS="2512"
                         WIDTH="426"
                         HEIGHT="106"
                         TAGREFS="LT118">
                  <Shape>
                     <Polygon POINTS="730 2575 727 2532 866 2512 869 2512 873 2512 876 2512 889 2525 902 2535 1018 2535 1144 2515 1150 2581 1147 2604 942 2618 939 2618 724 2595"/>
                  </Shape>
                  <String CONTENT="sont mort"
                          HPOS="724"
                          VPOS="2512"
                          WIDTH="426"
                          HEIGHT="106"/>
               </TextLine>
               <TextLine ID="eSc_line_0ee071a5"
                         BASELINE="539 2671 883 2664"
                         HPOS="529"
                         VPOS="2588"
                         WIDTH="354"
                         HEIGHT="119"
                         TAGREFS="LT118">
                  <Shape>
                     <Polygon POINTS="539 2671 529 2608 873 2588 883 2664 883 2687 539 2707"/>
                  </Shape>
                  <String CONTENT="Negat"
                          HPOS="529"
                          VPOS="2588"
                          WIDTH="354"
                          HEIGHT="119"/>
               </TextLine>
               <TextLine ID="eSc_line_573d162a"
                         BASELINE="757 2885 2529 2885"
                         HPOS="747"
                         VPOS="2809"
                         WIDTH="1782"
                         HEIGHT="116"
                         TAGREFS="LT118">
                  <Shape>
                     <Polygon POINTS="757 2885 754 2829 866 2813 869 2813 1028 2826 1068 2829 1074 2826 1094 2813 1097 2813 1101 2813 1104 2813 1107 2813 1111 2813 1127 2826 1134 2833 1342 2833 1345 2826 1362 2813 1362 2809 1365 2809 1369 2809 1372 2809 1481 2826 1517 2829 1537 2826 1587 2809 1590 2809 1594 2809 1802 2823 1894 2829 1934 2823 2010 2809 2014 2809 2529 2823 2529 2885 2529 2909 2073 2925 2070 2925 2066 2925 2063 2925 2037 2909 2030 2905 1924 2905 1914 2909 1855 2925 1851 2925 1848 2925 1713 2905 1696 2905 1686 2905 1613 2925 1610 2925 1607 2925 1603 2925 1564 2905 1560 2905 1140 2905 1041 2925 1038 2925 876 2905 800 2925 797 2925 793 2925 790 2925 787 2925 747 2902"/>
                  </Shape>
                  <String CONTENT="germain torel ne donnoit son laict, et quayant prins"
                          HPOS="747"
                          VPOS="2809"
                          WIDTH="1782"
                          HEIGHT="116"/>
               </TextLine>
               <TextLine ID="eSc_line_39c6e35a"
                         BASELINE="724 2975 1964 2962 2430 2981"
                         HPOS="714"
                         VPOS="2885"
                         WIDTH="1716"
                         HEIGHT="123"
                         TAGREFS="LT118">
                  <Shape>
                     <Polygon POINTS="724 2975 714 2915 813 2912 836 2889 840 2889 843 2889 846 2889 1140 2912 1160 2912 1177 2912 1527 2885 1531 2885 1534 2885 1613 2905 1643 2885 1646 2885 1650 2885 1653 2885 1822 2885 1825 2885 1904 2909 1937 2889 1941 2889 1944 2889 1947 2889 1951 2889 1987 2909 2014 2885 2017 2885 2020 2885 2023 2885 2027 2885 2076 2909 2080 2912 2328 2912 2331 2909 2367 2892 2371 2892 2374 2892 2377 2892 2430 2909 2430 2981 2424 3001 2202 2985 2083 3005 2073 3005 2070 3005 2066 3005 2063 3005 1977 2981 1924 3005 1921 3005 1918 3005 1914 3005 1911 3005 1828 2981 1805 3001 1805 3005 1802 3005 1799 3005 1799 3008 1676 3008 1673 3005 1670 3005 1570 2981 1541 3001 1537 3001 1534 3001 1531 3001 1388 2985 1345 3008 1342 3008 1339 3008 1336 3008 1332 3008 1329 3008 1293 2988 1260 3008 1256 3008 1253 3008 1250 3008 1246 3008 1243 3008 1243 3005 1220 2985 975 2985 925 3005 922 3005 919 3005 820 2985 727 3008"/>
                  </Shape>
                  <String CONTENT="delerbe au curtil delle ladite Annelin le laict"
                          HPOS="714"
                          VPOS="2885"
                          WIDTH="1716"
                          HEIGHT="123"/>
               </TextLine>
               <TextLine ID="eSc_line_03fd36e3"
                         BASELINE="500 2991 571 2990 650 2941 770 2814 1293 2793 2483 2800"
                         HPOS="490"
                         VPOS="2732"
                         WIDTH="1990"
                         HEIGHT="264"
                         TAGREFS="LT118">
                  <Shape>
                     <Polygon POINTS="490 2996 503 2928 697 2819 704 2813 797 2732 875 2748 1127 2780 1240 2747 1243 2747 1246 2747 1319 2747 1322 2747 1326 2747 1326 2750 1355 2773 1431 2773 1455 2750 1455 2747 1458 2747 1461 2747 1465 2747 1709 2747 1713 2747 1716 2747 1749 2773 1792 2750 1795 2750 1799 2750 1941 2773 1951 2773 1961 2773 2043 2750 2047 2750 2050 2750 2166 2766 2199 2770 2205 2763 2219 2753 2219 2750 2222 2750 2225 2750 2228 2750 2480 2757 2480 2796 2480 2800 2344 2849 2341 2849 2338 2849 2209 2819 2023 2836 2020 2836 2017 2836 2014 2836 2000 2826 1980 2816 1848 2816 1805 2836 1799 2839 1795 2839 1792 2839 1789 2839 1782 2839 1689 2806 1547 2849 1527 2856 1524 2856 1521 2856 1517 2856 1514 2856 1511 2852 1441 2803 1395 2836 1392 2836 1388 2836 1385 2836 1382 2836 1316 2809 1246 2859 1243 2859 1240 2859 1236 2859 1101 2836 1054 2856 1051 2856 1048 2856 1045 2856 932 2813 830 2823 730 2895 727 2899 724 2899 720 2899 587 2991"/>
                  </Shape>
                  <String CONTENT="18 . Comme et par quel moyen le laict de la vache"
                          HPOS="490"
                          VPOS="2732"
                          WIDTH="1990"
                          HEIGHT="264"/>
               </TextLine>
               <TextLine ID="eSc_line_ad91b372"
                         BASELINE="714 3057 1286 3041"
                         HPOS="704"
                         VPOS="2955"
                         WIDTH="582"
                         HEIGHT="142"
                         TAGREFS="LT118">
                  <Shape>
                     <Polygon POINTS="714 3057 704 2991 816 2965 820 2965 919 2981 965 2962 968 2962 972 2962 975 2962 1031 2981 1038 2981 1048 2981 1160 2955 1164 2955 1167 2955 1170 2955 1200 2975 1203 2975 1276 2975 1286 3041 1286 3064 714 3097"/>
                  </Shape>
                  <String CONTENT="Lui estoit retorne"
                          HPOS="704"
                          VPOS="2955"
                          WIDTH="582"
                          HEIGHT="142"/>
               </TextLine>
               <TextLine ID="eSc_line_a2b0e476"
                         BASELINE="591 3143 883 3127"
                         HPOS="582"
                         VPOS="3051"
                         WIDTH="301"
                         HEIGHT="132"
                         TAGREFS="LT118">
                  <Shape>
                     <Polygon POINTS="591 3143 582 3067 873 3051 883 3127 879 3150 793 3150 744 3166 707 3180 704 3180 701 3180 697 3180 684 3173 651 3157 595 3183"/>
                  </Shape>
                  <String CONTENT="Negat"
                          HPOS="582"
                          VPOS="3051"
                          WIDTH="301"
                          HEIGHT="132"/>
               </TextLine>
               <TextLine ID="eSc_line_631fc376"
                         BASELINE="724 3368 1253 3352 2440 3365"
                         HPOS="714"
                         VPOS="3279"
                         WIDTH="1726"
                         HEIGHT="126"
                         TAGREFS="LT118">
                  <Shape>
                     <Polygon POINTS="724 3368 714 3299 780 3279 783 3279 787 3279 790 3279 833 3295 840 3302 1025 3302 1061 3295 1157 3279 1160 3279 1164 3279 1167 3279 1167 3282 1180 3292 1187 3302 1283 3302 1329 3292 1402 3279 1405 3279 1408 3279 1451 3289 1481 3299 1491 3289 1501 3282 1501 3279 1504 3279 1508 3279 1511 3279 1594 3279 1597 3279 1617 3289 1643 3302 1828 3302 1848 3285 1851 3282 1855 3282 1858 3282 1861 3282 1885 3285 1944 3299 2047 3285 2073 3282 2076 3282 2080 3282 2083 3282 2083 3285 2109 3302 2195 3285 2199 3285 2202 3285 2248 3302 2295 3282 2298 3282 2301 3282 2437 3282 2440 3365 2434 3401 2314 3378 2126 3378 2100 3401 2096 3401 2093 3401 2093 3405 1924 3405 1921 3401 1918 3401 1914 3401 1881 3378 1508 3398 1501 3398 1498 3398 1494 3398 1451 3375 1375 3395 1372 3395 1369 3395 1365 3395 1326 3375 1240 3398 1236 3398 1233 3398 1230 3398 1226 3398 1223 3398 1190 3375 1071 3398 1061 3398 1058 3398 1054 3398 1051 3398 992 3375 945 3398 942 3398 939 3398 935 3398 717 3395"/>
                  </Shape>
                  <String CONTENT="chevaulx de Thevna maillat qui lui avoit"
                          HPOS="714"
                          VPOS="3279"
                          WIDTH="1726"
                          HEIGHT="126"/>
               </TextLine>
               <TextLine ID="eSc_line_cb912371"
                         BASELINE="504 3404 578 3402 747 3289 2463 3256"
                         HPOS="499"
                         VPOS="3219"
                         WIDTH="1961"
                         HEIGHT="182"
                         TAGREFS="LT118">
                  <Shape>
                     <Polygon POINTS="502 3401 499 3252 591 3269 697 3249 730 3243 734 3243 737 3243 747 3246 777 3262 820 3246 836 3239 840 3239 843 3239 873 3246 945 3259 1038 3243 1091 3233 1094 3233 1243 3239 1425 3246 1435 3236 1438 3229 1441 3229 1441 3226 1445 3226 1448 3226 2453 3219 2460 3252 2460 3272 2318 3292 2314 3292 2311 3292 2308 3292 2295 3282 2268 3266 2232 3285 2179 3315 2176 3315 2172 3315 2169 3315 2113 3292 2053 3269 1954 3289 1951 3289 1947 3289 1885 3272 1848 3302 1845 3302 1842 3302 1838 3302 1640 3282 1557 3319 1554 3319 1551 3319 1547 3319 1435 3285 1382 3312 1379 3312 1375 3312 1273 3295 1207 3325 1203 3325 1200 3325 1197 3325 1193 3325 1150 3295 1054 3309 1051 3309 1048 3309 1005 3289 992 3305 988 3305 988 3309 985 3309 982 3309 978 3309 787 3305 720 3368 717 3368 717 3371 714 3371 711 3371 502 3378"/>
                  </Shape>
                  <String CONTENT="Sy elle scait point dou procedoit la maladie des"
                          HPOS="499"
                          VPOS="3219"
                          WIDTH="1961"
                          HEIGHT="182"/>
               </TextLine>
               <TextLine ID="eSc_line_ceab1d5b"
                         BASELINE="724 3451 1736 3438"
                         HPOS="717"
                         VPOS="3362"
                         WIDTH="1022"
                         HEIGHT="142"
                         TAGREFS="LT118">
                  <Shape>
                     <Polygon POINTS="724 3451 720 3381 840 3391 866 3378 873 3371 876 3371 879 3371 883 3371 886 3371 906 3378 955 3388 1038 3375 1078 3368 1081 3368 1084 3368 1088 3368 1091 3371 1111 3391 1193 3391 1269 3371 1296 3365 1299 3365 1303 3365 1316 3368 1359 3385 1402 3368 1408 3365 1412 3365 1415 3365 1441 3368 1547 3378 1594 3365 1603 3362 1607 3362 1610 3362 1613 3362 1623 3365 1686 3381 1719 3362 1736 3438 1739 3461 1663 3490 1660 3490 1656 3490 1653 3490 1567 3467 1484 3494 1481 3494 1478 3494 1339 3467 1336 3467 1200 3467 1167 3467 1111 3497 1107 3497 1104 3497 1101 3497 1018 3471 1015 3471 1011 3471 889 3500 889 3504 783 3504 780 3500 777 3500 717 3474"/>
                  </Shape>
                  <String CONTENT="refuse de mener, des gerbes"
                          HPOS="717"
                          VPOS="3362"
                          WIDTH="1022"
                          HEIGHT="142"/>
               </TextLine>
               <TextLine ID="eSc_line_e5834d29"
                         BASELINE="572 3550 866 3527"
                         HPOS="565"
                         VPOS="3474"
                         WIDTH="301"
                         HEIGHT="102"
                         TAGREFS="LT118">
                  <Shape>
                     <Polygon POINTS="572 3550 565 3474 859 3474 866 3527 866 3557 572 3576"/>
                  </Shape>
                  <String CONTENT="Negat"
                          HPOS="565"
                          VPOS="3474"
                          WIDTH="301"
                          HEIGHT="102"/>
               </TextLine>
            </TextBlock>
            <TextBlock HPOS="2417"
                       VPOS="3775"
                       WIDTH="83"
                       HEIGHT="63"
                       ID="eSc_textblock_7fe2bf1c"
                       TAGREFS="BT371">
               <Shape>
                  <Polygon POINTS="2490 3775 2500 3838 2417 3838 2417 3777"/>
               </Shape>
               <TextLine ID="eSc_line_116b4ac6"
                         BASELINE="2432 3820 2483 3820"
                         HPOS="2427"
                         VPOS="3762"
                         WIDTH="53"
                         HEIGHT="99"
                         TAGREFS="LT118">
                  <Shape>
                     <Polygon POINTS="2430 3818 2427 3765 2477 3762 2480 3818 2480 3861 2430 3861"/>
                  </Shape>
                  <String CONTENT="2" HPOS="2427" VPOS="3762" WIDTH="53" HEIGHT="99"/>
               </TextLine>
            </TextBlock>
         </PrintSpace>
      </Page>
   </Layout>
</alto>
