<alto xmlns:xsi="http://www.w3.org/2001/XMLSchema-instance"
      xmlns="http://www.loc.gov/standards/alto/ns-v4#"
      xsi:schemaLocation="http://www.loc.gov/standards/alto/ns-v4# http://www.loc.gov/standards/alto/v4/alto-4-2.xsd">
   <Description>
      <MeasurementUnit>pixel</MeasurementUnit>
      <sourceImageInformation>
         <fileName>B_168_15-9-2_0005.jpg</fileName>
      </sourceImageInformation>
   </Description>
   <Tags>
      <OtherTag ID="BT365"
                LABEL="MainZone:column"
                DESCRIPTION="block type MainZone:column"/>
      <OtherTag ID="BT367" LABEL="MainZone" DESCRIPTION="block type MainZone"/>
      <OtherTag ID="BT368"
                LABEL="MarginTextZone"
                DESCRIPTION="block type MarginTextZone"/>
      <OtherTag ID="BT369"
                LABEL="MarginTextZone:note"
                DESCRIPTION="block type MarginTextZone:note"/>
      <OtherTag ID="BT370"
                LABEL="NumberingZone:other"
                DESCRIPTION="block type NumberingZone:other"/>
      <OtherTag ID="BT371"
                LABEL="NumberingZone:page"
                DESCRIPTION="block type NumberingZone:page"/>
      <OtherTag ID="BT379"
                LABEL="DecorationZone"
                DESCRIPTION="block type DecorationZone"/>
      <OtherTag ID="BT380"
                LABEL="CustomZone:signature"
                DESCRIPTION="block type CustomZone:signature"/>
      <OtherTag ID="LT118" LABEL="DefaultLine" DESCRIPTION="line type DefaultLine"/>
      <OtherTag ID="LT119" LABEL="HeadingLine" DESCRIPTION="line type HeadingLine"/>
      <OtherTag ID="LT120"
                LABEL="InterlinearLine"
                DESCRIPTION="line type InterlinearLine"/>
   </Tags>
   <Layout>
      <Page WIDTH="2754"
            HEIGHT="3743"
            PHYSICAL_IMG_NR="26"
            ID="eSc_dummypage_">
         <PrintSpace HPOS="0" VPOS="0" WIDTH="2754" HEIGHT="3743">
            <TextBlock HPOS="325"
                       VPOS="156"
                       WIDTH="298"
                       HEIGHT="216"
                       ID="eSc_textblock_460a4009"
                       TAGREFS="BT370">
               <Shape>
                  <Polygon POINTS="325 156 325 372 623 372 623 156"/>
               </Shape>
               <TextLine ID="eSc_line_46b4c9af"
                         BASELINE="348 341 565 326"
                         HPOS="330"
                         VPOS="159"
                         WIDTH="232"
                         HEIGHT="249"
                         TAGREFS="LT118">
                  <Shape>
                     <Polygon POINTS="346 339 330 159 546 159 562 324 558 343 449 358 418 386 396 405 393 405 390 405 390 408 349 408"/>
                  </Shape>
                  <String CONTENT="75" HPOS="330" VPOS="159" WIDTH="232" HEIGHT="249"/>
               </TextLine>
            </TextBlock>
            <TextBlock HPOS="199"
                       VPOS="682"
                       WIDTH="128"
                       HEIGHT="96"
                       ID="eSc_textblock_266804b2"
                       TAGREFS="BT368">
               <Shape>
                  <Polygon POINTS="199 770 204 686 327 682 315 778"/>
               </Shape>
               <TextLine ID="eSc_line_81a5a001"
                         BASELINE="205 768 306 762"
                         HPOS="190"
                         VPOS="692"
                         WIDTH="112"
                         HEIGHT="106"
                         TAGREFS="LT118">
                  <Shape>
                     <Polygon POINTS="202 767 190 723 240 692 243 692 246 692 249 692 252 692 302 717 302 761 299 798 199 786"/>
                  </Shape>
                  <String CONTENT=".3."
                          HPOS="190"
                          VPOS="692"
                          WIDTH="112"
                          HEIGHT="106"/>
               </TextLine>
            </TextBlock>
            <TextBlock HPOS="187"
                       VPOS="424"
                       WIDTH="434"
                       HEIGHT="109"
                       ID="eSc_textblock_8d717a6b"
                       TAGREFS="BT368">
               <Shape>
                  <Polygon POINTS="621 533 487 533 187 533 212 449 437 424 511 434 621 449"/>
               </Shape>
               <TextLine ID="eSc_line_1b97485a"
                         BASELINE="209 524 605 511"
                         HPOS="202"
                         VPOS="421"
                         WIDTH="406"
                         HEIGHT="149"
                         TAGREFS="LT118">
                  <Shape>
                     <Polygon POINTS="209 524 202 452 246 455 262 446 287 427 290 427 293 427 296 427 299 427 302 427 321 442 337 452 459 452 487 427 493 421 496 421 499 421 502 421 599 421 605 511 608 539 505 570 502 570 499 570 206 558"/>
                  </Shape>
                  <String CONTENT="+ de Cueve"
                          HPOS="202"
                          VPOS="421"
                          WIDTH="406"
                          HEIGHT="149"/>
               </TextLine>
            </TextBlock>
            <TextBlock HPOS="212"
                       VPOS="174"
                       WIDTH="2317"
                       HEIGHT="3303"
                       ID="eSc_textblock_f4c3a468"
                       TAGREFS="BT367">
               <Shape>
                  <Polygon POINTS="2391 1347 2341 1459 2504 1958 2441 2205 2366 2245 2466 2383 2404 2994 2466 3178 2366 3281 2391 3403 2341 3452 2032 3477 824 3415 724 3340 724 3256 774 3215 736 3016 761 2145 671 2092 274 2130 212 2117 212 2046 262 1996 736 1980 761 1559 736 1247 686 1207 736 1057 736 561 674 461 724 408 686 212 761 174 2316 199 2504 299 2479 832 2354 1048 2529 1135 2529 1232"/>
               </Shape>
               <TextLine ID="eSc_line_8f66d54b"
                         BASELINE="705 246 2316 265"
                         HPOS="696"
                         VPOS="162"
                         WIDTH="1620"
                         HEIGHT="137"
                         TAGREFS="LT118">
                  <Shape>
                     <Polygon POINTS="705 246 702 187 805 168 808 168 811 168 814 168 839 187 902 162 905 162 908 162 911 162 1002 187 1152 162 1155 162 1158 162 1214 190 1270 193 1314 193 1345 193 1426 190 1455 168 1458 168 1461 168 1464 168 1467 168 1542 193 1723 171 1726 171 1729 171 1732 171 1732 174 1761 199 1895 199 1898 199 1942 171 1945 171 1948 171 1951 171 2048 171 2051 171 2135 202 2182 202 2210 202 2226 190 2226 187 2229 187 2232 187 2235 187 2316 205 2316 265 2313 271 1998 299 1995 299 1992 299 1989 299 1989 296 1957 271 1870 286 1867 286 1736 268 1664 296 1661 296 1661 299 1526 299 1523 296 1520 296 1517 296 1517 293 1495 268 1451 265 1448 265 1411 283 1408 283 1405 283 1401 283 1352 268 1311 293 1308 293 1305 293 1302 293 1298 293 1295 293 1270 271 1236 286 1233 286 1230 286 1227 286 1174 262 1170 262 977 290 974 290 971 290 908 262 789 286 786 286 783 286 696 255"/>
                  </Shape>
                  <String CONTENT="Dit de plus Quelle mesme ne se donne"
                          HPOS="696"
                          VPOS="162"
                          WIDTH="1620"
                          HEIGHT="137"/>
               </TextLine>
               <TextLine ID="eSc_line_ec735c93"
                         BASELINE="761 339 2482 339"
                         HPOS="755"
                         VPOS="268"
                         WIDTH="1733"
                         HEIGHT="128"
                         TAGREFS="LT118">
                  <Shape>
                     <Polygon POINTS="761 339 755 293 802 268 805 268 808 268 955 268 958 268 961 268 996 290 1033 268 1036 268 1039 268 1042 268 1105 293 1720 293 1757 293 1757 290 1789 271 1792 271 1795 271 1798 271 1892 286 1942 268 1945 268 1948 268 2132 268 2226 290 2229 290 2232 290 2444 268 2448 268 2451 268 2454 268 2488 290 2482 339 2485 358 2423 393 2419 393 2416 393 2026 368 1910 361 1892 371 1857 389 1854 389 1851 389 1848 389 1814 371 1804 368 1798 374 1782 386 1779 386 1776 386 1586 393 1583 393 1579 393 1576 393 1558 377 1536 361 1202 361 1136 386 1120 393 1117 393 1117 396 964 396 961 393 958 393 949 389 843 361 808 393 805 393 802 393 802 396 761 396"/>
                  </Shape>
                  <String CONTENT="point de peine encour quon lapelle telle genauche"
                          HPOS="755"
                          VPOS="268"
                          WIDTH="1733"
                          HEIGHT="128"/>
               </TextLine>
               <TextLine ID="eSc_line_182de944"
                         BASELINE="736 442 1161 439 1489 458 2195 467 2441 486"
                         HPOS="733"
                         VPOS="364"
                         WIDTH="1708"
                         HEIGHT="150"
                         TAGREFS="LT118">
                  <Shape>
                     <Polygon POINTS="736 442 733 380 824 386 843 380 877 364 880 364 883 364 1011 380 1083 389 1095 380 1114 368 1117 368 1120 368 1124 368 1127 368 1174 383 1202 389 1302 383 1433 374 1436 374 1439 374 1467 383 1511 402 1676 402 1698 386 1698 383 1701 383 1704 383 1707 383 1723 386 1807 405 1885 389 1889 389 2113 411 2257 389 2266 389 2270 389 2273 389 2276 389 2304 414 2332 393 2335 393 2338 393 2341 393 2441 393 2441 486 2438 502 2313 514 2310 514 2307 514 2260 502 2198 480 2013 480 1982 495 1951 511 1948 511 1945 511 1942 511 1892 495 1857 483 1514 486 1511 486 1508 486 1451 467 1398 486 1361 499 1358 499 1355 499 1124 495 1120 495 1086 480 1074 477 1061 480 1024 492 1021 492 1017 492 1014 492 1011 492 1011 489 999 480 992 470 974 480 952 489 949 489 946 489 942 489 939 489 924 477 893 458 733 474"/>
                  </Shape>
                  <String CONTENT="dit quon la suspitionne davoir greve a Richard"
                          HPOS="733"
                          VPOS="364"
                          WIDTH="1708"
                          HEIGHT="150"/>
               </TextLine>
               <TextLine ID="eSc_line_1ea81867"
                         BASELINE="777 524 1166 533"
                         HPOS="771"
                         VPOS="486"
                         WIDTH="393"
                         HEIGHT="75"
                         TAGREFS="LT118">
                  <Shape>
                     <Polygon POINTS="774 520 774 486 1161 499 1164 530 1161 545 771 561"/>
                  </Shape>
                  <String CONTENT="chavanne +"
                          HPOS="771"
                          VPOS="486"
                          WIDTH="393"
                          HEIGHT="75"/>
               </TextLine>
               <TextLine ID="eSc_line_07a4e3b2"
                         BASELINE="1182 534 2460 564"
                         HPOS="1180"
                         VPOS="533"
                         WIDTH="1277"
                         HEIGHT="75"
                         TAGREFS="LT118">
                  <Shape>
                     <Polygon POINTS="1180 533 1180 536 2454 539 2457 561 2454 595 2216 608 2213 608 2210 608 2207 608 2191 595 2163 573 2038 570 2007 586 2004 586 2001 586 1998 586 1954 567 1920 583 1917 583 1914 583 1910 583 1836 564 1664 580 1661 580 1558 564 1514 586 1505 592 1501 592 1498 592 1495 592 1483 586 1420 555 1333 583 1330 583 1327 583 1323 583 1264 561 1180 583"/>
                  </Shape>
                  <String CONTENT="que demeuroit lors a Beurnevesain"
                          HPOS="1180"
                          VPOS="533"
                          WIDTH="1277"
                          HEIGHT="75"/>
               </TextLine>
               <TextLine ID="eSc_line_6cfe9639"
                         BASELINE="724 701 1036 698 2388 748"
                         HPOS="718"
                         VPOS="608"
                         WIDTH="1670"
                         HEIGHT="165"
                         TAGREFS="LT118">
                  <Shape>
                     <Polygon POINTS="724 701 718 636 846 608 849 608 852 608 939 642 942 642 952 642 1114 630 1117 630 1120 630 1124 630 1124 633 1127 633 1139 648 1139 651 1211 651 1214 651 1236 633 1239 633 1242 633 1245 633 1311 645 1330 630 1333 630 1336 630 1339 630 1480 630 1636 636 1639 636 1745 670 1751 670 1757 670 1804 651 1807 651 1811 651 1814 651 1817 651 1848 673 1851 673 1923 645 1926 645 1929 645 1932 645 1935 645 1989 676 2110 651 2113 651 2117 651 2201 686 2207 686 2216 686 2285 673 2288 673 2388 692 2388 748 2385 757 2307 773 2304 773 2070 751 2026 748 2010 751 1948 761 1945 761 1870 745 1842 739 718 717"/>
                  </Shape>
                  <String CONTENT="Estienne girard dudit Beurnevesain depose"
                          HPOS="718"
                          VPOS="608"
                          WIDTH="1670"
                          HEIGHT="165"/>
               </TextLine>
               <TextLine ID="eSc_line_079f8be0"
                         BASELINE="768 779 2454 829"
                         HPOS="761"
                         VPOS="704"
                         WIDTH="1693"
                         HEIGHT="166"
                         TAGREFS="LT118">
                  <Shape>
                     <Polygon POINTS="768 779 765 726 874 704 877 704 996 729 1011 733 1027 729 1080 717 1083 717 1086 717 1089 717 1124 733 1133 739 1292 739 1311 736 1389 720 1392 720 1489 739 1492 739 1495 739 1626 729 1629 729 1633 729 1636 729 1636 733 1648 742 1658 754 1723 757 1876 757 1898 748 1923 736 1926 736 1929 736 1932 736 1964 748 1979 757 1995 751 2013 742 2017 742 2020 742 2079 751 2166 767 2198 754 2220 745 2223 745 2226 745 2229 745 2232 745 2248 754 2273 770 2451 761 2454 829 2454 839 2360 870 2357 870 2354 870 2351 870 2348 870 2313 845 2288 864 2285 864 2282 864 2279 864 2276 864 2273 864 2241 839 2235 835 2220 835 2138 848 2135 848 1995 835 1932 829 1910 832 1823 854 1820 854 1611 848 1608 848 1551 829 1501 810 1380 810 1355 826 1352 826 1348 826 1345 826 1342 826 1308 810 1267 826 1245 835 1242 835 1239 835 1236 835 1233 835 1233 832 1224 826 1205 804 1161 804 1102 826 1089 829 1086 829 1086 832 980 832 977 829 974 829 949 823 846 795 811 823 808 823 805 823 802 823 761 820"/>
                  </Shape>
                  <String CONTENT="que ledit henri se declaira que Il avoit empeche"
                          HPOS="761"
                          VPOS="704"
                          WIDTH="1693"
                          HEIGHT="166"/>
               </TextLine>
               <TextLine ID="eSc_line_1da8be6d"
                         BASELINE="765 876 2363 907"
                         HPOS="761"
                         VPOS="804"
                         WIDTH="1602"
                         HEIGHT="137"
                         TAGREFS="LT118">
                  <Shape>
                     <Polygon POINTS="765 876 765 810 852 826 880 814 896 804 899 804 902 804 905 804 927 814 961 829 1095 820 1205 810 1208 810 1211 810 1214 810 1230 823 1245 835 1277 823 1308 814 1311 814 1314 814 1317 814 1364 826 1398 835 1420 829 1451 817 1455 817 1458 817 1461 817 1501 829 1530 839 1567 832 1611 826 1614 826 1670 835 1723 845 1764 839 1848 823 1851 823 1854 823 1895 842 1904 848 1910 842 1929 826 1932 826 1935 826 1939 826 2120 845 2176 829 2179 829 2182 829 2185 829 2188 829 2188 832 2207 851 2210 857 2363 857 2363 907 2357 929 2092 917 2063 929 2035 941 2032 941 2029 941 1954 926 1942 926 1932 926 1889 941 1885 941 1882 941 1798 938 1795 938 1792 938 1773 926 1754 913 1742 926 1732 932 1732 935 1729 935 1726 935 1726 938 1639 938 1636 935 1633 935 1629 935 1617 926 1589 904 1308 901 1248 917 1245 917 1242 917 1239 917 1236 917 1214 898 1139 898 1102 920 1095 926 1092 926 1089 926 1086 926 1033 920 883 901 761 917"/>
                  </Shape>
                  <String CONTENT="par deux fois sa femme questoit en volonte"
                          HPOS="761"
                          VPOS="804"
                          WIDTH="1602"
                          HEIGHT="137"/>
               </TextLine>
               <TextLine ID="eSc_line_b65b0a3d"
                         BASELINE="755 970 2329 988"
                         HPOS="752"
                         VPOS="904"
                         WIDTH="1583"
                         HEIGHT="140"
                         TAGREFS="LT118">
                  <Shape>
                     <Polygon POINTS="755 970 755 907 843 923 908 910 936 904 939 904 942 904 964 910 1021 926 1170 913 1277 907 1280 907 1364 920 1439 929 1473 920 1514 910 1517 910 1520 910 1523 910 1526 910 1526 913 1536 923 1548 935 1836 938 2010 938 2020 932 2060 917 2063 917 2067 917 2154 935 2176 938 2195 935 2298 920 2301 920 2304 920 2307 920 2335 938 2329 988 2332 1010 2310 1026 2307 1026 2304 1026 2301 1026 2298 1026 2241 1010 2232 1007 2229 1010 2182 1041 2179 1041 2176 1041 2176 1044 2101 1044 2098 1041 2095 1041 2092 1041 2067 1023 2045 1038 2042 1038 2038 1038 2035 1038 1917 1023 1820 1038 1817 1038 1814 1038 1811 1038 1779 1010 1683 1035 1679 1035 1676 1035 1508 1032 1505 1032 1501 1032 1476 1013 1451 1032 1448 1032 1445 1032 1445 1035 1361 1035 1358 1032 1355 1032 1302 1007 1273 995 752 1004"/>
                  </Shape>
                  <String CONTENT="daller mectre le feug en la maison de ses"
                          HPOS="752"
                          VPOS="904"
                          WIDTH="1583"
                          HEIGHT="140"/>
               </TextLine>
               <TextLine ID="eSc_line_274a1b21"
                         BASELINE="783 1054 1077 1044"
                         HPOS="777"
                         VPOS="966"
                         WIDTH="300"
                         HEIGHT="144"
                         TAGREFS="LT118">
                  <Shape>
                     <Polygon POINTS="783 1054 777 1001 836 998 843 991 868 970 871 970 874 970 877 970 946 979 1005 988 1064 966 1077 1044 1071 1063 1030 1060 1011 1076 999 1085 996 1085 992 1085 989 1085 967 1082 896 1066 852 1101 846 1107 843 1107 839 1107 783 1110"/>
                  </Shape>
                  <String CONTENT="freres"
                          HPOS="777"
                          VPOS="966"
                          WIDTH="300"
                          HEIGHT="144"/>
               </TextLine>
               <TextLine ID="eSc_line_4ef7da5e"
                         BASELINE="768 1185 861 1172 1314 1175 2257 1200 2510 1219"
                         HPOS="758"
                         VPOS="1091"
                         WIDTH="1752"
                         HEIGHT="150"
                         TAGREFS="LT118">
                  <Shape>
                     <Polygon POINTS="768 1185 758 1116 886 1091 889 1091 893 1091 896 1091 936 1116 1033 1094 1036 1094 1039 1094 1114 1122 1117 1122 1120 1122 1139 1107 1142 1107 1145 1107 1149 1107 1245 1122 1248 1122 1358 1101 1361 1101 1364 1101 1367 1101 1367 1104 1383 1116 1551 1107 1554 1107 1558 1107 1617 1129 1633 1135 1651 1132 1742 1110 1745 1110 1748 1110 1751 1110 1782 1132 1792 1138 1826 1135 1960 1116 1964 1116 1967 1116 2010 1138 2026 1147 2135 1147 2145 1138 2163 1126 2163 1122 2166 1122 2170 1122 2173 1122 2326 1141 2344 1129 2348 1129 2351 1129 2354 1129 2357 1129 2391 1144 2413 1154 2507 1147 2510 1219 2497 1222 2388 1241 2385 1241 2263 1219 2235 1216 2210 1219 2129 1235 2126 1235 2123 1235 2120 1235 2120 1232 2104 1219 2098 1210 1914 1210 1901 1216 1879 1228 1876 1228 1873 1228 1870 1228 1686 1213 1554 1200 1523 1210 1492 1219 1489 1219 1486 1219 1483 1219 1480 1219 1467 1210 1451 1197 765 1197"/>
                  </Shape>
                  <String CONTENT="Depose en oultre Avoir ouys dire souventesfois"
                          HPOS="758"
                          VPOS="1091"
                          WIDTH="1752"
                          HEIGHT="150"/>
               </TextLine>
               <TextLine ID="eSc_line_13c75a0a"
                         BASELINE="783 1247 2407 1278"
                         HPOS="774"
                         VPOS="1179"
                         WIDTH="1633"
                         HEIGHT="131"
                         TAGREFS="LT118">
                  <Shape>
                     <Polygon POINTS="783 1247 780 1197 936 1179 939 1179 1030 1200 1042 1200 1055 1200 1152 1185 1155 1185 1245 1203 1273 1207 1302 1203 1392 1188 1395 1188 1539 1207 1551 1207 1576 1191 1579 1191 1583 1191 1586 1191 1589 1191 1592 1191 1614 1207 1620 1213 1636 1207 1676 1194 1679 1194 1683 1194 1754 1210 1795 1219 2051 1219 2057 1213 2070 1203 2070 1200 2073 1200 2076 1200 2079 1200 2082 1200 2120 1213 2145 1222 2401 1219 2407 1278 2401 1303 2245 1294 2204 1300 2145 1310 2142 1310 2138 1310 2135 1310 2123 1297 2117 1291 2107 1297 2092 1310 2088 1310 2085 1310 2082 1310 2079 1310 2035 1297 2004 1288 1860 1291 1626 1300 1623 1300 1620 1300 1617 1300 1598 1285 1586 1275 1270 1272 1261 1278 1245 1291 1242 1291 1239 1291 1239 1294 1120 1294 1117 1291 1114 1291 1111 1291 1111 1288 1108 1288 1099 1275 1027 1288 1024 1288 1021 1288 961 1272 939 1266 914 1269 839 1285 836 1285 833 1285 774 1266"/>
                  </Shape>
                  <String CONTENT="que lon chargeoit et suspicionoit ladite Agatte"
                          HPOS="774"
                          VPOS="1179"
                          WIDTH="1633"
                          HEIGHT="131"/>
               </TextLine>
               <TextLine ID="eSc_line_a1f32a13"
                         BASELINE="777 1350 1080 1341 2344 1366"
                         HPOS="774"
                         VPOS="1272"
                         WIDTH="1570"
                         HEIGHT="125"
                         TAGREFS="LT118">
                  <Shape>
                     <Polygon POINTS="777 1350 774 1272 939 1294 983 1275 986 1275 989 1275 992 1275 1064 1294 1127 1278 1130 1278 1133 1278 1136 1278 1245 1310 1586 1310 1667 1288 1670 1288 1673 1288 1676 1288 1679 1288 1711 1310 1807 1291 1811 1291 1814 1291 1867 1316 1892 1294 1895 1294 1898 1294 1901 1294 2054 1294 2057 1294 2060 1294 2092 1322 2160 1322 2341 1297 2344 1366 2344 1375 2282 1397 2279 1397 2276 1397 2273 1397 2210 1378 2070 1394 2067 1394 2063 1394 2007 1375 1985 1394 1982 1394 1979 1394 1976 1394 1973 1394 1920 1375 1910 1372 1901 1375 1851 1388 1848 1388 1845 1388 1698 1375 1604 1366 1514 1372 1414 1381 1411 1381 1339 1372 1242 1359 1220 1372 1211 1378 1208 1378 1205 1378 1202 1378 1149 1372 1033 1356 774 1369"/>
                  </Shape>
                  <String CONTENT="destre une genauche et sorciere, Et quelle"
                          HPOS="774"
                          VPOS="1272"
                          WIDTH="1570"
                          HEIGHT="125"/>
               </TextLine>
               <TextLine ID="eSc_line_1dca3e68"
                         BASELINE="783 1428 2282 1447"
                         HPOS="771"
                         VPOS="1359"
                         WIDTH="1511"
                         HEIGHT="128"
                         TAGREFS="LT118">
                  <Shape>
                     <Polygon POINTS="783 1428 780 1381 880 1366 883 1366 886 1366 930 1381 971 1359 974 1359 977 1359 980 1359 1030 1384 1033 1384 1058 1363 1061 1363 1064 1363 1067 1363 1233 1363 1236 1363 1283 1388 1286 1388 1323 1369 1327 1369 1330 1369 1333 1369 1336 1369 1367 1388 1373 1388 1451 1372 1455 1372 1458 1372 1461 1372 1480 1388 1526 1366 1530 1366 1533 1366 1642 1391 1648 1394 1745 1394 1748 1394 1770 1372 1773 1372 1776 1372 1779 1372 1782 1372 1839 1394 1854 1378 1857 1378 1860 1378 1864 1378 2020 1394 2198 1375 2201 1375 2204 1375 2282 1400 2282 1447 2279 1472 2035 1487 2032 1487 2029 1487 2026 1487 1998 1469 1985 1459 1951 1466 1895 1478 1892 1478 1823 1462 1773 1453 1761 1462 1739 1481 1736 1481 1732 1481 1732 1484 1670 1484 1667 1481 1664 1481 1620 1459 1604 1453 1576 1459 1498 1475 1495 1475 1492 1475 1451 1456 1439 1450 1389 1456 1286 1466 1283 1466 1111 1450 1083 1447 1080 1447 1042 1475 1039 1475 1036 1475 1033 1475 893 1444 886 1444 880 1444 799 1462 796 1462 793 1462 789 1462 789 1459 771 1441"/>
                  </Shape>
                  <String CONTENT="avoit faict mourir ung veau a Jehan"
                          HPOS="771"
                          VPOS="1359"
                          WIDTH="1511"
                          HEIGHT="128"/>
               </TextLine>
               <TextLine ID="eSc_line_056c72ef"
                         BASELINE="774 1515 1386 1512 2266 1540"
                         HPOS="768"
                         VPOS="1437"
                         WIDTH="1498"
                         HEIGHT="131"
                         TAGREFS="LT118">
                  <Shape>
                     <Polygon POINTS="774 1515 768 1462 964 1437 967 1437 971 1437 974 1437 1008 1462 1011 1466 1024 1466 1161 1441 1164 1441 1270 1444 1273 1444 1277 1444 1277 1447 1298 1469 1345 1447 1348 1447 1352 1447 1355 1447 1401 1466 1473 1447 1476 1447 1480 1447 1645 1456 1648 1456 1679 1472 1692 1478 1707 1472 1770 1453 1773 1453 1776 1453 1779 1453 1832 1475 1851 1484 1979 1484 1989 1475 2007 1462 2007 1459 2010 1459 2013 1459 2017 1459 2020 1459 2023 1459 2051 1478 2067 1484 2263 1481 2266 1540 2263 1547 1954 1568 1951 1568 1842 1547 1817 1543 1732 1547 1495 1559 1492 1559 1489 1559 1486 1559 1486 1556 1473 1547 1461 1534 1352 1547 1333 1547 1330 1547 1314 1547 1202 1531 1124 1547 1095 1550 1092 1550 1089 1550 1086 1550 1086 1547 1083 1547 1064 1525 942 1525 908 1543 908 1547 905 1547 902 1547 899 1547 896 1547 889 1543 833 1528 774 1543"/>
                  </Shape>
                  <String CONTENT="muat. Plus avoit grevé une jument"
                          HPOS="768"
                          VPOS="1437"
                          WIDTH="1498"
                          HEIGHT="131"/>
               </TextLine>
               <TextLine ID="eSc_line_fdae8631"
                         BASELINE="771 1593 1864 1618 2373 1646"
                         HPOS="768"
                         VPOS="1525"
                         WIDTH="1605"
                         HEIGHT="131"
                         TAGREFS="LT118">
                  <Shape>
                     <Polygon POINTS="771 1593 771 1525 2373 1578 2373 1646 2366 1656 1598 1625 1542 1637 1533 1640 1530 1640 1526 1640 1523 1640 1520 1640 1517 1637 1489 1618 1386 1618 1361 1634 1358 1634 1355 1634 1352 1634 1317 1634 1027 1612 971 1625 964 1625 961 1625 958 1625 955 1625 955 1621 939 1609 768 1618"/>
                  </Shape>
                  <String CONTENT="au voueble Et donne le mal a Richard"
                          HPOS="768"
                          VPOS="1525"
                          WIDTH="1605"
                          HEIGHT="131"/>
               </TextLine>
               <TextLine ID="eSc_line_fe1469fb"
                         BASELINE="793 1693 1361 1693 2391 1724"
                         HPOS="789"
                         VPOS="1606"
                         WIDTH="1602"
                         HEIGHT="146"
                         TAGREFS="LT118">
                  <Shape>
                     <Polygon POINTS="793 1693 789 1634 914 1606 918 1606 921 1606 924 1606 961 1634 964 1637 1052 1637 1102 1634 1317 1615 1320 1615 1323 1615 1361 1631 1395 1618 1398 1618 1401 1618 1405 1618 1408 1618 1408 1621 1423 1637 1433 1643 1458 1637 1498 1625 1501 1625 1505 1625 1508 1625 1542 1637 1573 1646 1633 1637 1704 1625 1707 1625 1711 1625 1714 1625 1714 1628 1726 1637 1739 1653 1761 1640 1764 1640 1767 1640 1982 1656 2035 1637 2051 1634 2054 1634 2057 1634 2060 1634 2073 1640 2132 1662 2220 1650 2223 1650 2226 1650 2263 1665 2288 1643 2291 1643 2295 1643 2298 1643 2301 1643 2304 1643 2338 1665 2385 1640 2391 1724 2388 1731 2260 1752 2257 1752 2135 1743 2132 1743 2129 1743 2129 1740 2126 1740 2120 1731 2113 1724 2070 1731 1960 1743 1957 1743 1954 1743 1951 1743 1935 1728 1923 1718 1904 1728 1882 1740 1879 1740 1876 1740 1873 1740 1845 1728 1823 1718 1779 1728 1720 1740 1717 1740 1645 1728 1554 1709 789 1718"/>
                  </Shape>
                  <String CONTENT="chavanne de Cueve Et qune femme de"
                          HPOS="789"
                          VPOS="1606"
                          WIDTH="1602"
                          HEIGHT="146"/>
               </TextLine>
               <TextLine ID="eSc_line_25b2a585"
                         BASELINE="793 1784 2373 1812"
                         HPOS="786"
                         VPOS="1709"
                         WIDTH="1587"
                         HEIGHT="137"
                         TAGREFS="LT118">
                  <Shape>
                     <Polygon POINTS="793 1784 793 1728 921 1734 930 1728 958 1709 961 1709 964 1709 967 1709 1095 1731 1152 1740 1252 1734 1489 1718 1492 1718 1707 1724 1711 1724 1714 1724 1732 1743 1736 1746 1848 1756 2060 1756 2085 1749 2148 1731 2151 1731 2154 1731 2157 1731 2195 1752 2210 1759 2366 1756 2373 1812 2369 1821 2229 1846 2226 1846 2223 1846 2160 1824 2132 1843 2129 1843 2126 1843 2123 1843 2013 1827 1973 1843 1970 1843 1967 1843 1964 1843 1914 1824 1854 1846 1851 1846 1848 1846 1845 1846 1842 1846 1814 1824 1804 1824 1692 1830 1689 1830 1686 1830 1683 1830 1676 1824 1661 1812 1589 1824 1495 1840 1492 1840 1489 1840 1442 1824 1392 1809 1236 1824 1145 1834 1142 1834 1067 1824 871 1799 833 1824 833 1827 830 1827 827 1827 824 1827 786 1824"/>
                  </Shape>
                  <String CONTENT="galfinguen laccusoit de ce fait Et de"
                          HPOS="786"
                          VPOS="1709"
                          WIDTH="1587"
                          HEIGHT="137"/>
               </TextLine>
               <TextLine ID="eSc_line_7ab4be55"
                         BASELINE="736 1868 2457 1893"
                         HPOS="724"
                         VPOS="1812"
                         WIDTH="1733"
                         HEIGHT="121"
                         TAGREFS="LT118">
                  <Shape>
                     <Polygon POINTS="736 1868 736 1812 2454 1837 2457 1893 2454 1902 2288 1933 2285 1933 2282 1933 2195 1902 2029 1930 2026 1930 2023 1930 1935 1902 1876 1918 1873 1918 1870 1918 1867 1918 1864 1918 1832 1899 1767 1912 1764 1912 1586 1893 1517 1921 1514 1921 1511 1921 1314 1893 1261 1918 1258 1918 1255 1918 1136 1915 1133 1915 1130 1915 1130 1912 1111 1896 952 1915 949 1915 874 1912 871 1912 868 1912 868 1908 849 1893 786 1908 783 1908 780 1908 777 1908 774 1908 724 1877"/>
                  </Shape>
                  <String CONTENT="mesme quelle et une nomme morise vefve"
                          HPOS="724"
                          VPOS="1812"
                          WIDTH="1733"
                          HEIGHT="121"/>
               </TextLine>
               <TextLine ID="eSc_line_6b14a45f"
                         BASELINE="755 1971 1258 1961 2476 1996"
                         HPOS="749"
                         VPOS="1890"
                         WIDTH="1727"
                         HEIGHT="140"
                         TAGREFS="LT118">
                  <Shape>
                     <Polygon POINTS="755 1971 749 1908 836 1890 839 1890 946 1908 1011 1890 1014 1890 1017 1890 1021 1890 1024 1890 1024 1893 1046 1912 1314 1896 1317 1896 1320 1896 1405 1918 1442 1902 1445 1902 1448 1902 1576 1921 1598 1905 1601 1905 1604 1905 1608 1905 1823 1921 1842 1908 1845 1908 1848 1908 1851 1908 1854 1908 1929 1930 1932 1930 1979 1912 1982 1912 1985 1912 1989 1912 1992 1912 2020 1930 2082 1915 2085 1915 2088 1915 2213 1937 2216 1937 2220 1937 2238 1918 2241 1918 2245 1918 2248 1918 2319 1918 2476 1943 2476 1996 2472 2030 2348 2030 2344 2027 2341 2027 2335 2024 2260 1999 2004 2014 2001 2014 1998 2014 1995 2014 1964 1993 1926 2014 1923 2014 1920 2014 1917 2014 1914 2014 1882 1990 1573 1999 1570 1999 1486 1983 1461 2002 1461 2005 1458 2005 1455 2005 1451 2005 1448 2005 1436 2002 1386 1990 1345 1999 1323 2005 1320 2005 1317 2005 1189 2002 1186 2002 1183 2002 1177 1996 1155 1980 1127 1996 1117 1999 1114 1999 1111 1999 1108 1999 1105 1999 1099 1993 1064 1974 1005 1993 989 1996 986 1996 986 1999 889 1999 886 1996 883 1996 880 1996 868 1986 846 1974 752 1983"/>
                  </Shape>
                  <String CONTENT="de henri Jehan guenat avoyent traict et tirez"
                          HPOS="749"
                          VPOS="1890"
                          WIDTH="1727"
                          HEIGHT="140"/>
               </TextLine>
               <TextLine ID="eSc_line_66e7abc2"
                         BASELINE="243 2089 828 2059 2354 2071"
                         HPOS="234"
                         VPOS="1977"
                         WIDTH="2117"
                         HEIGHT="150"
                         TAGREFS="LT118">
                  <Shape>
                     <Polygon POINTS="240 2086 234 2011 334 2008 380 1977 384 1977 387 1977 390 1977 393 1977 468 2005 502 1990 505 1990 508 1990 674 2005 774 1977 777 1977 780 1977 883 1977 886 1977 889 1977 924 1999 955 1977 958 1977 961 1977 964 1977 967 1977 971 1977 971 1980 999 2002 1180 1977 1183 1977 1186 1977 1258 2008 1414 2008 1455 1980 1458 1980 1461 1980 1464 1980 1573 2002 1623 1980 1626 1980 1629 1980 1633 1980 1686 1999 1807 1977 1811 1977 2120 2005 2201 1977 2204 1977 2207 1977 2210 1977 2213 1977 2213 1980 2235 1999 2273 1983 2276 1983 2279 1983 2282 1983 2351 2008 2351 2068 2348 2111 2013 2124 2010 2124 2007 2124 1982 2114 1945 2102 1898 2117 1870 2124 1867 2124 1864 2124 1860 2124 1857 2124 1848 2117 1807 2086 1767 2102 1764 2102 1761 2102 1676 2083 1576 2117 1561 2124 1558 2124 1554 2124 1551 2124 1542 2117 1470 2080 1308 2096 1305 2096 1302 2096 1255 2080 1230 2096 1227 2096 1224 2096 1220 2096 1117 2080 1036 2117 1033 2117 1030 2117 1027 2117 942 2080 768 2080 715 2117 711 2117 708 2117 705 2117 702 2117 699 2117 677 2099 599 2108 596 2108 593 2108 552 2092 490 2124 487 2124 483 2124 480 2124 427 2096 240 2127"/>
                  </Shape>
                  <String CONTENT="par sorcelerie Les e yeulx a lenfant de henri Jehan"
                          HPOS="234"
                          VPOS="1977"
                          WIDTH="2117"
                          HEIGHT="150"/>
               </TextLine>
               <TextLine ID="eSc_line_40e9bae7"
                         BASELINE="814 2145 1533 2145 2173 2167 2394 2158"
                         HPOS="808"
                         VPOS="2068"
                         WIDTH="1586"
                         HEIGHT="146"
                         TAGREFS="LT118">
                  <Shape>
                     <Polygon POINTS="814 2145 808 2086 852 2074 855 2074 858 2074 861 2074 864 2074 877 2086 889 2096 918 2086 977 2068 980 2068 983 2068 986 2068 989 2068 1021 2086 1033 2096 1049 2086 1074 2077 1077 2077 1080 2077 1083 2077 1117 2089 1142 2096 1152 2089 1177 2071 1180 2071 1183 2071 1186 2071 1189 2071 1230 2086 1255 2071 1258 2071 1261 2071 1264 2071 1267 2071 1270 2071 1289 2089 1348 2071 1352 2071 1355 2071 1492 2074 1495 2074 1539 2092 1554 2099 1579 2092 1617 2083 1620 2083 1623 2083 1626 2083 1629 2083 1629 2086 1639 2092 1648 2105 1673 2092 1714 2077 1717 2077 1720 2077 1807 2077 1811 2077 1854 2096 1882 2108 1901 2096 1907 2089 1910 2089 1914 2089 1917 2089 1920 2089 1932 2096 1957 2108 2388 2102 2394 2158 2394 2186 2335 2214 2332 2214 2329 2214 2201 2205 2198 2205 2166 2186 2157 2183 2138 2186 2035 2211 2032 2211 2029 2211 1973 2186 1939 2174 1910 2189 1873 2208 1870 2208 1870 2211 1732 2211 1729 2208 1726 2208 1689 2189 1667 2177 1601 2189 1589 2189 1586 2189 1583 2189 1579 2189 1536 2167 1389 2167 1327 2189 1289 2202 1286 2202 1283 2202 1280 2202 1252 2189 1192 2161 939 2161 811 2189"/>
                  </Shape>
                  <String CONTENT="guenat Et estre reputee pour genauche"
                          HPOS="808"
                          VPOS="2068"
                          WIDTH="1586"
                          HEIGHT="146"/>
               </TextLine>
               <TextLine ID="eSc_line_b1e05538"
                         BASELINE="774 2233 1273 2223"
                         HPOS="771"
                         VPOS="2149"
                         WIDTH="502"
                         HEIGHT="112"
                         TAGREFS="LT118">
                  <Shape>
                     <Polygon POINTS="774 2233 771 2149 830 2167 852 2152 852 2149 855 2149 858 2149 861 2149 902 2152 1052 2170 1264 2167 1273 2223 1270 2252 774 2261"/>
                  </Shape>
                  <String CONTENT="comunement."
                          HPOS="771"
                          VPOS="2149"
                          WIDTH="502"
                          HEIGHT="112"/>
               </TextLine>
               <TextLine ID="eSc_line_f89431fe"
                         BASELINE="780 2389 1314 2386 2435 2420"
                         HPOS="777"
                         VPOS="2295"
                         WIDTH="1661"
                         HEIGHT="172"
                         TAGREFS="LT118">
                  <Shape>
                     <Polygon POINTS="780 2389 777 2295 961 2298 964 2298 974 2301 1042 2330 1211 2330 1236 2311 1242 2308 1245 2308 1248 2308 1252 2308 1255 2308 1258 2308 1258 2311 1261 2314 1283 2336 1355 2336 1377 2317 1386 2308 1389 2308 1392 2308 1395 2308 1398 2308 1426 2320 1464 2339 1673 2342 1723 2330 1782 2317 1786 2317 2435 2361 2435 2420 2438 2436 2394 2467 2391 2467 2388 2467 2385 2467 2382 2467 2301 2436 2207 2464 2204 2464 2201 2464 2198 2464 2195 2464 2195 2461 2170 2436 2166 2429 2126 2426 2113 2436 2079 2461 2076 2461 2073 2461 2070 2461 2067 2461 2010 2432 1989 2423 1945 2432 1929 2436 1926 2436 1901 2432 1804 2420 1773 2432 1729 2451 1726 2451 1723 2451 1720 2451 1717 2451 1698 2432 1679 2420 1661 2432 1658 2436 1654 2436 1651 2436 1648 2436 1645 2436 1636 2432 1589 2414 1486 2432 1411 2445 1408 2445 1405 2445 1401 2445 1401 2442 1389 2432 1383 2423 1367 2432 1348 2442 1345 2442 1342 2442 1339 2442 1336 2442 1336 2439 1327 2432 1302 2407 1202 2420 1199 2420 1195 2420 1114 2401 1067 2401 1027 2432 1024 2436 1021 2436 1017 2436 1014 2436 1011 2436 992 2432 927 2414 777 2429"/>
                  </Shape>
                  <String CONTENT="Jehan perrin mahon depose du feug nen rien"
                          HPOS="777"
                          VPOS="2295"
                          WIDTH="1661"
                          HEIGHT="172"/>
               </TextLine>
               <TextLine ID="eSc_line_7921a18b"
                         BASELINE="780 2467 1842 2476"
                         HPOS="771"
                         VPOS="2404"
                         WIDTH="1071"
                         HEIGHT="110"
                         TAGREFS="LT118">
                  <Shape>
                     <Polygon POINTS="780 2467 777 2423 883 2404 886 2404 889 2404 924 2420 930 2423 936 2420 961 2404 964 2404 967 2404 971 2404 974 2404 1002 2420 1011 2423 1077 2417 1211 2407 1214 2407 1270 2417 1333 2426 1367 2414 1392 2407 1395 2407 1398 2407 1401 2407 1405 2407 1405 2411 1411 2414 1423 2426 1670 2411 1711 2411 1714 2411 1717 2411 1720 2411 1782 2429 1832 2411 1842 2476 1839 2501 1339 2514 1336 2514 1333 2514 1330 2514 1302 2492 1261 2514 1258 2514 1255 2514 1252 2514 1202 2492 1199 2492 1080 2510 1077 2510 1074 2510 1071 2510 1049 2492 1017 2507 1014 2507 1011 2507 889 2492 839 2504 836 2504 833 2504 830 2504 771 2482"/>
                  </Shape>
                  <String CONTENT="scavoir sinon que par ouys dire"
                          HPOS="771"
                          VPOS="2404"
                          WIDTH="1071"
                          HEIGHT="110"/>
               </TextLine>
               <TextLine ID="eSc_line_8be285b5"
                         BASELINE="793 2567 1639 2567 2401 2588"
                         HPOS="789"
                         VPOS="2485"
                         WIDTH="1612"
                         HEIGHT="122"
                         TAGREFS="LT118">
                  <Shape>
                     <Polygon POINTS="793 2567 793 2485 1002 2504 1111 2492 1124 2492 1127 2492 1130 2492 1136 2492 1192 2510 1286 2498 1327 2492 1330 2492 1333 2492 1336 2492 1336 2495 1342 2498 1355 2510 1401 2498 1414 2498 1417 2498 1420 2498 1423 2498 1423 2501 1439 2514 1476 2501 1501 2495 1505 2495 1508 2495 1595 2504 1707 2517 1779 2507 1870 2498 1873 2498 1876 2498 1904 2514 1920 2520 1995 2514 2154 2501 2157 2501 2160 2501 2163 2501 2191 2520 2198 2523 2210 2520 2254 2507 2257 2507 2260 2507 2401 2526 2401 2588 2398 2592 2329 2607 2326 2607 2029 2595 1960 2592 1948 2595 1895 2607 1892 2607 1889 2607 1885 2607 1882 2607 1860 2595 1857 2592 1845 2595 1792 2607 1789 2607 1786 2607 1782 2607 1779 2607 1764 2595 1754 2588 1508 2595 1252 2601 1248 2601 1220 2595 1152 2579 1077 2595 1074 2595 1071 2595 1064 2595 905 2579 789 2595"/>
                  </Shape>
                  <String CONTENT="De laultre faict de genaucherie dit avoir"
                          HPOS="789"
                          VPOS="2485"
                          WIDTH="1612"
                          HEIGHT="122"/>
               </TextLine>
               <TextLine ID="eSc_line_488f14f5"
                         BASELINE="793 2651 1692 2651 2423 2679"
                         HPOS="786"
                         VPOS="2573"
                         WIDTH="1637"
                         HEIGHT="134"
                         TAGREFS="LT118">
                  <Shape>
                     <Polygon POINTS="793 2651 793 2592 921 2592 927 2592 964 2573 967 2573 971 2573 974 2573 977 2573 977 2576 996 2592 1002 2595 1074 2592 1252 2579 1255 2579 1451 2592 1608 2601 1683 2592 1739 2585 1742 2585 1798 2592 1907 2607 1967 2592 1982 2588 1985 2588 1989 2588 1992 2588 1995 2588 2001 2592 2029 2610 2185 2592 2207 2592 2210 2592 2213 2592 2220 2592 2279 2613 2419 2595 2423 2679 2419 2694 2316 2707 2313 2707 2310 2707 2276 2694 2248 2682 2229 2694 2226 2694 2223 2694 2220 2694 2201 2691 2107 2676 2070 2691 2067 2691 2063 2691 2060 2691 2032 2691 1804 2670 1673 2673 1654 2685 1629 2698 1626 2698 1623 2698 1620 2698 1570 2682 1530 2673 1442 2682 1336 2691 1333 2691 1330 2691 1298 2679 1286 2673 1277 2679 1261 2688 1258 2688 1255 2688 1252 2688 1248 2688 1245 2688 1233 2679 1214 2663 1152 2676 1092 2688 1089 2688 786 2670"/>
                  </Shape>
                  <String CONTENT="ouys apppeller genauche comunement a ladite"
                          HPOS="786"
                          VPOS="2573"
                          WIDTH="1637"
                          HEIGHT="134"/>
               </TextLine>
               <TextLine ID="eSc_line_fa2859e6"
                         BASELINE="780 2741 1514 2735 2410 2760"
                         HPOS="774"
                         VPOS="2660"
                         WIDTH="1636"
                         HEIGHT="131"
                         TAGREFS="LT118">
                  <Shape>
                     <Polygon POINTS="780 2741 777 2682 952 2682 1005 2660 1008 2660 1011 2660 1014 2660 1102 2682 1217 2660 1220 2660 1224 2660 1270 2685 1442 2663 1445 2663 1561 2688 1667 2666 1670 2666 1764 2670 1767 2670 1770 2670 1795 2691 1889 2670 1892 2670 2407 2701 2410 2760 2410 2776 2363 2791 2360 2791 2357 2791 2354 2791 2351 2791 2351 2788 2338 2776 2329 2769 2282 2776 2232 2782 2229 2782 2191 2776 2117 2760 2029 2776 1942 2788 1939 2788 1935 2788 1907 2772 1879 2760 1748 2772 1711 2776 1707 2776 1704 2776 1698 2772 1658 2754 1623 2772 1604 2782 1601 2782 1601 2785 1536 2785 1533 2782 1530 2782 1505 2772 1455 2751 1314 2769 1252 2779 1248 2779 1245 2779 1242 2779 1230 2769 1192 2747 1152 2766 1149 2766 1145 2766 1142 2766 1139 2766 1114 2747 942 2747 905 2769 902 2772 899 2772 896 2772 893 2772 774 2766"/>
                  </Shape>
                  <String CONTENT="Agatte Et quelle estoit accusee davoir"
                          HPOS="774"
                          VPOS="2660"
                          WIDTH="1636"
                          HEIGHT="131"/>
               </TextLine>
               <TextLine ID="eSc_line_bd865f06"
                         BASELINE="789 2835 1408 2825 1848 2844 2332 2844"
                         HPOS="783"
                         VPOS="2754"
                         WIDTH="1549"
                         HEIGHT="137"
                         TAGREFS="LT118">
                  <Shape>
                     <Polygon POINTS="789 2835 783 2785 1011 2754 1014 2754 1136 2754 1139 2754 1142 2754 1142 2757 1170 2779 1195 2757 1195 2754 1199 2754 1202 2754 1205 2754 1295 2772 1464 2757 1467 2757 1470 2757 1473 2757 1505 2776 1539 2760 1542 2760 1545 2760 1548 2760 1551 2760 1551 2763 1570 2782 1576 2785 1589 2782 1661 2757 1664 2757 1667 2757 1670 2757 1711 2772 1751 2757 1754 2757 1757 2757 1761 2757 1764 2757 1764 2760 1789 2779 1795 2785 1839 2779 1914 2769 1917 2769 1920 2769 1923 2769 1939 2779 1951 2788 2145 2788 2163 2779 2216 2757 2220 2757 2223 2757 2329 2779 2332 2844 2329 2878 2248 2888 2245 2888 2241 2888 2238 2888 2238 2885 2232 2882 2201 2850 2110 2882 2098 2885 2095 2885 2092 2885 2060 2882 2007 2872 1998 2882 1992 2885 1992 2888 1989 2888 1985 2888 1985 2891 1823 2891 1820 2888 1817 2888 1804 2882 1767 2860 1739 2882 1732 2888 1729 2888 1726 2888 1726 2891 1676 2891 1673 2888 1670 2888 1667 2888 1667 2885 1664 2882 1633 2850 1561 2847 1352 2847 1314 2878 1311 2878 1308 2878 1305 2878 1302 2878 1298 2878 1248 2844 1024 2860 1021 2860 949 2844 924 2866 921 2866 918 2866 914 2866 868 2857 789 2885"/>
                  </Shape>
                  <String CONTENT="greve les lenffant de henri guenat lui"
                          HPOS="783"
                          VPOS="2754"
                          WIDTH="1549"
                          HEIGHT="137"/>
               </TextLine>
               <TextLine ID="eSc_line_1e65bb0f"
                         BASELINE="811 2932 1405 2925 2398 2956"
                         HPOS="808"
                         VPOS="2854"
                         WIDTH="1590"
                         HEIGHT="121"
                         TAGREFS="LT118">
                  <Shape>
                     <Polygon POINTS="811 2932 808 2872 952 2872 996 2854 999 2854 1002 2854 1005 2854 1058 2869 1102 2854 1105 2854 1108 2854 1273 2875 1298 2857 1298 2854 1302 2854 1305 2854 1308 2854 1426 2863 1430 2863 1433 2863 1451 2882 1501 2860 1505 2860 1508 2860 1620 2860 1623 2860 1626 2860 1667 2888 1742 2863 1745 2863 1748 2863 1751 2863 1820 2891 1823 2891 1839 2891 2082 2869 2085 2869 2088 2869 2145 2897 2148 2897 2182 2885 2185 2885 2188 2885 2398 2903 2398 2956 2391 2975 1932 2950 1876 2966 1873 2966 1870 2966 1867 2966 1864 2966 1842 2950 1811 2966 1807 2966 1804 2966 1801 2966 1501 2960 1498 2960 1495 2960 1467 2941 808 2944"/>
                  </Shape>
                  <String CONTENT="avoit tire les yeulx, avoit fait mourir"
                          HPOS="808"
                          VPOS="2854"
                          WIDTH="1590"
                          HEIGHT="121"/>
               </TextLine>
               <TextLine ID="eSc_line_202b78b7"
                         BASELINE="777 3000 2323 3022"
                         HPOS="768"
                         VPOS="2935"
                         WIDTH="1555"
                         HEIGHT="115"
                         TAGREFS="LT118">
                  <Shape>
                     <Polygon POINTS="777 3000 780 2938 836 2953 889 2938 908 2935 911 2935 914 2935 918 2935 921 2935 921 2938 924 2941 936 2950 1142 2944 1267 2941 1270 2941 1273 2941 1277 2941 1283 2947 1308 2960 1523 2950 1658 2947 1661 2947 1664 2947 1689 2953 1723 2966 1739 2956 1751 2947 1754 2947 1757 2947 1761 2947 1860 2947 1864 2947 1867 2947 1867 2950 1870 2950 1876 2960 1885 2969 1935 2960 1992 2950 1995 2950 2060 2963 2117 2972 2316 2969 2323 3022 2316 3034 2082 3031 2073 3031 2007 3050 2004 3050 2001 3050 1998 3050 1945 3031 1942 3031 1892 3050 1889 3050 1885 3050 1882 3050 1842 3031 1839 3028 1817 3028 1661 3047 1658 3047 1439 3044 1436 3044 1358 3025 1345 3022 1336 3022 1255 3041 1252 3041 1248 3041 1245 3041 1217 3022 1214 3019 1195 3022 1105 3038 1102 3038 1024 3019 1014 3019 999 3019 811 3034 808 3034 805 3034 768 3016"/>
                  </Shape>
                  <String CONTENT="ung veau au clavier et une jument"
                          HPOS="768"
                          VPOS="2935"
                          WIDTH="1555"
                          HEIGHT="115"/>
               </TextLine>
               <TextLine ID="eSc_line_0885027b"
                         BASELINE="796 3097 2344 3097"
                         HPOS="796"
                         VPOS="3038"
                         WIDTH="1548"
                         HEIGHT="71"
                         TAGREFS="LT118">
                  <Shape>
                     <Polygon POINTS="796 3097 796 3038 2344 3041 2344 3097 2344 3106 796 3109"/>
                  </Shape>
                  <String CONTENT="au voueble ; Et avoit donne le mal a ung"
                          HPOS="796"
                          VPOS="3038"
                          WIDTH="1548"
                          HEIGHT="71"/>
               </TextLine>
               <TextLine ID="eSc_line_ff587449"
                         BASELINE="793 3178 1448 3169 2444 3178"
                         HPOS="786"
                         VPOS="3094"
                         WIDTH="1662"
                         HEIGHT="118"
                         TAGREFS="LT118">
                  <Shape>
                     <Polygon POINTS="793 3178 789 3119 980 3119 1011 3097 1014 3097 1017 3097 1021 3097 1024 3097 1067 3119 1089 3100 1089 3097 1092 3097 1095 3097 1099 3097 1102 3097 1139 3119 1142 3119 1145 3119 1189 3103 1192 3103 1195 3103 1199 3103 1258 3119 1264 3119 1302 3094 1305 3094 1308 3094 1311 3094 1720 3112 1848 3094 1851 3094 1854 3094 1857 3094 1857 3097 1885 3119 1885 3122 1935 3122 1939 3119 2032 3094 2035 3094 2038 3094 2042 3094 2045 3094 2076 3119 2076 3122 2151 3122 2151 3119 2232 3094 2235 3094 2238 3094 2241 3094 2298 3119 2354 3094 2357 3094 2360 3094 2363 3094 2448 3122 2444 3178 2441 3190 2341 3209 2341 3212 2204 3212 2201 3209 2198 3209 2195 3209 2195 3206 2179 3194 2173 3187 2160 3194 2107 3209 2104 3209 2101 3209 2029 3194 2020 3190 2017 3194 1998 3209 1995 3209 1992 3209 1992 3212 1873 3212 1870 3209 1867 3209 1864 3209 1842 3194 1832 3187 1423 3187 1401 3194 1358 3209 1355 3209 1352 3209 1180 3194 1127 3190 1111 3194 1067 3209 1064 3209 1061 3209 1058 3209 1055 3209 1055 3206 1042 3194 1036 3187 1024 3194 1002 3206 999 3206 996 3206 992 3206 989 3206 974 3194 958 3184 933 3194 902 3206 899 3206 896 3206 786 3194"/>
                  </Shape>
                  <String CONTENT="nomme Richard chavanne de Cueve duquel Il estoit"
                          HPOS="786"
                          VPOS="3094"
                          WIDTH="1662"
                          HEIGHT="118"/>
               </TextLine>
               <TextLine ID="eSc_line_21ca0e74"
                         BASELINE="824 3225 1623 3222"
                         HPOS="814"
                         VPOS="3165"
                         WIDTH="809"
                         HEIGHT="78"
                         TAGREFS="LT118">
                  <Shape>
                     <Polygon POINTS="824 3225 814 3184 849 3165 852 3165 855 3165 1617 3178 1623 3222 1620 3237 824 3243"/>
                  </Shape>
                  <String CONTENT="encour presentement malade"
                          HPOS="814"
                          VPOS="3165"
                          WIDTH="809"
                          HEIGHT="78"/>
               </TextLine>
               <TextLine ID="eSc_line_1725ae86"
                         BASELINE="789 3312 1636 3300 2266 3315"
                         HPOS="777"
                         VPOS="3225"
                         WIDTH="1493"
                         HEIGHT="112"
                         TAGREFS="LT118">
                  <Shape>
                     <Polygon POINTS="789 3312 777 3259 805 3228 805 3225 808 3225 811 3225 814 3225 964 3240 986 3225 989 3225 992 3225 996 3225 1214 3225 1217 3225 1220 3225 1220 3228 1248 3253 1311 3253 1342 3225 1345 3225 1348 3225 1352 3225 1401 3225 1405 3225 1408 3225 1439 3253 1526 3253 1548 3231 1548 3228 1551 3228 1554 3228 1558 3228 1561 3228 1604 3250 1658 3234 1661 3234 1664 3234 1667 3234 1692 3247 1757 3225 1761 3225 1764 3225 1767 3225 1832 3250 1873 3228 1876 3228 1879 3228 1982 3250 2007 3228 2010 3228 2013 3228 2017 3228 2020 3228 2023 3228 2057 3253 2263 3253 2266 3315 2270 3312 2238 3334 2235 3334 2232 3334 2229 3334 1611 3321 1217 3315 1105 3331 1071 3334 1067 3334 1064 3334 1061 3334 1058 3331 1042 3315 1017 3331 1014 3334 1011 3334 1008 3334 1008 3337 789 3337"/>
                  </Shape>
                  <String CONTENT="Dit que ledit henri la menace de le faire a"
                          HPOS="777"
                          VPOS="3225"
                          WIDTH="1493"
                          HEIGHT="112"/>
               </TextLine>
               <TextLine ID="eSc_line_f80b517d"
                         BASELINE="805 3378 2357 3393"
                         HPOS="796"
                         VPOS="3306"
                         WIDTH="1561"
                         HEIGHT="153"
                         TAGREFS="LT118">
                  <Shape>
                     <Polygon POINTS="805 3378 802 3315 914 3306 918 3306 967 3315 1014 3328 1027 3318 1033 3312 1036 3312 1039 3312 1042 3312 1083 3318 1145 3331 1158 3321 1167 3312 1167 3309 1170 3309 1174 3309 1177 3309 1180 3309 1208 3321 1224 3328 1236 3321 1264 3309 1267 3309 1270 3309 1426 3309 1520 3312 1523 3312 1551 3328 1564 3334 1586 3328 1642 3312 1645 3312 1648 3312 1651 3312 1714 3331 1742 3337 1770 3331 1842 3315 1845 3315 1979 3334 2001 3337 2004 3334 2032 3315 2035 3315 2038 3315 2042 3315 2045 3315 2048 3315 2048 3318 2067 3337 2073 3343 2357 3343 2357 3393 2354 3449 1973 3459 1970 3459 1967 3459 1914 3437 1867 3418 1836 3434 1798 3459 1795 3459 1792 3459 1789 3459 1786 3459 1782 3459 1782 3456 1754 3434 1751 3427 1604 3415 1589 3427 1561 3452 1561 3456 1558 3456 1554 3456 1551 3456 1548 3456 1439 3424 1420 3418 1411 3421 1352 3452 1348 3452 1345 3452 1342 3452 1339 3452 1298 3418 1286 3409 1077 3409 1002 3409 999 3409 942 3446 939 3446 936 3446 933 3446 930 3446 796 3403"/>
                  </Shape>
                  <String CONTENT="repentir de ce que sa femme estoit en prison"
                          HPOS="796"
                          VPOS="3306"
                          WIDTH="1561"
                          HEIGHT="153"/>
               </TextLine>
            </TextBlock>
            <TextBlock HPOS="247"
                       VPOS="2333"
                       WIDTH="112"
                       HEIGHT="146"
                       ID="eSc_textblock_5b5b0853"
                       TAGREFS="BT368">
               <Shape>
                  <Polygon POINTS="359 2358 334 2454 247 2479 262 2333"/>
               </Shape>
               <TextLine ID="eSc_line_f953113e"
                         BASELINE="264 2451 318 2447"
                         HPOS="249"
                         VPOS="2330"
                         WIDTH="66"
                         HEIGHT="162"
                         TAGREFS="LT118">
                  <Shape>
                     <Polygon POINTS="262 2448 249 2354 299 2330 315 2445 315 2485 262 2492"/>
                  </Shape>
                  <String CONTENT="4." HPOS="249" VPOS="2330" WIDTH="66" HEIGHT="162"/>
               </TextLine>
            </TextBlock>
            <TextBlock HPOS="2333"
                       VPOS="3555"
                       WIDTH="90"
                       HEIGHT="69"
                       ID="eSc_textblock_b2929ecb"
                       TAGREFS="BT371">
               <Shape>
                  <Polygon POINTS="2333 3624 2357 3555 2404 3555 2423 3621 2373 3622"/>
               </Shape>
               <TextLine ID="eSc_line_b2bad57c"
                         BASELINE="2357 3611 2406 3615"
                         HPOS="2351"
                         VPOS="3543"
                         WIDTH="53"
                         HEIGHT="93"
                         TAGREFS="LT118">
                  <Shape>
                     <Polygon POINTS="2354 3608 2357 3543 2404 3546 2404 3611 2401 3627 2351 3636"/>
                  </Shape>
                  <String CONTENT="5" HPOS="2351" VPOS="3543" WIDTH="53" HEIGHT="93"/>
               </TextLine>
            </TextBlock>
         </PrintSpace>
      </Page>
   </Layout>
</alto>
