<alto xmlns:xsi="http://www.w3.org/2001/XMLSchema-instance"
      xmlns="http://www.loc.gov/standards/alto/ns-v4#"
      xsi:schemaLocation="http://www.loc.gov/standards/alto/ns-v4# http://www.loc.gov/standards/alto/v4/alto-4-2.xsd">
   <Description>
      <MeasurementUnit>pixel</MeasurementUnit>
      <sourceImageInformation>
         <fileName>B_168_15-10-3_0001.jpg</fileName>
      </sourceImageInformation>
   </Description>
   <Tags>
      <OtherTag ID="BT365"
                LABEL="MainZone:column"
                DESCRIPTION="block type MainZone:column"/>
      <OtherTag ID="BT367" LABEL="MainZone" DESCRIPTION="block type MainZone"/>
      <OtherTag ID="BT368"
                LABEL="MarginTextZone"
                DESCRIPTION="block type MarginTextZone"/>
      <OtherTag ID="BT369"
                LABEL="MarginTextZone:note"
                DESCRIPTION="block type MarginTextZone:note"/>
      <OtherTag ID="BT370"
                LABEL="NumberingZone:other"
                DESCRIPTION="block type NumberingZone:other"/>
      <OtherTag ID="BT371"
                LABEL="NumberingZone:page"
                DESCRIPTION="block type NumberingZone:page"/>
      <OtherTag ID="BT379"
                LABEL="DecorationZone"
                DESCRIPTION="block type DecorationZone"/>
      <OtherTag ID="BT380"
                LABEL="CustomZone:signature"
                DESCRIPTION="block type CustomZone:signature"/>
      <OtherTag ID="LT118" LABEL="DefaultLine" DESCRIPTION="line type DefaultLine"/>
      <OtherTag ID="LT119" LABEL="HeadingLine" DESCRIPTION="line type HeadingLine"/>
      <OtherTag ID="LT120"
                LABEL="InterlinearLine"
                DESCRIPTION="line type InterlinearLine"/>
   </Tags>
   <Layout>
      <Page WIDTH="2754"
            HEIGHT="3743"
            PHYSICAL_IMG_NR="37"
            ID="eSc_dummypage_">
         <PrintSpace HPOS="0" VPOS="0" WIDTH="2754" HEIGHT="3743">
            <TextBlock HPOS="806"
                       VPOS="310"
                       WIDTH="178"
                       HEIGHT="164"
                       ID="eSc_textblock_b7611fab"
                       TAGREFS="BT370">
               <Shape>
                  <Polygon POINTS="806 310 806 474 984 474 984 310"/>
               </Shape>
               <TextLine ID="eSc_line_3841c591"
                         BASELINE="820 452 966 456"
                         HPOS="814"
                         VPOS="302"
                         WIDTH="153"
                         HEIGHT="209"
                         TAGREFS="LT118">
                  <Shape>
                     <Polygon POINTS="818 449 821 302 967 305 964 455 961 492 814 511"/>
                  </Shape>
                  <String CONTENT="81" HPOS="814" VPOS="302" WIDTH="153" HEIGHT="209"/>
               </TextLine>
            </TextBlock>
            <TextBlock HPOS="399"
                       VPOS="149"
                       WIDTH="638"
                       HEIGHT="237"
                       ID="eSc_textblock_00ef7674"
                       TAGREFS="BT369">
               <Shape>
                  <Polygon POINTS="399 271 412 174 474 149 1037 149 1037 297 798 297 798 386 497 386"/>
               </Shape>
               <TextLine ID="eSc_line_6e3f2d0f"
                         BASELINE="415 243 1027 249"
                         HPOS="409"
                         VPOS="149"
                         WIDTH="621"
                         HEIGHT="162"
                         TAGREFS="LT118">
                  <Shape>
                     <Polygon POINTS="415 243 415 171 477 177 490 171 512 149 515 149 518 149 521 149 605 149 608 149 612 149 612 152 633 171 643 177 702 171 793 159 796 159 849 171 899 180 918 171 946 152 949 152 952 152 955 152 958 152 1030 171 1027 249 1017 308 971 296 905 305 846 311 843 311 839 311 836 311 836 308 827 302 793 265 627 265 587 290 562 308 558 308 555 308 552 308 409 280"/>
                  </Shape>
                  <String CONTENT="1609. 18. augusti"
                          HPOS="409"
                          VPOS="149"
                          WIDTH="621"
                          HEIGHT="162"/>
               </TextLine>
               <TextLine ID="eSc_line_ea6f6de1"
                         BASELINE="483 349 761 361"
                         HPOS="477"
                         VPOS="255"
                         WIDTH="284"
                         HEIGHT="138"
                         TAGREFS="LT118">
                  <Shape>
                     <Polygon POINTS="483 349 483 283 562 283 618 255 621 255 624 255 683 258 686 258 690 258 690 262 715 286 721 293 758 290 761 361 761 368 696 393 693 393 690 393 477 358"/>
                  </Shape>
                  <String CONTENT="- 1e sept."
                          HPOS="477"
                          VPOS="255"
                          WIDTH="284"
                          HEIGHT="138"/>
               </TextLine>
            </TextBlock>
            <TextBlock HPOS="462"
                       VPOS="487"
                       WIDTH="575"
                       HEIGHT="295"
                       ID="eSc_textblock_60309c18"
                       TAGREFS="BT369">
               <Shape>
                  <Polygon POINTS="933 611 958 745 462 782 487 499 501 487 1037 487 1037 588"/>
               </Shape>
               <TextLine ID="eSc_line_afb9f945"
                         BASELINE="499 558 914 567"
                         HPOS="493"
                         VPOS="474"
                         WIDTH="421"
                         HEIGHT="127"
                         TAGREFS="LT118">
                  <Shape>
                     <Polygon POINTS="499 558 496 486 765 474 768 474 771 474 774 474 802 495 808 502 914 502 914 567 911 583 640 601 636 601 493 573"/>
                  </Shape>
                  <String CONTENT="aignelatte"
                          HPOS="493"
                          VPOS="474"
                          WIDTH="421"
                          HEIGHT="127"/>
               </TextLine>
               <TextLine ID="eSc_line_37e5a4d6"
                         BASELINE="452 723 846 714"
                         HPOS="440"
                         VPOS="623"
                         WIDTH="406"
                         HEIGHT="163"
                         TAGREFS="LT118">
                  <Shape>
                     <Polygon POINTS="452 723 440 648 499 633 502 633 505 633 508 633 512 633 512 636 521 642 533 655 615 639 618 639 690 651 836 623 846 714 843 733 771 733 752 745 711 776 708 776 705 776 702 776 699 776 696 776 668 757 640 739 590 739 549 773 543 779 540 779 537 779 452 786"/>
                  </Shape>
                  <String CONTENT="fouvent"
                          HPOS="440"
                          VPOS="623"
                          WIDTH="406"
                          HEIGHT="163"/>
               </TextLine>
            </TextBlock>
            <TextBlock HPOS="786"
                       VPOS="208"
                       WIDTH="1718"
                       HEIGHT="3020"
                       ID="eSc_textblock_33c35311"
                       TAGREFS="BT367">
               <Shape>
                  <Polygon POINTS="2404 383 2466 424 2479 733 1807 757 1842 782 1492 820 2504 873 2441 1235 2454 1456 2404 1547 2466 1756 2379 1958 2454 2432 2454 3153 1982 3153 1792 3203 1420 3178 1208 3228 836 3203 824 1784 786 1731 836 885 861 835 1170 835 1186 798 1095 755 1095 208 1646 208 1658 212 2241 212 2379 262"/>
               </Shape>
               <TextLine ID="eSc_line_dc498739"
                         TAGREFS="LT119"
                         BASELINE="1108 286 2363 315"
                         HPOS="1105"
                         VPOS="184"
                         WIDTH="1261"
                         HEIGHT="155">
                  <Shape>
                     <Polygon POINTS="1108 286 1108 184 1248 187 1252 187 1255 187 1258 190 1308 227 1423 199 1451 193 1455 193 1458 193 1461 193 1473 202 1508 224 1545 205 1548 205 1551 205 1554 205 1558 205 1601 233 1645 212 1651 208 1654 208 1658 208 1679 212 1764 230 1836 221 1879 215 1882 215 1885 215 1929 224 1964 233 1982 227 2010 218 2013 218 2017 218 2020 218 2054 233 2088 246 2160 237 2295 221 2298 221 2301 221 2366 249 2363 315 2357 339 1898 321 1839 333 1807 339 1804 339 1801 339 1776 333 1726 318 1701 330 1695 336 1692 336 1689 336 1686 336 1651 330 1604 321 1579 330 1567 333 1564 333 1561 333 1558 333 1554 333 1548 330 1520 311 1433 327 1411 330 1408 330 1405 330 1395 327 1361 308 1105 321"/>
                  </Shape>
                  <String CONTENT="Reconfessions des Actes Crimes et"
                          HPOS="1105"
                          VPOS="184"
                          WIDTH="1261"
                          HEIGHT="155"/>
               </TextLine>
               <TextLine ID="eSc_line_0634cafd"
                         TAGREFS="LT119"
                         BASELINE="1130 377 2004 377 2273 402"
                         HPOS="1124"
                         VPOS="305"
                         WIDTH="1149"
                         HEIGHT="116">
                  <Shape>
                     <Polygon POINTS="1130 377 1127 324 1292 305 1295 305 1364 321 1373 321 1389 321 1492 305 1495 305 1498 305 1545 318 1573 327 1851 327 1867 315 1873 308 1876 308 1879 308 1882 308 1885 308 1901 315 1939 327 2266 311 2273 402 2270 421 2117 421 2113 417 2110 417 2107 417 2107 414 2085 396 1964 411 1907 417 1904 417 1901 417 1876 408 1820 393 1692 393 1679 405 1670 411 1670 414 1667 414 1664 414 1661 414 1658 414 1629 402 1601 393 1592 402 1579 411 1579 414 1576 414 1573 414 1573 417 1498 417 1495 414 1124 389"/>
                  </Shape>
                  <String CONTENT="delictz Commis et perpetrez par"
                          HPOS="1124"
                          VPOS="305"
                          WIDTH="1149"
                          HEIGHT="116"/>
               </TextLine>
               <TextLine ID="eSc_line_515611f3"
                         TAGREFS="LT119"
                         BASELINE="1136 464 2013 461 2454 474"
                         HPOS="1127"
                         VPOS="380"
                         WIDTH="1327"
                         HEIGHT="125">
                  <Shape>
                     <Polygon POINTS="1136 464 1127 399 1186 380 1189 380 1192 380 1336 399 1377 402 1389 399 1414 386 1417 386 1420 386 1423 386 1426 386 1439 399 1448 405 1770 405 1776 399 1789 386 1789 383 1792 383 1795 383 1798 383 1882 399 1914 402 1939 399 2001 383 2004 383 2098 383 2101 383 2104 383 2123 399 2132 402 2448 399 2454 474 2448 492 2013 480 1995 489 1979 495 1976 495 1973 495 1914 486 1864 480 1851 486 1820 502 1817 502 1817 505 1670 505 1667 502 1664 502 1592 483 1576 480 1573 483 1551 499 1548 499 1545 499 1370 502 1367 502 1177 499 1174 499 1127 477"/>
                  </Shape>
                  <String CONTENT="Aignelatte vefve de feu Thiebault"
                          HPOS="1127"
                          VPOS="380"
                          WIDTH="1327"
                          HEIGHT="125"/>
               </TextLine>
               <TextLine ID="eSc_line_4e990a68"
                         TAGREFS="LT119"
                         BASELINE="1155 545 2310 539"
                         HPOS="1145"
                         VPOS="458"
                         WIDTH="1165"
                         HEIGHT="122">
                  <Shape>
                     <Polygon POINTS="1155 545 1145 499 1195 474 1199 474 1202 474 1205 474 1233 486 1264 461 1267 461 1270 461 1273 461 1723 492 1767 477 1770 477 1773 477 1873 489 1910 464 1914 464 1917 464 1920 464 2107 489 2157 458 2160 458 2163 458 2166 458 2170 458 2173 458 2173 461 2204 492 2304 492 2310 539 2310 548 2229 573 2226 573 2223 573 2110 555 2085 552 1854 552 1845 561 1832 570 1832 573 1829 573 1826 573 1729 577 1729 580 1598 580 1595 577 1592 577 1589 577 1589 573 1579 567 1564 555 1423 570 1389 573 1386 573 1364 573 1214 555 1158 577"/>
                  </Shape>
                  <String CONTENT="Fouvent de Bonfolz. Par elle"
                          HPOS="1145"
                          VPOS="458"
                          WIDTH="1165"
                          HEIGHT="122"/>
               </TextLine>
               <TextLine ID="eSc_line_81474d6f"
                         TAGREFS="LT119"
                         BASELINE="1124 623 2413 611"
                         HPOS="1114"
                         VPOS="555"
                         WIDTH="1302"
                         HEIGHT="96">
                  <Shape>
                     <Polygon POINTS="1124 623 1114 577 1189 558 1192 558 1261 573 1267 573 1286 558 1289 558 1292 558 1295 558 1601 567 1745 570 2404 555 2413 611 2416 620 2366 642 2363 642 2360 642 2251 623 2241 623 2238 623 2198 645 2195 645 2191 645 2188 645 2126 630 1979 648 1976 648 1973 648 1926 630 1923 630 1907 645 1907 648 1904 648 1901 648 1642 651 1639 651 1530 639 1448 630 1124 645"/>
                  </Shape>
                  <String CONTENT="Librement recognuz les 18 20 26"
                          HPOS="1114"
                          VPOS="555"
                          WIDTH="1302"
                          HEIGHT="96"/>
               </TextLine>
               <TextLine ID="eSc_line_48c763ca"
                         TAGREFS="LT119"
                         BASELINE="1167 698 2441 692"
                         HPOS="1155"
                         VPOS="623"
                         WIDTH="1286"
                         HEIGHT="122">
                  <Shape>
                     <Polygon POINTS="1167 698 1155 655 1199 626 1202 626 1205 626 1208 626 1370 626 1373 626 1426 645 1464 626 1467 626 1470 626 1473 626 1539 648 1633 626 1636 626 1639 626 1717 648 1773 626 1776 626 1779 626 1957 645 2145 623 2148 623 2151 623 2154 623 2185 645 2235 626 2238 626 2241 626 2245 626 2248 626 2273 648 2435 648 2441 692 2441 704 2376 736 2373 736 2369 736 2366 736 2313 720 2273 742 2270 742 2270 745 2166 745 2163 742 2160 742 2157 742 2126 717 1867 742 1864 742 1860 742 1748 714 1486 745 1483 745 1480 745 1476 745 1439 714 1167 714"/>
                  </Shape>
                  <String CONTENT="et dernier jour daogst de lan present"
                          HPOS="1155"
                          VPOS="623"
                          WIDTH="1286"
                          HEIGHT="122"/>
               </TextLine>
               <TextLine ID="eSc_line_74926d97"
                         TAGREFS="LT119"
                         BASELINE="1189 776 1392 770"
                         HPOS="1180"
                         VPOS="695"
                         WIDTH="215"
                         HEIGHT="119">
                  <Shape>
                     <Polygon POINTS="1189 776 1180 726 1280 695 1283 695 1286 695 1289 695 1292 695 1317 717 1320 717 1383 714 1392 770 1395 782 1342 814 1339 814 1336 814 1333 814 1330 814 1270 795 1242 789 1192 804"/>
                  </Shape>
                  <String CONTENT="1609"
                          HPOS="1180"
                          VPOS="695"
                          WIDTH="215"
                          HEIGHT="119"/>
               </TextLine>
               <TextLine ID="eSc_line_cf138e3d"
                         BASELINE="868 913 2494 929"
                         HPOS="861"
                         VPOS="826"
                         WIDTH="1633"
                         HEIGHT="144"
                         TAGREFS="LT118">
                  <Shape>
                     <Polygon POINTS="868 913 868 826 955 826 958 826 961 826 961 829 992 857 1030 839 1033 839 1036 839 1039 839 1042 839 1067 857 1102 832 1105 832 1108 832 1111 832 1117 832 1239 860 1464 842 1604 832 1608 832 1611 832 1614 832 1633 848 1639 854 1648 848 1654 842 1658 842 1661 842 1664 842 1795 842 1798 842 1829 854 1842 860 1851 854 1879 835 1882 835 1885 835 1889 835 2001 860 2038 867 2063 860 2160 835 2163 835 2166 835 2170 835 2173 835 2220 867 2229 873 2494 876 2494 929 2488 970 2113 966 2110 966 2107 966 2107 963 2073 938 1898 957 1895 957 1792 935 1745 957 1732 963 1729 963 1726 963 1723 963 1698 957 1645 945 1576 954 1520 963 1517 963 1514 963 1492 954 1448 932 1405 945 1401 945 1398 945 996 929 964 945 939 957 936 957 933 957 861 941"/>
                  </Shape>
                  <String CONTENT="Premierement confesse que sont environ quinze"
                          HPOS="861"
                          VPOS="826"
                          WIDTH="1633"
                          HEIGHT="144"/>
               </TextLine>
               <TextLine ID="eSc_line_5ccb1daa"
                         BASELINE="858 998 2451 1026"
                         HPOS="852"
                         VPOS="926"
                         WIDTH="1602"
                         HEIGHT="131"
                         TAGREFS="LT118">
                  <Shape>
                     <Polygon POINTS="858 998 855 938 1170 926 1174 926 1177 926 1220 945 1236 951 1248 945 1292 929 1295 929 1298 929 1302 929 1305 929 1333 948 1342 954 1414 954 1426 948 1445 935 1448 935 1451 935 1455 935 1530 951 1558 957 1576 951 1629 935 1633 935 1636 935 1639 935 1642 935 1670 954 1673 957 1692 954 1798 938 1801 938 1804 938 1885 960 1895 960 1910 960 2063 941 2067 941 2070 941 2113 963 2120 970 2220 970 2220 966 2235 954 2235 951 2238 951 2241 951 2245 951 2248 951 2251 951 2270 966 2270 970 2276 966 2316 954 2319 954 2323 954 2451 973 2451 1026 2454 1032 2416 1054 2413 1054 2410 1054 2407 1054 2313 1035 1954 1057 1951 1057 1948 1057 1945 1057 1910 1035 1860 1054 1857 1054 1854 1054 1851 1054 1848 1054 1823 1035 1817 1029 1573 1026 1551 1035 1520 1048 1517 1048 1514 1048 1511 1048 1508 1048 1508 1044 1495 1035 1480 1019 1305 1019 1252 1035 1224 1044 1220 1044 1217 1044 1214 1044 1211 1044 1211 1041 1205 1035 1183 1010 986 1010 936 1035 936 1038 933 1038 930 1038 927 1038 852 1035"/>
                  </Shape>
                  <String CONTENT="ans Questant en la ville de Pourrentruy"
                          HPOS="852"
                          VPOS="926"
                          WIDTH="1602"
                          HEIGHT="131"/>
               </TextLine>
               <TextLine ID="eSc_line_5a246724"
                         BASELINE="852 1085 2419 1110"
                         HPOS="846"
                         VPOS="1010"
                         WIDTH="1573"
                         HEIGHT="125"
                         TAGREFS="LT118">
                  <Shape>
                     <Polygon POINTS="852 1085 846 1035 927 1013 930 1013 933 1013 936 1013 989 1032 1014 1010 1017 1010 1021 1010 1024 1010 1027 1010 1105 1035 1111 1035 1114 1035 1149 1016 1152 1016 1155 1016 1158 1016 1224 1035 1230 1035 1233 1035 1273 1013 1277 1013 1280 1013 1283 1013 1286 1013 1286 1016 1308 1035 1314 1041 1445 1041 1464 1035 1495 1016 1498 1016 1501 1016 1505 1016 1542 1035 1561 1041 1595 1035 1658 1019 1661 1019 1723 1035 1736 1035 1745 1035 1820 1019 1823 1019 1826 1019 1854 1035 1864 1038 1882 1035 1923 1023 1926 1023 1929 1023 1932 1023 1967 1035 2023 1051 2088 1035 2107 1029 2110 1029 2113 1029 2117 1029 2129 1035 2173 1051 2248 1035 2276 1029 2279 1029 2416 1035 2419 1110 2413 1126 2001 1113 1970 1119 1923 1132 1920 1132 1917 1132 1817 1116 1764 1110 1754 1116 1736 1132 1736 1135 1732 1135 1729 1135 1726 1135 1723 1135 1720 1135 1695 1116 1689 1110 1670 1116 1645 1122 1642 1122 1639 1122 1636 1122 1633 1122 1633 1119 1626 1113 1620 1110 1611 1113 1586 1132 1583 1132 1579 1132 1579 1135 1492 1135 1489 1132 1486 1132 1483 1132 1458 1113 1455 1110 1455 1113 1420 1129 1417 1129 1414 1129 1305 1110 1302 1110 1248 1129 1245 1129 1242 1129 1239 1129 1158 1107 1130 1101 1099 1107 1011 1122 1008 1122 846 1101"/>
                  </Shape>
                  <String CONTENT="et ayant heu quelque parolles avec sondit"
                          HPOS="846"
                          VPOS="1010"
                          WIDTH="1573"
                          HEIGHT="125"/>
               </TextLine>
               <TextLine ID="eSc_line_61bcad9e"
                         BASELINE="833 1172 2419 1185"
                         HPOS="830"
                         VPOS="1104"
                         WIDTH="1593"
                         HEIGHT="118"
                         TAGREFS="LT118">
                  <Shape>
                     <Polygon POINTS="833 1172 833 1126 1074 1126 1077 1126 1142 1104 1145 1104 1149 1104 1152 1104 1230 1126 1336 1107 1339 1107 1342 1107 1345 1107 1345 1110 1367 1129 1367 1132 1554 1132 1554 1129 1586 1107 1589 1107 1592 1107 1595 1107 1598 1107 1601 1107 1629 1126 1889 1110 1892 1110 2010 1135 2023 1138 2123 1138 2126 1135 2148 1116 2148 1113 2151 1113 2154 1113 2157 1113 2279 1135 2301 1116 2301 1113 2304 1113 2307 1113 2310 1113 2360 1113 2363 1113 2423 1138 2419 1185 2416 1194 2220 1213 2216 1213 2138 1197 2135 1197 2060 1216 2057 1216 2054 1216 2051 1216 2048 1216 2020 1197 1979 1219 1976 1219 1973 1219 1857 1197 1848 1197 1842 1197 1779 1219 1776 1219 1776 1222 1629 1222 1626 1219 1623 1219 1583 1200 1567 1191 1526 1191 1517 1200 1501 1213 1501 1216 1498 1216 1495 1216 1492 1216 1405 1200 1389 1197 1386 1200 1361 1216 1358 1216 1355 1216 1352 1216 1348 1216 1345 1216 1345 1213 1330 1200 1327 1197 1320 1200 1302 1213 1298 1213 1295 1213 1292 1213 1289 1213 1255 1200 1224 1188 1049 1188 1030 1200 1014 1213 1011 1213 1008 1213 1005 1213 946 1200 893 1191 830 1200"/>
                  </Shape>
                  <String CONTENT="mary A raison quilz estoyent poursuit de"
                          HPOS="830"
                          VPOS="1104"
                          WIDTH="1593"
                          HEIGHT="118"/>
               </TextLine>
               <TextLine ID="eSc_line_e81b4adc"
                         BASELINE="839 1269 2404 1269"
                         HPOS="833"
                         VPOS="1188"
                         WIDTH="1571"
                         HEIGHT="122"
                         TAGREFS="LT118">
                  <Shape>
                     <Polygon POINTS="839 1269 833 1222 902 1188 905 1188 908 1188 911 1188 974 1216 1030 1188 1033 1188 1036 1188 1230 1188 1233 1188 1270 1207 1339 1188 1342 1188 1345 1188 1348 1188 1352 1188 1389 1213 1392 1219 1398 1213 1411 1203 1414 1203 1417 1203 1420 1203 1423 1203 1426 1203 1426 1207 1436 1213 1442 1222 1629 1222 1642 1210 1664 1191 1664 1188 1667 1188 1670 1188 1673 1188 1676 1188 1714 1210 1717 1210 1723 1210 1811 1191 1814 1191 1817 1191 1820 1191 1845 1207 1870 1222 2004 1222 2038 1203 2048 1200 2051 1200 2054 1200 2057 1200 2070 1203 2098 1213 2107 1203 2113 1200 2113 1197 2117 1197 2120 1197 2123 1197 2176 1203 2316 1219 2398 1200 2404 1269 2401 1285 2260 1285 2257 1288 2232 1306 2229 1306 2226 1306 2226 1310 2170 1310 2166 1306 2163 1306 2160 1306 2160 1303 2142 1288 2138 1285 1985 1288 1898 1288 1876 1306 1873 1306 1870 1306 1867 1306 1864 1306 1795 1291 1642 1306 1639 1306 1636 1306 1592 1288 1586 1285 1583 1288 1564 1303 1564 1306 1561 1306 1558 1306 1558 1310 1498 1310 1495 1306 1492 1306 1489 1306 1489 1303 1470 1288 1467 1285 1455 1288 1398 1303 1395 1303 1392 1303 1389 1303 1386 1303 1367 1288 1361 1285 1205 1285 1192 1288 1152 1306 1149 1306 1149 1310 1067 1310 1064 1306 1061 1306 1058 1306 1058 1303 1042 1288 1036 1285 839 1288"/>
                  </Shape>
                  <String CONTENT="feu Thiebault machanguey pour des dixmes"
                          HPOS="833"
                          VPOS="1188"
                          WIDTH="1571"
                          HEIGHT="122"/>
               </TextLine>
               <TextLine ID="eSc_line_76a5e81f"
                         BASELINE="833 1344 2398 1359"
                         HPOS="824"
                         VPOS="1272"
                         WIDTH="1574"
                         HEIGHT="125"
                         TAGREFS="LT118">
                  <Shape>
                     <Polygon POINTS="833 1344 824 1291 855 1272 858 1272 861 1272 864 1272 868 1272 871 1272 871 1275 889 1291 893 1291 1042 1272 1046 1272 1133 1291 1145 1294 1149 1291 1177 1275 1180 1275 1183 1275 1186 1275 1426 1275 1501 1294 1523 1297 1545 1294 1608 1281 1611 1281 1717 1294 1776 1300 1814 1294 1882 1281 1885 1281 1889 1281 1914 1294 1926 1300 2391 1297 2398 1359 2385 1391 2366 1372 2332 1388 2326 1391 2323 1391 2319 1391 2295 1388 2204 1378 2145 1388 2095 1397 2092 1397 2088 1397 2067 1388 2029 1372 1914 1388 1901 1388 1898 1388 1885 1388 1751 1366 1717 1388 1711 1391 1707 1391 1704 1391 1701 1391 1698 1391 1679 1388 1614 1369 1533 1381 1530 1381 1526 1381 1523 1381 1523 1378 1508 1366 1373 1384 1348 1388 1345 1388 1342 1388 1339 1388 1339 1384 1336 1384 1314 1363 1186 1363 1158 1384 1155 1388 1152 1388 1149 1388 1145 1388 1142 1388 1133 1384 1071 1359 830 1381"/>
                  </Shape>
                  <String CONTENT="quil avoyt Rec heu de luy Quiceluy sond"
                          HPOS="824"
                          VPOS="1272"
                          WIDTH="1574"
                          HEIGHT="125"/>
               </TextLine>
               <TextLine ID="eSc_line_54ffd4d0"
                         BASELINE="824 1447 1389 1431 2429 1453"
                         HPOS="818"
                         VPOS="1353"
                         WIDTH="1611"
                         HEIGHT="122"
                         TAGREFS="LT118">
                  <Shape>
                     <Polygon POINTS="824 1447 821 1381 942 1381 946 1381 971 1356 971 1353 974 1353 977 1353 980 1353 1127 1378 1155 1356 1155 1353 1158 1353 1161 1353 1164 1353 1248 1369 1314 1356 1317 1356 1320 1356 1364 1378 1417 1356 1420 1356 1423 1356 1592 1375 1636 1359 1639 1359 1642 1359 1645 1359 1648 1359 1648 1363 1667 1378 1736 1372 1739 1372 1742 1372 1764 1381 1798 1394 2007 1394 2029 1381 2054 1363 2057 1363 2060 1363 2063 1363 2067 1363 2070 1363 2095 1381 2117 1394 2151 1381 2188 1366 2191 1366 2195 1366 2198 1366 2226 1381 2254 1397 2313 1397 2329 1381 2344 1369 2344 1366 2348 1366 2351 1366 2354 1366 2429 1381 2429 1453 2426 1459 2160 1472 2157 1472 2154 1472 2151 1472 2142 1462 2132 1453 1976 1453 1954 1462 1926 1475 1923 1475 1920 1475 1917 1475 1873 1462 1851 1456 1836 1462 1804 1475 1801 1475 1798 1475 1726 1462 1658 1450 1564 1462 1489 1472 1486 1472 1483 1472 1480 1472 1480 1469 1470 1462 1451 1447 1167 1447 1136 1462 1133 1466 1130 1466 1127 1466 1124 1466 1108 1462 1042 1450 1024 1462 1024 1466 1021 1466 1017 1466 1014 1466 818 1462"/>
                  </Shape>
                  <String CONTENT="mary estant remply de vin monsta sur sa"
                          HPOS="818"
                          VPOS="1353"
                          WIDTH="1611"
                          HEIGHT="122"/>
               </TextLine>
               <TextLine ID="eSc_line_dee275fc"
                         BASELINE="836 1522 1426 1519 2348 1540"
                         HPOS="827"
                         VPOS="1437"
                         WIDTH="1524"
                         HEIGHT="131"
                         TAGREFS="LT118">
                  <Shape>
                     <Polygon POINTS="836 1522 827 1459 889 1437 893 1437 896 1437 899 1437 942 1459 946 1459 977 1459 1152 1447 1155 1447 1211 1459 1233 1462 1245 1459 1286 1444 1289 1444 1292 1444 1295 1444 1298 1444 1317 1459 1327 1466 1345 1459 1377 1447 1380 1447 1383 1447 1386 1447 1408 1459 1423 1466 1483 1459 1551 1450 1554 1450 1558 1450 1561 1450 1561 1453 1567 1459 1579 1469 1654 1459 1720 1450 1723 1450 1726 1450 1729 1450 1742 1459 1767 1475 1895 1475 1920 1459 1926 1453 1929 1453 1932 1453 1935 1453 2032 1456 2035 1456 2038 1456 2038 1459 2060 1475 2123 1459 2132 1456 2135 1456 2138 1456 2142 1456 2145 1456 2145 1459 2176 1478 2341 1459 2348 1540 2351 1550 2326 1565 2323 1565 2319 1565 2316 1565 2110 1547 2085 1547 2082 1547 2067 1562 2067 1565 2063 1565 2060 1565 2057 1565 1973 1553 1823 1568 1820 1568 1817 1568 1814 1568 1786 1547 1782 1543 1658 1543 1651 1543 1614 1565 1611 1565 1608 1565 1604 1565 1601 1565 1601 1562 1583 1543 1576 1537 1514 1537 1436 1537 1423 1543 1398 1562 1395 1562 1392 1562 1389 1562 1242 1559 1239 1559 1236 1559 1236 1556 1220 1540 1211 1534 1033 1534 1030 1540 1014 1553 1014 1556 1011 1556 1008 1556 1005 1556 830 1537"/>
                  </Shape>
                  <String CONTENT="charrette et sen alla, la laissant aller"
                          HPOS="827"
                          VPOS="1437"
                          WIDTH="1524"
                          HEIGHT="131"/>
               </TextLine>
               <TextLine ID="eSc_line_bc6a20b5"
                         BASELINE="836 1628 2351 1628"
                         HPOS="830"
                         VPOS="1547"
                         WIDTH="1524"
                         HEIGHT="121"
                         TAGREFS="LT118">
                  <Shape>
                     <Polygon POINTS="836 1628 830 1575 911 1547 914 1547 918 1547 1011 1547 1014 1547 1064 1572 1124 1550 1127 1550 1130 1550 1280 1572 1314 1547 1317 1547 1320 1547 1323 1547 1520 1565 1604 1550 1608 1550 1611 1550 1614 1550 1614 1553 1636 1572 1732 1547 1736 1547 1739 1547 1789 1547 1792 1547 1795 1547 1795 1550 1820 1572 1820 1575 2020 1575 2023 1572 2057 1547 2060 1547 2063 1547 2067 1547 2185 1547 2188 1547 2263 1572 2291 1547 2295 1547 2298 1547 2301 1547 2304 1547 2354 1572 2351 1628 2351 1643 2126 1668 2123 1668 2120 1668 2117 1668 2088 1650 2085 1646 2079 1650 2035 1668 2032 1668 2029 1668 1926 1653 1870 1643 1748 1656 1723 1656 1720 1656 1704 1656 1573 1640 1526 1659 1501 1668 1498 1668 1495 1668 1492 1668 1489 1668 1480 1659 1451 1640 1255 1640 1205 1662 1199 1665 1195 1665 1192 1665 1189 1665 1186 1665 1155 1640 964 1640 836 1668"/>
                  </Shape>
                  <String CONTENT="seule a pied, et estant venue jusques"
                          HPOS="830"
                          VPOS="1547"
                          WIDTH="1524"
                          HEIGHT="121"/>
               </TextLine>
               <TextLine ID="eSc_line_ead7f182"
                         BASELINE="789 1712 2454 1728"
                         HPOS="786"
                         VPOS="1618"
                         WIDTH="1668"
                         HEIGHT="141"
                         TAGREFS="LT118">
                  <Shape>
                     <Polygon POINTS="789 1712 789 1618 908 1643 1014 1625 1030 1621 1033 1621 1055 1625 1180 1650 1214 1628 1220 1625 1224 1625 1227 1625 1230 1625 1233 1625 1255 1631 1323 1650 1345 1634 1348 1634 1352 1634 1355 1634 1358 1634 1411 1653 1439 1640 1442 1640 1445 1640 1448 1640 1451 1640 1451 1643 1467 1656 1554 1656 1573 1640 1586 1628 1589 1628 1592 1628 1595 1628 1764 1628 1767 1628 1811 1643 1854 1631 1857 1631 1860 1631 1864 1631 1901 1650 1923 1659 1992 1650 2060 1643 2063 1643 2151 1656 2201 1662 2210 1656 2245 1634 2248 1634 2251 1634 2254 1634 2257 1634 2260 1634 2260 1637 2288 1659 2291 1662 2304 1659 2369 1646 2373 1646 2451 1665 2454 1728 2451 1737 2173 1759 2170 1759 2082 1743 1811 1752 1807 1752 1804 1752 1801 1752 1782 1737 1779 1734 1729 1737 1542 1746 1539 1746 1383 1734 1323 1731 1305 1734 1245 1749 1242 1749 1239 1749 1236 1749 1233 1749 1233 1746 1217 1734 1214 1731 1189 1734 1102 1746 1099 1746 1095 1746 1092 1746 1074 1734 1061 1728 786 1731"/>
                  </Shape>
                  <String CONTENT="au bois de Morteveille, Ung beau Jeusne"
                          HPOS="786"
                          VPOS="1618"
                          WIDTH="1668"
                          HEIGHT="141"/>
               </TextLine>
               <TextLine ID="eSc_line_6e98c304"
                         BASELINE="843 1805 2407 1830"
                         HPOS="836"
                         VPOS="1718"
                         WIDTH="1571"
                         HEIGHT="144"
                         TAGREFS="LT118">
                  <Shape>
                     <Polygon POINTS="843 1805 836 1743 924 1718 927 1718 930 1718 933 1718 936 1718 974 1743 980 1743 1142 1721 1145 1721 1149 1721 1152 1721 1177 1740 1261 1731 1264 1731 1267 1731 1270 1731 1289 1746 1314 1724 1317 1724 1320 1724 1323 1724 1426 1724 1430 1724 1495 1746 1505 1749 1514 1746 1583 1728 1586 1728 1589 1728 1592 1728 1595 1728 1626 1749 1629 1749 1673 1731 1676 1731 1679 1731 1773 1749 1823 1759 1885 1749 1964 1740 1967 1740 1970 1740 1973 1740 1985 1752 1998 1762 2082 1762 2092 1752 2107 1740 2107 1737 2110 1737 2113 1737 2117 1737 2120 1737 2148 1752 2166 1762 2201 1752 2226 1746 2229 1746 2232 1746 2235 1746 2266 1752 2313 1765 2329 1756 2351 1740 2354 1740 2357 1740 2360 1740 2363 1740 2407 1756 2407 1830 2404 1846 2310 1862 2307 1862 2304 1862 2301 1862 2301 1859 2288 1846 2285 1843 2079 1834 2023 1846 1973 1855 1970 1855 1967 1855 1964 1855 1951 1846 1926 1830 1795 1830 1698 1843 1626 1852 1623 1852 1620 1852 1595 1843 1548 1824 1520 1843 1517 1843 1514 1843 1511 1843 1508 1843 1501 1843 1423 1821 1189 1840 1142 1843 1139 1843 1136 1843 1133 1843 1130 1840 1099 1818 839 1837"/>
                  </Shape>
                  <String CONTENT="homme vestu de verd (comme luy sembloit)"
                          HPOS="836"
                          VPOS="1718"
                          WIDTH="1571"
                          HEIGHT="144"/>
               </TextLine>
               <TextLine ID="eSc_line_02ec673b"
                         BASELINE="836 1915 1445 1905 2329 1924"
                         HPOS="830"
                         VPOS="1818"
                         WIDTH="1499"
                         HEIGHT="134"
                         TAGREFS="LT118">
                  <Shape>
                     <Polygon POINTS="836 1915 830 1852 996 1818 999 1818 1130 1824 1133 1824 1136 1824 1136 1827 1164 1852 1245 1821 1248 1821 1252 1821 1333 1821 1386 1824 1389 1824 1392 1824 1426 1855 1501 1824 1505 1824 1508 1824 1511 1824 1514 1824 1551 1855 1714 1834 1717 1834 1720 1834 1723 1834 1723 1837 1748 1859 1751 1862 1854 1862 1854 1859 1870 1846 1870 1843 1873 1843 1876 1843 1879 1843 1985 1859 2063 1834 2067 1834 2070 1834 2073 1834 2135 1862 2138 1865 2329 1865 2329 1924 2323 1943 2207 1930 2126 1943 2076 1952 2073 1952 2070 1952 2067 1952 2067 1949 2057 1943 2038 1927 1757 1937 1754 1937 1636 1921 1592 1943 1589 1943 1586 1943 1583 1943 1579 1943 1542 1918 1455 1933 1451 1933 1448 1933 1445 1933 1420 1918 1195 1918 1161 1943 1158 1943 1155 1943 1155 1946 1089 1946 1086 1943 1083 1943 1080 1943 1039 1918 1011 1940 1008 1940 1005 1940 1005 1943 833 1943"/>
                  </Shape>
                  <String CONTENT="la surparla de se donner a luy et"
                          HPOS="830"
                          VPOS="1818"
                          WIDTH="1499"
                          HEIGHT="134"/>
               </TextLine>
               <TextLine ID="eSc_line_41844b8f"
                         BASELINE="836 2008 2229 2002"
                         HPOS="830"
                         VPOS="1918"
                         WIDTH="1399"
                         HEIGHT="125"
                         TAGREFS="LT118">
                  <Shape>
                     <Polygon POINTS="836 2008 830 1958 914 1940 918 1940 921 1940 955 1952 977 1933 977 1930 980 1930 983 1930 986 1930 989 1930 992 1930 1024 1952 1102 1952 1145 1921 1149 1921 1152 1921 1155 1921 1158 1921 1236 1940 1355 1921 1358 1921 1361 1921 1433 1952 1523 1918 1526 1918 1530 1918 1761 1918 1764 1918 1767 1918 1767 1921 1798 1952 1901 1952 1926 1930 1926 1927 1929 1927 1932 1927 1935 1927 1939 1927 1942 1927 1970 1952 2223 1952 2229 2002 2226 2011 2110 2036 2107 2036 1973 2014 1967 2014 1932 2036 1929 2036 1926 2036 1923 2036 1823 2014 1811 2014 1745 2014 1742 2014 1723 2033 1723 2036 1720 2036 1717 2036 1714 2036 1711 2036 1654 2018 1645 2014 1608 2018 1464 2030 1461 2030 1458 2030 1455 2030 1455 2027 1445 2021 1414 2039 1411 2039 1408 2039 1408 2043 1295 2043 1292 2039 1289 2039 1286 2039 1261 2021 1217 2039 1214 2039 1211 2039 1208 2039 1164 2021 1149 2014 1111 2021 1033 2033 1030 2033 1027 2033 992 2021 974 2014 967 2021 958 2030 955 2030 952 2030 949 2030 833 2021"/>
                  </Shape>
                  <String CONTENT="quil ne la laisseroit jamais et lui"
                          HPOS="830"
                          VPOS="1918"
                          WIDTH="1399"
                          HEIGHT="125"/>
               </TextLine>
               <TextLine ID="eSc_line_b3bab199"
                         BASELINE="830 2105 2388 2105"
                         HPOS="830"
                         VPOS="2027"
                         WIDTH="1561"
                         HEIGHT="128"
                         TAGREFS="LT118">
                  <Shape>
                     <Polygon POINTS="830 2105 830 2049 1155 2049 1155 2046 1174 2030 1174 2027 1177 2027 1180 2027 1183 2027 1314 2027 1317 2027 1320 2027 1320 2030 1339 2046 1389 2027 1392 2027 1395 2027 1495 2046 1505 2046 1511 2046 1567 2027 1570 2027 1573 2027 1576 2027 1614 2043 1686 2027 1689 2027 1692 2027 1695 2027 1714 2043 1714 2046 1717 2043 1751 2027 1754 2027 1757 2027 1761 2027 1826 2043 1842 2046 1898 2043 2142 2027 2145 2027 2148 2027 2151 2027 2176 2043 2182 2046 2188 2043 2216 2027 2220 2027 2223 2027 2388 2043 2388 2105 2391 2121 2298 2152 2295 2152 2295 2155 2098 2155 2095 2152 2092 2152 2088 2152 2057 2124 2051 2121 1935 2121 1917 2127 1860 2145 1857 2145 1854 2145 1851 2145 1848 2145 1820 2127 1817 2124 1814 2127 1789 2149 1789 2152 1786 2152 1782 2152 1779 2152 1442 2130 1302 2124 1252 2133 1220 2139 1217 2139 1164 2133 1039 2121 830 2136"/>
                  </Shape>
                  <String CONTENT="donneroit de largent. Ce quelle feist"
                          HPOS="830"
                          VPOS="2027"
                          WIDTH="1561"
                          HEIGHT="128"/>
               </TextLine>
               <TextLine ID="eSc_line_1548a2ac"
                         BASELINE="814 2208 2363 2217"
                         HPOS="808"
                         VPOS="2127"
                         WIDTH="1558"
                         HEIGHT="115"
                         TAGREFS="LT118">
                  <Shape>
                     <Polygon POINTS="814 2208 808 2149 864 2127 868 2127 871 2127 874 2127 955 2149 958 2149 961 2149 1014 2127 1017 2127 1021 2127 1024 2127 1102 2149 1167 2127 1170 2127 1174 2127 1330 2127 1333 2127 1336 2127 1370 2152 1377 2152 1445 2133 1448 2133 1545 2130 1548 2130 1551 2130 1554 2130 1554 2133 1576 2152 1704 2130 1707 2130 1711 2130 1714 2130 1745 2152 1917 2133 1920 2133 1923 2133 1926 2133 1926 2136 1945 2152 1967 2136 1970 2136 1973 2136 1976 2136 1979 2136 2042 2155 2045 2155 2067 2139 2070 2139 2073 2139 2076 2139 2079 2139 2082 2139 2101 2155 2104 2155 2176 2139 2179 2139 2182 2139 2185 2139 2204 2155 2204 2158 2363 2158 2363 2217 2366 2220 2335 2239 2332 2239 2329 2239 2329 2242 1848 2242 1845 2239 1732 2220 1726 2220 1717 2220 1433 2236 1430 2236 1355 2220 1352 2220 811 2220"/>
                  </Shape>
                  <String CONTENT="Et Renuncea allors dieu et la vierge"
                          HPOS="808"
                          VPOS="2127"
                          WIDTH="1558"
                          HEIGHT="115"/>
               </TextLine>
               <TextLine ID="eSc_line_904e118d"
                         BASELINE="824 2305 1448 2295 2382 2314"
                         HPOS="818"
                         VPOS="2223"
                         WIDTH="1564"
                         HEIGHT="119"
                         TAGREFS="LT118">
                  <Shape>
                     <Polygon POINTS="824 2305 818 2242 1364 2223 1367 2223 1483 2245 1508 2227 1511 2227 1514 2227 1517 2227 1692 2227 1814 2248 1817 2248 1820 2248 1864 2230 1867 2230 1870 2230 1873 2230 1948 2248 2070 2233 2073 2233 2076 2233 2110 2252 2117 2255 2241 2255 2245 2252 2282 2233 2285 2233 2288 2233 2382 2255 2382 2314 2379 2317 2173 2342 2170 2342 2026 2320 1982 2314 1954 2320 1882 2339 1879 2339 1876 2339 1664 2336 1661 2336 1658 2336 1658 2333 1645 2320 1633 2311 1380 2311 1355 2323 1339 2330 1336 2330 1333 2330 1330 2330 1317 2323 1286 2308 1202 2323 1164 2330 1161 2330 1158 2330 1155 2330 1149 2323 1127 2308 821 2323"/>
                  </Shape>
                  <String CONTENT="marie Cresme et baptesme, et print"
                          HPOS="818"
                          VPOS="2223"
                          WIDTH="1564"
                          HEIGHT="119"/>
               </TextLine>
               <TextLine ID="eSc_line_731d7cd0"
                         BASELINE="821 2395 2060 2404 2419 2420"
                         HPOS="814"
                         VPOS="2317"
                         WIDTH="1605"
                         HEIGHT="140"
                         TAGREFS="LT118">
                  <Shape>
                     <Polygon POINTS="821 2395 814 2354 871 2326 874 2326 877 2326 880 2326 921 2342 1030 2317 1033 2317 1036 2317 1039 2317 1039 2320 1061 2342 1102 2342 1130 2317 1133 2317 1136 2317 1139 2317 1211 2317 1498 2320 1501 2320 1505 2320 1505 2323 1542 2354 1701 2342 1704 2342 1707 2342 1764 2358 1807 2336 1811 2336 1814 2336 1817 2336 1820 2336 1857 2361 1873 2370 2413 2367 2419 2420 2413 2439 2282 2426 2260 2439 2241 2454 2238 2454 2235 2454 2235 2457 2182 2457 2179 2454 2176 2454 2173 2454 2173 2451 2160 2439 2148 2426 2060 2414 1892 2439 1817 2451 1814 2451 1811 2451 1807 2451 1792 2439 1736 2411 1626 2411 1570 2439 1554 2448 1551 2448 1548 2448 1545 2448 1542 2448 1536 2439 1498 2407 1061 2407 986 2439 980 2442 977 2442 974 2442 814 2439"/>
                  </Shape>
                  <String CONTENT="ledit vestu de verd pour son maitre. Lequel"
                          HPOS="814"
                          VPOS="2317"
                          WIDTH="1605"
                          HEIGHT="140"/>
               </TextLine>
               <TextLine ID="eSc_line_044390aa"
                         BASELINE="833 2498 1242 2489 2426 2523"
                         HPOS="830"
                         VPOS="2411"
                         WIDTH="1596"
                         HEIGHT="137"
                         TAGREFS="LT118">
                  <Shape>
                     <Polygon POINTS="833 2498 830 2429 1014 2429 1036 2411 1039 2411 1042 2411 1046 2411 1049 2411 1108 2432 1117 2436 1124 2432 1142 2414 1142 2411 1145 2411 1149 2411 1152 2411 1195 2411 1199 2411 1267 2432 1270 2432 1364 2414 1367 2414 1370 2414 1420 2436 1439 2442 1495 2436 1633 2420 1636 2420 1639 2420 1673 2439 1695 2451 1832 2451 1857 2439 1882 2426 1885 2426 1889 2426 1892 2426 1935 2442 1967 2451 2007 2442 2054 2432 2057 2432 2060 2432 2063 2432 2063 2436 2073 2442 2088 2461 2123 2461 2138 2445 2148 2436 2148 2432 2151 2432 2154 2432 2157 2432 2160 2432 2163 2432 2179 2445 2207 2461 2245 2445 2270 2436 2273 2436 2276 2436 2279 2436 2304 2445 2354 2464 2419 2448 2426 2523 2423 2535 2295 2548 2291 2548 2142 2532 2035 2523 1998 2532 1960 2539 1957 2539 1954 2539 1935 2529 1914 2520 1520 2523 1517 2523 1514 2523 1511 2523 1489 2504 1345 2517 1342 2517 1339 2517 1336 2517 1336 2514 1333 2514 1327 2504 1302 2523 1298 2523 1295 2523 1292 2523 1264 2520 1080 2501 830 2514"/>
                  </Shape>
                  <String CONTENT="disoit sappeller Robine Et heust allors"
                          HPOS="830"
                          VPOS="2411"
                          WIDTH="1596"
                          HEIGHT="137"/>
               </TextLine>
               <TextLine ID="eSc_line_35416235"
                         BASELINE="830 2592 1451 2579 2266 2598"
                         HPOS="821"
                         VPOS="2492"
                         WIDTH="1445"
                         HEIGHT="121"
                         TAGREFS="LT118">
                  <Shape>
                     <Polygon POINTS="830 2592 821 2520 911 2492 914 2492 918 2492 921 2492 980 2520 1021 2495 1024 2495 1027 2495 1030 2495 1114 2495 1117 2495 1120 2495 1139 2514 1174 2495 1177 2495 1180 2495 1183 2495 1248 2517 1373 2495 1377 2495 1380 2495 1383 2495 1417 2517 1483 2498 1486 2498 1489 2498 1492 2498 1495 2498 1542 2526 1548 2529 1551 2526 1592 2504 1595 2504 1598 2504 1789 2529 1792 2529 1820 2504 1820 2501 1823 2501 1826 2501 1829 2501 1832 2501 1889 2529 1895 2535 1995 2535 1998 2532 2013 2517 2013 2514 2017 2514 2020 2514 2023 2514 2026 2514 2029 2514 2029 2517 2048 2532 2048 2535 2148 2535 2151 2532 2191 2510 2195 2510 2198 2510 2201 2510 2266 2535 2266 2598 2260 2613 824 2601"/>
                  </Shape>
                  <String CONTENT="Comme depuis beaulxcoup de fois sa"
                          HPOS="821"
                          VPOS="2492"
                          WIDTH="1445"
                          HEIGHT="121"/>
               </TextLine>
               <TextLine ID="eSc_line_99c689b3"
                         BASELINE="846 2676 1411 2673 2441 2698"
                         HPOS="836"
                         VPOS="2595"
                         WIDTH="1605"
                         HEIGHT="121"
                         TAGREFS="LT118">
                  <Shape>
                     <Polygon POINTS="846 2676 836 2616 883 2595 886 2595 889 2595 893 2595 896 2595 921 2616 1049 2616 1083 2595 1086 2595 1089 2595 1092 2595 1242 2620 1261 2604 1261 2601 1264 2601 1267 2601 1270 2601 1336 2613 1364 2595 1367 2595 1370 2595 1373 2595 1377 2595 1451 2623 1598 2604 1601 2604 1604 2604 1608 2604 1608 2607 1629 2626 1686 2607 1689 2607 1692 2607 1782 2626 1910 2604 1914 2604 1917 2604 1920 2604 1960 2632 1964 2635 2010 2635 2035 2635 2088 2607 2092 2607 2095 2607 2204 2610 2207 2610 2276 2638 2279 2638 2282 2638 2326 2623 2329 2623 2332 2623 2441 2641 2441 2698 2435 2716 839 2691"/>
                  </Shape>
                  <String CONTENT="compagnie. Lequel luy donna de largent"
                          HPOS="836"
                          VPOS="2595"
                          WIDTH="1605"
                          HEIGHT="121"/>
               </TextLine>
               <TextLine ID="eSc_line_823060af"
                         BASELINE="843 2754 1355 2754 2404 2785"
                         HPOS="836"
                         VPOS="2685"
                         WIDTH="1568"
                         HEIGHT="137"
                         TAGREFS="LT118">
                  <Shape>
                     <Polygon POINTS="843 2754 843 2685 1186 2685 1189 2685 1214 2694 1239 2704 1345 2698 1486 2691 1489 2691 1492 2691 1495 2691 1495 2694 1508 2704 1514 2710 1530 2704 1558 2694 1561 2694 1564 2694 1679 2710 1723 2713 1751 2710 1839 2701 1842 2701 1973 2716 2017 2723 2045 2719 2138 2707 2142 2707 2235 2726 2241 2726 2263 2710 2266 2710 2270 2710 2273 2710 2404 2732 2404 2785 2398 2810 2341 2804 2329 2810 2301 2822 2298 2822 2295 2822 2291 2822 2288 2822 2270 2807 2251 2794 2195 2794 2145 2804 2098 2813 2095 2813 2020 2801 1951 2788 1926 2797 1889 2813 1885 2813 1882 2813 1629 2788 1489 2776 1411 2782 1236 2797 1233 2797 1230 2797 1149 2772 1130 2769 1105 2772 1030 2785 1027 2785 836 2763"/>
                  </Shape>
                  <String CONTENT="comme lui sembloit Mais quant Il fust"
                          HPOS="836"
                          VPOS="2685"
                          WIDTH="1568"
                          HEIGHT="137"/>
               </TextLine>
               <TextLine ID="eSc_line_025ebcc7"
                         BASELINE="836 2850 1202 2841 2432 2863"
                         HPOS="830"
                         VPOS="2772"
                         WIDTH="1602"
                         HEIGHT="122"
                         TAGREFS="LT118">
                  <Shape>
                     <Polygon POINTS="836 2850 830 2791 1039 2772 1042 2772 1046 2772 1086 2791 1139 2776 1142 2776 1145 2776 1149 2776 1152 2776 1152 2779 1170 2794 1170 2797 1273 2797 1273 2794 1330 2776 1333 2776 1336 2776 1339 2776 1389 2797 1392 2797 1401 2797 1551 2779 1554 2779 1626 2782 1629 2782 1633 2782 1633 2785 1636 2785 1648 2801 1661 2801 1951 2785 1954 2785 1957 2785 2004 2807 2007 2807 2010 2807 2057 2788 2060 2788 2063 2788 2166 2807 2207 2788 2210 2788 2213 2788 2216 2788 2263 2810 2266 2810 2310 2791 2313 2791 2316 2791 2429 2813 2432 2863 2429 2878 2213 2894 2210 2894 2207 2894 2204 2894 2182 2878 2179 2878 2023 2888 2020 2888 2017 2888 2013 2888 2001 2875 1989 2866 1945 2875 1885 2888 1882 2888 1879 2888 1876 2888 1876 2885 1864 2875 1857 2869 1817 2875 1776 2878 1773 2878 1770 2878 1767 2878 1767 2875 1764 2872 1754 2866 1748 2872 1736 2882 1736 2885 1732 2885 1729 2885 1726 2885 1614 2872 1501 2860 1405 2869 1373 2872 1370 2872 1333 2869 1211 2857 1195 2869 1186 2875 1186 2878 1183 2878 1180 2878 1180 2882 1117 2882 1114 2878 1111 2878 1108 2878 1092 2866 1071 2854 1042 2866 1021 2875 1017 2875 1014 2875 830 2863"/>
                  </Shape>
                  <String CONTENT="dispartis ce ne fut que des feuilles de"
                          HPOS="830"
                          VPOS="2772"
                          WIDTH="1602"
                          HEIGHT="122"/>
               </TextLine>
               <TextLine ID="eSc_line_302e0991"
                         BASELINE="843 2935 1486 2928 2332 2950"
                         HPOS="833"
                         VPOS="2850"
                         WIDTH="1499"
                         HEIGHT="128"
                         TAGREFS="LT118">
                  <Shape>
                     <Polygon POINTS="843 2935 833 2878 914 2850 918 2850 921 2850 924 2850 989 2866 1077 2850 1080 2850 1083 2850 1136 2878 1183 2854 1186 2854 1189 2854 1277 2854 1280 2854 1283 2854 1305 2872 1377 2863 1380 2863 1383 2863 1439 2885 1461 2866 1464 2866 1467 2866 1470 2866 1473 2866 1517 2878 1592 2857 1595 2857 1598 2857 1601 2857 1698 2885 1720 2866 1723 2866 1726 2866 1729 2866 1732 2866 1776 2888 1779 2891 1932 2891 1935 2891 1989 2863 1992 2863 1995 2863 1998 2863 2001 2863 2035 2891 2035 2894 2188 2894 2191 2894 2220 2869 2223 2869 2226 2869 2229 2869 2232 2869 2332 2897 2332 2950 2329 2963 2229 2978 2226 2978 2048 2963 2001 2960 1992 2963 1976 2975 1973 2975 1970 2975 1967 2975 1964 2975 1960 2975 1948 2963 1932 2950 1917 2963 1895 2978 1892 2978 1889 2978 1885 2978 1811 2963 1770 2953 1754 2963 1736 2975 1732 2975 1729 2975 1729 2978 1601 2978 1598 2975 1595 2975 1592 2975 1573 2960 1545 2944 1380 2960 1370 2960 1367 2960 1364 2960 1361 2960 1333 2941 839 2956"/>
                  </Shape>
                  <String CONTENT="chasne. Comme aussi lui donna du"
                          HPOS="833"
                          VPOS="2850"
                          WIDTH="1499"
                          HEIGHT="128"/>
               </TextLine>
               <TextLine ID="eSc_line_6ed3e143"
                         BASELINE="839 3016 2404 3031"
                         HPOS="833"
                         VPOS="2938"
                         WIDTH="1571"
                         HEIGHT="128"
                         TAGREFS="LT118">
                  <Shape>
                     <Polygon POINTS="839 3016 839 2963 911 2963 914 2960 936 2941 936 2938 939 2938 942 2938 946 2938 1149 2938 1152 2938 1155 2938 1155 2941 1177 2960 1183 2966 1202 2960 1258 2941 1261 2941 1264 2941 1345 2960 1377 2966 1401 2960 1455 2941 1458 2941 1461 2941 1570 2944 1573 2944 1576 2944 1598 2960 1614 2969 1629 2960 1639 2950 1642 2950 1645 2950 1648 2950 1651 2950 1667 2956 1692 2969 1761 2956 1807 2950 1811 2950 1814 2950 1817 2950 1817 2953 1823 2956 1842 2975 1995 2975 2013 2956 2023 2950 2023 2947 2026 2947 2029 2947 2032 2947 2098 2956 2229 2975 2398 2956 2404 3031 2401 3034 2279 3063 2279 3066 2191 3066 2188 3063 2185 3063 2182 3063 2148 3041 2026 3059 2023 3059 2020 3059 2017 3059 2017 3056 1995 3038 1992 3038 1967 3041 1817 3053 1814 3053 1811 3053 1779 3041 1754 3031 1623 3031 1598 3041 1570 3056 1567 3056 1564 3056 1561 3056 1558 3056 1536 3044 1533 3041 1498 3044 1389 3053 1386 3053 1383 3053 1380 3053 1367 3044 1345 3028 1255 3044 1236 3047 1233 3047 1230 3047 1227 3047 1227 3044 1202 3031 1071 3044 1067 3044 967 3028 927 3047 921 3050 918 3050 914 3050 833 3047"/>
                  </Shape>
                  <String CONTENT="poulsat pour faire a mourir bestes et gens"
                          HPOS="833"
                          VPOS="2938"
                          WIDTH="1571"
                          HEIGHT="128"/>
               </TextLine>
               <TextLine ID="eSc_line_a4efeae5"
                         BASELINE="839 3109 1239 3103 2444 3131"
                         HPOS="833"
                         VPOS="3019"
                         WIDTH="1611"
                         HEIGHT="159"
                         TAGREFS="LT118">
                  <Shape>
                     <Polygon POINTS="839 3109 833 3044 1014 3019 1017 3019 1224 3050 1233 3050 1239 3050 1333 3025 1336 3025 1339 3025 1508 3056 1520 3056 1548 3056 1626 3053 1648 3031 1651 3031 1654 3031 1658 3031 1661 3031 1707 3047 1889 3038 1892 3038 1895 3038 1898 3038 1923 3056 1957 3038 1960 3038 1964 3038 1967 3038 2029 3066 2032 3066 2035 3066 2095 3050 2098 3050 2101 3050 2104 3050 2142 3069 2145 3072 2273 3072 2276 3072 2295 3053 2298 3053 2301 3053 2304 3053 2441 3075 2444 3131 2441 3150 2295 3162 2291 3162 2288 3162 2285 3162 2285 3159 2273 3150 2260 3141 2151 3141 2107 3147 2038 3156 2035 3156 2032 3156 1998 3144 1976 3137 1948 3144 1804 3178 1801 3178 1517 3172 1514 3172 1511 3172 1458 3141 1314 3141 1283 3162 1280 3162 1277 3162 1273 3162 1270 3162 1208 3131 1205 3131 1161 3156 1158 3156 1155 3156 1152 3156 1149 3156 1108 3131 1083 3119 939 3119 927 3128 914 3137 914 3141 911 3141 908 3141 905 3141 833 3125"/>
                  </Shape>
                  <String CONTENT="et de la graisse pour se frotter pour aller"
                          HPOS="833"
                          VPOS="3019"
                          WIDTH="1611"
                          HEIGHT="159"/>
               </TextLine>
               <TextLine ID="eSc_line_b36b1084"
                         BASELINE="843 3187 1261 3181"
                         HPOS="839"
                         VPOS="3109"
                         WIDTH="425"
                         HEIGHT="116"
                         TAGREFS="LT118">
                  <Shape>
                     <Polygon POINTS="843 3187 839 3131 961 3131 971 3131 1042 3109 1046 3109 1049 3109 1136 3128 1211 3109 1214 3109 1217 3109 1220 3109 1224 3109 1261 3131 1261 3181 1264 3200 1208 3225 1205 3225 1202 3225 1111 3209 1052 3200 1008 3215 999 3218 996 3218 992 3218 980 3218 908 3203 846 3225"/>
                  </Shape>
                  <String CONTENT="au Sabath."
                          HPOS="839"
                          VPOS="3109"
                          WIDTH="425"
                          HEIGHT="116"/>
               </TextLine>
            </TextBlock>
            <TextBlock HPOS="1383"
                       VPOS="3456"
                       WIDTH="109"
                       HEIGHT="134"
                       ID="eSc_textblock_acf21036"
                       TAGREFS="BT370">
               <Shape>
                  <Polygon POINTS="1383 3565 1408 3456 1492 3480 1455 3590"/>
               </Shape>
               <TextLine ID="eSc_line_d47d9e33"
                         BASELINE="1409 3560 1459 3563"
                         HPOS="1405"
                         VPOS="3490"
                         WIDTH="53"
                         HEIGHT="84"
                         TAGREFS="LT118">
                  <Shape>
                     <Polygon POINTS="1408 3558 1408 3493 1458 3490 1458 3562 1455 3574 1405 3574"/>
                  </Shape>
                  <String CONTENT="3" HPOS="1405" VPOS="3490" WIDTH="53" HEIGHT="84"/>
               </TextLine>
            </TextBlock>
            <TextBlock HPOS="2337"
                       VPOS="3528"
                       WIDTH="80"
                       HEIGHT="75"
                       ID="eSc_textblock_d35fa7f4"
                       TAGREFS="BT371">
               <Shape>
                  <Polygon POINTS="2417 3528 2415 3603 2337 3603 2337 3530"/>
               </Shape>
               <TextLine ID="eSc_line_1a1115c2"
                         BASELINE="2347 3589 2400 3591"
                         HPOS="2341"
                         VPOS="3540"
                         WIDTH="57"
                         HEIGHT="65"
                         TAGREFS="LT118">
                  <Shape>
                     <Polygon POINTS="2344 3587 2344 3540 2398 3546 2398 3590 2394 3602 2341 3605"/>
                  </Shape>
                  <String CONTENT="1" HPOS="2341" VPOS="3540" WIDTH="57" HEIGHT="65"/>
               </TextLine>
            </TextBlock>
            <TextBlock HPOS="1343"
                       VPOS="124"
                       WIDTH="124"
                       HEIGHT="120"
                       ID="eSc_textblock_fc43e682"
                       TAGREFS="BT379">
               <Shape>
                  <Polygon POINTS="1343 124 1343 244 1467 244 1467 124"/>
               </Shape>
            </TextBlock>
         </PrintSpace>
      </Page>
   </Layout>
</alto>
