<alto xmlns:xsi="http://www.w3.org/2001/XMLSchema-instance"
      xmlns="http://www.loc.gov/standards/alto/ns-v4#"
      xsi:schemaLocation="http://www.loc.gov/standards/alto/ns-v4# http://www.loc.gov/standards/alto/v4/alto-4-2.xsd">
   <Description>
      <MeasurementUnit>pixel</MeasurementUnit>
      <sourceImageInformation>
         <fileName>B_168_15-23-4_0003.jpg</fileName>
      </sourceImageInformation>
   </Description>
   <Tags>
      <OtherTag ID="BT365"
                LABEL="MainZone:column"
                DESCRIPTION="block type MainZone:column"/>
      <OtherTag ID="BT367" LABEL="MainZone" DESCRIPTION="block type MainZone"/>
      <OtherTag ID="BT368"
                LABEL="MarginTextZone"
                DESCRIPTION="block type MarginTextZone"/>
      <OtherTag ID="BT369"
                LABEL="MarginTextZone:note"
                DESCRIPTION="block type MarginTextZone:note"/>
      <OtherTag ID="BT370"
                LABEL="NumberingZone:other"
                DESCRIPTION="block type NumberingZone:other"/>
      <OtherTag ID="BT371"
                LABEL="NumberingZone:page"
                DESCRIPTION="block type NumberingZone:page"/>
      <OtherTag ID="BT379"
                LABEL="DecorationZone"
                DESCRIPTION="block type DecorationZone"/>
      <OtherTag ID="BT380"
                LABEL="CustomZone:signature"
                DESCRIPTION="block type CustomZone:signature"/>
      <OtherTag ID="LT118" LABEL="DefaultLine" DESCRIPTION="line type DefaultLine"/>
      <OtherTag ID="LT119" LABEL="HeadingLine" DESCRIPTION="line type HeadingLine"/>
      <OtherTag ID="LT120"
                LABEL="InterlinearLine"
                DESCRIPTION="line type InterlinearLine"/>
   </Tags>
   <Layout>
      <Page WIDTH="2643"
            HEIGHT="3812"
            PHYSICAL_IMG_NR="52"
            ID="eSc_dummypage_">
         <PrintSpace HPOS="0" VPOS="0" WIDTH="2643" HEIGHT="3812">
            <TextBlock HPOS="686"
                       VPOS="101"
                       WIDTH="1890"
                       HEIGHT="3250"
                       ID="eSc_textblock_d397691f"
                       TAGREFS="BT367">
               <Shape>
                  <Polygon POINTS="2449 495 2423 670 1928 762 1969 864 2118 940 2147 1054 2449 1118 2474 1369 2563 1524 2563 1750 2474 1851 2109 1902 2033 1928 2004 2007 2071 2096 2474 2134 2576 2299 2563 2881 2411 2995 2071 3021 1979 3100 2436 3151 2436 3351 724 3338 711 2147 762 2045 686 1877 736 1801 698 139 1118 101 2360 127 2563 254 2538 352 2309 406"/>
               </Shape>
               <TextLine ID="eSc_line_401da44a"
                         BASELINE="702 212 1375 196 2407 216"
                         HPOS="695"
                         VPOS="117"
                         WIDTH="1712"
                         HEIGHT="124"
                         TAGREFS="LT118">
                  <Shape>
                     <Polygon POINTS="702 212 695 139 790 117 794 117 930 136 949 120 949 117 953 117 956 117 959 117 1026 117 1029 117 1032 117 1061 136 1080 120 1080 117 1083 117 1086 117 1089 117 1223 117 1324 142 1334 142 1362 142 1651 120 1655 120 1658 120 1743 142 1794 127 1798 127 1801 127 1899 146 1909 146 1912 146 1956 123 1960 123 1963 123 1966 123 1969 123 1969 127 1991 146 1994 149 2055 149 2058 146 2077 127 2080 127 2083 127 2087 127 2150 139 2252 123 2255 123 2258 123 2303 146 2306 149 2404 149 2407 216 2407 222 2341 241 2338 241 2334 241 2331 241 2277 225 2274 225 1966 241 1963 241 1960 241 1931 225 1918 219 1893 225 1852 238 1848 238 1845 238 1842 238 1813 225 1798 222 1740 228 1632 238 1629 238 1626 238 1623 238 1610 228 1597 219 1524 228 1493 231 1489 231 1486 231 1483 231 1480 228 1464 212 1156 212 1076 228 1073 228 962 212 905 231 895 235 892 235 889 235 695 231"/>
                  </Shape>
                  <String CONTENT="doffice se rencontrant du tout semblable a"
                          HPOS="695"
                          VPOS="117"
                          WIDTH="1712"
                          HEIGHT="124"/>
               </TextLine>
               <TextLine ID="eSc_line_08ac2bea"
                         BASELINE="736 295 1480 285 2557 308"
                         HPOS="730"
                         VPOS="200"
                         WIDTH="1827"
                         HEIGHT="146"
                         TAGREFS="LT118">
                  <Shape>
                     <Polygon POINTS="736 295 730 228 965 203 968 203 972 203 975 203 1007 228 1007 231 1086 231 1086 228 1121 200 1124 200 1127 200 1130 200 1213 200 1216 200 1286 231 1289 231 1296 231 1505 203 1508 203 1512 203 1515 203 1547 225 1629 216 1632 216 1635 216 1686 235 1689 235 1756 206 1759 206 1763 206 1912 206 1915 206 2004 231 2083 209 2087 209 2090 209 2093 209 2176 238 2176 241 2274 241 2277 241 2322 219 2325 219 2328 219 2331 219 2376 241 2379 244 2557 244 2557 308 2554 346 2328 346 2325 343 2322 343 2318 343 2318 339 2299 320 2195 314 2033 339 2014 339 2010 339 2007 339 2001 336 1947 317 1871 333 1867 333 1756 304 1531 304 1461 330 1458 330 1454 330 1451 330 1448 330 1404 301 1219 301 1115 327 1095 330 1092 330 1089 330 1076 327 1003 301 975 324 968 330 965 330 962 330 959 330 730 320"/>
                  </Shape>
                  <String CONTENT="ceuquelle avoit confessee Icelle fust condempne"
                          HPOS="730"
                          VPOS="200"
                          WIDTH="1827"
                          HEIGHT="146"/>
               </TextLine>
               <TextLine ID="eSc_line_8ed555d3"
                         BASELINE="727 390 1223 374 1991 381"
                         HPOS="721"
                         VPOS="298"
                         WIDTH="1270"
                         HEIGHT="143"
                         TAGREFS="LT118">
                  <Shape>
                     <Polygon POINTS="727 390 721 304 794 301 797 301 800 301 806 304 844 324 949 308 953 308 956 308 1003 324 1022 304 1026 304 1026 301 1029 301 1032 301 1035 301 1188 301 1191 301 1194 301 1194 304 1197 308 1216 324 1445 308 1607 298 1610 298 1613 298 1639 311 1651 314 1670 311 1728 298 1731 298 1734 298 1737 298 1737 301 1750 311 1763 320 1985 314 1991 381 1985 435 1655 397 1607 419 1604 419 1601 419 1597 419 1547 400 1318 400 1219 438 1216 438 1213 438 1127 422 1035 438 1032 438 1029 438 959 400 930 422 927 422 924 422 727 441"/>
                  </Shape>
                  <String CONTENT="destre aplicque a la torture."
                          HPOS="721"
                          VPOS="298"
                          WIDTH="1270"
                          HEIGHT="143"/>
               </TextLine>
               <TextLine ID="eSc_line_564d457f"
                         BASELINE="714 546 1327 530 2433 555"
                         HPOS="708"
                         VPOS="454"
                         WIDTH="1725"
                         HEIGHT="136"
                         TAGREFS="LT118">
                  <Shape>
                     <Polygon POINTS="714 546 708 466 1257 454 1261 454 1264 454 1267 454 1267 457 1286 476 1289 482 1448 482 1483 479 1601 457 1604 457 1686 460 1689 460 1731 482 1737 486 1756 482 1817 470 1820 470 1823 470 1864 486 1880 489 1896 486 1940 473 1944 473 1947 473 1950 473 2001 486 2014 492 2430 495 2433 555 2426 578 2325 568 2261 578 2188 590 2185 590 2125 578 2090 571 2052 578 1998 587 1994 587 1991 587 1988 587 1988 584 1979 578 1966 565 1937 578 1928 581 1925 581 1921 581 1823 578 1404 555 1346 574 1331 581 1327 581 1324 581 1264 574 1048 549 1003 574 1000 574 997 574 994 574 708 571"/>
                  </Shape>
                  <String CONTENT="Ou estant recougnut entierement questoient"
                          HPOS="708"
                          VPOS="454"
                          WIDTH="1725"
                          HEIGHT="136"/>
               </TextLine>
               <TextLine ID="eSc_line_cfff1279"
                         BASELINE="746 632 1394 619 2411 641"
                         HPOS="740"
                         VPOS="543"
                         WIDTH="1671"
                         HEIGHT="136"
                         TAGREFS="LT118">
                  <Shape>
                     <Polygon POINTS="746 632 740 565 1105 543 1108 543 1111 543 1181 562 1245 546 1248 546 1251 546 1254 546 1257 546 1283 565 1426 546 1429 546 1658 571 1661 571 1664 571 1763 549 1766 549 1947 574 1950 574 1972 555 1972 552 1975 552 1979 552 1982 552 1985 552 2033 568 2080 552 2083 552 2087 552 2210 578 2220 581 2407 581 2411 641 2407 667 2277 676 2274 676 2271 676 2268 676 2252 667 2236 654 2210 663 2176 679 2172 679 2169 679 1966 676 1871 657 1829 651 1810 657 1763 673 1759 673 1756 673 1753 673 1750 673 1750 670 1731 654 1724 648 1632 648 1594 654 1473 673 1470 673 1467 673 1464 673 1464 670 1439 651 1435 644 1099 641 1092 644 1048 667 1045 667 1045 670 921 670 918 667 914 667 911 667 867 638 740 635"/>
                  </Shape>
                  <String CONTENT="10 ans quelle avoit renunce dieu Cresme et"
                          HPOS="740"
                          VPOS="543"
                          WIDTH="1671"
                          HEIGHT="136"/>
               </TextLine>
               <TextLine ID="eSc_line_4432df25"
                         BASELINE="756 708 1124 695"
                         HPOS="746"
                         VPOS="622"
                         WIDTH="378"
                         HEIGHT="99"
                         TAGREFS="LT118">
                  <Shape>
                     <Polygon POINTS="756 708 746 657 838 622 841 622 844 622 940 644 959 648 1115 635 1124 695 1124 708 756 721"/>
                  </Shape>
                  <String CONTENT="baptesme"
                          HPOS="746"
                          VPOS="622"
                          WIDTH="378"
                          HEIGHT="99"/>
               </TextLine>
               <TextLine ID="eSc_line_9add6bcf"
                         BASELINE="717 784 1836 794"
                         HPOS="711"
                         VPOS="698"
                         WIDTH="1125"
                         HEIGHT="137"
                         TAGREFS="LT118">
                  <Shape>
                     <Polygon POINTS="717 784 711 721 752 702 756 702 759 702 937 721 965 698 968 698 972 698 975 698 1153 724 1165 724 1175 724 1334 702 1337 702 1340 702 1397 724 1451 702 1454 702 1458 702 1572 727 1578 727 1581 727 1613 711 1616 711 1620 711 1623 711 1664 727 1683 708 1683 705 1686 705 1689 705 1693 705 1836 730 1836 794 1829 825 1670 816 1601 825 1550 835 1547 835 1543 835 1512 825 1410 800 1327 822 1324 822 1321 822 1318 822 1315 822 1292 803 1223 816 1219 816 1216 816 1213 816 1194 800 1083 813 1080 813 949 797 825 825 813 829 810 829 711 825"/>
                  </Shape>
                  <String CONTENT="Sestoit donne a son maitre charbon"
                          HPOS="711"
                          VPOS="698"
                          WIDTH="1125"
                          HEIGHT="137"/>
               </TextLine>
               <TextLine ID="eSc_line_d7e01ecb"
                         BASELINE="733 886 1909 870"
                         HPOS="727"
                         VPOS="800"
                         WIDTH="1182"
                         HEIGHT="127"
                         TAGREFS="LT118">
                  <Shape>
                     <Polygon POINTS="733 886 727 832 991 803 994 803 1149 819 1194 822 1203 816 1238 800 1242 800 1245 800 1248 800 1289 816 1302 819 1899 800 1909 870 1902 911 1721 889 1674 914 1670 914 1670 918 1616 918 1597 918 1594 914 1591 914 1524 889 1467 914 1464 914 1302 918 1299 918 1296 918 1292 918 1292 914 1264 892 1210 892 1016 892 972 924 968 924 965 924 962 924 949 924 778 898 740 927"/>
                  </Shape>
                  <String CONTENT="Avoit heu sa compagnie froide"
                          HPOS="727"
                          VPOS="800"
                          WIDTH="1182"
                          HEIGHT="127"/>
               </TextLine>
               <TextLine ID="eSc_line_2e88f501"
                         BASELINE="727 962 2087 978"
                         HPOS="714"
                         VPOS="879"
                         WIDTH="1373"
                         HEIGHT="134"
                         TAGREFS="LT118">
                  <Shape>
                     <Polygon POINTS="727 962 727 895 1003 898 1022 895 1099 879 1102 879 1105 879 1108 879 1130 895 1197 879 1200 879 1203 879 1286 898 1308 902 1356 898 1527 883 1531 883 1534 883 1591 898 1610 905 1629 898 1674 886 1677 886 1680 886 2083 905 2087 978 2083 997 1893 1013 1890 1013 1886 1013 1883 1013 1883 1010 1867 994 1861 991 1823 994 1693 1007 1689 1007 1588 991 1572 987 1566 991 1531 1007 1527 1007 1524 1007 1439 987 1423 984 1404 987 1273 1007 1270 1007 1267 1007 1207 981 1200 981 1099 981 1073 1000 1073 1003 1070 1003 1067 1003 1067 1007 1000 1007 997 1003 876 978 756 1000 752 1000 749 1000 746 1000 714 975"/>
                  </Shape>
                  <String CONTENT="Quil avoit les pied Rond comme une beste"
                          HPOS="714"
                          VPOS="879"
                          WIDTH="1373"
                          HEIGHT="134"/>
               </TextLine>
               <TextLine ID="eSc_line_d8e7e25c"
                         BASELINE="733 1057 1693 1051"
                         HPOS="724"
                         VPOS="968"
                         WIDTH="972"
                         HEIGHT="127"
                         TAGREFS="LT118">
                  <Shape>
                     <Polygon POINTS="733 1057 724 1000 803 978 806 978 810 978 813 978 857 994 911 972 914 972 918 972 991 972 994 972 997 972 997 975 1019 994 1099 972 1102 972 1105 972 1238 991 1251 994 1315 994 1318 987 1337 972 1337 968 1340 968 1343 968 1346 968 1445 972 1448 972 1451 972 1467 987 1473 991 1683 984 1693 1051 1696 1061 1655 1086 1651 1086 1648 1086 1645 1086 1572 1073 1454 1092 1451 1092 1299 1064 1292 1064 1289 1064 1210 1095 1207 1095 1203 1095 1200 1095 1092 1067 1003 1095 1000 1095 997 1095 873 1067 864 1067 733 1067"/>
                  </Shape>
                  <String CONTENT="Quil estoit vestus de gris"
                          HPOS="724"
                          VPOS="968"
                          WIDTH="972"
                          HEIGHT="127"/>
               </TextLine>
               <TextLine ID="eSc_line_a2ec50c2"
                         BASELINE="727 1149 1855 1140 2430 1181"
                         HPOS="717"
                         VPOS="1051"
                         WIDTH="1713"
                         HEIGHT="149"
                         TAGREFS="LT118">
                  <Shape>
                     <Polygon POINTS="727 1149 717 1083 778 1067 781 1067 784 1067 879 1083 886 1083 889 1083 921 1067 924 1067 927 1067 930 1067 981 1083 1029 1061 1032 1061 1035 1061 1038 1061 1041 1061 1041 1064 1064 1083 1064 1086 1102 1086 1188 1086 1254 1051 1257 1051 1261 1051 1264 1051 1302 1070 1439 1054 1442 1054 1445 1054 1448 1054 1448 1057 1480 1086 1629 1054 1632 1054 1864 1057 1867 1057 1906 1076 1982 1061 1985 1061 1988 1061 2045 1089 2242 1070 2245 1070 2249 1070 2299 1092 2299 1095 2430 1095 2430 1181 2426 1200 2217 1200 2214 1197 2210 1197 2204 1194 2137 1169 2064 1184 2061 1184 2058 1184 2014 1165 1937 1165 1909 1188 1906 1194 1902 1194 1899 1194 1896 1194 1794 1188 1785 1184 1782 1184 1778 1184 1778 1181 1756 1162 1715 1162 1677 1184 1664 1194 1661 1194 1658 1194 1655 1194 1556 1191 1553 1191 1531 1181 1473 1159 1435 1172 1432 1172 1429 1172 1130 1156 1099 1175 1076 1188 1073 1188 1070 1188 1070 1191 1016 1191 1013 1188 1010 1188 1007 1188 987 1172 965 1156 933 1172 930 1172 927 1172 924 1172 908 1172 848 1159 832 1169 810 1184 806 1184 803 1184 800 1184 721 1165"/>
                  </Shape>
                  <String CONTENT="Quil lui avoit donne des feuilles pour delargent"
                          HPOS="717"
                          VPOS="1051"
                          WIDTH="1713"
                          HEIGHT="149"/>
               </TextLine>
               <TextLine ID="eSc_line_4587a451"
                         BASELINE="736 1248 1213 1238 1839 1261"
                         HPOS="730"
                         VPOS="1169"
                         WIDTH="1109"
                         HEIGHT="149"
                         TAGREFS="LT118">
                  <Shape>
                     <Polygon POINTS="736 1248 730 1184 1184 1169 1188 1169 1191 1169 1229 1184 1238 1188 1245 1184 1277 1172 1280 1172 1283 1172 1286 1172 1315 1184 1321 1188 1356 1184 1445 1175 1448 1175 1451 1175 1473 1184 1496 1194 1832 1188 1839 1261 1836 1270 1759 1273 1680 1318 1677 1318 1674 1318 1470 1315 1467 1315 1464 1315 1464 1311 1432 1280 1404 1251 1223 1270 1219 1270 1216 1270 1172 1251 1099 1270 1095 1270 1092 1270 876 1254 736 1296"/>
                  </Shape>
                  <String CONTENT="Quil avoit receu du poulsat"
                          HPOS="730"
                          VPOS="1169"
                          WIDTH="1109"
                          HEIGHT="149"/>
               </TextLine>
               <TextLine ID="eSc_line_5ebabb7a"
                         BASELINE="733 1340 1413 1340 2439 1369"
                         HPOS="730"
                         VPOS="1254"
                         WIDTH="1709"
                         HEIGHT="165"
                         TAGREFS="LT118">
                  <Shape>
                     <Polygon POINTS="733 1340 730 1267 1213 1254 1216 1254 1219 1254 1257 1273 1426 1254 1429 1254 1432 1254 1435 1254 1470 1280 1480 1280 1626 1261 1629 1261 1632 1261 1635 1261 1670 1283 1674 1283 1788 1264 1791 1264 1794 1264 1871 1286 1874 1286 1883 1286 2280 1270 2284 1270 2436 1299 2439 1369 2436 1416 2287 1419 2284 1419 2280 1419 2277 1419 2271 1413 2223 1385 2007 1407 1950 1413 1947 1413 1886 1410 1883 1410 1880 1410 1880 1407 1877 1407 1848 1378 1782 1404 1769 1407 1766 1407 1763 1407 1737 1404 1607 1369 1413 1369 1372 1394 1365 1400 1362 1400 1359 1400 1356 1400 1315 1394 1210 1369 1181 1391 1178 1391 1175 1391 1172 1391 1169 1391 1162 1388 1124 1369 994 1375 991 1375 987 1375 953 1359 892 1359 870 1378 870 1381 867 1381 864 1381 860 1381 857 1381 806 1359 733 1378"/>
                  </Shape>
                  <String CONTENT="Et en avoit jectes sur les 2 chevaulx et la vache"
                          HPOS="730"
                          VPOS="1254"
                          WIDTH="1709"
                          HEIGHT="165"/>
               </TextLine>
               <TextLine ID="eSc_line_d7feb13e"
                         BASELINE="746 1423 1003 1410"
                         HPOS="736"
                         VPOS="1346"
                         WIDTH="267"
                         HEIGHT="115"
                         TAGREFS="LT118">
                  <Shape>
                     <Polygon POINTS="746 1423 736 1359 994 1346 1003 1410 1000 1435 876 1432 746 1461"/>
                  </Shape>
                  <String CONTENT="predits"
                          HPOS="736"
                          VPOS="1346"
                          WIDTH="267"
                          HEIGHT="115"/>
               </TextLine>
               <TextLine ID="eSc_line_7fcc6981"
                         BASELINE="746 1527 1763 1515 2534 1534"
                         HPOS="736"
                         VPOS="1429"
                         WIDTH="1798"
                         HEIGHT="130"
                         TAGREFS="LT118">
                  <Shape>
                     <Polygon POINTS="746 1527 743 1454 914 1454 918 1451 994 1429 997 1429 1000 1429 1232 1435 1235 1435 1238 1435 1257 1451 1289 1429 1292 1429 1296 1429 1299 1429 1302 1429 1362 1445 1397 1429 1400 1429 1404 1429 1407 1429 1448 1451 1451 1454 1740 1454 1747 1448 1772 1429 1775 1429 1778 1429 1782 1429 1909 1448 1931 1451 1944 1448 2014 1429 2017 1429 2020 1429 2207 1429 2210 1429 2214 1429 2236 1448 2242 1451 2261 1448 2363 1429 2366 1429 2531 1448 2534 1534 2531 1543 2214 1559 2210 1559 2207 1559 2147 1543 2096 1531 2020 1543 1918 1559 1915 1559 1912 1559 1880 1543 1871 1537 1832 1543 1775 1550 1772 1550 1769 1550 1766 1550 1756 1543 1734 1531 1559 1531 1537 1540 1515 1556 1512 1556 1508 1556 1505 1556 1502 1556 1499 1556 1477 1540 1458 1531 1219 1531 1181 1540 1115 1556 1111 1556 1108 1556 1105 1556 1073 1540 1061 1531 908 1531 876 1537 803 1559 800 1559 797 1559 794 1559 736 1537"/>
                  </Shape>
                  <String CONTENT="Quelle sestoit treuve au Sabath Sur les planches"
                          HPOS="736"
                          VPOS="1429"
                          WIDTH="1798"
                          HEIGHT="130"/>
               </TextLine>
               <TextLine ID="eSc_line_e894b302"
                         BASELINE="771 1607 2147 1597"
                         HPOS="765"
                         VPOS="1518"
                         WIDTH="1382"
                         HEIGHT="127"
                         TAGREFS="LT118">
                  <Shape>
                     <Polygon POINTS="771 1607 765 1553 905 1550 933 1524 937 1524 940 1524 943 1524 1032 1540 1149 1524 1153 1524 1156 1524 1197 1540 1210 1547 1238 1540 1327 1521 1331 1521 1334 1521 1337 1521 1359 1537 1365 1543 1372 1537 1404 1521 1407 1521 1410 1521 1505 1534 1512 1534 1524 1534 1753 1518 1756 1518 1759 1518 1763 1518 1775 1527 1798 1543 2087 1543 2134 1521 2147 1597 2141 1626 1991 1613 1842 1632 1801 1635 1798 1635 1778 1632 1689 1613 1588 1635 1566 1639 1562 1639 1559 1639 1556 1639 1553 1635 1524 1616 1439 1635 1435 1635 1432 1635 1381 1616 1229 1616 1105 1642 1099 1642 1095 1642 1092 1642 1089 1642 1064 1626 771 1645"/>
                  </Shape>
                  <String CONTENT="Gribolai vers le fahir de dele O"
                          HPOS="765"
                          VPOS="1518"
                          WIDTH="1382"
                          HEIGHT="127"/>
               </TextLine>
               <TextLine ID="eSc_line_e597a0d9"
                         BASELINE="752 1718 1734 1702 2557 1721"
                         HPOS="746"
                         VPOS="1616"
                         WIDTH="1811"
                         HEIGHT="153"
                         TAGREFS="LT118">
                  <Shape>
                     <Polygon POINTS="752 1718 749 1645 797 1645 803 1642 829 1623 832 1623 835 1623 838 1623 841 1623 899 1642 914 1648 924 1642 946 1620 946 1616 949 1616 953 1616 956 1616 1175 1616 1178 1616 1181 1616 1210 1639 1235 1655 1302 1655 1337 1635 1353 1629 1356 1629 1359 1629 1362 1629 1388 1635 1413 1642 1423 1635 1451 1616 1454 1616 1458 1616 1461 1616 1566 1616 1569 1616 1626 1632 1674 1645 1696 1632 1721 1616 1724 1616 1728 1616 1731 1616 1886 1616 1890 1616 1893 1616 1912 1629 1950 1655 2506 1655 2544 1620 2557 1721 2554 1724 2468 1734 2426 1766 2423 1766 2420 1766 2420 1769 2315 1769 2312 1766 2309 1766 2220 1728 2217 1728 2122 1728 2118 1728 2080 1763 2080 1766 2077 1766 2074 1766 2074 1769 1845 1769 1842 1766 1839 1766 1836 1766 1788 1737 1613 1766 1610 1766 1607 1766 1534 1734 1521 1728 1327 1731 1321 1734 1273 1766 1270 1766 1267 1766 1264 1766 1261 1766 1194 1734 1188 1734 1184 1737 1127 1756 1124 1756 1121 1756 1038 1737 997 1728 940 1737 864 1750 860 1750 746 1737"/>
                  </Shape>
                  <String CONTENT="Quilec Il y en avoit plusieurs questoient masquees"
                          HPOS="746"
                          VPOS="1616"
                          WIDTH="1811"
                          HEIGHT="153"/>
               </TextLine>
               <TextLine ID="eSc_line_75b904c4"
                         BASELINE="749 1829 1365 1813 2449 1829"
                         HPOS="740"
                         VPOS="1731"
                         WIDTH="1709"
                         HEIGHT="140"
                         TAGREFS="LT118">
                  <Shape>
                     <Polygon POINTS="749 1829 740 1759 803 1734 806 1734 810 1734 908 1756 911 1756 914 1756 997 1731 1000 1731 1003 1731 1007 1731 1064 1753 1070 1756 1083 1753 1159 1740 1162 1740 1165 1740 1210 1753 1235 1759 1254 1753 1280 1740 1283 1740 1286 1740 1289 1740 1324 1750 1350 1759 1378 1750 1429 1734 1432 1734 1435 1734 1604 1734 1607 1734 1610 1734 1629 1747 1648 1759 1753 1747 1829 1737 1832 1737 1836 1737 1839 1737 1845 1743 1871 1766 2080 1766 2147 1740 2160 1737 2163 1737 2166 1737 2169 1737 2179 1740 2226 1763 2388 1763 2439 1737 2449 1829 2442 1871 2188 1848 2169 1864 2169 1867 2166 1867 2163 1867 2160 1867 2156 1867 2115 1855 1966 1867 1928 1871 1925 1871 1921 1871 1912 1867 1826 1839 1639 1864 1616 1867 1613 1867 1610 1867 1604 1864 1527 1836 1426 1836 1365 1864 1356 1867 1353 1867 1350 1867 1346 1867 1337 1864 1283 1836 806 1836 749 1858"/>
                  </Shape>
                  <String CONTENT="Quilec elle cougnut la voirade femme de"
                          HPOS="740"
                          VPOS="1731"
                          WIDTH="1709"
                          HEIGHT="140"/>
               </TextLine>
               <TextLine ID="eSc_line_d3578a34"
                         BASELINE="762 1906 1937 1893"
                         HPOS="756"
                         VPOS="1813"
                         WIDTH="1181"
                         HEIGHT="147"
                         TAGREFS="LT118">
                  <Shape>
                     <Polygon POINTS="762 1906 756 1832 1016 1829 1019 1829 1022 1829 1026 1829 1029 1832 1051 1848 1194 1848 1210 1836 1223 1823 1226 1823 1229 1823 1232 1823 1235 1823 1238 1823 1238 1826 1248 1836 1257 1842 1270 1836 1283 1826 1286 1826 1289 1826 1292 1826 1296 1826 1318 1836 1340 1845 1359 1836 1400 1817 1404 1817 1407 1817 1534 1817 1537 1817 1616 1839 1632 1842 1645 1839 1683 1823 1686 1823 1689 1823 1693 1823 1756 1839 1759 1839 1788 1813 1791 1813 1794 1813 1798 1813 1801 1813 1804 1813 1836 1839 1836 1842 1931 1842 1937 1893 1937 1906 1766 1937 1763 1937 1759 1937 1756 1937 1737 1918 1709 1937 1705 1937 1702 1937 1699 1937 1696 1937 1693 1937 1670 1918 1664 1915 1461 1915 1375 1925 1369 1931 1350 1950 1350 1953 1346 1953 1343 1953 1343 1956 1188 1956 1184 1953 1181 1953 1156 1940 1115 1918 991 1947 975 1950 972 1950 968 1950 965 1950 924 1921 860 1953 854 1956 851 1956 851 1960 762 1960"/>
                  </Shape>
                  <String CONTENT="Pierrat fongaibe de dele."
                          HPOS="756"
                          VPOS="1813"
                          WIDTH="1181"
                          HEIGHT="147"/>
               </TextLine>
               <TextLine ID="eSc_line_6e93eb66"
                         BASELINE="1124 2068 1944 2068"
                         HPOS="1124"
                         VPOS="1985"
                         WIDTH="820"
                         HEIGHT="117"
                         TAGREFS="LT118">
                  <Shape>
                     <Polygon POINTS="1124 2068 1124 2020 1226 2020 1226 2017 1299 1985 1302 1985 1305 1985 1404 1985 1407 1985 1410 1985 1410 1988 1439 2010 1473 1985 1477 1985 1480 1985 1483 1985 1648 2014 1689 1988 1693 1988 1696 1988 1699 1988 1702 1988 1756 2017 1759 2017 1763 2017 1813 1998 1817 1998 1820 1998 1823 1998 1826 1998 1855 2017 1861 2017 1940 2017 1944 2068 1944 2093 1442 2102 1439 2102 1400 2099 1213 2087 1124 2102"/>
                  </Shape>
                  <String CONTENT="Le 25 dudit mois 1610"
                          HPOS="1124"
                          VPOS="1985"
                          WIDTH="820"
                          HEIGHT="117"/>
               </TextLine>
               <TextLine ID="eSc_line_1ee75c1b"
                         BASELINE="724 2185 1337 2176 2452 2191"
                         HPOS="721"
                         VPOS="2083"
                         WIDTH="1731"
                         HEIGHT="150"
                         TAGREFS="LT118">
                  <Shape>
                     <Polygon POINTS="724 2185 721 2083 1601 2118 1782 2106 2004 2093 2007 2093 2010 2093 2074 2115 2093 2122 2099 2115 2118 2099 2118 2096 2122 2096 2125 2096 2128 2096 2204 2096 2207 2096 2210 2096 2245 2118 2255 2125 2449 2125 2452 2191 2449 2233 2163 2233 2160 2230 2156 2230 2153 2230 2153 2226 2128 2210 2090 2226 2083 2230 2080 2230 2077 2230 2074 2230 2064 2226 1979 2201 1871 2223 1858 2226 1855 2226 1852 2226 1842 2223 1769 2201 1709 2223 1696 2226 1693 2226 1689 2226 1556 2223 1553 2223 1550 2223 1547 2220 1508 2198 1359 2217 1356 2217 1149 2195 1070 2214 1067 2214 1064 2214 1061 2214 1057 2214 1022 2195 930 2195 914 2214 908 2217 908 2220 905 2220 902 2220 899 2220 895 2220 870 2214 797 2195 721 2210"/>
                  </Shape>
                  <String CONTENT="Ladite Alix librement ayant nye les faictz predits"
                          HPOS="721"
                          VPOS="2083"
                          WIDTH="1731"
                          HEIGHT="150"/>
               </TextLine>
               <TextLine ID="eSc_line_cd54ce89"
                         BASELINE="752 2255 2452 2274"
                         HPOS="746"
                         VPOS="2182"
                         WIDTH="1706"
                         HEIGHT="127"
                         TAGREFS="LT118">
                  <Shape>
                     <Polygon POINTS="752 2255 746 2204 803 2182 806 2182 810 2182 1035 2204 1092 2191 1095 2191 1099 2191 1102 2191 1105 2191 1105 2195 1121 2207 1121 2210 1210 2210 1210 2207 1254 2185 1257 2185 1261 2185 1264 2185 1346 2204 1512 2188 1515 2188 1518 2188 1521 2188 1521 2191 1543 2210 1543 2214 1623 2214 1629 2214 1699 2191 1702 2191 1705 2191 1709 2191 1788 2210 1880 2191 1883 2191 1985 2210 2106 2195 2109 2195 2112 2195 2115 2195 2115 2198 2141 2217 2141 2220 2449 2223 2452 2274 2452 2280 2385 2309 2382 2309 2379 2309 2258 2287 2230 2309 2226 2309 2223 2309 2220 2309 2029 2306 2026 2306 2023 2306 2023 2303 2004 2287 1956 2303 1953 2303 1950 2303 1947 2303 1899 2284 1874 2274 1845 2284 1810 2299 1807 2299 1804 2299 1801 2299 1756 2284 1750 2284 1743 2287 1702 2303 1699 2303 1696 2303 1572 2287 1454 2271 1346 2271 1318 2287 1308 2296 1305 2296 1302 2296 1299 2296 1296 2296 1267 2287 1200 2268 841 2268 752 2290"/>
                  </Shape>
                  <String CONTENT="et declaire quelle se faisoit tord ainsy que lon"
                          HPOS="746"
                          VPOS="2182"
                          WIDTH="1706"
                          HEIGHT="127"/>
               </TextLine>
               <TextLine ID="eSc_line_22ddaf0a"
                         BASELINE="746 2338 2557 2372"
                         HPOS="740"
                         VPOS="2264"
                         WIDTH="1817"
                         HEIGHT="131"
                         TAGREFS="LT118">
                  <Shape>
                     <Polygon POINTS="746 2338 746 2264 835 2284 933 2268 953 2264 956 2264 959 2264 962 2264 962 2268 987 2287 1057 2268 1061 2268 1064 2268 1067 2268 1070 2268 1073 2268 1102 2290 1223 2271 1248 2268 1251 2268 1254 2268 1257 2268 1261 2271 1292 2293 1350 2274 1353 2274 1356 2274 1359 2274 1429 2299 1553 2299 1572 2280 1572 2277 1575 2277 1578 2277 1581 2277 1588 2277 1718 2293 1743 2280 1743 2277 1747 2277 1750 2277 1753 2277 1823 2280 1906 2287 1909 2287 1912 2287 1912 2290 1931 2306 2033 2290 2036 2290 2039 2290 2083 2309 2554 2293 2557 2372 2550 2395 2061 2372 1982 2382 1918 2388 1915 2388 1912 2388 1880 2379 1848 2369 1813 2376 1769 2385 1766 2385 1763 2385 1737 2376 1715 2366 1655 2372 1572 2382 1569 2382 1464 2366 1404 2360 1375 2366 1324 2376 1321 2376 1143 2360 1073 2353 1041 2357 949 2369 946 2369 740 2347"/>
                  </Shape>
                  <String CONTENT="la conduisoit en prison au lieu ou au paravant"
                          HPOS="740"
                          VPOS="2264"
                          WIDTH="1817"
                          HEIGHT="131"/>
               </TextLine>
               <TextLine ID="eSc_line_0f350e4a"
                         BASELINE="752 2426 1235 2423 2395 2449"
                         HPOS="746"
                         VPOS="2347"
                         WIDTH="1649"
                         HEIGHT="127"
                         TAGREFS="LT118">
                  <Shape>
                     <Polygon POINTS="752 2426 746 2366 864 2347 867 2347 870 2347 946 2366 962 2369 987 2366 1095 2353 1099 2353 1191 2369 1219 2372 1280 2369 1493 2357 1496 2357 1499 2357 1502 2357 1521 2372 1524 2376 1537 2372 1585 2360 1588 2360 1591 2360 1594 2360 1648 2372 1686 2382 1737 2376 1807 2363 1810 2363 1937 2376 2052 2388 2099 2379 2134 2369 2137 2369 2141 2369 2245 2372 2249 2372 2252 2372 2258 2379 2274 2392 2388 2382 2395 2449 2392 2474 2042 2474 2039 2471 2036 2471 2033 2471 2029 2468 2010 2455 1982 2468 1972 2471 1969 2471 1966 2471 1906 2465 1788 2455 1718 2465 1680 2468 1677 2468 1674 2468 1670 2468 1670 2465 1667 2461 1651 2449 1613 2461 1604 2465 1601 2465 1597 2465 1566 2461 1451 2446 1359 2458 1334 2461 1331 2461 1327 2461 1324 2461 1324 2458 1321 2458 1308 2439 1076 2439 1045 2455 1041 2455 1038 2455 1035 2455 1032 2455 1026 2455 956 2436 749 2449"/>
                  </Shape>
                  <String CONTENT="elle avoit este Icelle dit que lon la debvoit"
                          HPOS="746"
                          VPOS="2347"
                          WIDTH="1649"
                          HEIGHT="127"/>
               </TextLine>
               <TextLine ID="eSc_line_fddf96e3"
                         BASELINE="749 2509 1464 2503 2576 2541"
                         HPOS="746"
                         VPOS="2423"
                         WIDTH="1830"
                         HEIGHT="156"
                         TAGREFS="LT118">
                  <Shape>
                     <Polygon POINTS="749 2509 746 2446 987 2446 1130 2423 1134 2423 1137 2423 1181 2446 1242 2426 1245 2426 1248 2426 1251 2426 1254 2426 1283 2449 1356 2430 1359 2430 1362 2430 1365 2430 1442 2452 1461 2433 1464 2433 1467 2433 1470 2433 1550 2433 1553 2433 1556 2433 1585 2458 1667 2436 1670 2436 1674 2436 1677 2436 1680 2436 1728 2465 1740 2465 2010 2442 2014 2442 2017 2442 2102 2471 2102 2474 2233 2474 2261 2474 2290 2452 2293 2452 2296 2452 2299 2452 2395 2452 2576 2484 2576 2541 2563 2573 2534 2554 2515 2573 2509 2576 2509 2579 2506 2579 2503 2579 2500 2579 2357 2576 2353 2576 2350 2576 2341 2569 2303 2544 2131 2538 2048 2538 2004 2563 1998 2569 1994 2569 1991 2569 1988 2569 1934 2563 1801 2541 1724 2560 1699 2563 1696 2563 1667 2557 1531 2525 1432 2554 1419 2557 1416 2557 1413 2557 1410 2557 1404 2554 1343 2522 1130 2531 1127 2531 1124 2531 1121 2531 1092 2515 1045 2515 1010 2544 1010 2547 1007 2547 1003 2547 1000 2547 997 2547 991 2547 902 2519 746 2541"/>
                  </Shape>
                  <String CONTENT="remener vers les sieurs officiers quelle se vouloit descharger"
                          HPOS="746"
                          VPOS="2423"
                          WIDTH="1830"
                          HEIGHT="156"/>
               </TextLine>
               <TextLine ID="eSc_line_43df8a03"
                         BASELINE="733 2601 1585 2598 2176 2617 2411 2639"
                         HPOS="724"
                         VPOS="2522"
                         WIDTH="1687"
                         HEIGHT="130"
                         TAGREFS="LT118">
                  <Shape>
                     <Polygon POINTS="733 2601 724 2541 765 2522 768 2522 771 2522 775 2522 829 2538 1102 2525 1105 2525 1238 2547 1245 2547 1248 2547 1365 2528 1369 2528 1372 2528 1448 2550 1489 2531 1493 2531 1496 2531 1499 2531 1502 2531 1531 2550 1623 2531 1626 2531 1629 2531 1674 2554 1677 2554 1759 2538 1763 2538 2014 2557 2055 2538 2058 2538 2061 2538 2064 2538 2147 2560 2150 2560 2226 2544 2230 2544 2233 2544 2236 2544 2255 2563 2411 2566 2411 2639 2404 2652 2169 2630 1998 2649 1985 2649 1982 2649 1979 2649 1975 2649 1890 2623 1845 2646 1842 2646 1842 2649 1693 2649 1689 2646 1686 2646 1683 2646 1626 2620 1518 2642 1515 2642 1512 2642 1508 2642 1365 2617 1200 2639 1194 2639 1191 2639 1188 2639 1108 2614 730 2633"/>
                  </Shape>
                  <String CONTENT="Et estant enmy la court du chasteau icelle dit"
                          HPOS="724"
                          VPOS="2522"
                          WIDTH="1687"
                          HEIGHT="130"/>
               </TextLine>
               <TextLine ID="eSc_line_599e4759"
                         BASELINE="746 2677 1553 2674 2496 2712"
                         HPOS="743"
                         VPOS="2595"
                         WIDTH="1757"
                         HEIGHT="152"
                         TAGREFS="LT118">
                  <Shape>
                     <Polygon POINTS="746 2677 743 2620 841 2620 876 2595 879 2595 883 2595 886 2595 1032 2623 1035 2623 1165 2601 1169 2601 1286 2627 1318 2608 1321 2608 1324 2608 1327 2608 1473 2608 1667 2614 1670 2614 1766 2639 1769 2639 1785 2639 2087 2627 2090 2627 2093 2627 2134 2646 2442 2633 2446 2633 2449 2633 2500 2655 2496 2712 2493 2744 2401 2747 2398 2747 2395 2747 2392 2747 2392 2744 2388 2744 2376 2731 2363 2744 2360 2747 2357 2747 2353 2747 2350 2747 2315 2741 2249 2731 2147 2741 2115 2741 2112 2741 2109 2741 2102 2738 2033 2709 1950 2725 1947 2725 1696 2703 1645 2719 1642 2719 1639 2719 1318 2693 743 2712"/>
                  </Shape>
                  <String CONTENT="que vroyement elle avoit commis et perpertres"
                          HPOS="743"
                          VPOS="2595"
                          WIDTH="1757"
                          HEIGHT="152"/>
               </TextLine>
               <TextLine ID="eSc_line_635fa576"
                         BASELINE="746 2766 1388 2760 2554 2804"
                         HPOS="740"
                         VPOS="2681"
                         WIDTH="1814"
                         HEIGHT="155"
                         TAGREFS="LT118">
                  <Shape>
                     <Polygon POINTS="746 2766 740 2693 1375 2681 1378 2681 1381 2681 1461 2700 1483 2684 1486 2684 1489 2684 1493 2684 1664 2690 1782 2712 1798 2716 1820 2716 1915 2706 1918 2706 1921 2706 1950 2719 1972 2725 1994 2719 2052 2700 2055 2700 2058 2700 2061 2700 2109 2722 2128 2731 2554 2731 2554 2804 2544 2836 2471 2814 2452 2830 2449 2830 2446 2830 2446 2833 2325 2833 2201 2833 2198 2830 2195 2830 2191 2830 2191 2827 2156 2801 2048 2801 1785 2817 1766 2817 1763 2817 1753 2817 1610 2789 1537 2811 1534 2811 1531 2811 1527 2811 1385 2808 1381 2808 1378 2808 1378 2804 1350 2782 1267 2795 1264 2795 1140 2776 1064 2798 1061 2798 1057 2798 1054 2798 1051 2798 962 2773 743 2789"/>
                  </Shape>
                  <String CONTENT="les actes et crimes par elle confessee Criant a dieu"
                          HPOS="740"
                          VPOS="2681"
                          WIDTH="1814"
                          HEIGHT="155"/>
               </TextLine>
               <TextLine ID="eSc_line_56934ce3"
                         BASELINE="740 2846 1547 2846 2531 2874"
                         HPOS="736"
                         VPOS="2766"
                         WIDTH="1795"
                         HEIGHT="134"
                         TAGREFS="LT118">
                  <Shape>
                     <Polygon POINTS="740 2846 740 2779 1000 2785 1013 2782 1061 2770 1064 2770 1067 2770 1070 2770 1111 2785 1118 2785 1127 2785 1248 2766 1251 2766 1400 2792 1435 2795 1467 2792 1613 2773 1616 2773 1756 2798 1769 2798 1798 2798 2160 2782 2163 2782 2166 2782 2169 2782 2198 2804 2201 2808 2217 2808 2341 2792 2344 2792 2528 2814 2531 2874 2525 2900 2156 2874 2010 2893 1998 2893 1994 2893 1991 2893 1988 2893 1921 2871 1839 2890 1832 2890 1829 2890 1817 2890 1613 2865 1350 2881 1346 2881 1064 2862 736 2871"/>
                  </Shape>
                  <String CONTENT="merci et a monseigneur le priant de lui vouloir faire"
                          HPOS="736"
                          VPOS="2766"
                          WIDTH="1795"
                          HEIGHT="134"/>
               </TextLine>
               <TextLine ID="eSc_line_73e6743e"
                         BASELINE="733 2922 2404 2954"
                         HPOS="730"
                         VPOS="2859"
                         WIDTH="1674"
                         HEIGHT="133"
                         TAGREFS="LT118">
                  <Shape>
                     <Polygon POINTS="733 2922 730 2868 1130 2859 1134 2859 1245 2874 1267 2878 1280 2874 1340 2859 1343 2859 1346 2859 1350 2859 1353 2859 1372 2874 1391 2862 1394 2862 1397 2862 1400 2862 1632 2881 1670 2884 1674 2884 1699 2865 1702 2865 1705 2865 1709 2865 1864 2868 1867 2868 1902 2887 1912 2890 1944 2887 2064 2871 2068 2871 2404 2897 2404 2954 2401 2986 2087 2992 2083 2992 2080 2992 2077 2992 2061 2979 2039 2963 1966 2963 1953 2976 1940 2986 1940 2989 1937 2989 1934 2989 1931 2989 1845 2973 1820 2970 1813 2973 1788 2986 1785 2986 1782 2986 1778 2986 1750 2970 1721 2957 1607 2957 1581 2967 1553 2979 1550 2979 1547 2979 1543 2979 1540 2979 1521 2967 1515 2960 1502 2967 1470 2976 1467 2976 1464 2976 1461 2976 1419 2963 1397 2957 1356 2960 1235 2976 1232 2976 1229 2976 1188 2957 1165 2947 1137 2957 1076 2973 1073 2973 1070 2973 1067 2973 1029 2954 1010 2944 730 2944"/>
                  </Shape>
                  <String CONTENT="grace Et estoient presents messieurs Balthasar"
                          HPOS="730"
                          VPOS="2859"
                          WIDTH="1674"
                          HEIGHT="133"/>
               </TextLine>
               <TextLine ID="eSc_line_af7ee7e6"
                         BASELINE="702 3008 1705 3001"
                         HPOS="695"
                         VPOS="2922"
                         WIDTH="1017"
                         HEIGHT="124"
                         TAGREFS="LT118">
                  <Shape>
                     <Polygon POINTS="702 3008 695 2925 1026 2957 1095 2957 1127 2928 1130 2925 1134 2925 1137 2925 1140 2925 1143 2925 1153 2928 1210 2951 1388 2932 1391 2932 1394 2932 1397 2932 1400 2932 1432 2954 1572 2954 1597 2932 1607 2922 1610 2922 1613 2922 1616 2922 1699 2935 1705 3001 1712 3017 1689 3040 1689 3043 1686 3043 1683 3043 1680 3043 1413 3024 1334 3017 1280 3024 1210 3033 1207 3033 1108 3027 1026 3021 997 3027 937 3046 933 3046 930 3046 927 3046 873 3030 851 3024 702 3030"/>
                  </Shape>
                  <String CONTENT="Reitner, Marrel et je."
                          HPOS="695"
                          VPOS="2922"
                          WIDTH="1017"
                          HEIGHT="124"/>
               </TextLine>
               <TextLine ID="eSc_line_c6672ea6"
                         BASELINE="1216 3135 1883 3125"
                         HPOS="1213"
                         VPOS="3049"
                         WIDTH="670"
                         HEIGHT="127"
                         TAGREFS="LT118">
                  <Shape>
                     <Polygon POINTS="1216 3135 1213 3049 1877 3052 1883 3125 1880 3141 1658 3170 1655 3170 1578 3157 1508 3148 1464 3163 1448 3170 1445 3170 1442 3170 1410 3167 1289 3151 1219 3176"/>
                  </Shape>
                  <String CONTENT="Le 26. dudit mois"
                          HPOS="1213"
                          VPOS="3049"
                          WIDTH="670"
                          HEIGHT="127"/>
               </TextLine>
               <TextLine ID="eSc_line_6485a676"
                         BASELINE="743 3214 2442 3230"
                         HPOS="736"
                         VPOS="3125"
                         WIDTH="1710"
                         HEIGHT="134"
                         TAGREFS="LT118">
                  <Shape>
                     <Polygon POINTS="743 3214 743 3125 1022 3135 1026 3135 1086 3167 1232 3167 1257 3144 1257 3141 1261 3141 1264 3141 1267 3141 1432 3160 1493 3148 1534 3138 1537 3138 1540 3138 1575 3148 1626 3167 1661 3151 1670 3148 1674 3148 1677 3148 1680 3148 1702 3154 1766 3173 1921 3173 1944 3160 1991 3138 1994 3138 1998 3138 2001 3138 2077 3163 2087 3170 2179 3170 2179 3167 2239 3141 2242 3141 2245 3141 2372 3148 2376 3148 2446 3176 2442 3230 2436 3259 2344 3243 1998 3252 1867 3256 1864 3256 1823 3249 1756 3240 1689 3246 1642 3252 1639 3252 1635 3252 1632 3252 1632 3249 1629 3246 1616 3237 1521 3246 1426 3252 1423 3252 1419 3252 1416 3252 1400 3243 1385 3233 1251 3240 1086 3249 1083 3249 1080 3249 1045 3237 1022 3230 1003 3237 972 3246 968 3246 965 3246 736 3230"/>
                  </Shape>
                  <String CONTENT="Ladite Alix estant derechieff examinee le matin dudit"
                          HPOS="736"
                          VPOS="3125"
                          WIDTH="1710"
                          HEIGHT="134"/>
               </TextLine>
               <TextLine ID="eSc_line_4376c04e"
                         BASELINE="733 3306 2423 3291"
                         HPOS="727"
                         VPOS="3214"
                         WIDTH="1696"
                         HEIGHT="146"
                         TAGREFS="LT118">
                  <Shape>
                     <Polygon POINTS="733 3306 727 3243 1375 3224 1378 3224 1381 3224 1385 3224 1385 3227 1391 3230 1404 3246 1461 3246 1489 3230 1505 3221 1508 3221 1512 3221 1613 3221 1616 3221 1620 3221 1620 3224 1626 3227 1645 3246 1737 3246 1772 3224 1788 3217 1791 3217 1794 3217 1867 3224 2048 3240 2156 3224 2160 3224 2163 3224 2214 3237 2249 3217 2255 3214 2258 3214 2261 3214 2287 3217 2385 3230 2407 3214 2423 3291 2423 3310 2214 3332 2210 3332 2118 3316 2014 3357 2010 3357 2010 3360 1534 3360 1531 3357 1527 3357 1524 3357 1477 3322 1467 3316 1445 3325 1375 3351 1372 3351 1369 3351 1365 3351 1283 3325 1254 3319 1080 3319 1057 3329 1010 3354 1007 3354 1003 3354 1000 3354 918 3332 883 3322 733 3332"/>
                  </Shape>
                  <String CONTENT="jour Icelle dit quelle se faisoit grand tord"
                          HPOS="727"
                          VPOS="3214"
                          WIDTH="1696"
                          HEIGHT="146"/>
               </TextLine>
            </TextBlock>
            <TextBlock HPOS="165"
                       VPOS="1771"
                       WIDTH="383"
                       HEIGHT="156"
                       ID="eSc_textblock_ecc8f9d9"
                       TAGREFS="BT368">
               <Shape>
                  <Polygon POINTS="165 1771 165 1927 548 1927 548 1771"/>
               </Shape>
               <TextLine ID="eSc_line_a6291af3"
                         BASELINE="174 1877 565 1864"
                         HPOS="168"
                         VPOS="1785"
                         WIDTH="397"
                         HEIGHT="136"
                         TAGREFS="LT118">
                  <Shape>
                     <Polygon POINTS="174 1877 168 1791 330 1804 555 1785 565 1864 565 1909 174 1921"/>
                  </Shape>
                  <String CONTENT="La deculpe"
                          HPOS="168"
                          VPOS="1785"
                          WIDTH="397"
                          HEIGHT="136"/>
               </TextLine>
            </TextBlock>
            <TextBlock HPOS="2452"
                       VPOS="3545"
                       WIDTH="35"
                       HEIGHT="47"
                       ID="eSc_textblock_5ac218d4"
                       TAGREFS="BT371">
               <Shape>
                  <Polygon POINTS="2487 3545 2487 3592 2452 3592 2452 3545"/>
               </Shape>
               <TextLine ID="eSc_line_0c7a84b6"
                         BASELINE="2457 3583 2488 3585"
                         HPOS="2449"
                         VPOS="3532"
                         WIDTH="38"
                         HEIGHT="92"
                         TAGREFS="LT118">
                  <Shape>
                     <Polygon POINTS="2455 3580 2455 3532 2487 3532 2487 3583 2477 3624 2449 3618"/>
                  </Shape>
                  <String CONTENT="3" HPOS="2449" VPOS="3532" WIDTH="38" HEIGHT="92"/>
               </TextLine>
            </TextBlock>
         </PrintSpace>
      </Page>
   </Layout>
</alto>
