<alto xmlns:xsi="http://www.w3.org/2001/XMLSchema-instance"
      xmlns="http://www.loc.gov/standards/alto/ns-v4#"
      xsi:schemaLocation="http://www.loc.gov/standards/alto/ns-v4# http://www.loc.gov/standards/alto/v4/alto-4-2.xsd">
   <Description>
      <MeasurementUnit>pixel</MeasurementUnit>
      <sourceImageInformation>
         <fileName>B_168_15-23-4_0004.jpg</fileName>
      </sourceImageInformation>
   </Description>
   <Tags>
      <OtherTag ID="BT365"
                LABEL="MainZone:column"
                DESCRIPTION="block type MainZone:column"/>
      <OtherTag ID="BT367" LABEL="MainZone" DESCRIPTION="block type MainZone"/>
      <OtherTag ID="BT368"
                LABEL="MarginTextZone"
                DESCRIPTION="block type MarginTextZone"/>
      <OtherTag ID="BT369"
                LABEL="MarginTextZone:note"
                DESCRIPTION="block type MarginTextZone:note"/>
      <OtherTag ID="BT370"
                LABEL="NumberingZone:other"
                DESCRIPTION="block type NumberingZone:other"/>
      <OtherTag ID="BT371"
                LABEL="NumberingZone:page"
                DESCRIPTION="block type NumberingZone:page"/>
      <OtherTag ID="BT379"
                LABEL="DecorationZone"
                DESCRIPTION="block type DecorationZone"/>
      <OtherTag ID="BT380"
                LABEL="CustomZone:signature"
                DESCRIPTION="block type CustomZone:signature"/>
      <OtherTag ID="LT118" LABEL="DefaultLine" DESCRIPTION="line type DefaultLine"/>
      <OtherTag ID="LT119" LABEL="HeadingLine" DESCRIPTION="line type HeadingLine"/>
      <OtherTag ID="LT120"
                LABEL="InterlinearLine"
                DESCRIPTION="line type InterlinearLine"/>
   </Tags>
   <Layout>
      <Page WIDTH="2606"
            HEIGHT="3823"
            PHYSICAL_IMG_NR="53"
            ID="eSc_dummypage_">
         <PrintSpace HPOS="0" VPOS="0" WIDTH="2606" HEIGHT="3823">
            <TextBlock HPOS="701"
                       VPOS="101"
                       WIDTH="1828"
                       HEIGHT="1692"
                       ID="eSc_textblock_77482c15"
                       TAGREFS="BT367">
               <Shape>
                  <Polygon POINTS="2376 407 2516 496 2529 1054 2478 1118 2239 1181 2184 1296 2516 1439 2516 1551 2427 1704 2223 1793 2006 1729 765 1768 701 1500 765 140 2366 101 2529 140 2516 302"/>
               </Shape>
               <TextLine ID="eSc_line_1ec16838"
                         BASELINE="762 210 1489 184 2494 194"
                         HPOS="752"
                         VPOS="105"
                         WIDTH="1742"
                         HEIGHT="133"
                         TAGREFS="LT118">
                  <Shape>
                     <Polygon POINTS="762 210 752 146 858 114 861 114 864 114 1023 114 1027 114 1090 140 1237 114 1240 114 1333 130 1352 114 1352 111 1355 111 1358 111 1362 111 1365 111 1457 140 1511 140 1572 140 1572 136 1604 111 1607 111 1610 111 1613 111 1617 111 1620 111 1649 136 1652 140 1840 140 1846 136 1888 108 1891 108 1894 108 1897 108 1901 108 1948 133 1952 133 2111 108 2114 108 2117 108 2169 133 2172 136 2376 136 2379 130 2401 108 2401 105 2405 105 2408 105 2411 105 2414 105 2494 130 2494 194 2494 200 2382 232 2379 232 2376 232 2213 216 2191 232 2188 232 2184 232 2184 235 1961 235 1958 232 1955 232 1952 232 1952 229 1932 210 1923 203 1428 203 1409 219 1393 235 1390 235 1387 235 1384 235 1381 235 1346 219 1317 210 1243 223 1218 226 1215 226 1199 223 1154 213 1113 226 1078 235 1074 235 1071 235 1068 235 1043 226 1001 210 953 226 921 238 918 238 915 238 759 229"/>
                  </Shape>
                  <String CONTENT="et quelle navoit jamais commis ni perpetres les"
                          HPOS="752"
                          VPOS="105"
                          WIDTH="1742"
                          HEIGHT="133"/>
               </TextLine>
               <TextLine ID="eSc_line_38e0f1b6"
                         BASELINE="784 293 1342 270 2500 277"
                         HPOS="778"
                         VPOS="197"
                         WIDTH="1722"
                         HEIGHT="118"
                         TAGREFS="LT118">
                  <Shape>
                     <Polygon POINTS="784 293 778 232 1094 200 1097 200 1282 200 1285 200 1288 200 1288 203 1314 226 1400 200 1403 200 1406 200 1588 216 1677 200 1680 200 1684 200 1773 226 1948 200 1952 200 1955 200 1958 200 1958 203 1980 226 2050 226 2108 197 2111 197 2114 197 2117 197 2121 197 2162 226 2242 226 2274 200 2277 200 2280 200 2283 200 2287 200 2331 226 2497 226 2500 277 2497 293 2114 309 2111 309 2108 309 2105 309 2092 296 2076 286 2022 299 1984 305 1980 305 1923 299 1834 286 1741 299 1658 312 1655 312 1604 302 1556 289 1540 302 1527 312 1524 312 1521 312 1521 315 1397 315 1393 312 1390 312 1387 312 1377 302 1358 289 1330 302 1317 309 1314 309 1310 309 1307 309 1291 302 1256 289 1074 289 1027 305 1004 312 1001 312 998 312 781 305"/>
                  </Shape>
                  <String CONTENT="actes par elle confesses. Surce lui fust donne"
                          HPOS="778"
                          VPOS="197"
                          WIDTH="1722"
                          HEIGHT="118"/>
               </TextLine>
               <TextLine ID="eSc_line_a2685a55"
                         BASELINE="759 372 1467 356 2328 363"
                         HPOS="759"
                         VPOS="277"
                         WIDTH="1569"
                         HEIGHT="140"
                         TAGREFS="LT118">
                  <Shape>
                     <Polygon POINTS="759 372 759 283 819 305 1017 305 1043 286 1049 280 1052 280 1055 280 1058 280 1090 286 1170 302 1199 286 1202 283 1205 283 1208 283 1212 283 1243 286 1304 296 1358 289 1438 277 1441 277 1693 283 1696 283 1700 283 1709 293 1719 299 1735 293 1767 277 1770 277 1773 277 1776 277 1827 293 1853 299 1875 293 1929 277 1932 277 1936 277 2325 299 2328 363 2322 395 1923 379 1827 404 1799 410 1795 410 1792 410 1789 410 1767 404 1722 391 1696 404 1693 404 1690 404 1687 404 1684 404 1649 379 1444 379 1393 410 1390 410 1387 410 1314 414 1310 414 1307 414 1304 414 1301 410 1259 385 1177 414 1170 414 1167 414 1167 417 1001 417 998 414 995 414 950 395 759 417"/>
                  </Shape>
                  <String CONTENT="terme jusques apres disne de soi adviser."
                          HPOS="759"
                          VPOS="277"
                          WIDTH="1569"
                          HEIGHT="140"/>
               </TextLine>
               <TextLine ID="eSc_line_c5b4ddc9"
                         BASELINE="1215 484 2070 458"
                         HPOS="1202"
                         VPOS="382"
                         WIDTH="874"
                         HEIGHT="143"
                         TAGREFS="LT118">
                  <Shape>
                     <Polygon POINTS="1215 484 1202 430 1266 401 1269 401 1272 401 1377 423 1444 391 1448 391 1527 388 1531 388 1534 388 1613 417 1620 417 1623 417 1738 382 1741 382 1744 382 1747 382 1846 407 2060 404 2070 458 2076 477 2050 493 2047 493 2044 493 2041 493 2038 493 1987 481 1964 474 1955 481 1929 496 1926 496 1923 496 1920 496 1917 496 1875 484 1859 477 1850 484 1814 509 1811 509 1808 509 1747 512 1744 512 1741 512 1690 487 1687 487 1610 487 1607 490 1537 519 1534 519 1531 519 1527 519 1448 493 1432 490 1413 496 1310 525 1307 525 1304 525 1301 525 1208 500"/>
                  </Shape>
                  <String CONTENT="Apres disne dudit jour"
                          HPOS="1202"
                          VPOS="382"
                          WIDTH="874"
                          HEIGHT="143"/>
               </TextLine>
               <TextLine ID="eSc_line_c8ad2420"
                         BASELINE="746 602 1413 567 2468 560"
                         HPOS="733"
                         VPOS="477"
                         WIDTH="1735"
                         HEIGHT="141"
                         TAGREFS="LT118">
                  <Shape>
                     <Polygon POINTS="746 602 733 516 787 500 791 500 794 500 797 500 842 512 896 532 925 512 950 496 953 496 956 496 1148 493 1151 493 1154 493 1196 512 1231 525 1263 509 1304 493 1307 493 1310 493 1390 506 1438 487 1441 487 1444 487 1448 487 1489 509 1508 519 1540 509 1566 500 1569 500 1572 500 1617 509 1658 516 1668 506 1690 490 1693 490 1696 490 1700 490 1786 506 1818 512 1830 506 1888 477 1891 477 1894 477 2015 477 2019 477 2022 477 2022 481 2050 503 2054 509 2089 509 2092 503 2124 477 2127 477 2130 477 2133 477 2137 477 2235 503 2242 503 2459 503 2468 560 2465 570 2360 589 2357 589 2130 579 2019 576 2006 583 1987 595 1984 595 1980 595 1977 595 1802 589 1649 583 1604 592 1575 602 1572 602 1569 602 1566 602 1562 602 1556 595 1543 586 1406 586 1320 602 1291 605 1288 605 1285 605 1275 602 1237 589 1129 605 1071 614 1071 618 746 618"/>
                  </Shape>
                  <String CONTENT="Ladite Alix librement au grand poille du chasteau dit"
                          HPOS="733"
                          VPOS="477"
                          WIDTH="1735"
                          HEIGHT="141"/>
               </TextLine>
               <TextLine ID="eSc_line_7ba5c5ef"
                         BASELINE="762 675 1869 633 2494 633"
                         HPOS="755"
                         VPOS="560"
                         WIDTH="1739"
                         HEIGHT="140"
                         TAGREFS="LT118">
                  <Shape>
                     <Polygon POINTS="762 675 755 611 2487 560 2494 633 2491 646 2149 646 2124 659 2111 665 2108 665 2105 665 2102 665 2086 659 2041 646 1984 662 1968 669 1964 669 1961 669 1958 669 1955 669 1952 665 1923 649 1805 649 1779 669 1776 672 1776 675 1773 675 1770 675 1658 678 1655 678 1652 678 1649 678 1645 675 1613 656 1556 675 1553 675 1550 675 1547 675 1483 659 1454 681 1451 681 1448 681 1444 681 1441 681 1438 681 1377 665 1106 665 1043 694 1039 694 1036 694 1033 694 1030 694 1027 694 960 675 931 694 928 694 925 694 762 700"/>
                  </Shape>
                  <String CONTENT="quelle estimoit que entant quelle ne confesseroit"
                          HPOS="755"
                          VPOS="560"
                          WIDTH="1739"
                          HEIGHT="140"/>
               </TextLine>
               <TextLine ID="eSc_line_8355981d"
                         BASELINE="755 751 1457 719 2507 700"
                         HPOS="746"
                         VPOS="624"
                         WIDTH="1761"
                         HEIGHT="153"
                         TAGREFS="LT118">
                  <Shape>
                     <Polygon POINTS="755 751 746 694 832 691 867 662 870 662 873 662 877 662 988 684 1106 656 1110 656 1113 656 1116 656 1119 656 1151 675 1352 649 1355 649 1454 669 1492 649 1495 649 1499 649 1703 665 1709 665 1843 662 2009 659 2063 630 2066 630 2070 630 2149 643 2220 627 2223 627 2226 627 2229 627 2274 649 2373 624 2376 624 2379 624 2500 646 2507 700 2507 713 2417 735 2414 735 2347 719 2315 713 2290 723 2248 739 2245 739 2242 739 2149 726 2086 719 2070 729 2054 745 2050 745 2047 745 2044 745 1974 732 1923 726 1837 726 1821 739 1814 745 1811 745 1808 745 1805 745 1747 742 1594 732 1550 748 1537 755 1534 755 1531 755 1527 755 1515 751 1473 735 1422 755 1403 761 1400 761 1231 767 1228 767 1199 761 1116 745 1017 748 995 770 992 770 992 774 988 774 985 774 755 777"/>
                  </Shape>
                  <String CONTENT="rien quelle eschape seroit renvoye quicte de la"
                          HPOS="746"
                          VPOS="624"
                          WIDTH="1761"
                          HEIGHT="153"/>
               </TextLine>
               <TextLine ID="eSc_line_e956e1d7"
                         BASELINE="765 828 2050 783 2373 755"
                         HPOS="759"
                         VPOS="694"
                         WIDTH="1614"
                         HEIGHT="153"
                         TAGREFS="LT118">
                  <Shape>
                     <Polygon POINTS="765 828 759 774 956 770 969 761 1007 742 1011 742 1014 742 1017 742 1046 758 1058 764 1078 758 1110 745 1113 745 1116 745 1186 751 1259 758 1336 745 1432 726 1435 726 1505 735 1569 745 1588 732 1604 719 1607 719 1610 719 1613 719 1690 726 1783 735 1824 719 1850 710 1853 710 1856 710 1859 710 1878 716 1917 732 2006 732 2089 707 2114 700 2117 700 2121 700 2124 700 2137 704 2188 723 2255 700 2271 694 2274 694 2277 694 2280 694 2290 697 2325 713 2363 694 2373 755 2369 793 765 847"/>
                  </Shape>
                  <String CONTENT="prison Mais quelle sestoit depuis advisee"
                          HPOS="759"
                          VPOS="694"
                          WIDTH="1614"
                          HEIGHT="153"/>
               </TextLine>
               <TextLine ID="eSc_line_82137683"
                         BASELINE="755 904 1400 872 2462 850"
                         HPOS="749"
                         VPOS="774"
                         WIDTH="1713"
                         HEIGHT="156"
                         TAGREFS="LT118">
                  <Shape>
                     <Polygon POINTS="755 904 749 821 966 834 1062 815 1094 809 1097 809 1100 809 1113 815 1145 828 1177 812 1186 809 1189 809 1192 809 1215 812 1256 821 1279 812 1298 802 1301 802 1454 799 1457 799 1460 799 1464 799 1473 809 1489 818 1585 806 1690 793 1693 793 1754 802 1792 809 1939 799 2153 786 2156 786 2159 786 2181 796 2191 799 2210 796 2302 774 2306 774 2456 793 2462 850 2459 876 1317 892 1298 911 1298 914 1295 914 1291 914 1288 914 1285 914 1234 898 1094 920 1087 920 1084 920 1078 920 899 907 873 927 870 927 867 927 755 930"/>
                  </Shape>
                  <String CONTENT="Et confessoit librement avoir commis lesdits"
                          HPOS="749"
                          VPOS="774"
                          WIDTH="1713"
                          HEIGHT="156"/>
               </TextLine>
               <TextLine ID="eSc_line_d44ce92c"
                         BASELINE="765 978 2446 930"
                         HPOS="759"
                         VPOS="860"
                         WIDTH="1687"
                         HEIGHT="146"
                         TAGREFS="LT118">
                  <Shape>
                     <Polygon POINTS="765 978 759 920 902 895 905 895 909 895 960 907 976 892 979 892 982 892 985 892 1183 904 1205 904 1234 901 1444 879 1448 879 1601 888 1639 892 1649 888 1680 872 1684 872 1687 872 1744 885 1760 888 1767 885 1779 872 1779 869 1783 869 1786 869 1789 869 1929 879 1993 882 2095 882 2105 872 2121 860 2124 860 2127 860 2130 860 2133 860 2137 860 2153 872 2162 876 2436 863 2446 930 2446 939 2220 974 2220 978 2127 978 2124 974 2121 974 2076 952 2073 952 2057 955 1881 984 1881 987 1805 987 1802 984 1799 984 1795 984 1795 981 1773 965 1770 958 1760 965 1716 987 1712 987 1709 987 1537 971 1483 968 1473 974 1454 987 1451 987 1448 987 1444 987 1368 978 1339 974 1330 978 1288 1000 1285 1000 1192 1003 1189 1003 1186 1003 1183 1003 1161 984 1151 978 1106 978 1097 987 1081 1003 1081 1006 1078 1006 1074 1006 1071 1006 1068 1006 1017 990 998 984 979 990 950 1003 947 1003 944 1003 940 1003 912 993 893 987 765 997"/>
                  </Shape>
                  <String CONTENT="actes lesquelx actes elle declaira derechieff"
                          HPOS="759"
                          VPOS="860"
                          WIDTH="1687"
                          HEIGHT="146"/>
               </TextLine>
               <TextLine ID="eSc_line_2644a9e2"
                         BASELINE="797 1054 1540 1029 2507 1016"
                         HPOS="794"
                         VPOS="939"
                         WIDTH="1713"
                         HEIGHT="140"
                         TAGREFS="LT118">
                  <Shape>
                     <Polygon POINTS="797 1054 794 974 893 993 976 993 995 971 998 971 998 968 1001 968 1004 968 1007 968 1055 971 1243 987 1282 968 1301 962 1304 962 1416 958 1419 958 1422 958 1444 968 1476 981 1511 968 1547 955 1550 955 1553 955 1827 965 2003 971 2022 965 2066 946 2070 946 2073 946 2076 946 2117 962 2127 968 2140 962 2175 946 2178 946 2181 946 2184 946 2251 962 2264 965 2271 962 2302 939 2306 939 2309 939 2312 939 2500 962 2507 1016 2500 1051 2363 1035 2296 1054 2290 1057 2287 1057 2283 1057 2280 1057 2274 1057 2191 1032 2165 1051 2165 1054 2162 1054 2159 1054 2156 1054 2153 1054 2149 1054 2124 1038 2015 1060 1990 1064 1814 1067 1811 1067 1808 1067 1795 1064 1722 1041 1486 1064 1483 1064 1342 1051 1310 1070 1304 1076 1301 1076 1298 1076 1295 1076 1253 1070 1145 1054 1055 1054 1030 1073 1023 1079 1020 1079 1017 1079 1014 1079 1011 1079 1007 1079 1007 1076 1004 1076 982 1057 797 1076"/>
                  </Shape>
                  <String CONTENT="Lune distinctement Priant quon heust a interce-"
                          HPOS="794"
                          VPOS="939"
                          WIDTH="1713"
                          HEIGHT="140"/>
               </TextLine>
               <TextLine ID="eSc_line_5a91a0f9"
                         BASELINE="743 1137 2433 1086"
                         HPOS="730"
                         VPOS="1016"
                         WIDTH="1703"
                         HEIGHT="153"
                         TAGREFS="LT118">
                  <Shape>
                     <Polygon POINTS="743 1137 730 1083 822 1057 826 1057 829 1057 832 1057 880 1076 893 1083 902 1076 915 1067 918 1067 921 1067 925 1067 928 1067 960 1076 979 1079 1001 1073 1078 1051 1081 1051 1084 1051 1087 1051 1129 1070 1135 1073 1148 1070 1199 1054 1202 1054 1205 1054 1208 1054 1212 1054 1228 1067 1240 1073 1317 1073 1323 1064 1349 1044 1349 1041 1352 1041 1355 1041 1358 1041 1362 1041 1409 1064 1419 1067 1432 1060 1480 1038 1483 1038 1671 1032 1674 1032 1677 1032 1735 1054 1747 1057 1763 1051 1805 1038 1808 1038 1811 1038 1814 1038 1837 1051 1846 1054 1971 1054 1974 1048 1980 1038 1984 1038 1984 1035 1987 1035 1990 1035 1993 1035 2060 1044 2089 1048 2098 1041 2127 1019 2130 1019 2133 1019 2200 1016 2204 1016 2267 1016 2271 1016 2274 1016 2299 1038 2309 1041 2424 1035 2433 1086 2427 1115 2354 1102 2334 1118 2322 1127 2322 1130 2318 1130 2315 1130 2312 1130 2309 1130 2280 1121 2258 1111 2248 1121 2223 1140 2220 1140 2216 1140 2006 1146 2003 1146 1999 1146 1996 1146 1974 1134 1961 1143 1961 1146 1958 1146 1955 1146 1799 1153 1795 1153 1792 1153 1789 1153 1767 1134 1751 1121 1610 1121 1601 1137 1598 1140 1594 1140 1594 1143 1591 1143 1588 1143 1585 1143 1582 1143 1578 1143 1572 1137 1559 1127 1448 1134 1438 1140 1377 1166 1374 1166 1371 1166 1368 1166 1323 1143 1320 1140 1314 1143 1275 1169 1272 1169 1269 1169 1266 1169 1167 1146 1132 1140 1103 1150 1055 1166 1052 1166 1049 1166 1046 1166 1004 1150 985 1143 966 1153 950 1159 947 1159 944 1159 740 1156"/>
                  </Shape>
                  <String CONTENT="der envers son Excellence quon lui heust a"
                          HPOS="730"
                          VPOS="1016"
                          WIDTH="1703"
                          HEIGHT="153"/>
               </TextLine>
               <TextLine ID="eSc_line_b8e388a9"
                         BASELINE="749 1223 1818 1191"
                         HPOS="743"
                         VPOS="1111"
                         WIDTH="1075"
                         HEIGHT="144"
                         TAGREFS="LT118">
                  <Shape>
                     <Polygon POINTS="749 1223 743 1166 873 1137 877 1137 880 1137 937 1153 956 1159 1036 1159 1049 1150 1068 1134 1071 1134 1074 1134 1078 1134 1081 1134 1084 1134 1100 1146 1113 1153 1189 1153 1199 1140 1208 1134 1208 1130 1212 1130 1215 1130 1218 1130 1221 1130 1247 1140 1275 1150 1291 1137 1304 1124 1307 1124 1310 1124 1314 1124 1374 1134 1451 1143 1562 1124 1610 1115 1613 1115 1617 1115 1636 1118 1706 1137 1805 1111 1818 1191 1814 1216 1068 1245 1065 1245 1046 1245 877 1236 749 1255"/>
                  </Shape>
                  <String CONTENT="pardonner tel meffaict"
                          HPOS="743"
                          VPOS="1111"
                          WIDTH="1075"
                          HEIGHT="144"/>
               </TextLine>
               <TextLine ID="eSc_line_cbcf861c"
                         BASELINE="1186 1334 2111 1312"
                         HPOS="1177"
                         VPOS="1232"
                         WIDTH="934"
                         HEIGHT="147"
                         TAGREFS="LT118">
                  <Shape>
                     <Polygon POINTS="1186 1334 1177 1277 1237 1248 1240 1248 1243 1248 1247 1248 1295 1264 1451 1242 1454 1242 1457 1242 1492 1261 1499 1264 1521 1261 1613 1239 1617 1239 1620 1239 1623 1239 1639 1255 1652 1264 1706 1264 1735 1248 1760 1239 1763 1239 1767 1239 1840 1245 1971 1255 2102 1232 2111 1312 2108 1350 1980 1334 1897 1357 1862 1366 1859 1366 1856 1366 1853 1366 1850 1366 1837 1357 1811 1341 1719 1341 1693 1360 1680 1373 1677 1373 1674 1373 1505 1376 1502 1376 1499 1376 1480 1366 1467 1360 1432 1366 1374 1379 1371 1379 1368 1379 1365 1379 1352 1369 1326 1353 1234 1353 1189 1373"/>
                  </Shape>
                  <String CONTENT="Le jeudi 27 dudit mois"
                          HPOS="1177"
                          VPOS="1232"
                          WIDTH="934"
                          HEIGHT="147"/>
               </TextLine>
               <TextLine ID="eSc_line_53002bad"
                         BASELINE="724 1449 2446 1462"
                         HPOS="720"
                         VPOS="1366"
                         WIDTH="1726"
                         HEIGHT="121"
                         TAGREFS="LT118">
                  <Shape>
                     <Polygon POINTS="724 1449 724 1366 819 1389 1122 1389 1177 1369 1180 1369 1183 1369 1186 1369 1189 1369 1192 1369 1243 1389 1272 1369 1275 1369 1279 1369 1282 1369 1310 1373 1457 1389 1505 1373 1518 1369 1521 1369 1524 1369 1527 1369 1540 1373 1582 1392 1716 1376 1751 1373 1754 1373 1757 1373 1770 1376 1811 1392 1827 1376 1830 1373 1834 1373 1837 1373 1840 1373 1885 1379 1993 1392 2440 1385 2446 1462 2440 1487 2242 1471 1917 1484 1901 1484 1897 1484 1894 1484 1891 1484 1872 1468 1703 1484 1680 1484 1677 1484 1665 1484 1578 1465 1495 1481 1492 1481 1492 1484 1192 1484 1189 1481 1186 1481 1183 1481 1161 1465 1125 1478 1122 1478 1119 1478 1116 1478 1113 1478 1087 1462 720 1475"/>
                  </Shape>
                  <String CONTENT="Icelle sur plusieurs admonestemens a elle faict"
                          HPOS="720"
                          VPOS="1366"
                          WIDTH="1726"
                          HEIGHT="121"/>
               </TextLine>
               <TextLine ID="eSc_line_b4450c2b"
                         BASELINE="752 1532 2510 1526"
                         HPOS="746"
                         VPOS="1449"
                         WIDTH="1770"
                         HEIGHT="118"
                         TAGREFS="LT118">
                  <Shape>
                     <Polygon POINTS="752 1532 746 1478 940 1475 969 1452 972 1452 976 1452 979 1452 982 1452 985 1452 1007 1471 1113 1452 1116 1452 1119 1452 1180 1471 1183 1471 1186 1471 1259 1452 1263 1452 1266 1452 1333 1452 1336 1452 1339 1452 1339 1455 1355 1468 1358 1471 1381 1468 1521 1452 1524 1452 1527 1452 1531 1452 1547 1468 1553 1471 1604 1468 1776 1449 1779 1449 1971 1462 2015 1465 2028 1462 2070 1449 2073 1449 2076 1449 2079 1449 2082 1449 2095 1462 2105 1471 2178 1471 2188 1462 2197 1452 2197 1449 2200 1449 2204 1449 2207 1449 2210 1449 2239 1459 2261 1468 2500 1459 2510 1526 2516 1532 2497 1551 2497 1554 2494 1554 2491 1554 2487 1554 2156 1541 2137 1557 2137 1561 2133 1561 2130 1561 2130 1564 2009 1564 2006 1561 2003 1561 1999 1561 1999 1557 1984 1541 1977 1538 1633 1538 1578 1551 1518 1564 1515 1564 1464 1551 1425 1545 1368 1554 1304 1564 1301 1564 1298 1564 1295 1564 1282 1554 1259 1541 1033 1561 1011 1561 1007 1561 1001 1561 912 1541 889 1561 889 1564 886 1564 883 1564 883 1567 752 1567"/>
                  </Shape>
                  <String CONTENT="en presentce des Sept hommes de ne soy faire tord"
                          HPOS="746"
                          VPOS="1449"
                          WIDTH="1770"
                          HEIGHT="118"/>
               </TextLine>
               <TextLine ID="eSc_line_2497b5f3"
                         BASELINE="752 1602 2459 1592"
                         HPOS="746"
                         VPOS="1529"
                         WIDTH="1713"
                         HEIGHT="108"
                         TAGREFS="LT118">
                  <Shape>
                     <Polygon POINTS="752 1602 746 1545 2449 1529 2459 1592 2459 1618 1515 1634 1511 1634 1371 1621 1326 1618 1317 1621 1298 1637 1295 1637 1291 1637 1288 1637 1285 1637 1256 1621 1253 1621 1250 1621 1192 1637 1189 1637 1186 1637 1183 1637 1132 1621 1125 1621 896 1621 893 1621 873 1637 870 1637 867 1637 864 1637 749 1621"/>
                  </Shape>
                  <String CONTENT="ni a la justice Icelle recognut tous et chacuns les"
                          HPOS="746"
                          VPOS="1529"
                          WIDTH="1713"
                          HEIGHT="108"/>
               </TextLine>
               <TextLine ID="eSc_line_5f63dde2"
                         BASELINE="762 1669 2376 1682"
                         HPOS="755"
                         VPOS="1592"
                         WIDTH="1621"
                         HEIGHT="121"
                         TAGREFS="LT118">
                  <Shape>
                     <Polygon POINTS="762 1669 762 1612 992 1612 1007 1596 1007 1592 1011 1592 1014 1592 1017 1592 1125 1592 1129 1592 1164 1612 1177 1615 1186 1612 1215 1596 1218 1596 1221 1596 1224 1596 1266 1612 1282 1615 1295 1612 1330 1596 1333 1596 1336 1596 1486 1612 1578 1618 2369 1612 2376 1682 2373 1698 2047 1713 2044 1713 1649 1691 1610 1691 1578 1710 1575 1710 1572 1710 1569 1710 1451 1691 1435 1688 1422 1691 1342 1707 1339 1707 1336 1707 1333 1707 1304 1688 1301 1685 982 1685 979 1685 928 1704 925 1704 921 1704 755 1682"/>
                  </Shape>
                  <String CONTENT="actes que devant les avoir commis et perpetres"
                          HPOS="755"
                          VPOS="1592"
                          WIDTH="1621"
                          HEIGHT="121"/>
               </TextLine>
               <TextLine ID="eSc_line_cd7d460c"
                         BASELINE="762 1742 1374 1733"
                         HPOS="759"
                         VPOS="1656"
                         WIDTH="615"
                         HEIGHT="131"
                         TAGREFS="LT118">
                  <Shape>
                     <Polygon POINTS="762 1742 759 1666 953 1678 966 1669 972 1663 972 1659 976 1659 979 1659 982 1659 1065 1659 1129 1669 1164 1675 1196 1672 1295 1656 1298 1656 1301 1656 1371 1675 1374 1733 1368 1784 1250 1758 1183 1784 1173 1787 1170 1787 1167 1787 1135 1784 1062 1771 1039 1780 1027 1787 1023 1787 1020 1787 1017 1787 998 1780 947 1764 762 1777"/>
                  </Shape>
                  <String CONTENT="demandant pardon"
                          HPOS="759"
                          VPOS="1656"
                          WIDTH="615"
                          HEIGHT="131"/>
               </TextLine>
            </TextBlock>
            <TextBlock HPOS="1094"
                       VPOS="1936"
                       WIDTH="1065"
                       HEIGHT="290"
                       ID="eSc_textblock_fdb6e26d"
                       TAGREFS="BT367">
               <Shape>
                  <Polygon POINTS="1094 2226 1094 1936 2121 2013 2159 2086 2044 2175 1387 2175"/>
               </Shape>
               <TextLine ID="eSc_line_b1cd1f0d"
                         BASELINE="1078 2054 2140 2083"
                         HPOS="1071"
                         VPOS="1940"
                         WIDTH="1069"
                         HEIGHT="162"
                         TAGREFS="LT118">
                  <Shape>
                     <Polygon POINTS="1078 2054 1078 1940 1298 1946 1301 1946 1326 1959 1374 1981 1444 1972 1448 1972 1451 1972 1527 2010 1735 1997 1738 1997 1853 2023 2140 2023 2140 2083 2133 2102 1071 2077"/>
                  </Shape>
                  <String CONTENT="Proces Criminel de Alix vefve"
                          HPOS="1071"
                          VPOS="1940"
                          WIDTH="1069"
                          HEIGHT="162"/>
               </TextLine>
               <TextLine ID="eSc_line_907eec38"
                         BASELINE="1074 2131 2050 2150"
                         HPOS="1068"
                         VPOS="2051"
                         WIDTH="982"
                         HEIGHT="182"
                         TAGREFS="LT118">
                  <Shape>
                     <Polygon POINTS="1074 2131 1071 2067 1177 2051 1180 2051 1183 2051 1228 2067 1240 2070 1272 2067 1393 2054 1397 2054 1534 2070 1594 2077 1623 2070 1665 2061 1668 2061 1671 2061 1751 2073 1808 2080 2044 2077 2050 2150 2041 2207 1923 2166 1843 2182 1840 2182 1837 2182 1834 2182 1805 2159 1547 2156 1492 2201 1492 2204 1489 2204 1451 2217 1406 2233 1403 2233 1400 2233 1068 2223"/>
                  </Shape>
                  <String CONTENT="George Rossel de Boncourt"
                          HPOS="1068"
                          VPOS="2051"
                          WIDTH="982"
                          HEIGHT="182"/>
               </TextLine>
            </TextBlock>
            <TextBlock HPOS="2366"
                       VPOS="3631"
                       WIDTH="61"
                       HEIGHT="74"
                       ID="eSc_textblock_f85025f0"
                       TAGREFS="BT371">
               <Shape>
                  <Polygon POINTS="2427 3644 2401 3705 2366 3692 2366 3631"/>
               </Shape>
               <TextLine ID="eSc_line_9e811abe"
                         BASELINE="2377 3690 2406 3692"
                         HPOS="2373"
                         VPOS="3622"
                         WIDTH="32"
                         HEIGHT="121"
                         TAGREFS="LT118">
                  <Shape>
                     <Polygon POINTS="2376 3689 2376 3622 2405 3622 2405 3689 2401 3743 2373 3736"/>
                  </Shape>
                  <String CONTENT="4" HPOS="2373" VPOS="3622" WIDTH="32" HEIGHT="121"/>
               </TextLine>
            </TextBlock>
         </PrintSpace>
      </Page>
   </Layout>
</alto>
