<alto xmlns:xsi="http://www.w3.org/2001/XMLSchema-instance"
      xmlns="http://www.loc.gov/standards/alto/ns-v4#"
      xsi:schemaLocation="http://www.loc.gov/standards/alto/ns-v4# http://www.loc.gov/standards/alto/v4/alto-4-2.xsd">
   <Description>
      <MeasurementUnit>pixel</MeasurementUnit>
      <sourceImageInformation>
         <fileName>B_168_15-9-2_0012.jpg</fileName>
      </sourceImageInformation>
   </Description>
   <Tags>
      <OtherTag ID="BT365"
                LABEL="MainZone:column"
                DESCRIPTION="block type MainZone:column"/>
      <OtherTag ID="BT367" LABEL="MainZone" DESCRIPTION="block type MainZone"/>
      <OtherTag ID="BT368"
                LABEL="MarginTextZone"
                DESCRIPTION="block type MarginTextZone"/>
      <OtherTag ID="BT369"
                LABEL="MarginTextZone:note"
                DESCRIPTION="block type MarginTextZone:note"/>
      <OtherTag ID="BT370"
                LABEL="NumberingZone:other"
                DESCRIPTION="block type NumberingZone:other"/>
      <OtherTag ID="BT371"
                LABEL="NumberingZone:page"
                DESCRIPTION="block type NumberingZone:page"/>
      <OtherTag ID="BT379"
                LABEL="DecorationZone"
                DESCRIPTION="block type DecorationZone"/>
      <OtherTag ID="BT380"
                LABEL="CustomZone:signature"
                DESCRIPTION="block type CustomZone:signature"/>
      <OtherTag ID="LT118" LABEL="DefaultLine" DESCRIPTION="line type DefaultLine"/>
      <OtherTag ID="LT119" LABEL="HeadingLine" DESCRIPTION="line type HeadingLine"/>
      <OtherTag ID="LT120"
                LABEL="InterlinearLine"
                DESCRIPTION="line type InterlinearLine"/>
   </Tags>
   <Layout>
      <Page WIDTH="2754"
            HEIGHT="3743"
            PHYSICAL_IMG_NR="32"
            ID="eSc_dummypage_">
         <PrintSpace HPOS="0" VPOS="0" WIDTH="2754" HEIGHT="3743">
            <TextBlock HPOS="524"
                       VPOS="1335"
                       WIDTH="1493"
                       HEIGHT="458"
                       ID="eSc_textblock_bb9d77a1"
                       TAGREFS="BT367">
               <Shape>
                  <Polygon POINTS="1683 1656 1617 1793 1174 1768 1120 1643 524 1618 537 1497 1133 1497 1149 1434 1361 1335 1595 1409 1979 1409 2017 1447 2004 1593"/>
               </Shape>
               <TextLine ID="eSc_line_306fd578"
                         BASELINE="1604 1665 1190 1671"
                         HPOS="1176"
                         VPOS="1609"
                         WIDTH="430"
                         HEIGHT="186"
                         TAGREFS="LT118">
                  <Shape>
                     <Polygon POINTS="1601 1662 1606 1795 1176 1759 1189 1668 1186 1631 1336 1618 1355 1637 1442 1637 1498 1609 1542 1634"/>
                  </Shape>
                  <String CONTENT="Information"
                          HPOS="1176"
                          VPOS="1609"
                          WIDTH="430"
                          HEIGHT="186"/>
               </TextLine>
               <TextLine ID="eSc_line_c3d7fa9f"
                         BASELINE="1961 1491 1884 1529 1095 1558 561 1545"
                         HPOS="552"
                         VPOS="1469"
                         WIDTH="1418"
                         HEIGHT="190"
                         TAGREFS="LT118">
                  <Shape>
                     <Polygon POINTS="1960 1490 1970 1615 1867 1634 1864 1634 1860 1634 1857 1634 1836 1618 1814 1606 1779 1621 1761 1628 1757 1628 1754 1628 1751 1628 1748 1628 1739 1621 1711 1606 1530 1606 1511 1625 1508 1625 1505 1625 1501 1625 1380 1615 1361 1631 1345 1643 1342 1643 1339 1643 1336 1643 1333 1643 1311 1631 1277 1615 1220 1615 1139 1634 1067 1653 1064 1653 1064 1656 927 1656 924 1653 921 1653 883 1640 836 1625 796 1643 774 1653 771 1653 768 1653 765 1653 746 1643 718 1628 686 1646 658 1659 655 1659 652 1659 552 1646 558 1543 558 1497 671 1534 836 1490 839 1490 1064 1484 1067 1484 1071 1484 1074 1484 1149 1531 1195 1531 1289 1509 1292 1509 1295 1509 1348 1525 1377 1506 1380 1506 1383 1506 1386 1506 1389 1506 1392 1506 1411 1522 1526 1522 1614 1475 1617 1475 1620 1475 1623 1475 1729 1515 1851 1512 1901 1469 1904 1469 1907 1469 1910 1469 1957 1469"/>
                  </Shape>
                  <String CONTENT="Contre Agatte femme de henry vouelin"
                          HPOS="552"
                          VPOS="1469"
                          WIDTH="1418"
                          HEIGHT="190"/>
               </TextLine>
               <TextLine ID="eSc_line_1281e0a2"
                         BASELINE="1874 1447 1226 1441"
                         HPOS="1214"
                         VPOS="1350"
                         WIDTH="659"
                         HEIGHT="175"
                         TAGREFS="LT118">
                  <Shape>
                     <Polygon POINTS="1873 1444 1867 1509 1761 1503 1745 1506 1698 1525 1695 1525 1692 1525 1689 1525 1686 1525 1651 1503 1639 1497 1617 1503 1598 1509 1595 1509 1592 1509 1520 1500 1470 1494 1461 1500 1430 1522 1426 1522 1423 1522 1423 1525 1292 1525 1289 1522 1286 1522 1214 1490 1224 1437 1217 1369 1252 1350 1255 1350 1258 1350 1455 1350 1458 1350 1461 1350 1526 1394 1561 1416 1645 1416 1667 1403 1683 1394 1686 1394 1689 1394 1692 1394 1873 1422"/>
                  </Shape>
                  <String CONTENT="de Beurnevesain"
                          HPOS="1214"
                          VPOS="1350"
                          WIDTH="659"
                          HEIGHT="175"/>
               </TextLine>
            </TextBlock>
            <TextBlock HPOS="212"
                       VPOS="386"
                       WIDTH="1096"
                       HEIGHT="484"
                       ID="eSc_textblock_38acddb4"
                       TAGREFS="BT367">
               <Shape>
                  <Polygon POINTS="212 795 212 686 262 658 249 511 299 474 1099 386 1283 436 1308 733 1183 857 424 870"/>
               </Shape>
               <TextLine ID="eSc_line_15820d1b"
                         BASELINE="1284 707 390 710"
                         HPOS="380"
                         VPOS="689"
                         WIDTH="903"
                         HEIGHT="193"
                         TAGREFS="LT118">
                  <Shape>
                     <Polygon POINTS="1283 704 1280 835 1239 832 1230 839 1155 879 1152 879 1152 882 1030 882 1027 879 1024 879 1021 879 974 839 955 823 893 820 608 823 587 842 549 876 549 879 546 879 543 879 543 882 455 882 452 879 449 879 380 845 387 708 384 689 1280 695"/>
                  </Shape>
                  <String CONTENT="Criminalia"
                          HPOS="380"
                          VPOS="689"
                          WIDTH="903"
                          HEIGHT="193"/>
               </TextLine>
               <TextLine ID="eSc_line_3df306da"
                         BASELINE="1187 549 980 573 715 549 365 548"
                         HPOS="352"
                         VPOS="514"
                         WIDTH="834"
                         HEIGHT="178"
                         TAGREFS="LT118">
                  <Shape>
                     <Polygon POINTS="1186 548 1183 676 1105 692 1102 692 1099 692 1036 670 1027 667 1008 667 805 689 802 689 799 689 730 651 696 636 543 636 533 642 518 655 515 655 512 655 508 655 352 630 362 545 362 514 459 514 462 514 465 514 496 536 777 517 780 517 783 517 836 542 868 530 871 530 874 530 999 545 1183 520"/>
                  </Shape>
                  <String CONTENT="de Beurneve"
                          HPOS="352"
                          VPOS="514"
                          WIDTH="834"
                          HEIGHT="178"/>
               </TextLine>
               <TextLine ID="eSc_line_3d0cc61b"
                         BASELINE="1248 382 1069 438 728 437"
                         HPOS="724"
                         VPOS="368"
                         WIDTH="528"
                         HEIGHT="156"
                         TAGREFS="LT118">
                  <Shape>
                     <Polygon POINTS="1245 380 1252 483 1108 477 1083 489 1046 514 1042 514 1039 514 899 524 896 524 893 524 836 495 827 492 727 499 727 436 724 402 930 421 986 393 989 393 992 393 1099 408 1158 371 1161 371 1164 371 1239 368"/>
                  </Shape>
                  <String CONTENT="sain"
                          HPOS="724"
                          VPOS="368"
                          WIDTH="528"
                          HEIGHT="156"/>
               </TextLine>
            </TextBlock>
            <TextBlock HPOS="2394"
                       VPOS="3568"
                       WIDTH="60"
                       HEIGHT="59"
                       ID="eSc_textblock_9cec7c07"
                       TAGREFS="BT371">
               <Shape>
                  <Polygon POINTS="2454 3580 2441 3627 2394 3627 2407 3568"/>
               </Shape>
               <TextLine ID="eSc_line_30f759f3"
                         BASELINE="2398 3618 2441 3624"
                         HPOS="2394"
                         VPOS="3552"
                         WIDTH="54"
                         HEIGHT="84"
                         TAGREFS="LT118">
                  <Shape>
                     <Polygon POINTS="2398 3618 2404 3552 2448 3558 2441 3624 2438 3633 2394 3636"/>
                  </Shape>
                  <String CONTENT="12" HPOS="2394" VPOS="3552" WIDTH="54" HEIGHT="84"/>
               </TextLine>
            </TextBlock>
         </PrintSpace>
      </Page>
   </Layout>
</alto>
