<alto xmlns:xsi="http://www.w3.org/2001/XMLSchema-instance"
      xmlns="http://www.loc.gov/standards/alto/ns-v4#"
      xsi:schemaLocation="http://www.loc.gov/standards/alto/ns-v4# http://www.loc.gov/standards/alto/v4/alto-4-2.xsd">
   <Description>
      <MeasurementUnit>pixel</MeasurementUnit>
      <sourceImageInformation>
         <fileName>B_168_15-23-1_0001.jpg</fileName>
      </sourceImageInformation>
   </Description>
   <Tags>
      <OtherTag ID="BT365"
                LABEL="MainZone:column"
                DESCRIPTION="block type MainZone:column"/>
      <OtherTag ID="BT367" LABEL="MainZone" DESCRIPTION="block type MainZone"/>
      <OtherTag ID="BT368"
                LABEL="MarginTextZone"
                DESCRIPTION="block type MarginTextZone"/>
      <OtherTag ID="BT369"
                LABEL="MarginTextZone:note"
                DESCRIPTION="block type MarginTextZone:note"/>
      <OtherTag ID="BT370"
                LABEL="NumberingZone:other"
                DESCRIPTION="block type NumberingZone:other"/>
      <OtherTag ID="BT371"
                LABEL="NumberingZone:page"
                DESCRIPTION="block type NumberingZone:page"/>
      <OtherTag ID="BT379"
                LABEL="DecorationZone"
                DESCRIPTION="block type DecorationZone"/>
      <OtherTag ID="BT380"
                LABEL="CustomZone:signature"
                DESCRIPTION="block type CustomZone:signature"/>
      <OtherTag ID="LT118" LABEL="DefaultLine" DESCRIPTION="line type DefaultLine"/>
      <OtherTag ID="LT119" LABEL="HeadingLine" DESCRIPTION="line type HeadingLine"/>
      <OtherTag ID="LT120"
                LABEL="InterlinearLine"
                DESCRIPTION="line type InterlinearLine"/>
   </Tags>
   <Layout>
      <Page WIDTH="2477"
            HEIGHT="3768"
            PHYSICAL_IMG_NR="41"
            ID="eSc_dummypage_">
         <PrintSpace HPOS="0" VPOS="0" WIDTH="2477" HEIGHT="3768">
            <TextBlock HPOS="1128"
                       VPOS="100"
                       WIDTH="351"
                       HEIGHT="279"
                       ID="eSc_textblock_3b955928"
                       TAGREFS="BT370">
               <Shape>
                  <Polygon POINTS="1128 192 1136 379 1479 299 1439 100"/>
               </Shape>
               <TextLine ID="eSc_line_3eb9d76a"
                         BASELINE="1180 338 1438 270"
                         HPOS="1131"
                         VPOS="100"
                         WIDTH="314"
                         HEIGHT="264"
                         TAGREFS="LT118">
                  <Shape>
                     <Polygon POINTS="1178 335 1131 178 1386 100 1436 266 1445 273 1427 298 1423 298 1423 301 1420 301 1417 301 1323 317 1263 323 1257 339 1254 342 1254 345 1251 345 1251 348 1247 348 1244 348 1181 364"/>
                  </Shape>
                  <String CONTENT="187"
                          HPOS="1131"
                          VPOS="100"
                          WIDTH="314"
                          HEIGHT="264"/>
               </TextLine>
            </TextBlock>
            <TextBlock HPOS="138"
                       VPOS="75"
                       WIDTH="1066"
                       HEIGHT="2747"
                       ID="eSc_textblock_a3bfa56a"
                       TAGREFS="BT365">
               <Shape>
                  <Polygon POINTS="449 2822 188 2772 176 2248 138 2219 150 301 348 263 377 87 905 75 1166 87 1194 163 1204 161 1204 2724"/>
               </Shape>
               <TextLine ID="eSc_line_9ae3a433"
                         BASELINE="352 172 1163 147"
                         HPOS="342.0"
                         VPOS="65.0"
                         WIDTH="821.0"
                         HEIGHT="135.0"
                         TAGREFS="LT118">
                  <Shape>
                     <Polygon POINTS="352 172 342 109 496 78 496 78 496 78 499 78 499 78 644 97 748 69 751 69 751 69 754 69 754 69 754 69 757 69 836 94 839 94 848 94 933 65 936 65 936 65 936 65 939 65 1156 84 1163 147 1159 172 946 191 943 191 943 191 943 191 939 191 939 191 895 175 855 160 807 175 757 191 754 191 754 191 754 191 751 191 751 191 751 191 688 175 660 169 653 175 650 182 647 182 647 185 647 185 644 185 644 185 644 185 641 185 641 185 641 185 638 185 502 178 458 175 449 178 386 200 386 200 383 200 383 200 380 200 380 200 380 200 377 200 377 200 377 200 374 200 342 178"/>
                  </Shape>
                  <String CONTENT="Adelheit vefve Borquin"
                          HPOS="342.0"
                          VPOS="65.0"
                          WIDTH="821.0"
                          HEIGHT="135.0"/>
               </TextLine>
               <TextLine ID="eSc_line_268cc3ea"
                         BASELINE="405 235 682 229"
                         HPOS="399"
                         VPOS="172"
                         WIDTH="289"
                         HEIGHT="135"
                         TAGREFS="LT118">
                  <Shape>
                     <Polygon POINTS="405 235 399 191 587 172 590 172 675 188 682 229 688 279 666 301 666 304 663 304 660 304 660 307 590 307 587 304 402 279"/>
                  </Shape>
                  <String CONTENT="Betteni"
                          HPOS="399"
                          VPOS="172"
                          WIDTH="289"
                          HEIGHT="135"/>
               </TextLine>
               <TextLine ID="eSc_line_b6d1f587"
                         BASELINE="150 367 1109 335"
                         HPOS="138"
                         VPOS="248"
                         WIDTH="971"
                         HEIGHT="147"
                         TAGREFS="LT118">
                  <Shape>
                     <Polygon POINTS="150 367 138 292 185 279 188 279 191 279 194 279 210 288 232 298 326 282 386 273 389 273 418 279 493 295 528 273 534 266 537 266 540 266 543 266 546 266 559 270 606 288 663 266 672 263 675 263 678 263 682 263 691 266 766 285 905 285 965 254 968 254 1100 248 1109 335 1109 348 436 389 433 389 270 376 229 395 226 395 223 395 147 376"/>
                  </Shape>
                  <String CONTENT="La letie et le fromaige de"
                          HPOS="138"
                          VPOS="248"
                          WIDTH="971"
                          HEIGHT="147"/>
               </TextLine>
               <TextLine ID="eSc_line_cb1fd2d0"
                         BASELINE="166 433 1062 414"
                         HPOS="160"
                         VPOS="342"
                         WIDTH="902"
                         HEIGHT="122"
                         TAGREFS="LT118">
                  <Shape>
                     <Polygon POINTS="166 433 160 379 905 342 908 342 1056 361 1062 414 1056 445 971 433 807 452 795 452 792 452 788 452 785 452 785 449 766 433 656 433 471 458 440 461 436 461 433 461 424 458 342 439 210 439 172 464"/>
                  </Shape>
                  <String CONTENT="Nicolas guyon et les gens en"
                          HPOS="160"
                          VPOS="342"
                          WIDTH="902"
                          HEIGHT="122"/>
               </TextLine>
               <TextLine ID="eSc_line_36c4614f"
                         BASELINE="191 499 788 489"
                         HPOS="188"
                         VPOS="423"
                         WIDTH="600"
                         HEIGHT="107"
                         TAGREFS="LT118">
                  <Shape>
                     <Polygon POINTS="191 499 188 442 537 445 543 442 562 427 565 427 568 427 572 427 650 439 675 423 678 423 682 423 685 423 782 445 788 489 788 511 427 527 424 527 421 527 418 527 418 524 414 524 399 508 342 524 339 524 336 524 267 511 194 530"/>
                  </Shape>
                  <String CONTENT="devenu malade"
                          HPOS="188"
                          VPOS="423"
                          WIDTH="600"
                          HEIGHT="107"/>
               </TextLine>
               <TextLine ID="eSc_line_7cfe44ad"
                         BASELINE="147 618 1185 596"
                         HPOS="138"
                         VPOS="508"
                         WIDTH="1047"
                         HEIGHT="148"
                         TAGREFS="LT118">
                  <Shape>
                     <Polygon POINTS="147 618 138 543 229 524 232 524 235 524 286 540 308 546 317 540 345 521 348 521 352 521 355 521 484 533 578 514 581 514 943 530 1002 533 1009 530 1034 508 1037 508 1040 508 1043 508 1178 530 1185 596 1185 615 1034 643 1034 646 987 646 983 643 980 643 977 643 977 640 958 624 955 621 949 624 933 640 933 643 930 643 927 643 924 643 823 631 763 621 751 631 744 637 744 640 741 640 738 640 735 640 678 634 581 624 565 640 553 649 553 653 550 653 546 653 543 653 540 653 515 640 493 628 311 628 273 649 270 653 267 653 264 653 264 656 147 656"/>
                  </Shape>
                  <String CONTENT="Franceois faidel la appelle sur"
                          HPOS="138"
                          VPOS="508"
                          WIDTH="1047"
                          HEIGHT="148"/>
               </TextLine>
               <TextLine ID="eSc_line_0bb5e380"
                         BASELINE="188 681 1005 665"
                         HPOS="182"
                         VPOS="602"
                         WIDTH="827"
                         HEIGHT="120"
                         TAGREFS="LT118">
                  <Shape>
                     <Polygon POINTS="188 681 182 634 295 612 298 612 543 621 565 606 568 606 572 606 575 606 578 606 628 621 685 602 688 602 691 602 999 618 1005 665 1009 678 949 709 946 709 943 709 782 690 744 687 707 693 609 715 606 715 603 715 562 703 524 690 499 706 480 719 477 719 474 719 471 719 427 709 348 693 188 722"/>
                  </Shape>
                  <String CONTENT="sorciere sans sestre venge"
                          HPOS="182"
                          VPOS="602"
                          WIDTH="827"
                          HEIGHT="120"/>
               </TextLine>
               <TextLine ID="eSc_line_f2a45832"
                         BASELINE="144 788 1153 763"
                         HPOS="141"
                         VPOS="684"
                         WIDTH="1012"
                         HEIGHT="135"
                         TAGREFS="LT118">
                  <Shape>
                     <Polygon POINTS="144 788 141 700 251 728 292 700 295 700 298 700 301 697 399 693 402 693 405 693 408 693 411 697 440 722 512 697 534 690 537 690 540 690 594 697 682 709 716 697 726 693 729 693 732 693 735 693 738 693 741 697 757 712 1005 712 1027 697 1040 684 1043 684 1046 684 1049 684 1147 697 1153 763 1153 778 1106 797 1103 797 1100 797 1097 797 1093 797 1071 781 1065 781 902 781 889 788 861 803 858 803 855 803 748 794 694 791 675 797 647 810 644 810 641 810 578 800 518 794 364 810 267 819 264 819 235 816 169 803 150 819"/>
                  </Shape>
                  <String CONTENT="La fille Caspar vallat malade"
                          HPOS="141"
                          VPOS="684"
                          WIDTH="1012"
                          HEIGHT="135"/>
               </TextLine>
               <TextLine ID="eSc_line_e8aa2e53"
                         BASELINE="179 854 1137 835"
                         HPOS="169"
                         VPOS="769"
                         WIDTH="968"
                         HEIGHT="125"
                         TAGREFS="LT118">
                  <Shape>
                     <Polygon POINTS="179 854 169 803 207 785 210 785 213 785 216 785 248 800 257 803 374 803 386 794 405 781 408 781 411 781 414 781 418 781 421 781 433 794 443 800 484 791 521 785 524 785 550 788 587 797 653 785 713 775 716 775 751 781 810 794 895 775 921 772 924 772 946 775 1027 788 1128 769 1137 835 1137 857 977 882 974 882 892 863 889 863 886 863 820 885 817 885 814 885 810 885 741 866 735 866 722 866 537 888 534 888 531 888 528 888 499 869 496 869 493 869 455 885 452 885 449 885 386 876 317 894 314 894 311 894 176 876"/>
                  </Shape>
                  <String CONTENT="Frappee malade et guerie par des"
                          HPOS="169"
                          VPOS="769"
                          WIDTH="968"
                          HEIGHT="125"/>
               </TextLine>
               <TextLine ID="eSc_line_3b9d5ded"
                         BASELINE="172 926 421 926"
                         HPOS="172.0"
                         VPOS="850.0"
                         WIDTH="249.0"
                         HEIGHT="113.0"
                         TAGREFS="LT118">
                  <Shape>
                     <Polygon POINTS="172 926 172 850 282 869 418 854 421 926 421 957 172 963"/>
                  </Shape>
                  <String CONTENT="Herbes."
                          HPOS="172.0"
                          VPOS="850.0"
                          WIDTH="249.0"
                          HEIGHT="113.0"/>
               </TextLine>
               <TextLine ID="eSc_line_6746d981"
                         BASELINE="163 1020 1153 989"
                         HPOS="160"
                         VPOS="907"
                         WIDTH="993"
                         HEIGHT="144"
                         TAGREFS="LT118">
                  <Shape>
                     <Polygon POINTS="163 1020 160 938 226 954 276 935 289 932 292 932 295 932 348 935 499 945 524 932 546 923 550 923 553 923 628 932 694 938 754 929 855 913 858 913 861 913 911 929 927 932 930 926 943 913 946 913 946 910 949 910 952 910 955 910 958 910 1015 926 1024 929 1027 926 1056 907 1059 907 1062 907 1065 907 1147 926 1153 989 1150 1020 955 1007 921 1023 917 1023 914 1023 911 1023 877 1011 861 1029 858 1029 858 1033 855 1033 851 1033 848 1033 833 1033 757 1020 650 1036 647 1036 559 1020 468 1042 458 1045 455 1045 452 1045 449 1045 443 1045 374 1026 317 1048 314 1048 311 1048 308 1048 301 1048 235 1033 166 1051"/>
                  </Shape>
                  <String CONTENT="Les 18 porcs dudit Caspar vallat"
                          HPOS="160"
                          VPOS="907"
                          WIDTH="993"
                          HEIGHT="144"/>
               </TextLine>
               <TextLine ID="eSc_line_e0f54ded"
                         BASELINE="191 1089 766 1073"
                         HPOS="185"
                         VPOS="1001"
                         WIDTH="581"
                         HEIGHT="132"
                         TAGREFS="LT118">
                  <Shape>
                     <Polygon POINTS="191 1089 185 1036 565 1004 568 1004 631 1007 729 1017 751 1001 766 1073 763 1092 653 1092 644 1099 625 1117 625 1120 622 1120 619 1120 518 1124 515 1124 436 1114 311 1102 194 1133"/>
                  </Shape>
                  <String CONTENT="gueris de ses herbes"
                          HPOS="185"
                          VPOS="1001"
                          WIDTH="581"
                          HEIGHT="132"/>
               </TextLine>
               <TextLine ID="eSc_line_c50f9f4f"
                         BASELINE="182 1215 663 1202"
                         HPOS="172"
                         VPOS="1127"
                         WIDTH="491"
                         HEIGHT="107"
                         TAGREFS="LT118">
                  <Shape>
                     <Polygon POINTS="182 1215 172 1139 653 1127 663 1202 656 1234 179 1230"/>
                  </Shape>
                  <String CONTENT="Romain villers"
                          HPOS="172"
                          VPOS="1127"
                          WIDTH="491"
                          HEIGHT="107"/>
               </TextLine>
               <TextLine ID="eSc_line_a979350a"
                         BASELINE="157 1359 1065 1359"
                         HPOS="157"
                         VPOS="1268"
                         WIDTH="908"
                         HEIGHT="138"
                         TAGREFS="LT118">
                  <Shape>
                     <Polygon POINTS="157 1359 157 1281 257 1290 301 1281 355 1268 358 1268 361 1268 364 1268 364 1271 377 1281 392 1299 443 1299 506 1281 559 1268 562 1268 565 1268 568 1268 572 1268 590 1281 612 1299 697 1299 735 1284 776 1268 779 1268 782 1268 785 1268 814 1284 826 1290 848 1284 905 1268 908 1268 911 1268 914 1268 917 1268 917 1271 933 1284 936 1290 946 1284 974 1271 977 1271 980 1271 983 1271 987 1271 987 1274 1002 1284 1012 1293 1062 1287 1065 1359 1062 1391 867 1381 839 1394 829 1400 826 1400 823 1400 795 1397 713 1381 647 1397 625 1403 622 1403 622 1406 377 1406 374 1403 358 1403 267 1384 157 1403"/>
                  </Shape>
                  <String CONTENT="Les chevaulx quelle faisoit"
                          HPOS="157"
                          VPOS="1268"
                          WIDTH="908"
                          HEIGHT="138"/>
               </TextLine>
               <TextLine ID="eSc_line_ff709a70"
                         BASELINE="154 1434 1147 1428"
                         HPOS="141"
                         VPOS="1362"
                         WIDTH="1006"
                         HEIGHT="104"
                         TAGREFS="LT118">
                  <Shape>
                     <Polygon POINTS="154 1434 141 1387 185 1369 188 1369 191 1369 273 1384 286 1384 314 1381 449 1369 452 1369 455 1369 458 1369 474 1378 484 1384 502 1378 528 1369 531 1369 534 1369 537 1369 553 1375 568 1384 729 1384 741 1372 748 1365 751 1365 754 1365 757 1365 833 1369 1034 1381 1137 1362 1147 1428 1144 1438 829 1460 826 1460 823 1460 820 1460 804 1447 792 1441 656 1441 638 1453 628 1463 625 1463 622 1463 619 1463 487 1456 210 1444 157 1466"/>
                  </Shape>
                  <String CONTENT="mourir a Mori guyon, et ce"
                          HPOS="141"
                          VPOS="1362"
                          WIDTH="1006"
                          HEIGHT="104"/>
               </TextLine>
               <TextLine ID="eSc_line_049cd5dc"
                         BASELINE="157 1507 1150 1494"
                         HPOS="144"
                         VPOS="1422"
                         WIDTH="1006"
                         HEIGHT="116"
                         TAGREFS="LT118">
                  <Shape>
                     <Polygon POINTS="157 1507 144 1453 172 1431 176 1431 179 1431 182 1431 578 1450 597 1450 600 1450 641 1425 644 1425 647 1425 650 1425 883 1447 886 1447 908 1425 908 1422 911 1422 914 1422 917 1422 1144 1447 1150 1494 1150 1513 886 1532 883 1532 880 1532 858 1522 839 1513 782 1522 735 1532 732 1532 729 1532 704 1526 675 1516 663 1526 656 1532 656 1535 653 1535 650 1535 647 1535 609 1529 550 1516 408 1516 399 1529 396 1529 396 1532 392 1532 389 1532 386 1532 210 1519 160 1538"/>
                  </Shape>
                  <String CONTENT="que maitre mareschal du chasteau"
                          HPOS="144"
                          VPOS="1422"
                          WIDTH="1006"
                          HEIGHT="116"/>
               </TextLine>
               <TextLine ID="eSc_line_11088a9a"
                         BASELINE="176 1566 1194 1576"
                         HPOS="169"
                         VPOS="1488"
                         WIDTH="1025"
                         HEIGHT="116"
                         TAGREFS="LT118">
                  <Shape>
                     <Polygon POINTS="176 1566 176 1504 436 1504 455 1500 496 1488 499 1488 502 1488 506 1488 509 1488 509 1491 518 1497 521 1504 531 1497 546 1491 550 1491 553 1491 634 1497 738 1507 804 1497 839 1491 842 1491 845 1491 848 1491 848 1494 851 1494 851 1497 864 1513 949 1513 977 1494 980 1494 983 1494 987 1494 1194 1494 1194 1576 1188 1604 169 1595"/>
                  </Shape>
                  <String CONTENT="en dit et les herbes prins en son Curtil"
                          HPOS="169"
                          VPOS="1488"
                          WIDTH="1025"
                          HEIGHT="116"/>
               </TextLine>
               <TextLine ID="eSc_line_da9f1309"
                         BASELINE="160 1708 540 1689 1109 1692"
                         HPOS="150"
                         VPOS="1601"
                         WIDTH="959"
                         HEIGHT="132"
                         TAGREFS="LT118">
                  <Shape>
                     <Polygon POINTS="160 1708 150 1642 204 1613 207 1613 210 1613 364 1639 367 1639 405 1610 408 1610 411 1610 414 1610 418 1610 499 1639 556 1639 628 1639 628 1635 697 1601 700 1601 704 1601 1106 1632 1109 1692 1106 1698 977 1720 974 1720 911 1708 899 1705 889 1708 851 1723 848 1723 845 1723 842 1723 792 1711 763 1705 741 1714 707 1727 704 1727 700 1727 590 1717 452 1708 430 1723 424 1730 421 1730 418 1730 414 1730 411 1730 402 1727 383 1717 160 1733"/>
                  </Shape>
                  <String CONTENT="des medicamens quelle donna"
                          HPOS="150"
                          VPOS="1601"
                          WIDTH="959"
                          HEIGHT="132"/>
               </TextLine>
               <TextLine ID="eSc_line_01927a21"
                         BASELINE="179 1770 1122 1748"
                         HPOS="172"
                         VPOS="1692"
                         WIDTH="953"
                         HEIGHT="113"
                         TAGREFS="LT118">
                  <Shape>
                     <Polygon POINTS="179 1770 172 1723 289 1720 289 1717 298 1705 301 1705 301 1701 304 1701 308 1701 1112 1692 1122 1748 1125 1758 1071 1786 1068 1786 1065 1786 1062 1786 1012 1761 1009 1761 1002 1764 958 1786 955 1786 952 1786 873 1767 858 1764 839 1770 792 1786 788 1786 785 1786 663 1777 584 1770 455 1770 440 1786 421 1802 418 1802 414 1802 270 1805 267 1805 264 1805 229 1792 201 1783 185 1796"/>
                  </Shape>
                  <String CONTENT="au cheval malade du père de"
                          HPOS="172"
                          VPOS="1692"
                          WIDTH="953"
                          HEIGHT="113"/>
               </TextLine>
               <TextLine ID="eSc_line_866dacba"
                         BASELINE="169 1840 1197 1808"
                         HPOS="163"
                         VPOS="1739"
                         WIDTH="1034"
                         HEIGHT="145"
                         TAGREFS="LT118">
                  <Shape>
                     <Polygon POINTS="169 1840 163 1774 364 1780 402 1764 418 1758 421 1758 424 1758 559 1758 763 1761 820 1748 848 1745 851 1745 902 1748 1084 1758 1188 1739 1197 1808 1191 1827 1100 1827 1068 1836 990 1858 987 1858 983 1858 980 1858 930 1843 905 1836 697 1836 622 1862 581 1871 578 1871 575 1871 540 1865 468 1849 386 1874 370 1877 367 1877 169 1884"/>
                  </Shape>
                  <String CONTENT="mori vallat que devint guairis"
                          HPOS="163"
                          VPOS="1739"
                          WIDTH="1034"
                          HEIGHT="145"/>
               </TextLine>
               <TextLine ID="eSc_line_64fabf24"
                         BASELINE="157 1984 358 1971 1163 1965"
                         HPOS="150"
                         VPOS="1871"
                         WIDTH="1013"
                         HEIGHT="135"
                         TAGREFS="LT118">
                  <Shape>
                     <Polygon POINTS="157 1984 150 1884 264 1905 440 1887 537 1877 540 1877 606 1890 672 1902 691 1890 713 1877 716 1877 719 1877 801 1874 804 1874 807 1874 810 1874 810 1877 829 1893 836 1899 999 1899 1012 1896 1068 1871 1071 1871 1075 1871 1078 1871 1081 1871 1081 1874 1106 1896 1106 1899 1156 1899 1163 1965 1159 1997 766 1984 722 2000 716 2003 713 2003 710 2003 678 2000 537 1987 521 2000 521 2003 518 2003 515 2003 515 2006 157 2006"/>
                  </Shape>
                  <String CONTENT="Les chevaulx Pierrenat Cesaier"
                          HPOS="150"
                          VPOS="1871"
                          WIDTH="1013"
                          HEIGHT="135"/>
               </TextLine>
               <TextLine ID="eSc_line_4a716670"
                         BASELINE="201 2047 1071 2041"
                         HPOS="194"
                         VPOS="1978"
                         WIDTH="877"
                         HEIGHT="110"
                         TAGREFS="LT118">
                  <Shape>
                     <Polygon POINTS="201 2047 194 1990 1062 1978 1071 2041 1068 2059 873 2081 870 2081 656 2075 496 2069 480 2078 474 2084 471 2084 468 2084 465 2084 424 2081 276 2066 204 2088"/>
                  </Shape>
                  <String CONTENT="que lui mouroyent et les"
                          HPOS="194"
                          VPOS="1978"
                          WIDTH="877"
                          HEIGHT="110"/>
               </TextLine>
               <TextLine ID="eSc_line_228b1ba6"
                         BASELINE="188 2110 1147 2116"
                         HPOS="182"
                         VPOS="2047"
                         WIDTH="965"
                         HEIGHT="119"
                         TAGREFS="LT118">
                  <Shape>
                     <Polygon POINTS="188 2110 185 2059 1141 2047 1147 2116 1141 2144 1009 2135 977 2147 961 2154 958 2154 955 2154 952 2154 936 2147 917 2138 911 2147 895 2160 895 2163 892 2163 889 2163 889 2166 719 2166 716 2163 713 2163 666 2147 612 2132 562 2150 534 2160 531 2160 531 2163 443 2163 440 2160 436 2160 433 2160 421 2150 399 2135 276 2132 242 2150 235 2157 232 2157 229 2157 226 2157 182 2150"/>
                  </Shape>
                  <String CONTENT="menaces faictes en son endroit"
                          HPOS="182"
                          VPOS="2047"
                          WIDTH="965"
                          HEIGHT="119"/>
               </TextLine>
               <TextLine ID="eSc_line_ed35cb75"
                         BASELINE="157 2210 1071 2213"
                         HPOS="150"
                         VPOS="2132"
                         WIDTH="925"
                         HEIGHT="106"
                         TAGREFS="LT118">
                  <Shape>
                     <Polygon POINTS="157 2210 157 2141 515 2150 546 2144 609 2132 612 2132 616 2132 660 2147 672 2150 678 2147 704 2132 707 2132 710 2132 713 2132 908 2150 930 2150 939 2150 1043 2132 1046 2132 1049 2132 1053 2132 1075 2150 1071 2213 1065 2238 150 2232"/>
                  </Shape>
                  <String CONTENT="Quelle ne sest vengee des"
                          HPOS="150"
                          VPOS="2132"
                          WIDTH="925"
                          HEIGHT="106"/>
               </TextLine>
               <TextLine ID="eSc_line_6f0ba2cf"
                         BASELINE="210 2295 949 2282"
                         HPOS="204"
                         VPOS="2219"
                         WIDTH="745"
                         HEIGHT="110"
                         TAGREFS="LT118">
                  <Shape>
                     <Polygon POINTS="210 2295 204 2235 939 2219 949 2282 949 2298 556 2326 553 2326 424 2311 396 2329 392 2329 389 2329 386 2329 207 2311"/>
                  </Shape>
                  <String CONTENT="injures a elle dite."
                          HPOS="204"
                          VPOS="2219"
                          WIDTH="745"
                          HEIGHT="110"/>
               </TextLine>
               <TextLine ID="eSc_line_0ee4c2ce"
                         BASELINE="188 2405 1181 2411"
                         HPOS="185"
                         VPOS="2323"
                         WIDTH="996"
                         HEIGHT="129"
                         TAGREFS="LT118">
                  <Shape>
                     <Polygon POINTS="188 2405 191 2323 242 2339 380 2333 383 2333 386 2333 389 2333 389 2336 405 2351 509 2351 550 2333 568 2326 572 2326 575 2326 578 2326 581 2326 590 2336 609 2348 779 2342 1027 2329 1031 2329 1178 2355 1181 2411 1178 2433 1084 2452 1081 2452 1078 2452 1034 2433 1015 2427 905 2433 678 2449 675 2449 543 2446 540 2446 506 2433 480 2424 446 2433 380 2449 377 2449 374 2449 370 2449 336 2433 317 2424 185 2430"/>
                  </Shape>
                  <String CONTENT="Les chievres quelle m tira en"
                          HPOS="185"
                          VPOS="2323"
                          WIDTH="996"
                          HEIGHT="129"/>
               </TextLine>
               <TextLine ID="eSc_line_e641e58f"
                         BASELINE="179 2486 1247 2493"
                         HPOS="172"
                         VPOS="2405"
                         WIDTH="1075"
                         HEIGHT="128"
                         TAGREFS="LT118">
                  <Shape>
                     <Polygon POINTS="179 2486 179 2408 675 2424 688 2417 707 2408 710 2408 713 2408 792 2420 807 2420 826 2420 1018 2405 1021 2405 1024 2405 1078 2427 1084 2427 1093 2427 1178 2408 1181 2408 1185 2408 1247 2430 1247 2493 1244 2524 1018 2533 1015 2533 1012 2533 1009 2533 1009 2530 999 2524 983 2512 902 2512 864 2524 833 2533 829 2533 826 2533 776 2524 710 2508 625 2508 603 2521 594 2530 590 2530 587 2530 587 2533 477 2533 474 2530 471 2530 468 2530 468 2527 458 2521 446 2508 364 2508 348 2521 339 2527 339 2530 336 2530 333 2530 330 2530 172 2518"/>
                  </Shape>
                  <String CONTENT="Lestable Jehan Belin qui devindrent"
                          HPOS="172"
                          VPOS="2405"
                          WIDTH="1075"
                          HEIGHT="128"/>
               </TextLine>
               <TextLine ID="eSc_line_def27de8"
                         BASELINE="204 2568 462 2562"
                         HPOS="198"
                         VPOS="2486"
                         WIDTH="264"
                         HEIGHT="129"
                         TAGREFS="LT118">
                  <Shape>
                     <Polygon POINTS="204 2568 198 2505 452 2486 462 2562 458 2609 348 2587 320 2599 276 2615 273 2615 270 2615 267 2615 198 2587"/>
                  </Shape>
                  <String CONTENT="tayries"
                          HPOS="198"
                          VPOS="2486"
                          WIDTH="264"
                          HEIGHT="129"/>
               </TextLine>
               <TextLine ID="eSc_line_9fcf8a3d"
                         BASELINE="198 2687 553 2672 1241 2675"
                         HPOS="198"
                         VPOS="2590"
                         WIDTH="1043"
                         HEIGHT="107"
                         TAGREFS="LT118">
                  <Shape>
                     <Polygon POINTS="198 2687 198 2596 264 2618 333 2618 361 2599 367 2593 370 2593 374 2593 377 2593 496 2599 707 2615 726 2606 735 2596 738 2596 741 2596 744 2596 748 2596 782 2606 798 2609 810 2606 883 2590 886 2590 980 2606 1106 2590 1109 2590 1112 2590 1115 2590 1115 2593 1137 2612 1141 2615 1238 2615 1241 2675 1241 2694 198 2697"/>
                  </Shape>
                  <String CONTENT="Le Bestial mort a Guilliame"
                          HPOS="198"
                          VPOS="2590"
                          WIDTH="1043"
                          HEIGHT="107"/>
               </TextLine>
               <TextLine ID="eSc_line_43c40e4e"
                         BASELINE="198 2756 1031 2738"
                         HPOS="185"
                         VPOS="2672"
                         WIDTH="846"
                         HEIGHT="144"
                         TAGREFS="LT118">
                  <Shape>
                     <Polygon POINTS="198 2756 185 2700 213 2681 216 2681 220 2681 223 2681 326 2694 408 2678 1021 2672 1031 2738 1018 2785 987 2763 870 2785 867 2785 864 2785 773 2760 744 2782 744 2785 741 2785 738 2785 735 2785 732 2785 678 2763 540 2766 506 2791 477 2813 474 2813 471 2813 286 2816 282 2816 279 2816 276 2816 251 2794 245 2791 198 2794"/>
                  </Shape>
                  <String CONTENT="de Proi sur les menaces."
                          HPOS="185"
                          VPOS="2672"
                          WIDTH="846"
                          HEIGHT="144"/>
               </TextLine>
            </TextBlock>
            <TextBlock HPOS="1320"
                       VPOS="113"
                       WIDTH="1103"
                       HEIGHT="3362"
                       ID="eSc_textblock_61fde3d5"
                       TAGREFS="BT365">
               <Shape>
                  <Polygon POINTS="1647 113 2322 113 2348 150 2348 222 2234 298 2410 364 2423 414 2410 536 2348 602 2423 854 2398 976 2096 992 2385 1029 2423 1092 2423 3011 2348 3413 1996 3475 1433 3475 1408 3278 1320 3212 1370 2788 1339 2742 1339 287 1606 287 1606 184"/>
               </Shape>
               <TextLine ID="eSc_line_c648f554"
                         BASELINE="1637 200 2329 200"
                         HPOS="1634"
                         VPOS="116"
                         WIDTH="695"
                         HEIGHT="119"
                         TAGREFS="LT118">
                  <Shape>
                     <Polygon POINTS="1637 200 1634 141 1738 116 1741 116 1842 131 1908 116 1911 116 1914 116 1917 116 1996 138 2146 116 2150 116 2153 116 2197 141 2329 141 2329 200 2329 210 2241 232 2238 232 2068 219 1974 213 1923 226 1886 232 1882 232 1879 232 1857 226 1810 213 1794 229 1791 232 1788 232 1785 232 1785 235 1637 235"/>
                  </Shape>
                  <String CONTENT="Alix vefve George"
                          HPOS="1634"
                          VPOS="116"
                          WIDTH="695"
                          HEIGHT="119"/>
               </TextLine>
               <TextLine ID="eSc_line_3c53eb60"
                         BASELINE="1697 270 1983 263"
                         HPOS="1694"
                         VPOS="244"
                         WIDTH="289"
                         HEIGHT="60"
                         TAGREFS="LT118">
                  <Shape>
                     <Polygon POINTS="1697 270 1694 244 1977 244 1983 263 1983 298 1697 304"/>
                  </Shape>
                  <String CONTENT="Rossel."
                          HPOS="1694"
                          VPOS="244"
                          WIDTH="289"
                          HEIGHT="60"/>
               </TextLine>
               <TextLine ID="eSc_line_a66d0f50"
                         BASELINE="1348 364 2172 345"
                         HPOS="1345"
                         VPOS="273"
                         WIDTH="833"
                         HEIGHT="132"
                         TAGREFS="LT118">
                  <Shape>
                     <Polygon POINTS="1348 364 1348 288 1401 304 1537 288 1621 279 1625 279 1678 288 1725 298 1766 288 1794 282 1798 282 1801 282 1892 288 1933 292 1936 288 1961 273 1964 273 1967 273 1970 273 2165 292 2172 345 2178 370 2150 389 2146 389 2143 389 1970 392 1967 392 1964 392 1920 376 1895 370 1776 373 1769 383 1760 395 1757 395 1757 398 1754 398 1750 398 1747 398 1684 386 1640 376 1603 389 1565 401 1562 401 1559 401 1555 401 1527 392 1496 379 1445 392 1405 405 1401 405 1398 405 1345 395"/>
                  </Shape>
                  <String CONTENT="La vache de Nicolas guyon"
                          HPOS="1345"
                          VPOS="273"
                          WIDTH="833"
                          HEIGHT="132"/>
               </TextLine>
               <TextLine ID="eSc_line_fa732aa5"
                         BASELINE="1348 461 2052 452 2410 464"
                         HPOS="1348"
                         VPOS="367"
                         WIDTH="1066"
                         HEIGHT="122"
                         TAGREFS="LT118">
                  <Shape>
                     <Polygon POINTS="1348 461 1351 379 1379 398 1442 379 1445 379 1449 379 1452 379 1455 379 1477 401 1571 401 1643 376 1662 370 1666 370 1669 370 1672 370 1694 376 1744 389 1785 373 1798 370 1801 370 1804 370 1807 370 1813 373 1864 401 2146 401 2190 370 2194 370 2197 370 2404 367 2410 464 2414 461 2395 480 2395 483 2392 483 2388 483 2385 483 1898 474 1637 471 1625 480 1621 483 1621 486 1618 486 1615 486 1615 489 1502 489 1499 486 1496 486 1489 483 1452 471 1348 486"/>
                  </Shape>
                  <String CONTENT="Les 8 porcs qui morurent audit Nicola"
                          HPOS="1348"
                          VPOS="367"
                          WIDTH="1066"
                          HEIGHT="122"/>
               </TextLine>
               <TextLine ID="eSc_line_24069b66"
                         BASELINE="1376 511 2319 527"
                         HPOS="1373"
                         VPOS="449"
                         WIDTH="946"
                         HEIGHT="116"
                         TAGREFS="LT118">
                  <Shape>
                     <Polygon POINTS="1376 511 1373 461 1747 449 1750 449 2316 477 2319 527 2313 565 2084 536 1911 558 1908 558 1904 558 1898 558 1697 530 1662 552 1659 552 1656 552 1653 552 1650 552 1647 552 1647 549 1625 530 1552 552 1549 552 1546 552 1543 552 1461 530 1373 549"/>
                  </Shape>
                  <String CONTENT="guyon, et les herbes donnees aux"
                          HPOS="1373"
                          VPOS="449"
                          WIDTH="946"
                          HEIGHT="116"/>
               </TextLine>
               <TextLine ID="eSc_line_bbbeb828"
                         BASELINE="1373 568 1618 574"
                         HPOS="1367"
                         VPOS="508"
                         WIDTH="251"
                         HEIGHT="85"
                         TAGREFS="LT118">
                  <Shape>
                     <Polygon POINTS="1373 568 1373 508 1530 524 1612 508 1618 574 1612 593 1367 580"/>
                  </Shape>
                  <String CONTENT="aultres"
                          HPOS="1367"
                          VPOS="508"
                          WIDTH="251"
                          HEIGHT="85"/>
               </TextLine>
               <TextLine ID="eSc_line_3ee33475"
                         BASELINE="1364 715 1864 715 2300 734"
                         HPOS="1361"
                         VPOS="615"
                         WIDTH="939"
                         HEIGHT="151"
                         TAGREFS="LT118">
                  <Shape>
                     <Polygon POINTS="1364 715 1361 624 1527 615 1530 615 1533 615 1537 615 1552 624 1590 649 1659 628 1662 628 1666 628 1669 628 1735 662 1813 662 1886 637 1889 637 1892 637 1895 637 1898 637 1923 659 2002 640 2005 640 2008 640 2137 668 2228 668 2291 634 2300 734 2294 766 2175 744 2093 763 2090 763 2087 763 2084 763 2043 741 1992 763 1989 763 1986 763 1983 763 1898 759 1895 759 1892 759 1864 734 1794 734 1361 750"/>
                  </Shape>
                  <String CONTENT="Icelle treuvee en son Curtil,"
                          HPOS="1361"
                          VPOS="615"
                          WIDTH="939"
                          HEIGHT="151"/>
               </TextLine>
               <TextLine ID="eSc_line_07f6ad76"
                         BASELINE="1389 785 2329 803"
                         HPOS="1383"
                         VPOS="731"
                         WIDTH="946"
                         HEIGHT="101"
                         TAGREFS="LT118">
                  <Shape>
                     <Polygon POINTS="1389 785 1389 731 2329 744 2329 803 2326 816 1964 832 1961 832 1958 832 1955 832 1930 816 1914 816 1763 828 1760 828 1757 828 1754 828 1754 825 1741 816 1735 806 1653 806 1615 816 1577 825 1574 825 1571 825 1383 813"/>
                  </Shape>
                  <String CONTENT="baptue dit que sestoit une"
                          HPOS="1383"
                          VPOS="731"
                          WIDTH="946"
                          HEIGHT="101"/>
               </TextLine>
               <TextLine ID="eSc_line_2cc3f87b"
                         BASELINE="1408 869 2404 879"
                         HPOS="1398"
                         VPOS="794"
                         WIDTH="1006"
                         HEIGHT="138"
                         TAGREFS="LT118">
                  <Shape>
                     <Polygon POINTS="1408 869 1408 794 1738 819 1860 803 1864 803 1989 819 2011 800 2014 800 2018 800 2021 800 2024 800 2077 819 2146 800 2150 800 2153 800 2156 800 2209 822 2275 800 2278 800 2282 800 2285 800 2401 803 2404 879 2395 932 2285 894 2096 894 2058 916 2036 929 2033 929 2030 929 2030 932 1838 932 1835 929 1832 929 1750 901 1713 888 1625 888 1612 894 1568 923 1565 923 1562 923 1483 926 1480 926 1477 926 1398 882"/>
                  </Shape>
                  <String CONTENT="beste qui lavoit ainsy traictee"
                          HPOS="1398"
                          VPOS="794"
                          WIDTH="1006"
                          HEIGHT="138"/>
               </TextLine>
               <TextLine ID="eSc_line_17f3dcf8"
                         BASELINE="1405 973 1870 954"
                         HPOS="1395"
                         VPOS="879"
                         WIDTH="475"
                         HEIGHT="141"
                         TAGREFS="LT118">
                  <Shape>
                     <Polygon POINTS="1405 973 1395 907 1738 901 1741 898 1779 879 1782 879 1785 879 1864 894 1870 954 1864 995 1816 976 1681 992 1678 992 1675 992 1672 992 1637 973 1562 973 1518 1014 1518 1017 1515 1017 1511 1017 1405 1020"/>
                  </Shape>
                  <String CONTENT="et portee la"
                          HPOS="1395"
                          VPOS="879"
                          WIDTH="475"
                          HEIGHT="141"/>
               </TextLine>
               <TextLine ID="eSc_line_e0532964"
                         BASELINE="1326 1130 2398 1130"
                         HPOS="1317"
                         VPOS="1029"
                         WIDTH="1081"
                         HEIGHT="148"
                         TAGREFS="LT118">
                  <Shape>
                     <Polygon POINTS="1326 1130 1317 1048 1339 1029 1342 1029 1345 1029 1348 1029 1596 1029 1713 1055 1766 1033 1769 1033 1772 1033 1776 1033 1779 1033 1779 1036 1807 1058 1816 1070 1967 1070 1977 1061 1996 1045 1999 1045 2002 1045 2005 1045 2008 1045 2011 1045 2030 1061 2040 1070 2162 1070 2168 1064 2212 1042 2216 1042 2219 1042 2398 1070 2398 1130 2398 1177 2263 1177 2260 1174 2256 1174 2253 1174 2209 1149 2168 1171 2162 1174 2159 1174 2159 1177 2046 1177 2043 1174 2040 1174 2036 1174 2030 1168 2011 1155 1948 1168 1923 1171 1920 1171 1917 1171 1914 1171 1911 1168 1879 1149 1719 1164 1662 1168 1659 1168 1625 1161 1559 1149 1540 1161 1518 1174 1515 1174 1511 1174 1508 1174 1505 1174 1449 1158 1408 1149 1326 1155"/>
                  </Shape>
                  <String CONTENT="La chievre domaigee par le chien"
                          HPOS="1317"
                          VPOS="1029"
                          WIDTH="1081"
                          HEIGHT="148"/>
               </TextLine>
               <TextLine ID="eSc_line_56f0c54b"
                         BASELINE="1361 1227 1439 1212 1647 1205 2366 1212"
                         HPOS="1354"
                         VPOS="1133"
                         WIDTH="1012"
                         HEIGHT="104"
                         TAGREFS="LT118">
                  <Shape>
                     <Polygon POINTS="1361 1227 1354 1158 1496 1158 1508 1155 1584 1133 1587 1133 1590 1133 1826 1133 1829 1133 1876 1152 1961 1139 1964 1139 1967 1139 1970 1139 1989 1155 1999 1158 2360 1155 2366 1212 2363 1237 1357 1237"/>
                  </Shape>
                  <String CONTENT="par de Pierrat Bourquene, et"
                          HPOS="1354"
                          VPOS="1133"
                          WIDTH="1012"
                          HEIGHT="104"/>
               </TextLine>
               <TextLine ID="eSc_line_655e6570"
                         BASELINE="1411 1281 2404 1287"
                         HPOS="1405"
                         VPOS="1208"
                         WIDTH="999"
                         HEIGHT="113"
                         TAGREFS="LT118">
                  <Shape>
                     <Polygon POINTS="1411 1281 1405 1230 1471 1208 1474 1208 1477 1208 1480 1208 1546 1227 1552 1230 1555 1227 1574 1212 1574 1208 1577 1208 1581 1208 1584 1208 1587 1208 1625 1227 1631 1230 1653 1227 1722 1215 1725 1215 1728 1215 1757 1227 1766 1230 1769 1227 1785 1212 1785 1208 1788 1208 1791 1208 1794 1208 1892 1224 1952 1234 2401 1221 2404 1287 2398 1309 2134 1299 2112 1312 2102 1318 2099 1318 2096 1318 1911 1321 1908 1321 1904 1321 1901 1321 1901 1318 1895 1312 1886 1306 1829 1315 1791 1318 1788 1318 1785 1318 1769 1315 1710 1296 1587 1315 1559 1318 1555 1318 1552 1318 1543 1315 1489 1296 1411 1315"/>
                  </Shape>
                  <String CONTENT="son cheval tost apres mort sur"
                          HPOS="1405"
                          VPOS="1208"
                          WIDTH="999"
                          HEIGHT="113"/>
               </TextLine>
               <TextLine ID="eSc_line_d9f74a8b"
                         BASELINE="1373 1356 2363 1362"
                         HPOS="1367"
                         VPOS="1284"
                         WIDTH="996"
                         HEIGHT="100"
                         TAGREFS="LT118">
                  <Shape>
                     <Polygon POINTS="1373 1356 1367 1303 1436 1284 1439 1284 1442 1284 1445 1284 1508 1303 1515 1303 1521 1303 1625 1284 1628 1284 1823 1303 1864 1287 1867 1287 1870 1287 1873 1287 1926 1306 1933 1306 1964 1306 2294 1287 2297 1287 2300 1287 2363 1309 2363 1362 2357 1384 1367 1378"/>
                  </Shape>
                  <String CONTENT="Les menaces delle et de sa fille"
                          HPOS="1367"
                          VPOS="1284"
                          WIDTH="996"
                          HEIGHT="100"/>
               </TextLine>
               <TextLine ID="eSc_line_4a0e9dbe"
                         BASELINE="1348 1447 2410 1456"
                         HPOS="1345"
                         VPOS="1375"
                         WIDTH="1065"
                         HEIGHT="116"
                         TAGREFS="LT118">
                  <Shape>
                     <Polygon POINTS="1348 1447 1345 1394 1449 1375 1452 1375 1650 1394 1675 1378 1678 1378 1681 1378 1684 1378 1688 1378 1741 1397 1747 1397 1763 1397 1898 1378 1901 1378 1904 1378 1908 1378 1936 1397 1939 1397 1945 1397 2209 1381 2212 1381 2216 1381 2219 1381 2238 1397 2253 1384 2256 1384 2260 1384 2263 1384 2407 1403 2410 1456 2404 1475 2307 1472 2288 1478 2247 1491 2244 1491 2241 1491 2238 1491 2234 1491 2212 1478 2203 1472 2168 1478 2099 1491 2096 1491 2018 1478 1955 1469 1930 1478 1908 1488 1904 1488 1901 1488 1898 1488 1895 1488 1886 1478 1867 1466 1829 1482 1823 1482 1820 1482 1816 1482 1791 1482 1618 1463 1562 1482 1549 1485 1546 1485 1543 1485 1518 1482 1417 1466 1348 1482"/>
                  </Shape>
                  <String CONTENT="de plus tous les chevaulx de la charrue"
                          HPOS="1345"
                          VPOS="1375"
                          WIDTH="1065"
                          HEIGHT="116"/>
               </TextLine>
               <TextLine ID="eSc_line_30ef9546"
                         BASELINE="1389 1526 2410 1532"
                         HPOS="1383"
                         VPOS="1450"
                         WIDTH="1027"
                         HEIGHT="104"
                         TAGREFS="LT118">
                  <Shape>
                     <Polygon POINTS="1389 1526 1386 1472 1879 1450 1882 1450 1886 1450 1889 1450 1914 1472 1974 1453 1977 1453 1980 1453 1983 1453 1986 1453 2018 1475 2021 1475 2030 1475 2140 1456 2143 1456 2407 1478 2410 1532 2404 1554 1383 1548"/>
                  </Shape>
                  <String CONTENT="mor de sa femme mort pour"
                          HPOS="1383"
                          VPOS="1450"
                          WIDTH="1027"
                          HEIGHT="104"/>
               </TextLine>
               <TextLine ID="eSc_line_7ed28af5"
                         BASELINE="1383 1595 1879 1601 2414 1626"
                         HPOS="1376"
                         VPOS="1529"
                         WIDTH="1038"
                         HEIGHT="182"
                         TAGREFS="LT118">
                  <Shape>
                     <Polygon POINTS="1383 1595 1379 1538 1584 1529 1587 1529 1703 1548 1728 1551 1744 1548 1851 1529 1854 1529 1857 1529 1860 1529 1892 1548 2027 1532 2030 1532 2216 1563 2278 1541 2282 1541 2285 1541 2410 1573 2414 1626 2407 1711 2241 1708 2238 1708 2200 1692 2109 1657 2062 1679 2043 1689 2040 1689 2036 1689 2033 1689 2030 1689 2014 1676 1961 1639 1848 1661 1750 1679 1747 1679 1640 1667 1637 1667 1634 1667 1603 1639 1584 1623 1376 1617"/>
                  </Shape>
                  <String CONTENT="navoir poyes son fils a son plaisir"
                          HPOS="1376"
                          VPOS="1529"
                          WIDTH="1038"
                          HEIGHT="182"/>
               </TextLine>
               <TextLine ID="eSc_line_556207b6"
                         BASELINE="1389 1742 2382 1767"
                         HPOS="1386"
                         VPOS="1654"
                         WIDTH="996"
                         HEIGHT="142"
                         TAGREFS="LT118">
                  <Shape>
                     <Polygon POINTS="1389 1742 1389 1654 1505 1679 1537 1664 1540 1664 1543 1664 1728 1664 1732 1664 1735 1664 1735 1667 1744 1673 1769 1701 2011 1705 2027 1692 2043 1676 2043 1673 2046 1673 2049 1673 2052 1673 2055 1673 2058 1673 2058 1676 2077 1695 2080 1695 2084 1695 2131 1683 2134 1683 2137 1683 2140 1683 2184 1701 2200 1708 2212 1701 2250 1683 2253 1683 2256 1683 2260 1683 2263 1683 2297 1708 2307 1714 2382 1714 2382 1767 2376 1796 2244 1777 2159 1789 2137 1792 2134 1792 2102 1789 2011 1774 1948 1783 1923 1786 1920 1786 1917 1786 1908 1783 1879 1770 1804 1780 1763 1783 1760 1783 1757 1783 1754 1783 1747 1777 1735 1767 1386 1767"/>
                  </Shape>
                  <String CONTENT="De la delivrance de lenfant"
                          HPOS="1386"
                          VPOS="1654"
                          WIDTH="996"
                          HEIGHT="142"/>
               </TextLine>
               <TextLine ID="eSc_line_a794161b"
                         BASELINE="1405 1811 2382 1827"
                         HPOS="1398"
                         VPOS="1745"
                         WIDTH="984"
                         HEIGHT="117"
                         TAGREFS="LT118">
                  <Shape>
                     <Polygon POINTS="1405 1811 1401 1758 1596 1745 1599 1745 2087 1770 2140 1774 2143 1774 2159 1758 2159 1755 2162 1755 2165 1755 2168 1755 2172 1755 2175 1755 2175 1758 2178 1758 2190 1774 2194 1780 2379 1780 2382 1827 2379 1840 2187 1862 2184 1862 2077 1846 1917 1855 1914 1855 1911 1855 1908 1855 1879 1833 1873 1830 1398 1827"/>
                  </Shape>
                  <String CONTENT="de la femme Mori guyon,"
                          HPOS="1398"
                          VPOS="1745"
                          WIDTH="984"
                          HEIGHT="117"/>
               </TextLine>
               <TextLine ID="eSc_line_9ab6571b"
                         BASELINE="1439 1880 2354 1902"
                         HPOS="1436"
                         VPOS="1814"
                         WIDTH="918"
                         HEIGHT="135"
                         TAGREFS="LT118">
                  <Shape>
                     <Polygon POINTS="1439 1880 1436 1833 1565 1814 1568 1814 1688 1836 1703 1840 1716 1840 1823 1821 1826 1821 1829 1821 1901 1843 1904 1843 1911 1843 2074 1827 2077 1827 2080 1827 2084 1827 2115 1849 2121 1852 2351 1855 2354 1902 2351 1949 2093 1949 2090 1946 2087 1946 2046 1937 1958 1912 1738 1912 1672 1921 1603 1934 1599 1934 1596 1934 1555 1918 1524 1905 1436 1912"/>
                  </Shape>
                  <String CONTENT="et des parolles tenues par elle."
                          HPOS="1436"
                          VPOS="1814"
                          WIDTH="918"
                          HEIGHT="135"/>
               </TextLine>
               <TextLine ID="eSc_line_92c420f9"
                         BASELINE="1367 1990 2407 1997"
                         HPOS="1364"
                         VPOS="1902"
                         WIDTH="1043"
                         HEIGHT="110"
                         TAGREFS="LT118">
                  <Shape>
                     <Polygon POINTS="1367 1990 1367 1902 1650 1931 2404 1927 2407 1997 2404 2006 1364 2012"/>
                  </Shape>
                  <String CONTENT="Des declarations par elle faicte de ce"
                          HPOS="1364"
                          VPOS="1902"
                          WIDTH="1043"
                          HEIGHT="110"/>
               </TextLine>
               <TextLine ID="eSc_line_e44308ba"
                         BASELINE="1389 2069 2341 2066"
                         HPOS="1383"
                         VPOS="1987"
                         WIDTH="958"
                         HEIGHT="119"
                         TAGREFS="LT118">
                  <Shape>
                     <Polygon POINTS="1389 2069 1383 1990 1449 1987 1452 1987 1455 1987 1458 1987 1461 1990 1483 2009 1596 2009 1612 1993 1615 1990 1618 1990 1621 1990 1625 1990 1653 1993 1722 2006 1735 1997 1741 1990 1741 1987 1744 1987 1747 1987 1750 1987 1832 1997 1898 2006 1930 2000 1980 1987 1983 1987 1986 1987 1989 1987 2049 2003 2071 2009 2335 2009 2341 2066 2338 2088 2234 2103 2231 2103 2228 2103 2225 2103 2206 2091 2190 2081 2049 2094 2008 2097 2005 2097 2002 2097 1999 2097 1999 2094 1980 2081 1923 2097 1898 2103 1895 2103 1892 2103 1889 2103 1873 2097 1835 2084 1719 2100 1691 2103 1688 2103 1675 2100 1603 2084 1584 2100 1584 2103 1581 2103 1577 2103 1577 2106 1502 2106 1499 2103 1496 2103 1449 2081 1392 2106"/>
                  </Shape>
                  <String CONTENT="que sy le prebtreb t r e  neust mis La"
                          HPOS="1383"
                          VPOS="1987"
                          WIDTH="958"
                          HEIGHT="119"/>
               </TextLine>
               <TextLine ID="eSc_line_777ed862"
                         BASELINE="1389 2147 2414 2128"
                         HPOS="1379"
                         VPOS="2059"
                         WIDTH="1035"
                         HEIGHT="135"
                         TAGREFS="LT118">
                  <Shape>
                     <Polygon POINTS="1389 2147 1379 2110 1452 2081 1455 2081 1458 2081 1540 2100 1552 2103 1571 2100 1659 2075 1662 2075 1666 2075 1669 2075 1672 2075 1700 2094 1710 2097 1713 2091 1735 2072 1735 2069 1738 2069 1741 2069 1744 2069 1747 2069 1801 2088 1823 2094 1876 2084 1974 2066 1977 2066 1980 2066 1983 2066 2002 2078 2030 2094 2065 2075 2084 2066 2087 2066 2090 2066 2121 2072 2203 2091 2404 2059 2414 2128 2414 2147 2253 2154 2253 2157 2222 2182 2222 2185 2219 2185 2216 2185 2212 2185 1986 2176 1870 2191 1867 2191 1864 2191 1826 2172 1820 2172 1804 2176 1725 2191 1722 2191 1719 2191 1716 2191 1716 2188 1703 2179 1688 2166 1599 2166 1568 2185 1555 2194 1552 2194 1549 2194 1546 2194 1543 2194 1518 2188 1467 2172 1392 2191"/>
                  </Shape>
                  <String CONTENT="main audit garson, mori girradat"
                          HPOS="1379"
                          VPOS="2059"
                          WIDTH="1035"
                          HEIGHT="135"/>
               </TextLine>
               <TextLine ID="eSc_line_79aed8e4"
                         BASELINE="1395 2232 1999 2223"
                         HPOS="1386"
                         VPOS="2157"
                         WIDTH="613"
                         HEIGHT="135"
                         TAGREFS="LT118">
                  <Shape>
                     <Polygon POINTS="1395 2232 1386 2185 1442 2160 1445 2160 1449 2160 1537 2176 1615 2157 1618 2157 1621 2157 1703 2157 1706 2157 1710 2157 1710 2160 1728 2176 1829 2157 1832 2157 1992 2176 1999 2223 1999 2285 1920 2289 1917 2289 1914 2289 1911 2289 1864 2254 1820 2289 1816 2289 1813 2289 1697 2292 1694 2292 1691 2292 1688 2292 1688 2289 1684 2289 1647 2251 1596 2251 1445 2251 1401 2292"/>
                  </Shape>
                  <String CONTENT="quelle Leust guairi"
                          HPOS="1386"
                          VPOS="2157"
                          WIDTH="613"
                          HEIGHT="135"/>
               </TextLine>
               <TextLine ID="eSc_line_194f1bd1"
                         BASELINE="1361 2348 2414 2336"
                         HPOS="1348"
                         VPOS="2235"
                         WIDTH="1066"
                         HEIGHT="148"
                         TAGREFS="LT118">
                  <Shape>
                     <Polygon POINTS="1361 2348 1348 2292 1408 2260 1411 2260 1414 2260 1417 2260 1420 2260 1420 2263 1449 2285 1458 2295 1524 2282 1562 2276 1565 2276 1606 2276 1788 2289 1820 2267 1845 2245 1848 2245 1851 2245 1854 2245 1857 2245 1898 2260 1967 2292 2024 2292 2062 2257 2062 2254 2065 2254 2068 2254 2071 2254 2234 2260 2404 2235 2414 2336 2410 2355 2172 2373 2168 2373 2165 2373 2162 2373 2162 2370 2150 2358 2143 2351 1889 2351 1845 2364 1782 2380 1779 2380 1618 2383 1615 2383 1537 2367 1493 2358 1361 2367"/>
                  </Shape>
                  <String CONTENT="Laction quelle avoit au vergier"
                          HPOS="1348"
                          VPOS="2235"
                          WIDTH="1066"
                          HEIGHT="148"/>
               </TextLine>
               <TextLine ID="eSc_line_8b6b82b8"
                         BASELINE="1395 2420 2414 2405"
                         HPOS="1392"
                         VPOS="2336"
                         WIDTH="1022"
                         HEIGHT="132"
                         TAGREFS="LT118">
                  <Shape>
                     <Polygon POINTS="1395 2420 1392 2367 1757 2367 1766 2364 1798 2342 1801 2342 1804 2342 1807 2342 1911 2361 1996 2339 1999 2339 2002 2339 2159 2342 2162 2342 2200 2361 2366 2336 2370 2336 2373 2336 2376 2336 2414 2361 2414 2405 2414 2424 2348 2455 2344 2455 2341 2455 2338 2455 2335 2455 2304 2436 2165 2458 2162 2458 2159 2458 2102 2436 2087 2430 2008 2430 1996 2439 1977 2455 1974 2455 1970 2455 1967 2455 1876 2442 1807 2433 1776 2446 1735 2464 1732 2464 1571 2468 1568 2468 1565 2468 1562 2468 1562 2464 1549 2455 1530 2439 1395 2458"/>
                  </Shape>
                  <String CONTENT="mori guyon et les chevaulx que et"
                          HPOS="1392"
                          VPOS="2336"
                          WIDTH="1022"
                          HEIGHT="132"/>
               </TextLine>
               <TextLine ID="eSc_line_d2932220"
                         BASELINE="1392 2502 2414 2483"
                         HPOS="1389"
                         VPOS="2424"
                         WIDTH="1025"
                         HEIGHT="100"
                         TAGREFS="LT118">
                  <Shape>
                     <Polygon POINTS="1392 2502 1389 2442 1716 2449 1735 2439 1760 2427 1763 2427 1766 2427 1769 2427 1810 2439 1813 2439 1816 2439 1898 2424 1901 2424 2036 2427 2040 2427 2043 2427 2043 2430 2055 2439 2058 2442 2074 2439 2146 2424 2150 2424 2153 2424 2156 2424 2172 2439 2175 2439 2404 2439 2414 2483 2414 2508 1392 2524"/>
                  </Shape>
                  <String CONTENT="bestiaulx quelle faisoit a mourir"
                          HPOS="1389"
                          VPOS="2424"
                          WIDTH="1025"
                          HEIGHT="100"/>
               </TextLine>
               <TextLine ID="eSc_line_5e761f3e"
                         BASELINE="1320 2568 1392 2558 1499 2552 2401 2555"
                         HPOS="1310"
                         VPOS="2496"
                         WIDTH="1088"
                         HEIGHT="94"
                         TAGREFS="LT118">
                  <Shape>
                     <Polygon POINTS="1317 2565 1310 2496 2395 2499 2398 2552 2398 2571 2357 2590 2354 2590 2351 2590 2194 2574 2143 2571 2134 2577 2124 2587 2121 2587 2118 2587 1964 2590 1961 2590 1958 2590 1930 2581 1904 2571 1867 2581 1832 2590 1829 2590 1826 2590 1823 2590 1820 2590 1810 2584 1788 2571 1694 2571 1656 2584 1640 2590 1637 2590 1634 2590 1631 2590 1618 2587 1574 2571 1423 2571 1313 2590"/>
                  </Shape>
                  <String CONTENT="Laccusation que lui faisoit son mari destre"
                          HPOS="1310"
                          VPOS="2496"
                          WIDTH="1088"
                          HEIGHT="94"/>
               </TextLine>
               <TextLine ID="eSc_line_a466ef25"
                         TAGREFS="LT120"
                         BASELINE="1411 2593 1568 2593"
                         HPOS="1408"
                         VPOS="2546"
                         WIDTH="160"
                         HEIGHT="60">
                  <Shape>
                     <Polygon POINTS="1411 2593 1408 2549 1565 2546 1568 2593 1568 2606 1411 2606"/>
                  </Shape>
                  <String CONTENT="sorciere"
                          HPOS="1408"
                          VPOS="2546"
                          WIDTH="160"
                          HEIGHT="60"/>
               </TextLine>
               <TextLine ID="eSc_line_54cc03ed"
                         BASELINE="1364 2653 1653 2640 2344 2653"
                         HPOS="1361"
                         VPOS="2565"
                         WIDTH="983"
                         HEIGHT="113"
                         TAGREFS="LT118">
                  <Shape>
                     <Polygon POINTS="1364 2653 1361 2587 1647 2587 1653 2584 1669 2568 1669 2565 1672 2565 1675 2565 1678 2565 1801 2581 1848 2587 1882 2581 1952 2565 1955 2565 2018 2577 2068 2590 2146 2577 2212 2568 2216 2568 2341 2577 2344 2653 2341 2659 2263 2678 2260 2678 1942 2675 1939 2675 1911 2662 1901 2659 1361 2662"/>
                  </Shape>
                  <String CONTENT="Le Cerisier vers Sainct andre"
                          HPOS="1361"
                          VPOS="2565"
                          WIDTH="983"
                          HEIGHT="113"/>
               </TextLine>
               <TextLine ID="eSc_line_e7341242"
                         BASELINE="1405 2716 2247 2716"
                         HPOS="1401"
                         VPOS="2647"
                         WIDTH="846"
                         HEIGHT="97"
                         TAGREFS="LT118">
                  <Shape>
                     <Polygon POINTS="1405 2716 1401 2656 2244 2647 2247 2716 2244 2744 2153 2728 1647 2744 1640 2744 1637 2744 1634 2744 1631 2744 1631 2741 1615 2728 1489 2728 1405 2744"/>
                  </Shape>
                  <String CONTENT="où elle estoit montee, et"
                          HPOS="1401"
                          VPOS="2647"
                          WIDTH="846"
                          HEIGHT="97"/>
               </TextLine>
               <TextLine ID="eSc_line_1e9b8993"
                         BASELINE="1392 2785 2348 2772"
                         HPOS="1383"
                         VPOS="2700"
                         WIDTH="965"
                         HEIGHT="104"
                         TAGREFS="LT118">
                  <Shape>
                     <Polygon POINTS="1392 2785 1383 2734 1430 2709 1433 2709 1436 2709 1691 2722 1801 2728 1829 2719 1867 2703 1870 2703 1873 2703 2040 2709 2285 2722 2335 2700 2348 2772 2344 2797 1392 2804"/>
                  </Shape>
                  <String CONTENT="Les 5 veau quelle feist mourir"
                          HPOS="1383"
                          VPOS="2700"
                          WIDTH="965"
                          HEIGHT="104"/>
               </TextLine>
               <TextLine ID="eSc_line_a8e2de5b"
                         BASELINE="1376 2863 2417 2835"
                         HPOS="1367"
                         VPOS="2766"
                         WIDTH="1053"
                         HEIGHT="157"
                         TAGREFS="LT118">
                  <Shape>
                     <Polygon POINTS="1376 2863 1367 2800 1552 2785 1555 2785 1681 2794 1788 2800 1807 2791 1835 2775 1838 2775 1842 2775 1986 2788 2062 2794 2074 2788 2102 2769 2106 2769 2109 2769 2112 2769 2115 2769 2153 2785 2197 2766 2200 2766 2203 2766 2206 2766 2266 2782 2282 2788 2300 2782 2351 2766 2354 2766 2357 2766 2360 2766 2414 2782 2417 2835 2420 2851 2376 2876 2373 2876 2370 2876 2194 2857 2187 2857 2184 2857 2134 2876 2131 2876 2128 2876 2124 2876 2121 2876 2102 2860 2049 2907 2046 2907 2043 2907 2040 2907 2036 2907 1898 2866 1766 2913 1763 2913 1606 2920 1606 2923 1565 2923 1562 2920 1559 2920 1555 2920 1502 2876 1420 2891 1417 2891 1414 2891 1370 2876"/>
                  </Shape>
                  <String CONTENT="Et les propos tenu par sa bellemere"
                          HPOS="1367"
                          VPOS="2766"
                          WIDTH="1053"
                          HEIGHT="157"/>
               </TextLine>
               <TextLine ID="eSc_line_d20625b0"
                         BASELINE="1386 2995 2407 2986"
                         HPOS="1383"
                         VPOS="2898"
                         WIDTH="1024"
                         HEIGHT="132"
                         TAGREFS="LT118">
                  <Shape>
                     <Polygon POINTS="1386 2995 1383 2904 1524 2923 1584 2907 1615 2901 1618 2901 1621 2901 1625 2901 1650 2910 1697 2929 1719 2910 1722 2907 1725 2907 1728 2907 1889 2898 1892 2898 1895 2898 1898 2898 1930 2917 1961 2935 2398 2932 2407 2986 2404 3004 2055 3023 2052 3023 1845 3020 1499 3011 1480 3026 1477 3026 1474 3026 1471 3026 1467 3026 1423 3011 1392 3030"/>
                  </Shape>
                  <String CONTENT="Les chevaulx devenu malade"
                          HPOS="1383"
                          VPOS="2898"
                          WIDTH="1024"
                          HEIGHT="132"/>
               </TextLine>
               <TextLine ID="eSc_line_3c730d61"
                         BASELINE="1445 3067 2219 3055"
                         HPOS="1439"
                         VPOS="2986"
                         WIDTH="783"
                         HEIGHT="122"
                         TAGREFS="LT118">
                  <Shape>
                     <Polygon POINTS="1445 3067 1439 3004 1735 2989 1738 2989 1741 2989 1744 2989 1744 2992 1763 3004 1772 3017 1823 3017 1854 3008 1930 2986 1933 2986 1936 2986 1939 2986 1942 2986 1967 3008 1974 3011 2209 3011 2219 3055 2222 3064 2168 3083 2165 3083 2162 3083 2074 3074 2030 3105 2027 3105 2024 3105 2024 3108 1876 3108 1873 3105 1870 3105 1867 3105 1867 3102 1838 3077 1782 3077 1741 3099 1738 3099 1735 3099 1732 3099 1681 3080 1577 3102 1574 3102 1571 3102 1568 3102 1540 3080 1445 3080"/>
                  </Shape>
                  <String CONTENT="a Guilliame du prai."
                          HPOS="1439"
                          VPOS="2986"
                          WIDTH="783"
                          HEIGHT="122"/>
               </TextLine>
               <TextLine ID="eSc_line_5bfa661f"
                         BASELINE="1373 3187 1452 3174 2370 3168"
                         HPOS="1364"
                         VPOS="3099"
                         WIDTH="1006"
                         HEIGHT="110"
                         TAGREFS="LT118">
                  <Shape>
                     <Polygon POINTS="1373 3187 1364 3108 1502 3102 1505 3102 1508 3102 1527 3105 1593 3124 1650 3105 1662 3102 1666 3102 1669 3102 1672 3102 1684 3105 1732 3121 1747 3105 1754 3102 1754 3099 1757 3099 1760 3099 1763 3099 1829 3105 1967 3121 2030 3105 2043 3102 2046 3102 2049 3102 2052 3102 2058 3105 2090 3121 2360 3105 2370 3168 2370 3180 2159 3202 2156 3202 2153 3202 2112 3190 2102 3187 2011 3193 1848 3202 1845 3202 1842 3202 1820 3196 1779 3187 1769 3199 1766 3202 1763 3202 1763 3205 1760 3205 1757 3205 1754 3205 1666 3202 1455 3190 1376 3209"/>
                  </Shape>
                  <String CONTENT="La maladie donnee au père"
                          HPOS="1364"
                          VPOS="3099"
                          WIDTH="1006"
                          HEIGHT="110"/>
               </TextLine>
               <TextLine ID="eSc_line_11d79665"
                         BASELINE="1411 3253 2300 3243"
                         HPOS="1398"
                         VPOS="3165"
                         WIDTH="902"
                         HEIGHT="116"
                         TAGREFS="LT118">
                  <Shape>
                     <Polygon POINTS="1411 3253 1398 3202 1439 3171 1442 3171 1445 3171 1449 3171 1527 3171 1530 3171 1533 3171 1533 3174 1552 3190 1653 3171 1656 3171 1659 3171 1662 3171 1697 3193 1901 3174 1904 3174 1908 3174 1911 3174 1933 3190 1942 3193 1952 3187 2002 3165 2005 3165 2008 3165 2118 3165 2121 3165 2124 3165 2124 3168 2140 3183 2150 3190 2291 3180 2300 3243 2300 3259 2143 3275 2140 3275 2137 3275 2134 3275 2134 3271 2124 3265 2115 3256 1967 3268 1920 3271 1917 3271 1914 3271 1908 3271 1867 3259 1829 3271 1813 3278 1810 3278 1807 3278 1804 3278 1801 3278 1794 3271 1779 3259 1750 3275 1741 3278 1738 3278 1735 3278 1732 3278 1728 3278 1725 3275 1710 3262 1540 3262 1411 3281"/>
                  </Shape>
                  <String CONTENT="de Adam girardat qui"
                          HPOS="1398"
                          VPOS="3165"
                          WIDTH="902"
                          HEIGHT="116"/>
               </TextLine>
               <TextLine ID="eSc_line_61f3a772"
                         BASELINE="1430 3318 2373 3300"
                         HPOS="1423"
                         VPOS="3237"
                         WIDTH="956"
                         HEIGHT="103"
                         TAGREFS="LT118">
                  <Shape>
                     <Polygon POINTS="1430 3318 1423 3275 1760 3246 1763 3246 1766 3246 1804 3262 1895 3243 1898 3243 1999 3259 2014 3259 2030 3256 2093 3243 2096 3243 2178 3253 2206 3256 2216 3253 2244 3237 2247 3237 2250 3237 2366 3249 2373 3300 2379 3306 2357 3328 2357 3331 2354 3331 2351 3331 2348 3331 2344 3331 2288 3315 2216 3334 2212 3334 2212 3337 1996 3337 1992 3334 1989 3334 1986 3334 1967 3318 1964 3318 1961 3318 1823 3340 1820 3340 1427 3331"/>
                  </Shape>
                  <String CONTENT="morut et la declaration quelle"
                          HPOS="1423"
                          VPOS="3237"
                          WIDTH="956"
                          HEIGHT="103"/>
               </TextLine>
               <TextLine ID="eSc_line_f0e61433"
                         BASELINE="1442 3384 2335 3372"
                         HPOS="1439"
                         VPOS="3315"
                         WIDTH="899"
                         HEIGHT="120"
                         TAGREFS="LT118">
                  <Shape>
                     <Polygon POINTS="1442 3384 1439 3315 2329 3315 2335 3372 2338 3388 2241 3425 2238 3425 2109 3428 2106 3428 2102 3428 2011 3406 1977 3397 1961 3410 1952 3416 1948 3416 1945 3416 1942 3416 1939 3416 1936 3416 1936 3413 1930 3410 1911 3391 1713 3406 1710 3406 1706 3406 1678 3394 1621 3419 1618 3419 1615 3419 1612 3419 1530 3397 1445 3435"/>
                  </Shape>
                  <String CONTENT="feist que sil ne fust este"
                          HPOS="1439"
                          VPOS="3315"
                          WIDTH="899"
                          HEIGHT="120"/>
               </TextLine>
               <TextLine ID="eSc_line_dd88735f"
                         BASELINE="1427 3454 2011 3444"
                         HPOS="1420"
                         VPOS="3372"
                         WIDTH="591"
                         HEIGHT="119"
                         TAGREFS="LT118">
                  <Shape>
                     <Polygon POINTS="1427 3454 1420 3384 1609 3394 1697 3381 1735 3375 1738 3375 1741 3375 1757 3378 1801 3394 1820 3378 1826 3372 1829 3372 1832 3372 1835 3372 1838 3372 1851 3378 1876 3391 2002 3378 2011 3444 2011 3469 1427 3491"/>
                  </Shape>
                  <String CONTENT="administre etc"
                          HPOS="1420"
                          VPOS="3372"
                          WIDTH="591"
                          HEIGHT="119"/>
               </TextLine>
            </TextBlock>
            <TextBlock HPOS="1219"
                       VPOS="3541"
                       WIDTH="123"
                       HEIGHT="123"
                       ID="eSc_textblock_4edce885"
                       TAGREFS="BT370">
               <Shape>
                  <Polygon POINTS="1342 3567 1317 3664 1219 3664 1232 3541"/>
               </Shape>
               <TextLine ID="eSc_line_493d2122"
                         BASELINE="1235 3661 1298 3661"
                         HPOS="1235"
                         VPOS="3526"
                         WIDTH="63"
                         HEIGHT="216"
                         TAGREFS="LT118">
                  <Shape>
                     <Polygon POINTS="1235 3661 1235 3526 1298 3526 1298 3661 1298 3742 1235 3742"/>
                  </Shape>
                  <String CONTENT="1" HPOS="1235" VPOS="3526" WIDTH="63" HEIGHT="216"/>
               </TextLine>
            </TextBlock>
            <TextBlock HPOS="2273"
                       VPOS="3579"
                       WIDTH="82"
                       HEIGHT="78"
                       ID="eSc_textblock_221ca9b9"
                       TAGREFS="BT371">
               <Shape>
                  <Polygon POINTS="2348 3579 2355 3650 2273 3657 2288 3579"/>
               </Shape>
               <TextLine ID="eSc_line_636a7808"
                         BASELINE="2289 3640 2347 3640"
                         HPOS="2285"
                         VPOS="3570"
                         WIDTH="59"
                         HEIGHT="194"
                         TAGREFS="LT118">
                  <Shape>
                     <Polygon POINTS="2288 3639 2285 3573 2341 3570 2344 3639 2344 3761 2288 3764"/>
                  </Shape>
                  <String CONTENT="1" HPOS="2285" VPOS="3570" WIDTH="59" HEIGHT="194"/>
               </TextLine>
            </TextBlock>
         </PrintSpace>
      </Page>
   </Layout>
</alto>
