<alto xmlns:xsi="http://www.w3.org/2001/XMLSchema-instance"
      xmlns="http://www.loc.gov/standards/alto/ns-v4#"
      xsi:schemaLocation="http://www.loc.gov/standards/alto/ns-v4# http://www.loc.gov/standards/alto/v4/alto-4-2.xsd">
   <Description>
      <MeasurementUnit>pixel</MeasurementUnit>
      <sourceImageInformation>
         <fileName>B_168_15-2-3_0003.jpg</fileName>
      </sourceImageInformation>
   </Description>
   <Tags>
      <OtherTag ID="BT365"
                LABEL="MainZone:column"
                DESCRIPTION="block type MainZone:column"/>
      <OtherTag ID="BT367" LABEL="MainZone" DESCRIPTION="block type MainZone"/>
      <OtherTag ID="BT368"
                LABEL="MarginTextZone"
                DESCRIPTION="block type MarginTextZone"/>
      <OtherTag ID="BT369"
                LABEL="MarginTextZone:note"
                DESCRIPTION="block type MarginTextZone:note"/>
      <OtherTag ID="BT370"
                LABEL="NumberingZone:other"
                DESCRIPTION="block type NumberingZone:other"/>
      <OtherTag ID="BT371"
                LABEL="NumberingZone:page"
                DESCRIPTION="block type NumberingZone:page"/>
      <OtherTag ID="BT379"
                LABEL="DecorationZone"
                DESCRIPTION="block type DecorationZone"/>
      <OtherTag ID="BT380"
                LABEL="CustomZone:signature"
                DESCRIPTION="block type CustomZone:signature"/>
      <OtherTag ID="LT118" LABEL="DefaultLine" DESCRIPTION="line type DefaultLine"/>
      <OtherTag ID="LT119" LABEL="HeadingLine" DESCRIPTION="line type HeadingLine"/>
      <OtherTag ID="LT120"
                LABEL="InterlinearLine"
                DESCRIPTION="line type InterlinearLine"/>
   </Tags>
   <Layout>
      <Page WIDTH="2648"
            HEIGHT="3947"
            PHYSICAL_IMG_NR="16"
            ID="eSc_dummypage_">
         <PrintSpace HPOS="0" VPOS="0" WIDTH="2648" HEIGHT="3947">
            <TextBlock HPOS="118"
                       VPOS="289"
                       WIDTH="728"
                       HEIGHT="365"
                       ID="eSc_textblock_bfacd2fd"
                       TAGREFS="BT368">
               <Shape>
                  <Polygon POINTS="210 654 118 404 131 289 325 316 569 309 799 318 846 635"/>
               </Shape>
               <TextLine ID="eSc_line_e7c1acc8"
                         BASELINE="124 365 767 358"
                         HPOS="111"
                         VPOS="282"
                         WIDTH="655"
                         HEIGHT="106"
                         TAGREFS="LT118">
                  <Shape>
                     <Polygon POINTS="121 361 111 302 148 282 151 282 154 282 302 282 305 282 355 302 381 312 615 312 621 302 638 289 638 286 641 286 644 286 648 286 651 286 654 286 677 302 687 309 697 302 717 286 720 286 723 286 726 286 730 286 763 302 766 355 763 381 121 388"/>
                  </Shape>
                  <String CONTENT="Confesse avoir maudit"
                          HPOS="111"
                          VPOS="282"
                          WIDTH="655"
                          HEIGHT="106"/>
               </TextLine>
               <TextLine ID="eSc_line_cf977ed6"
                         BASELINE="151 424 796 407"
                         HPOS="144"
                         VPOS="348"
                         WIDTH="652"
                         HEIGHT="105"
                         TAGREFS="LT118">
                  <Shape>
                     <Polygon POINTS="151 424 144 374 786 348 796 407 789 440 559 430 542 447 539 447 539 450 536 450 532 450 529 450 506 447 414 434 151 453"/>
                  </Shape>
                  <String CONTENT="celle que faisoit 20 tord"
                          HPOS="144"
                          VPOS="348"
                          WIDTH="652"
                          HEIGHT="105"/>
               </TextLine>
               <TextLine ID="eSc_line_26ee09fb"
                         BASELINE="177 483 671 480 737 480"
                         HPOS="167"
                         VPOS="414"
                         WIDTH="569"
                         HEIGHT="85"
                         TAGREFS="LT118">
                  <Shape>
                     <Polygon POINTS="174 480 167 430 730 414 736 476 730 499 171 496"/>
                  </Shape>
                  <String CONTENT="a laultre quelle ne"
                          HPOS="167"
                          VPOS="414"
                          WIDTH="569"
                          HEIGHT="85"/>
               </TextLine>
               <TextLine ID="eSc_line_6c2a8a22"
                         BASELINE="174 555 737 550"
                         HPOS="167"
                         VPOS="476"
                         WIDTH="569"
                         HEIGHT="99"
                         TAGREFS="LT118">
                  <Shape>
                     <Polygon POINTS="171 552 167 480 427 493 476 486 572 476 575 476 578 476 582 476 601 493 605 493 611 493 687 476 690 476 694 476 733 496 736 549 736 575 171 575"/>
                  </Shape>
                  <String CONTENT="deust point vivre ung"
                          HPOS="167"
                          VPOS="476"
                          WIDTH="569"
                          HEIGHT="99"/>
               </TextLine>
               <TextLine ID="eSc_line_781f3fc2"
                         BASELINE="200 621 851 608"
                         HPOS="190"
                         VPOS="571"
                         WIDTH="658"
                         HEIGHT="90"
                         TAGREFS="LT118">
                  <Shape>
                     <Polygon POINTS="197 618 190 578 289 575 292 575 296 575 299 575 305 582 315 592 328 582 345 572 348 572 351 572 355 572 473 572 476 572 480 572 480 575 496 588 798 571 842 601 848 605 845 644 197 661"/>
                  </Shape>
                  <String CONTENT="an. Et est depuis morte"
                          HPOS="190"
                          VPOS="571"
                          WIDTH="658"
                          HEIGHT="90"/>
               </TextLine>
            </TextBlock>
            <TextBlock HPOS="421"
                       VPOS="105"
                       WIDTH="253"
                       HEIGHT="233"
                       ID="eSc_textblock_9827df2a"
                       TAGREFS="BT370">
               <Shape>
                  <Polygon POINTS="430 105 421 338 674 301 674 105"/>
               </Shape>
               <TextLine ID="eSc_line_5072d7ac"
                         BASELINE="439 323 650 290"
                         HPOS="414"
                         VPOS="128"
                         WIDTH="234"
                         HEIGHT="217"
                         TAGREFS="LT118">
                  <Shape>
                     <Polygon POINTS="437 322 414 207 526 141 529 141 532 141 618 128 648 289 648 319 437 345"/>
                  </Shape>
                  <String CONTENT="65" HPOS="414" VPOS="128" WIDTH="234" HEIGHT="217"/>
               </TextLine>
            </TextBlock>
            <TextBlock HPOS="539"
                       VPOS="174"
                       WIDTH="2056"
                       HEIGHT="848"
                       ID="eSc_textblock_57d85995"
                       TAGREFS="BT367">
               <Shape>
                  <Polygon POINTS="2529 670 2529 812 1536 851 1414 947 1467 973 1440 1009 618 1022 539 828 565 776 667 763 724 842 722 722 818 636 784 174 891 197 2569 223 2542 404 2595 562"/>
               </Shape>
               <TextLine ID="eSc_line_d1880515"
                         BASELINE="832 292 1332 263 2486 289"
                         HPOS="825"
                         VPOS="177"
                         WIDTH="1661"
                         HEIGHT="148"
                         TAGREFS="LT118">
                  <Shape>
                     <Polygon POINTS="832 292 825 184 888 177 891 177 894 177 898 177 898 180 904 184 927 210 1411 210 1440 190 1450 184 1453 184 1457 184 1460 184 1667 184 1671 184 1674 184 1690 194 1717 210 1749 194 1763 190 1766 190 1769 190 1773 190 1776 190 1782 197 1819 217 1878 197 1911 187 1914 187 1917 187 1999 187 2003 187 2006 187 2019 200 2039 213 2062 200 2088 187 2092 187 2095 187 2098 187 2151 200 2210 217 2240 203 2266 190 2269 190 2273 190 2332 203 2404 220 2483 207 2486 289 2483 292 2322 325 2319 325 2315 325 2213 296 2194 292 2184 299 2138 322 2134 322 2134 325 2059 325 2055 322 2052 322 2049 322 2049 319 2026 299 2019 292 1999 299 1937 322 1934 322 1930 322 1927 322 1924 322 1924 319 1901 302 1888 286 1763 286 1700 302 1680 309 1677 309 1674 309 1671 309 1667 309 1664 302 1644 289 1549 305 1536 305 1532 305 1529 305 1526 305 1463 282 1404 305 1401 305 1398 305 1394 305 1322 279 1144 279 1052 312 1049 312 1046 312 1046 315 828 315"/>
                  </Shape>
                  <String CONTENT="A quelle occasion ladite Annelin fust faschee"
                          HPOS="825"
                          VPOS="177"
                          WIDTH="1661"
                          HEIGHT="148"/>
               </TextLine>
               <TextLine ID="eSc_line_dee8beee"
                         BASELINE="836 358 1753 348 2506 381"
                         HPOS="828"
                         VPOS="266"
                         WIDTH="1675"
                         HEIGHT="141"
                         TAGREFS="LT118">
                  <Shape>
                     <Polygon POINTS="835 355 832 299 921 299 950 276 953 276 957 276 960 276 963 276 967 276 999 299 1115 299 1134 299 1138 299 1328 266 1332 266 1335 266 1398 282 1621 269 1624 269 1628 269 1687 299 1835 279 1838 279 1842 279 1914 309 1917 309 1921 309 1970 276 1973 276 1976 276 1980 276 2036 276 2039 276 2042 276 2042 279 2075 309 2200 276 2203 276 2207 276 2210 276 2279 312 2282 315 2499 315 2503 378 2499 407 2213 407 2210 404 2207 404 2203 404 2171 381 2101 388 2098 388 2095 388 2039 368 1733 368 1694 384 1690 384 1687 384 1684 384 1618 358 1328 358 1223 378 1220 378 1217 378 1157 361 1098 391 1095 391 1092 391 828 388"/>
                  </Shape>
                  <String CONTENT="lors quela f coiffe de la seure Thevnat"
                          HPOS="828"
                          VPOS="266"
                          WIDTH="1675"
                          HEIGHT="141"/>
               </TextLine>
               <TextLine ID="eSc_line_1b736935"
                         BASELINE="822 474 1546 427 2457 444"
                         HPOS="809"
                         VPOS="338"
                         WIDTH="1644"
                         HEIGHT="155"
                         TAGREFS="LT118">
                  <Shape>
                     <Polygon POINTS="819 473 809 401 1039 397 1065 374 1065 371 1069 371 1072 371 1240 348 1243 348 1325 348 1328 348 1401 384 1447 345 1450 345 1453 345 1457 345 1671 345 1674 345 1677 345 1700 365 1726 342 1730 342 1733 342 1736 342 1740 342 1825 381 1891 338 1894 338 1898 338 1901 338 1904 338 1973 368 2151 355 2154 355 2157 355 2161 355 2190 378 2447 378 2453 440 2447 467 2273 450 2207 467 2203 467 2200 467 2197 467 2108 437 1980 437 1924 473 1921 473 1917 473 1832 476 1828 476 1825 476 1822 476 1773 444 1674 444 1325 447 1246 483 1243 483 1240 483 1236 483 1157 457 1072 486 1069 486 819 493"/>
                  </Shape>
                  <String CONTENT="maillat fust perdue, Et sy elle scait rien"
                          HPOS="809"
                          VPOS="338"
                          WIDTH="1644"
                          HEIGHT="155"/>
               </TextLine>
               <TextLine ID="eSc_line_427fd2c2"
                         BASELINE="799 550 868 549 1618 513 2249 516 2588 539"
                         HPOS="786"
                         VPOS="427"
                         WIDTH="1799"
                         HEIGHT="151"
                         TAGREFS="LT118">
                  <Shape>
                     <Polygon POINTS="796 549 786 483 993 457 996 457 1101 473 1194 444 1197 444 1200 444 1342 470 1391 440 1394 440 1398 440 1401 440 1598 453 1667 437 1671 437 1674 437 1677 437 1743 460 1809 434 1812 434 1815 434 1819 434 1822 434 1822 437 1851 463 1884 463 1898 463 1898 460 1927 440 1930 440 1934 440 1937 440 1940 440 2009 457 2088 440 2092 440 2371 453 2414 453 2424 453 2499 427 2503 427 2506 427 2509 427 2585 450 2585 536 2585 559 2338 565 2335 565 2332 565 2322 562 2282 549 2266 562 2266 565 2263 565 2259 565 2124 569 2121 569 2118 569 2108 565 2032 526 1967 552 1963 552 1960 552 1957 552 1911 529 1779 529 1740 565 1736 565 1733 565 1730 565 1726 565 1654 536 1414 536 1335 569 1312 578 1309 578 1305 578 1302 578 1299 578 1299 575 1292 569 1259 539 1197 559 1194 559 1190 559 1032 546 796 572"/>
                  </Shape>
                  <String CONTENT="de la maladie dicelle dequoi la mort sen ensuivit"
                          HPOS="786"
                          VPOS="427"
                          WIDTH="1799"
                          HEIGHT="151"/>
               </TextLine>
               <TextLine ID="eSc_line_7f2f2614"
                         BASELINE="835 832 1555 786 2493 802"
                         HPOS="825"
                         VPOS="713"
                         WIDTH="1668"
                         HEIGHT="129"
                         TAGREFS="LT118">
                  <Shape>
                     <Polygon POINTS="835 832 825 763 894 736 898 736 901 736 1039 756 1049 756 1240 756 1249 749 1296 726 1299 726 1444 723 1447 723 1450 723 1453 723 1476 740 1509 723 1513 723 1756 720 1759 720 1763 720 1815 736 1848 746 1858 736 1874 720 1874 717 1878 717 1881 717 1884 717 1888 717 1927 733 1937 736 1947 733 1990 717 1993 717 1996 717 1999 717 2003 717 2019 730 2039 746 2118 746 2151 726 2180 713 2184 713 2187 713 2256 723 2351 740 2486 720 2493 802 2490 822 2256 822 2253 819 2249 819 2190 799 1996 819 1993 819 1990 819 1927 802 1805 825 1802 825 1799 825 1749 809 1381 809 835 842"/>
                  </Shape>
                  <String CONTENT="chievres de Nicolas torel et comme le laict"
                          HPOS="825"
                          VPOS="713"
                          WIDTH="1668"
                          HEIGHT="129"/>
               </TextLine>
               <TextLine ID="eSc_line_aabdc9dc"
                         BASELINE="574 875 638 873 825 744 1453 700 2486 703"
                         HPOS="549"
                         VPOS="622"
                         WIDTH="1934"
                         HEIGHT="253"
                         TAGREFS="LT118">
                  <Shape>
                     <Polygon POINTS="572 874 549 823 762 678 807 660 887 682 865 694 1023 684 1082 677 1085 677 1299 664 1598 654 1601 654 1605 654 1608 654 1806 622 1966 651 2016 654 2019 654 2023 654 2026 654 2053 640 2100 653 2164 654 2167 654 2200 637 2483 664 2483 700 2483 726 2355 756 2351 756 2348 756 2345 756 2345 753 2325 736 2309 720 2128 713 2072 736 2069 736 2065 736 2062 736 2059 736 2059 733 2032 713 1990 749 1986 749 1983 749 1980 749 1976 749 1930 730 1898 753 1894 753 1766 710 1720 733 1717 733 1713 733 1710 733 1707 733 1674 713 1569 713 1493 759 1490 759 1486 759 1483 759 1480 759 1476 759 1430 723 1325 723 1253 772 1249 772 1246 772 1243 772 1240 772 1141 733 1042 733 940 746 807 786 641 875"/>
                  </Shape>
                  <String CONTENT="21 Sy elle scait point qui avoit oste Le laict aux"
                          HPOS="549"
                          VPOS="622"
                          WIDTH="1934"
                          HEIGHT="253"/>
               </TextLine>
               <TextLine ID="eSc_line_1667bfd8"
                         BASELINE="792 917 1427 891"
                         HPOS="786"
                         VPOS="812"
                         WIDTH="641"
                         HEIGHT="141"
                         TAGREFS="LT118">
                  <Shape>
                     <Polygon POINTS="792 917 786 855 904 835 907 835 911 835 967 848 986 855 999 848 1032 832 1036 832 1039 832 1121 845 1138 848 1151 845 1259 812 1263 812 1266 812 1421 842 1427 891 1424 917 1371 907 1289 927 1226 940 1223 940 1220 940 1194 930 1144 917 1072 937 1032 950 1029 950 1026 950 980 943 878 927 796 953"/>
                  </Shape>
                  <String CONTENT="Leur est revenu."
                          HPOS="786"
                          VPOS="812"
                          WIDTH="641"
                          HEIGHT="141"/>
               </TextLine>
               <TextLine ID="eSc_line_3e470b6c"
                         BASELINE="601 970 855 976"
                         HPOS="598"
                         VPOS="901"
                         WIDTH="257"
                         HEIGHT="121"
                         TAGREFS="LT118">
                  <Shape>
                     <Polygon POINTS="601 970 608 901 634 920 677 904 680 904 684 904 687 904 740 924 851 907 855 976 851 993 598 1022"/>
                  </Shape>
                  <String CONTENT="Negat"
                          HPOS="598"
                          VPOS="901"
                          WIDTH="257"
                          HEIGHT="121"/>
               </TextLine>
            </TextBlock>
            <TextBlock HPOS="432"
                       VPOS="1052"
                       WIDTH="2150"
                       HEIGHT="2220"
                       ID="eSc_textblock_fd497b17"
                       TAGREFS="BT367">
               <Shape>
                  <Polygon POINTS="2450 1812 2569 1894 2582 2154 2555 2207 2174 2351 2463 2486 2463 2575 2319 2654 2569 2789 2582 3062 2529 3206 2042 3272 749 3259 432 3013 539 2614 513 2575 552 2289 697 2184 499 2141 499 2012 723 1996 565 1943 592 1789 526 1759 526 1644 654 1657 763 1591 694 1536 565 1536 526 1302 565 1236 749 1052 2476 1078 2582 1417 2463 1539 2503 1707"/>
               </Shape>
               <TextLine ID="eSc_line_1373c5d0"
                         BASELINE="832 1240 1575 1213 2440 1207"
                         HPOS="822"
                         VPOS="1134"
                         WIDTH="1618"
                         HEIGHT="132"
                         TAGREFS="LT118">
                  <Shape>
                     <Polygon POINTS="832 1240 822 1177 1026 1147 1029 1147 1105 1161 1200 1144 1203 1144 1292 1164 1315 1167 1325 1161 1368 1141 1371 1141 1374 1141 1578 1154 1661 1161 1674 1154 1697 1134 1700 1134 1703 1134 1707 1134 1710 1134 1763 1151 1789 1157 1835 1147 1894 1138 1898 1138 1901 1138 1917 1147 1934 1154 1950 1144 1973 1134 1976 1134 1980 1134 2036 1144 2088 1151 2430 1134 2440 1207 2440 1240 2210 1243 2207 1243 2203 1243 2121 1223 2088 1246 2085 1246 2082 1246 2078 1246 2069 1246 1947 1226 1901 1246 1898 1246 1894 1246 1891 1246 1888 1246 1865 1226 1796 1246 1792 1246 1789 1246 1509 1233 1450 1253 1430 1259 1427 1259 1424 1259 1355 1256 1171 1240 1131 1256 1111 1266 1108 1266 1105 1266 1059 1259 1013 1249 999 1259 993 1266 990 1266 986 1266 983 1266 828 1259"/>
                  </Shape>
                  <String CONTENT="des vaches de dedie villain lors quelle ladite"
                          HPOS="822"
                          VPOS="1134"
                          WIDTH="1618"
                          HEIGHT="132"/>
               </TextLine>
               <TextLine ID="eSc_line_cd11386a"
                         BASELINE="570 1349 679 1335 805 1167 1907 1121 2453 1141"
                         HPOS="552"
                         VPOS="1073"
                         WIDTH="1898"
                         HEIGHT="275"
                         TAGREFS="LT118">
                  <Shape>
                     <Polygon POINTS="569 1348 552 1191 710 1187 710 1184 770 1073 871 1118 874 1118 954 1107 1072 1124 1075 1124 1128 1093 1213 1101 1217 1101 1222 1101 1325 1098 1328 1098 1332 1098 1384 1121 1450 1092 1453 1092 1838 1075 1842 1075 1993 1075 1996 1075 1999 1075 2046 1105 2138 1095 2141 1095 2144 1095 2148 1095 2148 1098 2164 1111 2174 1111 2305 1088 2309 1088 2447 1098 2450 1138 2447 1151 2358 1170 2355 1170 2299 1161 2124 1131 2019 1164 2016 1164 2013 1164 2009 1164 2006 1164 1967 1134 1937 1154 1934 1154 1930 1154 1927 1154 1832 1134 1759 1167 1756 1167 1753 1167 1749 1167 1684 1144 1565 1187 1562 1187 1559 1187 1555 1187 1453 1147 1378 1147 1309 1157 1279 1187 1279 1190 1276 1190 1273 1190 1269 1190 1266 1190 1184 1161 1108 1184 1105 1184 1101 1184 930 1167 766 1259 763 1259 687 1331"/>
                  </Shape>
                  <String CONTENT="22 Sy elle scait point qui estoit la cause du laict"
                          HPOS="552"
                          VPOS="1073"
                          WIDTH="1898"
                          HEIGHT="275"/>
               </TextLine>
               <TextLine ID="eSc_line_40787150"
                         BASELINE="809 1322 1555 1295 2490 1302"
                         HPOS="792"
                         VPOS="1223"
                         WIDTH="1694"
                         HEIGHT="122"
                         TAGREFS="LT118">
                  <Shape>
                     <Polygon POINTS="805 1318 792 1259 825 1236 828 1236 832 1236 835 1236 838 1236 888 1259 1075 1259 1115 1259 1115 1256 1177 1230 1180 1230 1184 1230 1345 1230 1483 1253 1496 1236 1499 1236 1499 1233 1503 1233 1506 1233 1509 1233 1628 1243 1677 1226 1680 1226 1684 1226 1687 1226 1733 1243 1855 1223 1858 1223 2023 1223 2026 1223 2098 1246 2437 1226 2440 1226 2444 1226 2486 1246 2486 1299 2486 1309 2407 1328 2404 1328 2332 1315 2036 1332 2032 1332 2029 1332 2026 1332 2013 1318 2009 1315 1999 1318 1973 1332 1970 1332 1967 1332 1963 1332 1960 1332 1960 1328 1950 1322 1940 1312 1851 1312 1782 1325 1717 1335 1713 1335 1624 1328 1503 1315 1470 1332 1463 1332 1460 1332 1457 1332 1427 1332 1256 1318 1240 1335 1236 1335 1236 1338 1233 1338 1230 1338 1226 1338 1203 1335 1128 1322 1095 1338 1085 1341 1082 1341 1082 1345 805 1345"/>
                  </Shape>
                  <String CONTENT="Annelin fust au marche avec leur mere,"
                          HPOS="792"
                          VPOS="1223"
                          WIDTH="1694"
                          HEIGHT="122"/>
               </TextLine>
               <TextLine ID="eSc_line_b3b0e475"
                         BASELINE="825 1404 1654 1381 2569 1391"
                         HPOS="822"
                         VPOS="1299"
                         WIDTH="1750"
                         HEIGHT="131"
                         TAGREFS="LT118">
                  <Shape>
                     <Polygon POINTS="825 1404 822 1332 1052 1332 1065 1328 1138 1305 1141 1305 1144 1305 1246 1328 1263 1332 1269 1328 1312 1302 1315 1302 1319 1302 1322 1302 1450 1328 1463 1332 1559 1332 1562 1328 1578 1312 1578 1309 1582 1309 1585 1309 1588 1309 1592 1309 1661 1328 1667 1328 1674 1328 1726 1302 1730 1302 1842 1299 1845 1299 2565 1325 2569 1391 2572 1391 2532 1417 2529 1417 2526 1417 2523 1417 2519 1417 2490 1401 2473 1417 2470 1417 2467 1417 2463 1417 2328 1401 2282 1417 2279 1417 2276 1417 2177 1401 2161 1397 2154 1401 2118 1420 2115 1420 2111 1420 2108 1420 2069 1401 2059 1397 1855 1397 1842 1407 1822 1424 1819 1424 1815 1424 1812 1424 1671 1411 1542 1401 1457 1417 1417 1424 1414 1424 1361 1420 1230 1404 1164 1424 1151 1427 1148 1427 1144 1427 1115 1424 973 1407 825 1430"/>
                  </Shape>
                  <String CONTENT="et avoit tenu et manie en ses mains lebeurre"
                          HPOS="822"
                          VPOS="1299"
                          WIDTH="1750"
                          HEIGHT="131"/>
               </TextLine>
               <TextLine ID="eSc_line_735c73bb"
                         BASELINE="569 1486 888 1480"
                         HPOS="552"
                         VPOS="1397"
                         WIDTH="336"
                         HEIGHT="106"
                         TAGREFS="LT118">
                  <Shape>
                     <Polygon POINTS="569 1486 552 1420 592 1397 595 1397 598 1397 601 1397 881 1404 888 1480 884 1503 569 1503"/>
                  </Shape>
                  <String CONTENT="Negat"
                          HPOS="552"
                          VPOS="1397"
                          WIDTH="336"
                          HEIGHT="106"/>
               </TextLine>
               <TextLine ID="eSc_line_b0541545"
                         BASELINE="530 1743 629 1736 841 1616 1450 1591 2384 1601"
                         HPOS="519"
                         VPOS="1509"
                         WIDTH="1862"
                         HEIGHT="230"
                         TAGREFS="LT118">
                  <Shape>
                     <Polygon POINTS="529 1739 519 1598 717 1595 723 1588 776 1539 776 1536 779 1536 782 1536 884 1522 888 1522 891 1522 944 1536 970 1519 973 1519 976 1519 1256 1513 1259 1513 1263 1513 1332 1542 1374 1519 1378 1519 1381 1519 1384 1519 1490 1549 1509 1529 1513 1529 1516 1529 1667 1513 1671 1513 1674 1513 1743 1545 1746 1545 1838 1509 1842 1509 1845 1509 1848 1509 1894 1532 1934 1513 1937 1513 1940 1513 1944 1513 1947 1513 1983 1536 1996 1542 2042 1532 2049 1532 2052 1532 2055 1532 2128 1552 2226 1526 2236 1522 2240 1522 2243 1522 2246 1522 2253 1522 2309 1545 2371 1519 2381 1598 2289 1631 2286 1631 2282 1631 2223 1621 2190 1644 2187 1644 2184 1644 2180 1644 2042 1618 2003 1611 1986 1621 1947 1647 1944 1647 1940 1647 1937 1647 1799 1631 1736 1624 1726 1634 1720 1644 1717 1644 1717 1647 1713 1647 1710 1647 1707 1647 1703 1647 1700 1647 1684 1638 1628 1605 1575 1624 1572 1624 1569 1624 1565 1624 1562 1624 1532 1608 1424 1611 1315 1647 1312 1647 1309 1647 1305 1647 1243 1618 1174 1638 1171 1638 1167 1638 1036 1621 878 1654 874 1654 871 1654 842 1644 736 1690 726 1693 723 1693 631 1737"/>
                  </Shape>
                  <String CONTENT="23. Sy elle scait point la cause dela maladie"
                          HPOS="519"
                          VPOS="1509"
                          WIDTH="1862"
                          HEIGHT="230"/>
               </TextLine>
               <TextLine ID="eSc_line_9c519179"
                         BASELINE="809 1690 1661 1677 2450 1697"
                         HPOS="802"
                         VPOS="1601"
                         WIDTH="1648"
                         HEIGHT="129"
                         TAGREFS="LT118">
                  <Shape>
                     <Polygon POINTS="809 1690 802 1628 1023 1605 1026 1605 1029 1605 1098 1624 1121 1605 1124 1605 1128 1605 1131 1605 1305 1621 1430 1601 1434 1601 2447 1631 2450 1697 2447 1730 2374 1730 2371 1726 2368 1726 2365 1726 2335 1703 2213 1726 2210 1726 2207 1726 2197 1726 1960 1707 1832 1726 1815 1726 1812 1726 1809 1726 1805 1726 1759 1700 1384 1700 1292 1723 1289 1723 1286 1723 1282 1723 1279 1723 1226 1697 1078 1697 1029 1723 1026 1723 1023 1723 1019 1723 802 1720"/>
                  </Shape>
                  <String CONTENT="du cheval dudit dedie Lors quelle quil lui"
                          HPOS="802"
                          VPOS="1601"
                          WIDTH="1648"
                          HEIGHT="129"/>
               </TextLine>
               <TextLine ID="eSc_line_dd54d23e"
                         BASELINE="832 1772 1644 1759 2355 1772"
                         HPOS="822"
                         VPOS="1687"
                         WIDTH="1533"
                         HEIGHT="135"
                         TAGREFS="LT118">
                  <Shape>
                     <Polygon POINTS="832 1772 822 1713 878 1690 881 1690 884 1690 1016 1710 1046 1687 1049 1687 1052 1687 1055 1687 1187 1713 1378 1713 1434 1687 1437 1687 1440 1687 1552 1703 1792 1687 1796 1687 1799 1687 1802 1687 1832 1713 1878 1713 1901 1690 1901 1687 1904 1687 1907 1687 1911 1687 2023 1710 2253 1693 2256 1693 2351 1713 2355 1772 2348 1818 2171 1795 2131 1809 2128 1809 2124 1809 2121 1809 2059 1782 1986 1815 1983 1815 1980 1815 1786 1782 1532 1782 1430 1818 1427 1818 1427 1822 1269 1822 1266 1818 1263 1818 1154 1782 1036 1818 1032 1818 832 1822"/>
                  </Shape>
                  <String CONTENT="refusa daller querir une charre de bois"
                          HPOS="822"
                          VPOS="1687"
                          WIDTH="1533"
                          HEIGHT="135"/>
               </TextLine>
               <TextLine ID="eSc_line_45a09aca"
                         BASELINE="592 1874 944 1855"
                         HPOS="585"
                         VPOS="1782"
                         WIDTH="359"
                         HEIGHT="132"
                         TAGREFS="LT118">
                  <Shape>
                     <Polygon POINTS="592 1874 585 1822 648 1818 648 1815 703 1782 707 1782 710 1782 713 1782 940 1802 944 1855 944 1871 592 1914"/>
                  </Shape>
                  <String CONTENT="Negat."
                          HPOS="585"
                          VPOS="1782"
                          WIDTH="359"
                          HEIGHT="132"/>
               </TextLine>
               <TextLine ID="eSc_line_a79327c9"
                         BASELINE="503 2109 606 2107 844 1995 1148 1983 2559 1983"
                         HPOS="493"
                         VPOS="1934"
                         WIDTH="2062"
                         HEIGHT="176"
                         TAGREFS="LT118">
                  <Shape>
                     <Polygon POINTS="499 2108 493 1980 713 1976 753 1943 756 1943 759 1943 763 1943 766 1943 842 1966 917 1943 921 1943 924 1943 1023 1960 1144 1934 1148 1934 2555 1950 2555 1980 2546 2012 2519 1996 2437 2016 2394 2026 2391 2026 2335 2019 2236 2009 2187 2026 2131 2045 2128 2045 2124 2045 2121 2045 2118 2045 2095 2029 2088 2029 2009 2042 2006 2042 2003 2042 1976 2032 1907 2006 1601 2045 1575 2049 1572 2049 1569 2049 1565 2049 1493 2019 1411 2032 1407 2032 1177 2006 1151 2026 1151 2029 1148 2029 1144 2029 1141 2029 1138 2029 1078 2012 1032 2042 1029 2042 1026 2042 1023 2042 1019 2042 963 2019 838 2039 835 2039 832 2039 796 2026 717 2078 713 2078 710 2078 610 2110"/>
                  </Shape>
                  <String CONTENT="24. Du cheval mort a Perrin coinson et devenu"
                          HPOS="493"
                          VPOS="1934"
                          WIDTH="2062"
                          HEIGHT="176"/>
               </TextLine>
               <TextLine ID="eSc_line_e3463548"
                         BASELINE="812 2072 1427 2059 2463 2078"
                         HPOS="802"
                         VPOS="1989"
                         WIDTH="1661"
                         HEIGHT="132"
                         TAGREFS="LT118">
                  <Shape>
                     <Polygon POINTS="812 2072 805 2006 1203 1989 1207 1989 1210 1989 1256 2006 1296 1989 1299 1989 1302 1989 1394 2009 1401 2009 1411 2009 1536 1993 1539 1993 1542 1993 1546 1993 1546 1996 1562 2009 1569 2009 1940 1996 1944 1996 1947 1996 2006 2012 2009 2012 2289 1999 2292 1999 2460 2019 2463 2078 2463 2101 2411 2118 2407 2118 2404 2118 2401 2118 2358 2101 2328 2091 2312 2101 2289 2118 2286 2118 2282 2118 2282 2121 2085 2121 2082 2118 1976 2101 1898 2088 1809 2098 1694 2114 1690 2114 1618 2098 1542 2082 1407 2095 1404 2095 1184 2078 1151 2098 1134 2108 1131 2108 1128 2108 1124 2108 1032 2095 881 2075 848 2095 838 2105 835 2105 832 2105 828 2105 825 2105 802 2095"/>
                  </Shape>
                  <String CONTENT="malade incontinenti apres que ledit Perrin"
                          HPOS="802"
                          VPOS="1989"
                          WIDTH="1661"
                          HEIGHT="132"/>
               </TextLine>
               <TextLine ID="eSc_line_e1fb6eac"
                         BASELINE="771 2165 1559 2144 2263 2174 2562 2160"
                         HPOS="759"
                         VPOS="2072"
                         WIDTH="1803"
                         HEIGHT="138"
                         TAGREFS="LT118">
                  <Shape>
                     <Polygon POINTS="769 2164 759 2108 819 2088 822 2088 825 2088 911 2101 944 2075 944 2072 947 2072 950 2072 953 2072 1108 2098 1144 2075 1148 2075 1151 2075 1154 2075 1157 2075 1223 2095 1279 2072 1282 2072 1286 2072 1578 2072 1720 2098 1730 2098 1736 2098 1881 2072 1884 2072 1957 2075 1960 2075 1963 2075 1990 2095 1996 2101 2023 2095 2065 2085 2069 2085 2072 2085 2075 2085 2078 2085 2088 2095 2101 2101 2549 2091 2559 2157 2562 2180 2496 2207 2493 2207 2493 2210 2197 2210 2194 2207 2190 2207 2141 2190 2016 2200 2013 2200 2009 2200 2006 2200 1993 2190 1967 2170 1444 2170 1414 2197 1404 2203 1404 2207 1401 2207 1398 2207 1398 2210 1269 2210 1266 2207 1263 2207 1259 2207 1259 2203 1253 2200 1226 2177 1128 2200 1092 2207 1088 2207 1062 2200 990 2184 930 2203 917 2207 914 2207 911 2207 766 2203"/>
                  </Shape>
                  <String CONTENT="Lui heust refuse de mener du fumier et quelle"
                          HPOS="759"
                          VPOS="2072"
                          WIDTH="1803"
                          HEIGHT="138"/>
               </TextLine>
               <TextLine ID="eSc_line_6b8148d5"
                         BASELINE="773 2256 1671 2230 2210 2246"
                         HPOS="766"
                         VPOS="2160"
                         WIDTH="1444"
                         HEIGHT="145"
                         TAGREFS="LT118">
                  <Shape>
                     <Polygon POINTS="773 2256 766 2180 1003 2200 1374 2197 1394 2180 1411 2170 1414 2170 1417 2170 1421 2170 1424 2170 1450 2180 1476 2193 1486 2184 1503 2170 1503 2167 1506 2167 1509 2167 1513 2167 1641 2184 1661 2184 1687 2184 1986 2160 1990 2160 1993 2160 1996 2160 1996 2164 2023 2184 2023 2187 2207 2187 2210 2246 2207 2289 2105 2289 2101 2285 2098 2285 2095 2285 2062 2259 1944 2289 1940 2289 1937 2289 1934 2289 1861 2262 1749 2292 1746 2292 1743 2292 1506 2266 1417 2295 1414 2295 1411 2295 1029 2272 773 2305"/>
                  </Shape>
                  <String CONTENT="Leust menace quil nen gaingneroit rien."
                          HPOS="766"
                          VPOS="2160"
                          WIDTH="1444"
                          HEIGHT="145"/>
               </TextLine>
               <TextLine ID="eSc_line_1967ed9b"
                         BASELINE="565 2371 957 2351"
                         HPOS="552"
                         VPOS="2272"
                         WIDTH="405"
                         HEIGHT="165"
                         TAGREFS="LT118">
                  <Shape>
                     <Polygon POINTS="565 2371 552 2315 641 2282 644 2282 648 2282 759 2295 835 2272 838 2272 842 2272 845 2272 848 2272 878 2295 947 2295 957 2351 957 2384 884 2387 874 2397 832 2433 828 2433 825 2433 717 2437 713 2437 710 2437 680 2424 638 2401 569 2437"/>
                  </Shape>
                  <String CONTENT="Negat."
                          HPOS="552"
                          VPOS="2272"
                          WIDTH="405"
                          HEIGHT="165"/>
               </TextLine>
               <TextLine ID="eSc_line_91003f28"
                         BASELINE="542 2594 615 2592 860 2544 1328 2529 2434 2539"
                         HPOS="532"
                         VPOS="2430"
                         WIDTH="1902"
                         HEIGHT="181"
                         TAGREFS="LT118">
                  <Shape>
                     <Polygon POINTS="539 2591 532 2483 809 2480 888 2437 891 2437 1072 2433 1075 2433 1345 2440 1348 2440 1351 2440 1398 2470 1457 2453 1460 2453 1463 2453 1467 2453 1516 2476 1608 2430 1611 2430 1615 2430 1618 2430 1753 2476 1888 2476 1973 2430 1976 2430 1980 2430 2092 2433 2095 2433 2167 2473 2315 2473 2358 2450 2361 2450 2365 2450 2368 2450 2430 2473 2430 2535 2434 2552 2305 2595 2302 2595 1937 2601 1934 2601 1930 2601 1927 2601 1874 2568 1832 2545 1687 2575 1680 2575 1677 2575 1674 2575 1582 2549 1424 2549 1374 2572 1371 2572 1368 2572 1365 2572 1292 2549 1082 2549 1042 2578 1039 2578 1036 2578 1032 2578 1029 2578 947 2552 766 2565 684 2605 677 2608 674 2608 674 2611 539 2611"/>
                  </Shape>
                  <String CONTENT="25. Quil Maudiroit tant Vernier coinson quille"
                          HPOS="532"
                          VPOS="2430"
                          WIDTH="1902"
                          HEIGHT="181"/>
               </TextLine>
               <TextLine ID="eSc_line_652168fe"
                         BASELINE="802 2618 1786 2611"
                         HPOS="796"
                         VPOS="2532"
                         WIDTH="990"
                         HEIGHT="161"
                         TAGREFS="LT118">
                  <Shape>
                     <Polygon POINTS="802 2618 796 2555 888 2535 891 2535 894 2535 898 2535 927 2555 930 2555 934 2555 976 2539 980 2539 983 2539 986 2539 990 2539 1006 2555 1013 2562 1144 2562 1148 2555 1167 2539 1167 2535 1171 2535 1174 2535 1177 2535 1315 2549 1440 2532 1444 2532 1447 2532 1490 2555 1565 2535 1569 2535 1572 2535 1779 2558 1786 2611 1779 2647 1460 2637 1411 2667 1378 2687 1374 2687 1371 2687 1368 2687 1282 2674 1249 2667 1236 2674 1223 2687 1220 2687 1217 2687 1213 2687 1210 2687 1184 2677 1161 2667 1148 2680 1134 2690 1131 2690 1128 2690 1128 2693 1026 2693 1023 2690 1019 2690 1003 2687 944 2667 802 2693"/>
                  </Shape>
                  <String CONTENT="feroit a seicher sur terre."
                          HPOS="796"
                          VPOS="2532"
                          WIDTH="990"
                          HEIGHT="161"/>
               </TextLine>
               <TextLine ID="eSc_line_497b7889"
                         BASELINE="812 2874 2542 2887"
                         HPOS="805"
                         VPOS="2795"
                         WIDTH="1741"
                         HEIGHT="132"
                         TAGREFS="LT118">
                  <Shape>
                     <Polygon POINTS="812 2874 812 2808 1190 2818 1210 2808 1226 2795 1230 2795 1233 2795 1236 2795 1309 2808 1374 2822 1404 2808 1430 2799 1434 2799 1437 2799 1440 2799 1460 2808 1483 2822 1611 2808 1671 2805 1674 2805 1710 2812 1792 2825 1815 2812 1825 2802 1828 2802 1832 2802 1835 2802 2052 2802 2055 2802 2078 2812 2115 2831 2253 2831 2299 2812 2319 2805 2322 2805 2325 2805 2328 2805 2342 2812 2371 2828 2539 2815 2542 2887 2546 2894 2499 2927 2496 2927 2493 2927 2490 2927 2394 2907 2276 2927 2273 2927 2269 2927 2266 2927 2217 2897 2213 2894 2101 2894 1924 2894 1901 2901 1868 2914 1865 2914 1861 2914 1796 2904 1749 2894 1736 2904 1717 2920 1713 2920 1710 2920 1707 2920 1703 2920 1641 2904 1585 2891 1552 2907 1536 2914 1532 2914 1529 2914 1463 2907 1325 2891 1276 2910 1249 2920 1246 2920 1243 2920 1046 2917 1042 2917 1032 2914 1003 2894 986 2914 983 2914 983 2917 980 2917 976 2917 973 2917 805 2914"/>
                  </Shape>
                  <String CONTENT="baptiser, quelle dit a Belet femme Borcard guenin"
                          HPOS="805"
                          VPOS="2795"
                          WIDTH="1741"
                          HEIGHT="132"/>
               </TextLine>
               <TextLine ID="eSc_line_b56210e1"
                         BASELINE="509 3024 642 3003 820 2789 2467 2799"
                         HPOS="493"
                         VPOS="2730"
                         WIDTH="1970"
                         HEIGHT="292"
                         TAGREFS="LT118">
                  <Shape>
                     <Polygon POINTS="506 3022 493 2825 713 2822 717 2815 789 2753 789 2749 792 2749 796 2749 871 2743 874 2743 937 2743 940 2743 944 2743 944 2746 967 2762 993 2743 996 2743 999 2743 1003 2743 1726 2746 1730 2746 1762 2740 1802 2753 1805 2753 1912 2735 2015 2730 2074 2739 2154 2749 2200 2743 2263 2749 2460 2756 2463 2795 2457 2828 2414 2815 2332 2835 2249 2854 2246 2854 2243 2854 2200 2841 2157 2828 2124 2845 2111 2851 2108 2851 2105 2851 2101 2851 2088 2848 1976 2799 1907 2822 1904 2822 1901 2822 1898 2822 1865 2808 1812 2845 1809 2845 1805 2845 1802 2845 1799 2845 1684 2805 1634 2808 1572 2858 1569 2858 1565 2858 1562 2858 1559 2858 1414 2799 1296 2831 1292 2831 1289 2831 1226 2825 1200 2848 1200 2851 1197 2851 1194 2851 1190 2851 1046 2818 986 2845 983 2845 980 2845 976 2845 858 2805 746 2910 743 2910 743 2914 740 2914 736 2914 647 3006"/>
                  </Shape>
                  <String CONTENT="26. Lors quon portoit lenfant vernier coinson pour"
                          HPOS="493"
                          VPOS="2730"
                          WIDTH="1970"
                          HEIGHT="292"/>
               </TextLine>
               <TextLine ID="eSc_line_87de574f"
                         BASELINE="809 2963 2463 2976"
                         HPOS="805"
                         VPOS="2884"
                         WIDTH="1658"
                         HEIGHT="125"
                         TAGREFS="LT118">
                  <Shape>
                     <Polygon POINTS="809 2963 809 2907 963 2907 970 2907 1013 2884 1016 2884 1019 2884 1023 2884 1088 2907 1095 2907 1101 2907 1154 2887 1157 2887 1161 2887 1240 2904 1509 2887 1513 2887 1595 2907 1634 2914 1667 2907 1717 2891 1720 2891 1723 2891 2032 2891 2036 2891 2039 2891 2039 2894 2052 2907 2062 2917 2088 2907 2118 2894 2121 2894 2124 2894 2128 2894 2167 2907 2207 2917 2243 2907 2259 2901 2263 2901 2266 2901 2269 2901 2273 2901 2279 2907 2299 2917 2457 2907 2463 2976 2460 2993 2207 3009 2203 3009 2200 3009 2197 3009 2174 2993 2167 2986 2046 2986 1990 2993 1868 3006 1865 3006 1861 3006 1858 3006 1858 3003 1845 2989 1838 2986 1697 2989 1305 3003 1302 3003 1299 3003 1246 2986 1220 2979 1210 2986 1197 2999 1194 2999 1190 2999 1187 2999 1184 2999 1151 2986 1131 2979 805 2983"/>
                  </Shape>
                  <String CONTENT="qui tient cest enffant quelle respondit bien veoir"
                          HPOS="805"
                          VPOS="2884"
                          WIDTH="1658"
                          HEIGHT="125"/>
               </TextLine>
               <TextLine ID="eSc_line_e0150022"
                         BASELINE="769 3049 2506 3062"
                         HPOS="763"
                         VPOS="2966"
                         WIDTH="1746"
                         HEIGHT="135"
                         TAGREFS="LT118">
                  <Shape>
                     <Polygon POINTS="769 3049 763 2986 799 2966 802 2966 805 2966 917 2986 921 2986 927 2986 1019 2966 1023 2966 1026 2966 1029 2966 1029 2970 1049 2986 1049 2989 1213 2989 1233 2986 1345 2970 1348 2970 1351 2970 1355 2970 1381 2989 1388 2993 1460 2993 1463 2989 1486 2970 1490 2970 1493 2970 1496 2970 1499 2970 1569 2989 1578 2989 1585 2989 1657 2973 1661 2973 1822 2973 1825 2973 1828 2973 1855 2989 1861 2993 1888 2989 1976 2976 1980 2976 2052 2989 2088 2996 2154 2989 2269 2979 2273 2979 2276 2979 2322 2989 2345 2996 2355 2989 2384 2976 2388 2976 2391 2976 2506 2993 2506 3062 2509 3078 2476 3098 2473 3098 2470 3098 2470 3101 2292 3101 2289 3098 2286 3098 2282 3098 2256 3081 2085 3098 2082 3098 2078 3098 2075 3098 2075 3095 2059 3081 2059 3078 2055 3081 2032 3091 2029 3091 2026 3091 1921 3081 1828 3072 1789 3081 1749 3091 1746 3091 1743 3091 1740 3091 1736 3091 1736 3088 1726 3081 1720 3072 1470 3068 1388 3085 1342 3091 1338 3091 1335 3091 1315 3085 1276 3065 1003 3065 766 3085"/>
                  </Shape>
                  <String CONTENT="que surce elle dit quelle feroit le diable que lui deust"
                          HPOS="763"
                          VPOS="2966"
                          WIDTH="1746"
                          HEIGHT="135"/>
               </TextLine>
               <TextLine ID="eSc_line_f6729560"
                         BASELINE="805 3147 2516 3160"
                         HPOS="802"
                         VPOS="3065"
                         WIDTH="1714"
                         HEIGHT="135"
                         TAGREFS="LT118">
                  <Shape>
                     <Polygon POINTS="805 3147 802 3088 1013 3072 1016 3072 1019 3072 1052 3088 1098 3065 1101 3065 1105 3065 1197 3065 1200 3065 1203 3065 1236 3091 1240 3091 1276 3091 1605 3068 1608 3068 1611 3068 1661 3095 1667 3095 1707 3095 2029 3072 2032 3072 2036 3072 2085 3098 2092 3098 2095 3098 2151 3075 2154 3075 2157 3075 2516 3101 2516 3160 2513 3190 2249 3200 2246 3200 2177 3187 2128 3177 2118 3187 2105 3197 2105 3200 2101 3200 2098 3200 2095 3200 2092 3200 2055 3187 2026 3174 1937 3183 1825 3197 1822 3197 1819 3197 1763 3180 1730 3174 1723 3180 1713 3190 1710 3190 1707 3190 1513 3193 1509 3193 1506 3193 1467 3177 1447 3170 1401 3177 1292 3193 1289 3193 1131 3174 1078 3167 1039 3170 927 3190 924 3190 921 3190 917 3190 891 3170 884 3167 802 3167"/>
                  </Shape>
                  <String CONTENT="tomber sus et sur le pere et sur la mere et sur"
                          HPOS="802"
                          VPOS="3065"
                          WIDTH="1714"
                          HEIGHT="135"/>
               </TextLine>
               <TextLine ID="eSc_line_103f44a8"
                         BASELINE="763 3239 2161 3233"
                         HPOS="749"
                         VPOS="3151"
                         WIDTH="1412"
                         HEIGHT="138"
                         TAGREFS="LT118">
                  <Shape>
                     <Polygon POINTS="763 3239 749 3183 825 3157 828 3157 832 3157 835 3157 901 3174 1259 3157 1263 3157 1319 3170 1365 3180 1388 3167 1404 3160 1407 3160 1411 3160 1486 3167 1634 3177 1667 3160 1684 3154 1687 3154 1690 3154 1694 3154 1710 3160 1749 3180 1865 3180 2029 3154 2032 3154 2036 3154 2039 3154 2095 3174 2148 3151 2161 3233 2161 3256 1799 3276 1796 3276 1585 3259 1516 3256 1496 3259 1417 3282 1414 3282 1411 3282 1407 3282 1404 3282 1374 3262 1207 3285 1207 3289 1138 3289 1134 3285 1131 3285 1128 3285 1128 3282 1101 3262 1101 3259 1098 3262 1055 3285 1052 3285 1052 3289 828 3289 825 3285 822 3285 756 3262"/>
                  </Shape>
                  <String CONTENT="Lenfant et sur les parain et maronnes."
                          HPOS="749"
                          VPOS="3151"
                          WIDTH="1412"
                          HEIGHT="138"/>
               </TextLine>
            </TextBlock>
            <TextBlock HPOS="2422"
                       VPOS="3726"
                       WIDTH="90"
                       HEIGHT="94"
                       ID="eSc_textblock_8041df7b"
                       TAGREFS="BT371">
               <Shape>
                  <Polygon POINTS="2422 3726 2422 3820 2512 3820 2512 3726"/>
               </Shape>
               <TextLine ID="eSc_line_69fbebb0"
                         BASELINE="2450 3794 2501 3797"
                         HPOS="2444"
                         VPOS="3713"
                         WIDTH="55"
                         HEIGHT="112"
                         TAGREFS="LT118">
                  <Shape>
                     <Polygon POINTS="2447 3792 2447 3713 2499 3726 2499 3795 2496 3818 2444 3825"/>
                  </Shape>
                  <String CONTENT="3" HPOS="2444" VPOS="3713" WIDTH="55" HEIGHT="112"/>
               </TextLine>
            </TextBlock>
         </PrintSpace>
      </Page>
   </Layout>
</alto>
