<alto xmlns:xsi="http://www.w3.org/2001/XMLSchema-instance"
      xmlns="http://www.loc.gov/standards/alto/ns-v4#"
      xsi:schemaLocation="http://www.loc.gov/standards/alto/ns-v4# http://www.loc.gov/standards/alto/v4/alto-4-2.xsd">
   <Description>
      <MeasurementUnit>pixel</MeasurementUnit>
      <sourceImageInformation>
         <fileName>B_168_15-2-2_0003.jpg</fileName>
      </sourceImageInformation>
   </Description>
   <Tags>
      <OtherTag ID="BT365"
                LABEL="MainZone:column"
                DESCRIPTION="block type MainZone:column"/>
      <OtherTag ID="BT367" LABEL="MainZone" DESCRIPTION="block type MainZone"/>
      <OtherTag ID="BT368"
                LABEL="MarginTextZone"
                DESCRIPTION="block type MarginTextZone"/>
      <OtherTag ID="BT369"
                LABEL="MarginTextZone:note"
                DESCRIPTION="block type MarginTextZone:note"/>
      <OtherTag ID="BT370"
                LABEL="NumberingZone:other"
                DESCRIPTION="block type NumberingZone:other"/>
      <OtherTag ID="BT371"
                LABEL="NumberingZone:page"
                DESCRIPTION="block type NumberingZone:page"/>
      <OtherTag ID="BT379"
                LABEL="DecorationZone"
                DESCRIPTION="block type DecorationZone"/>
      <OtherTag ID="BT380"
                LABEL="CustomZone:signature"
                DESCRIPTION="block type CustomZone:signature"/>
      <OtherTag ID="LT118" LABEL="DefaultLine" DESCRIPTION="line type DefaultLine"/>
      <OtherTag ID="LT119" LABEL="HeadingLine" DESCRIPTION="line type HeadingLine"/>
      <OtherTag ID="LT120"
                LABEL="InterlinearLine"
                DESCRIPTION="line type InterlinearLine"/>
   </Tags>
   <Layout>
      <Page WIDTH="2527"
            HEIGHT="3717"
            PHYSICAL_IMG_NR="5"
            ID="eSc_dummypage_">
         <PrintSpace HPOS="0" VPOS="0" WIDTH="2527" HEIGHT="3717">
            <TextBlock HPOS="205"
                       VPOS="177"
                       WIDTH="310"
                       HEIGHT="392"
                       ID="eSc_textblock_33e9ad8f"
                       TAGREFS="BT370">
               <Shape>
                  <Polygon POINTS="205 177 205 569 515 569 515 177"/>
               </Shape>
               <TextLine ID="eSc_line_e2396cdf"
                         BASELINE="232 363 491 359"
                         HPOS="217"
                         VPOS="179"
                         WIDTH="275"
                         HEIGHT="375"
                         TAGREFS="LT118">
                  <Shape>
                     <Polygon POINTS="229 362 217 207 272 179 275 179 279 179 483 201 489 356 492 554 381 554 378 551 375 551 226 511"/>
                  </Shape>
                  <String CONTENT="67" HPOS="217" VPOS="179" WIDTH="275" HEIGHT="375"/>
               </TextLine>
            </TextBlock>
            <TextBlock HPOS="508"
                       VPOS="185"
                       WIDTH="1919"
                       HEIGHT="1732"
                       ID="eSc_textblock_94550025"
                       TAGREFS="BT367">
               <Shape>
                  <Polygon POINTS="2278 1520 2030 1573 2241 1672 2266 1756 1971 1768 1745 1880 1485 1917 744 1892 632 1818 669 1177 620 1015 657 854 570 792 657 715 669 396 641 306 508 281 508 223 595 185 2328 185 2402 467 2303 727 2365 830 2353 1000 2427 1223"/>
               </Shape>
               <TextLine ID="eSc_line_d4898425"
                         BASELINE="517 269 2325 253"
                         HPOS="511"
                         VPOS="167"
                         WIDTH="1817"
                         HEIGHT="145"
                         TAGREFS="LT118">
                  <Shape>
                     <Polygon POINTS="517 269 511 204 641 192 644 192 697 201 744 207 753 198 772 185 775 185 778 185 781 185 784 185 834 198 868 207 896 198 942 179 945 179 1234 170 1237 170 1392 170 1395 170 1398 170 1420 188 1435 204 1509 204 1541 188 1593 167 1596 167 1599 167 1603 167 1652 185 1683 201 1947 201 2002 182 2055 167 2058 167 2061 167 2065 167 2102 179 2142 195 2316 179 2325 253 2328 278 2297 294 2294 294 2291 294 2288 294 2285 294 2260 278 2254 275 2247 278 2229 288 2226 288 2223 288 2158 278 2080 269 2030 278 1956 297 1953 297 1872 281 1829 272 1798 281 1739 300 1736 300 1733 300 1646 284 1603 303 1599 303 1599 306 1382 306 1379 303 1376 303 1373 303 1351 284 1292 300 1289 300 1286 300 1283 300 1252 281 1237 275 1159 278 1156 284 1134 300 1134 303 1131 303 1128 303 1125 303 1026 284 992 278 908 278 905 284 883 306 883 309 880 309 877 309 877 312 793 312 790 309 787 309 734 284 731 281 654 281 644 284 626 300 623 300 620 300 617 300 514 284"/>
                  </Shape>
                  <String CONTENT="de passees de vaches par son vergier, mesme que"
                          HPOS="511"
                          VPOS="167"
                          WIDTH="1817"
                          HEIGHT="145"/>
               </TextLine>
               <TextLine ID="eSc_line_daae8332"
                         BASELINE="682 359 2288 334"
                         HPOS="675"
                         VPOS="269"
                         WIDTH="1616"
                         HEIGHT="127"
                         TAGREFS="LT118">
                  <Shape>
                     <Polygon POINTS="682 359 675 294 2278 269 2288 334 2291 353 2229 374 2226 374 2223 374 2220 374 2179 356 2173 353 2092 353 2080 359 2043 377 2040 377 2037 377 1829 362 1764 359 1714 365 1643 374 1640 374 1603 368 1581 362 1553 368 1485 387 1482 387 1482 390 1339 390 1336 387 1333 387 1330 387 1314 371 1302 365 1125 365 1113 377 1103 384 1100 384 1097 384 1094 384 1048 377 995 371 979 380 954 393 951 393 948 393 945 393 914 380 908 377 902 380 880 396 877 396 874 396 871 396 868 396 824 384 809 377 793 384 759 396 756 396 753 396 679 384"/>
                  </Shape>
                  <String CONTENT="passoyent entre deux paulx. Et lesquelles"
                          HPOS="675"
                          VPOS="269"
                          WIDTH="1616"
                          HEIGHT="127"/>
               </TextLine>
               <TextLine ID="eSc_line_5ea1bbc8"
                         BASELINE="691 458 1072 442 2393 427"
                         HPOS="685"
                         VPOS="350"
                         WIDTH="1708"
                         HEIGHT="145"
                         TAGREFS="LT118">
                  <Shape>
                     <Polygon POINTS="691 458 685 390 1134 365 1137 365 1258 380 1274 380 1513 380 1519 377 1572 359 1575 359 1578 359 1581 359 1637 374 1640 374 1646 374 1730 359 1733 359 1959 371 2012 371 2021 368 2058 353 2061 353 2065 353 2068 353 2099 368 2102 368 2117 368 2269 350 2272 350 2387 365 2393 427 2390 442 2148 446 2127 452 2021 477 2018 477 2015 477 1965 458 1950 452 1742 452 1696 464 1634 480 1630 480 1556 470 1491 461 1472 473 1460 483 1457 483 1454 483 1354 486 1354 489 1224 489 1221 486 1218 486 1206 480 1165 461 1119 483 1106 489 1103 489 1103 492 1017 492 1013 489 1010 489 1001 486 920 464 691 495"/>
                  </Shape>
                  <String CONTENT="passees alloyent par dessus les murs du Cymetiere"
                          HPOS="685"
                          VPOS="350"
                          WIDTH="1708"
                          HEIGHT="145"/>
               </TextLine>
               <TextLine ID="eSc_line_1c02e72f"
                         BASELINE="666 551 1931 529 2340 542"
                         HPOS="657"
                         VPOS="455"
                         WIDTH="1683"
                         HEIGHT="133"
                         TAGREFS="LT118">
                  <Shape>
                     <Polygon POINTS="666 551 657 480 858 470 861 470 865 470 868 470 877 477 896 489 964 477 1023 467 1026 467 1072 477 1119 486 1175 477 1243 464 1246 464 1249 464 1252 464 1265 477 1277 486 1376 486 1385 477 1395 467 1398 467 1401 467 1637 458 1640 458 1826 473 1869 477 1888 473 1971 455 1975 455 1978 455 2012 473 2015 473 2018 473 2089 455 2092 455 2096 455 2337 473 2340 542 2337 573 2254 557 2111 576 2092 576 2089 576 2086 576 2083 576 2024 548 1894 548 1782 548 1754 573 1751 573 1748 573 1745 573 1652 551 1565 576 1544 582 1541 582 1382 585 1379 585 1376 585 1354 576 1314 560 1218 579 1153 588 1150 588 1147 588 1106 579 1038 560 874 560 858 576 858 579 855 579 852 579 849 579 837 579 703 563 669 579"/>
                  </Shape>
                  <String CONTENT="mais nentroyent audit Cymitiere ains alloyent"
                          HPOS="657"
                          VPOS="455"
                          WIDTH="1683"
                          HEIGHT="133"/>
               </TextLine>
               <TextLine ID="eSc_line_b2b2cffa"
                         BASELINE="685 647 2220 616"
                         HPOS="675"
                         VPOS="548"
                         WIDTH="1548"
                         HEIGHT="133"
                         TAGREFS="LT118">
                  <Shape>
                     <Polygon POINTS="685 647 675 591 737 566 741 566 744 566 852 579 1091 560 1094 560 1097 560 1153 576 1221 557 1224 557 1227 557 1230 557 1277 576 1292 579 1516 576 1522 566 1537 554 1537 551 1541 551 1544 551 1547 551 1550 551 1587 566 1599 569 1612 566 1661 548 1665 548 1668 548 1671 548 1705 563 1723 569 2210 551 2220 616 2223 641 2167 665 2164 665 2161 665 1996 647 1916 638 1894 650 1851 672 1847 672 1416 681 1413 681 1410 681 1407 681 1376 659 1358 650 1311 662 1286 669 1283 669 1280 669 1237 662 1184 656 1175 665 1165 672 1165 675 1162 675 1159 675 1156 675 1085 669 989 656 685 675"/>
                  </Shape>
                  <String CONTENT="a lentour de la maison de ladite Annelin"
                          HPOS="675"
                          VPOS="548"
                          WIDTH="1548"
                          HEIGHT="133"/>
               </TextLine>
               <TextLine ID="eSc_line_5d2769dd"
                         BASELINE="685 780 868 768 2266 755"
                         HPOS="679"
                         VPOS="662"
                         WIDTH="1587"
                         HEIGHT="146"
                         TAGREFS="LT118">
                  <Shape>
                     <Polygon POINTS="685 780 679 709 905 706 908 703 939 675 942 675 945 675 948 675 951 675 992 696 1085 672 1088 672 1091 672 1203 687 1336 669 1339 669 1342 669 1345 669 1370 690 1376 696 1466 696 1482 687 1509 669 1513 669 1516 669 1519 669 1637 684 1661 687 1671 684 1717 665 1720 665 1723 665 1727 665 1730 665 1730 669 1748 681 1758 693 1785 681 1807 672 1810 672 1813 672 1854 681 1916 693 1962 678 2002 662 2006 662 2009 662 2260 672 2266 755 2266 771 1919 799 1916 799 1913 799 1909 799 1888 780 1882 774 1807 771 1776 783 1761 789 1758 789 1754 789 1751 789 1748 789 1745 783 1730 771 1708 786 1689 799 1686 799 1683 799 1680 799 1677 799 1643 786 1615 777 1572 789 1522 802 1519 802 1519 805 1367 805 1364 802 1361 802 1333 796 1271 777 1209 799 1193 802 1190 802 1187 802 1184 802 1181 802 1175 799 1137 777 855 777 834 799 834 802 830 802 827 802 685 808"/>
                  </Shape>
                  <String CONTENT="Dit de plus que ladite Annelin a ung petit"
                          HPOS="679"
                          VPOS="662"
                          WIDTH="1587"
                          HEIGHT="146"/>
               </TextLine>
               <TextLine ID="eSc_line_6d94920e"
                         BASELINE="694 861 1224 842 2297 833"
                         HPOS="688"
                         VPOS="749"
                         WIDTH="1609"
                         HEIGHT="152"
                         TAGREFS="LT118">
                  <Shape>
                     <Polygon POINTS="694 861 688 799 796 771 799 771 861 783 992 768 995 768 998 768 1001 768 1020 786 1051 774 1054 774 1057 774 1060 774 1097 783 1116 789 1119 783 1137 771 1137 768 1141 768 1144 768 1147 768 1358 777 1516 783 1587 771 1646 758 1649 758 1652 758 1655 758 1655 761 1661 768 1674 777 1733 765 1742 765 1745 765 1748 765 1751 765 1807 780 1996 780 2102 752 2114 752 2117 752 2120 752 2123 752 2179 771 2288 749 2297 833 2297 842 2127 879 2123 879 2120 879 2065 854 2018 854 1888 848 1866 861 1813 885 1810 885 1807 885 1804 885 1727 864 1680 851 1640 867 1618 876 1615 876 1612 876 1609 876 1606 876 1599 870 1578 854 1513 854 1457 873 1420 888 1416 888 1413 888 1410 888 1407 888 1389 876 1354 858 1193 858 1116 885 1094 895 1091 895 1088 895 1054 888 917 861 821 898 818 898 815 898 694 901"/>
                  </Shape>
                  <String CONTENT="fils de leaige de dix ans lequel compta"
                          HPOS="688"
                          VPOS="749"
                          WIDTH="1609"
                          HEIGHT="152"/>
               </TextLine>
               <TextLine ID="eSc_line_6aa8c42c"
                         BASELINE="675 963 1106 935 2353 919"
                         HPOS="669"
                         VPOS="842"
                         WIDTH="1684"
                         HEIGHT="146"
                         TAGREFS="LT118">
                  <Shape>
                     <Polygon POINTS="675 963 669 895 818 895 824 888 843 873 846 873 849 873 852 873 1026 882 1106 885 1128 879 1159 867 1162 867 1165 867 1168 867 1199 876 1221 882 1265 873 1354 858 1358 858 1361 858 1395 870 1410 876 1413 870 1426 861 1426 858 1429 858 1432 858 1435 858 1438 858 1478 867 1494 870 1522 867 1599 854 1603 854 1692 861 1844 873 1869 854 1878 848 1882 848 1885 848 2043 845 2046 845 2049 845 2058 848 2092 870 2204 870 2229 845 2229 842 2232 842 2235 842 2238 842 2347 842 2353 919 2350 929 2185 963 2185 966 2086 966 2083 963 2080 963 2030 941 2021 938 2012 941 1956 966 1953 966 1950 966 1947 966 1906 944 1891 938 1875 947 1841 969 1838 969 1835 969 1832 969 1751 950 1705 941 1537 941 1519 960 1516 963 1513 963 1509 963 1506 963 1491 960 1429 947 1395 963 1364 978 1361 978 1358 978 1274 969 1181 957 1131 972 1106 981 1103 981 1100 981 1097 981 1094 981 1094 978 1088 975 1066 954 1032 954 948 978 930 985 927 985 923 985 920 985 911 981 865 957 803 981 799 981 675 988"/>
                  </Shape>
                  <String CONTENT="en la grange dudit deposant, que Il y avoit"
                          HPOS="669"
                          VPOS="842"
                          WIDTH="1684"
                          HEIGHT="146"/>
               </TextLine>
               <TextLine ID="eSc_line_8010286a"
                         BASELINE="641 1031 2291 1012"
                         HPOS="635"
                         VPOS="941"
                         WIDTH="1656"
                         HEIGHT="133"
                         TAGREFS="LT118">
                  <Shape>
                     <Polygon POINTS="641 1031 635 972 905 981 939 966 964 954 967 954 970 954 1069 963 1116 966 1137 960 1178 950 1181 950 1184 950 1187 950 1221 960 1277 975 1599 954 1606 954 1609 954 1612 954 1683 972 1742 954 1745 954 1748 954 1751 954 1754 954 1776 969 1841 954 1844 954 1847 954 2123 966 2282 941 2291 1012 2291 1046 2173 1059 2170 1059 2086 1046 1981 1034 1947 1046 1922 1059 1919 1059 1916 1059 1860 1046 1820 1040 1795 1046 1754 1062 1751 1062 1748 1062 1745 1062 1714 1046 1689 1037 1472 1037 1444 1046 1395 1068 1392 1068 1184 1071 1181 1071 1178 1071 1125 1053 1060 1071 1057 1071 1054 1071 1051 1071 1048 1071 1048 1068 1029 1050 1007 1062 1004 1062 1001 1062 998 1062 948 1046 927 1043 896 1046 744 1074 741 1074 737 1074 734 1074 703 1046 700 1046 641 1046"/>
                  </Shape>
                  <String CONTENT="ung noir homme questoit entre en leur poille"
                          HPOS="635"
                          VPOS="941"
                          WIDTH="1656"
                          HEIGHT="133"/>
               </TextLine>
               <TextLine ID="eSc_line_f482f6b1"
                         BASELINE="700 1139 1550 1115 2359 1121"
                         HPOS="694"
                         VPOS="1037"
                         WIDTH="1665"
                         HEIGHT="133"
                         TAGREFS="LT118">
                  <Shape>
                     <Polygon POINTS="700 1139 694 1068 1004 1050 1007 1050 1010 1050 1013 1050 1029 1065 1035 1071 1103 1071 1116 1065 1144 1050 1147 1050 1150 1050 1153 1050 1203 1062 1224 1068 1230 1062 1252 1046 1255 1046 1258 1046 1261 1046 1265 1046 1305 1062 1308 1062 1314 1062 1420 1046 1423 1046 1426 1046 1429 1046 1444 1062 1447 1062 1491 1043 1494 1043 1497 1043 1875 1059 1925 1059 1928 1059 1950 1040 1953 1040 1956 1040 1959 1040 2176 1056 2195 1056 2201 1056 2263 1037 2266 1037 2269 1037 2356 1056 2359 1121 2356 1136 2244 1152 2241 1152 2238 1152 2235 1152 2220 1139 2210 1136 2204 1139 2195 1149 2195 1152 2192 1152 2189 1152 2189 1155 2120 1155 2117 1152 2080 1142 2024 1130 1975 1146 1947 1155 1944 1155 1940 1155 1897 1149 1816 1130 1789 1149 1782 1155 1779 1155 1776 1155 1680 1158 1677 1158 1674 1158 1671 1158 1665 1152 1637 1133 1230 1133 1035 1164 1032 1164 1029 1164 1026 1164 948 1152 933 1164 933 1167 930 1167 927 1167 700 1170"/>
                  </Shape>
                  <String CONTENT="et se y pourmenoit mais que sa mere nestoit"
                          HPOS="694"
                          VPOS="1037"
                          WIDTH="1665"
                          HEIGHT="133"/>
               </TextLine>
               <TextLine ID="eSc_line_53bbfcb2"
                         BASELINE="685 1226 1299 1208 2412 1217"
                         HPOS="679"
                         VPOS="1124"
                         WIDTH="1733"
                         HEIGHT="130"
                         TAGREFS="LT118">
                  <Shape>
                     <Polygon POINTS="685 1226 679 1158 939 1155 939 1152 954 1139 954 1136 958 1136 961 1136 964 1136 967 1136 1004 1152 1069 1124 1072 1124 1075 1124 1079 1124 1137 1152 1141 1152 1224 1152 1224 1149 1255 1124 1258 1124 1261 1124 1265 1124 1268 1124 1323 1139 1509 1124 1513 1124 1516 1124 1519 1124 1553 1146 1565 1155 1674 1155 1689 1142 1708 1130 1711 1130 1714 1130 1717 1130 1720 1130 1764 1142 1792 1152 1810 1142 1847 1124 1851 1124 1854 1124 1990 1124 1993 1124 1996 1124 2021 1139 2030 1149 2043 1139 2065 1124 2068 1124 2071 1124 2074 1124 2158 1139 2235 1152 2384 1152 2399 1136 2412 1217 2409 1239 2325 1229 2288 1242 2257 1251 2254 1251 2251 1251 2247 1251 2244 1251 2244 1248 2235 1242 2220 1229 2089 1229 2074 1242 2065 1248 2065 1251 2061 1251 2058 1251 2055 1251 2006 1242 1965 1232 1956 1242 1947 1248 1947 1251 1944 1251 1940 1251 1940 1254 1789 1254 1785 1251 1708 1242 1596 1229 1494 1245 1435 1251 1432 1251 1429 1251 1426 1251 1416 1245 1401 1232 1376 1245 1358 1251 1354 1251 1351 1251 1308 1245 1252 1235 1137 1245 1054 1251 1051 1251 1048 1251 1044 1251 1044 1248 1038 1245 1023 1229 970 1245 961 1248 958 1248 954 1248 936 1245 852 1229 824 1245 818 1251 815 1251 812 1251 809 1251 682 1245"/>
                  </Shape>
                  <String CONTENT="en la maison, Et que Il avoit heu sy grand peur"
                          HPOS="679"
                          VPOS="1124"
                          WIDTH="1733"
                          HEIGHT="130"/>
               </TextLine>
               <TextLine ID="eSc_line_063e0aa8"
                         BASELINE="694 1335 1196 1313 2340 1300"
                         HPOS="685"
                         VPOS="1220"
                         WIDTH="1655"
                         HEIGHT="152"
                         TAGREFS="LT118">
                  <Shape>
                     <Polygon POINTS="694 1335 685 1266 790 1239 793 1239 796 1239 948 1257 970 1239 970 1235 973 1235 976 1235 1072 1232 1075 1232 1144 1232 1147 1232 1150 1232 1181 1254 1289 1229 1292 1229 1296 1229 1367 1251 1568 1235 1572 1235 1575 1235 1624 1248 1658 1223 1661 1223 1665 1223 1668 1223 1820 1245 1919 1245 1940 1223 1940 1220 1944 1220 1947 1220 1950 1220 1953 1220 1993 1242 2117 1220 2120 1220 2334 1239 2340 1300 2331 1344 2288 1319 2077 1319 2027 1344 2024 1344 2021 1344 1866 1325 1829 1353 1826 1356 1823 1356 1820 1356 1655 1359 1652 1359 1606 1356 1376 1335 1361 1347 1361 1350 1358 1350 1354 1350 1351 1350 1289 1338 1237 1362 1230 1365 1227 1365 1224 1365 1221 1365 1218 1365 1218 1362 1190 1338 1134 1338 1079 1365 1072 1369 1069 1369 1066 1369 1044 1365 976 1356 855 1369 824 1372 821 1372 818 1372 809 1369 741 1353 697 1372"/>
                  </Shape>
                  <String CONTENT="de lui que Il sestoit cache desoubs la couverte"
                          HPOS="685"
                          VPOS="1220"
                          WIDTH="1655"
                          HEIGHT="152"/>
               </TextLine>
               <TextLine ID="eSc_line_ca978bd0"
                         BASELINE="666 1434 1847 1403 2291 1406"
                         HPOS="663"
                         VPOS="1313"
                         WIDTH="1628"
                         HEIGHT="158"
                         TAGREFS="LT118">
                  <Shape>
                     <Polygon POINTS="666 1434 663 1353 725 1372 747 1353 750 1350 750 1347 753 1347 756 1347 821 1344 824 1344 827 1344 849 1350 908 1372 923 1353 927 1353 927 1350 930 1350 933 1350 936 1350 939 1350 942 1350 967 1369 1063 1362 1079 1350 1094 1335 1097 1335 1100 1335 1103 1335 1212 1347 1345 1331 1348 1331 1351 1331 1354 1331 1373 1347 1392 1362 1491 1362 1587 1347 1696 1331 1699 1331 1773 1347 1785 1347 1789 1344 1810 1328 1813 1328 1816 1328 1820 1328 1823 1328 1869 1344 1882 1350 1888 1344 1922 1316 1925 1316 1928 1316 1931 1316 2034 1328 2058 1313 2061 1313 2065 1313 2068 1313 2071 1313 2161 1344 2167 1344 2285 1344 2291 1406 2291 1415 2179 1443 2176 1443 2173 1443 2170 1443 2170 1440 2148 1421 2105 1440 2102 1440 2099 1440 2096 1440 2092 1440 2071 1421 2065 1418 2037 1424 1925 1446 1776 1449 1773 1449 1770 1449 1736 1431 1727 1427 1714 1431 1646 1455 1643 1455 1640 1455 1637 1455 1593 1434 1581 1431 1506 1431 1466 1440 1364 1462 1364 1465 1286 1465 1283 1462 1280 1462 1277 1462 1277 1458 1261 1443 1258 1443 1196 1465 1193 1465 1190 1465 1187 1465 1141 1446 1128 1443 1029 1443 1001 1452 942 1471 939 1471 936 1471 830 1455 781 1449 666 1458"/>
                  </Shape>
                  <String CONTENT="du lict. Et que ayant ladite Annelin sceu"
                          HPOS="663"
                          VPOS="1313"
                          WIDTH="1628"
                          HEIGHT="158"/>
               </TextLine>
               <TextLine ID="eSc_line_9be13223"
                         BASELINE="679 1551 778 1533 1125 1511 2254 1489"
                         HPOS="663"
                         VPOS="1412"
                         WIDTH="1591"
                         HEIGHT="164"
                         TAGREFS="LT118">
                  <Shape>
                     <Polygon POINTS="679 1551 663 1471 700 1443 703 1443 706 1443 710 1443 908 1458 942 1437 945 1437 948 1437 951 1437 954 1437 1023 1458 1075 1434 1079 1434 1082 1434 1299 1452 1410 1427 1413 1427 1547 1446 1568 1424 1568 1421 1572 1421 1575 1421 1578 1421 1581 1421 1627 1446 1665 1446 1692 1421 1692 1418 1696 1418 1699 1418 1702 1418 1832 1437 1863 1415 1866 1415 1869 1415 1872 1415 1875 1415 1940 1434 1962 1415 1962 1412 1965 1412 1968 1412 1971 1412 1975 1412 2024 1434 2244 1431 2254 1489 2254 1502 2148 1533 2145 1533 2142 1533 2043 1514 2030 1511 2024 1514 1962 1545 1959 1545 1705 1551 1702 1551 1624 1533 1609 1530 1584 1536 1553 1542 1550 1542 1547 1542 1544 1542 1541 1542 1541 1539 1537 1536 1522 1523 1277 1527 1237 1548 1234 1548 1230 1548 939 1536 834 1570 830 1570 827 1570 824 1570 818 1570 737 1561 682 1576"/>
                  </Shape>
                  <String CONTENT="que sondit fils avoit desclaire tel faict elle"
                          HPOS="663"
                          VPOS="1412"
                          WIDTH="1591"
                          HEIGHT="164"/>
               </TextLine>
               <TextLine ID="eSc_line_15626df3"
                         BASELINE="660 1635 1097 1604 1336 1610"
                         HPOS="654"
                         VPOS="1520"
                         WIDTH="682"
                         HEIGHT="158"
                         TAGREFS="LT118">
                  <Shape>
                     <Polygon POINTS="660 1635 654 1558 927 1561 948 1548 979 1533 982 1533 1066 1527 1069 1527 1147 1545 1162 1548 1165 1545 1196 1520 1199 1520 1203 1520 1206 1520 1333 1542 1336 1610 1336 1635 1103 1660 1100 1660 1097 1660 1082 1654 1069 1644 1054 1654 1044 1663 1041 1663 1038 1663 1035 1663 1032 1663 1029 1663 1023 1657 1007 1647 985 1660 970 1666 967 1666 964 1666 933 1663 852 1650 799 1672 787 1675 784 1675 660 1678"/>
                  </Shape>
                  <String CONTENT="Lavoit baptus."
                          HPOS="654"
                          VPOS="1520"
                          WIDTH="682"
                          HEIGHT="158"/>
               </TextLine>
               <TextLine ID="eSc_line_141b3ba9"
                         BASELINE="722 1762 1057 1743 2192 1722"
                         HPOS="716"
                         VPOS="1635"
                         WIDTH="1476"
                         HEIGHT="161"
                         TAGREFS="LT118">
                  <Shape>
                     <Polygon POINTS="722 1762 716 1666 858 1663 861 1663 874 1666 995 1691 1103 1666 1147 1654 1150 1654 1153 1654 1255 1666 1404 1681 1547 1666 1568 1663 1572 1663 1599 1666 1686 1672 1705 1666 1745 1647 1748 1647 1751 1647 1754 1647 1758 1647 1779 1666 1792 1675 1838 1675 1913 1672 1925 1666 1981 1635 1984 1635 1987 1635 1990 1635 2055 1666 2185 1666 2192 1722 2182 1771 2123 1740 2086 1756 2083 1756 2080 1756 2077 1756 2027 1743 1978 1768 1975 1768 1971 1768 1968 1768 1900 1743 1857 1774 1851 1781 1847 1781 1844 1781 1841 1781 1795 1777 1578 1753 1528 1781 1516 1787 1513 1787 1509 1787 1438 1781 1193 1759 1153 1787 1141 1796 1137 1796 1134 1796 1131 1796 1128 1796 1125 1796 1110 1787 1072 1762 973 1787 970 1787 967 1787 964 1787 858 1765 722 1790"/>
                  </Shape>
                  <String CONTENT="Dit avoir tousjour ouys dire quelle ladite"
                          HPOS="716"
                          VPOS="1635"
                          WIDTH="1476"
                          HEIGHT="161"/>
               </TextLine>
               <TextLine ID="eSc_line_bec9d4a9"
                         BASELINE="719 1846 1773 1821"
                         HPOS="710"
                         VPOS="1750"
                         WIDTH="1063"
                         HEIGHT="142"
                         TAGREFS="LT118">
                  <Shape>
                     <Polygon POINTS="719 1846 710 1793 837 1765 840 1765 843 1765 846 1765 871 1784 930 1759 933 1759 936 1759 1103 1777 1237 1750 1240 1750 1398 1753 1401 1753 1404 1753 1404 1756 1426 1774 1426 1777 1491 1777 1494 1774 1522 1750 1525 1750 1528 1750 1531 1750 1534 1750 1612 1771 1621 1771 1764 1768 1773 1821 1770 1839 1389 1839 1339 1861 1336 1861 1333 1861 1330 1861 1280 1843 1230 1864 1227 1864 1224 1864 1221 1864 1218 1864 1196 1849 1150 1870 1116 1886 1113 1886 948 1889 945 1889 942 1889 939 1889 930 1883 911 1873 902 1883 896 1886 896 1889 892 1889 889 1889 886 1889 849 1886 753 1873 725 1892"/>
                  </Shape>
                  <String CONTENT="Annelin estoit une sorciere"
                          HPOS="710"
                          VPOS="1750"
                          WIDTH="1063"
                          HEIGHT="142"/>
               </TextLine>
            </TextBlock>
            <TextBlock HPOS="545"
                       VPOS="1982"
                       WIDTH="1870"
                       HEIGHT="1075"
                       ID="eSc_textblock_5f045ca3"
                       TAGREFS="BT367">
               <Shape>
                  <Polygon POINTS="682 3057 719 2676 595 2614 706 2549 706 2168 682 2019 545 2007 719 1982 2378 2019 2415 2276 2365 2366 2378 2908 2340 2982 2216 3044"/>
               </Shape>
               <TextLine ID="eSc_line_63fabf40"
                         BASELINE="710 2087 1075 2072 2353 2066"
                         HPOS="700"
                         VPOS="1979"
                         WIDTH="1653"
                         HEIGHT="136"
                         TAGREFS="LT118">
                  <Shape>
                     <Polygon POINTS="710 2087 700 1991 877 1988 880 1988 883 1988 886 1988 889 1991 927 2016 1079 1997 1082 1997 1159 2010 1206 1991 1212 1991 1215 1991 1218 1991 1221 1991 1227 1991 1296 2013 1327 1994 1336 1985 1339 1985 1342 1985 1345 1985 1348 1985 1376 1994 1410 2004 1451 1994 1506 1982 1509 1982 1634 1994 1717 2004 1736 1994 1745 1991 1748 1991 1751 1991 1754 1991 1767 1994 1798 2010 2086 2010 2105 1997 2136 1979 2139 1979 2142 1979 2145 1979 2148 1979 2195 1997 2213 2007 2220 1997 2229 1991 2229 1988 2232 1988 2235 1988 2238 1988 2241 1988 2244 1988 2254 1997 2266 2007 2344 2000 2353 2066 2347 2087 2142 2084 2092 2093 2040 2103 2037 2103 2034 2103 2002 2093 1959 2084 1875 2097 1810 2106 1807 2106 1804 2106 1801 2106 1792 2097 1776 2087 1764 2100 1754 2106 1751 2106 1748 2106 1748 2109 1596 2109 1593 2106 1590 2106 1575 2103 1525 2087 1491 2103 1478 2109 1475 2109 1475 2112 1327 2112 1323 2109 1320 2109 1317 2109 1314 2106 1292 2090 1116 2090 1035 2112 1026 2112 1023 2112 1020 2112 995 2112 784 2093 713 2115"/>
                  </Shape>
                  <String CONTENT="Vernier Torel dudit Courthedoubs, par serement,"
                          HPOS="700"
                          VPOS="1979"
                          WIDTH="1653"
                          HEIGHT="136"/>
               </TextLine>
               <TextLine ID="eSc_line_c9a579ca"
                         BASELINE="722 2168 2402 2146"
                         HPOS="710"
                         VPOS="2075"
                         WIDTH="1692"
                         HEIGHT="127"
                         TAGREFS="LT118">
                  <Shape>
                     <Polygon POINTS="722 2168 710 2109 741 2090 744 2090 747 2090 750 2090 855 2106 877 2109 892 2106 958 2087 961 2087 964 2087 1203 2100 1261 2103 1280 2100 1333 2084 1336 2084 1339 2084 1342 2084 1370 2097 1382 2103 1503 2103 1516 2093 1544 2081 1547 2081 1550 2081 1553 2081 1596 2093 1621 2100 1655 2093 1720 2078 1723 2078 1727 2078 1764 2090 1782 2100 1872 2100 1891 2087 1919 2075 1922 2075 1925 2075 1990 2087 2030 2093 2043 2087 2058 2075 2061 2075 2065 2075 2068 2075 2071 2075 2089 2084 2108 2093 2393 2081 2402 2146 2399 2180 1909 2180 1897 2183 1872 2196 1869 2196 1866 2196 1863 2196 1860 2196 1844 2186 1813 2168 1736 2168 1668 2186 1630 2199 1627 2199 1624 2199 1621 2199 1590 2189 1541 2171 1516 2189 1506 2199 1503 2199 1500 2199 1410 2202 1407 2202 1404 2202 1373 2193 1327 2174 1134 2174 1116 2193 1116 2196 1113 2196 1110 2196 1106 2196 1103 2196 1100 2196 1054 2177 1023 2196 1020 2199 1017 2199 1013 2199 1010 2199 1007 2199 1001 2196 967 2177 855 2196 852 2196 768 2180 725 2199"/>
                  </Shape>
                  <String CONTENT="Que la femme de lui deposant heust ung proces"
                          HPOS="710"
                          VPOS="2075"
                          WIDTH="1692"
                          HEIGHT="127"/>
               </TextLine>
               <TextLine ID="eSc_line_39fddcff"
                         BASELINE="744 2251 2399 2239"
                         HPOS="734"
                         VPOS="2158"
                         WIDTH="1665"
                         HEIGHT="134"
                         TAGREFS="LT118">
                  <Shape>
                     <Polygon POINTS="744 2251 734 2196 803 2168 806 2168 809 2168 1044 2183 1141 2171 1144 2171 1147 2171 1150 2171 1175 2186 1354 2165 1358 2165 1361 2165 1420 2183 1429 2189 1531 2189 1541 2183 1581 2165 1584 2165 1587 2165 1668 2180 1683 2183 1692 2180 1733 2162 1736 2162 1739 2162 1742 2162 1782 2180 1795 2183 1820 2177 1894 2162 1897 2162 2012 2174 2034 2177 2037 2174 2055 2158 2058 2158 2061 2158 2065 2158 2068 2158 2105 2174 2123 2180 2390 2171 2399 2239 2399 2276 2173 2279 2170 2279 2167 2279 2158 2276 2108 2251 2012 2251 1857 2251 1813 2273 1789 2282 1785 2282 1785 2285 1550 2285 1547 2282 1544 2282 1516 2270 1494 2258 1444 2267 1376 2282 1373 2282 1234 2267 1162 2258 1150 2264 1141 2273 1137 2273 1134 2273 1131 2273 976 2264 920 2261 917 2264 874 2289 871 2289 868 2289 868 2292 799 2292 796 2289 793 2289 737 2261"/>
                  </Shape>
                  <String CONTENT="contre ladite Annelin en la Justice de Courthedoubs"
                          HPOS="734"
                          VPOS="2158"
                          WIDTH="1665"
                          HEIGHT="134"/>
               </TextLine>
               <TextLine ID="eSc_line_c9f9cec7"
                         BASELINE="734 2332 2303 2320"
                         HPOS="728"
                         VPOS="2245"
                         WIDTH="1575"
                         HEIGHT="127"
                         TAGREFS="LT118">
                  <Shape>
                     <Polygon POINTS="734 2332 728 2279 1119 2248 1122 2248 1407 2248 1410 2248 1413 2248 1441 2270 1444 2270 1537 2254 1541 2254 1544 2254 1584 2267 1627 2245 1630 2245 1634 2245 1637 2245 1689 2267 1739 2251 1742 2251 1745 2251 1885 2267 1897 2267 1900 2267 1925 2245 1928 2245 1931 2245 1934 2245 1937 2245 2015 2264 2294 2264 2303 2320 2297 2360 2037 2335 1804 2363 1801 2363 1798 2363 1739 2341 1634 2363 1630 2363 1627 2363 1565 2338 1491 2363 1488 2363 1485 2363 1482 2363 1426 2341 1395 2360 1392 2360 1389 2360 1385 2360 1382 2360 1379 2360 1348 2341 1153 2341 1072 2369 1069 2369 1066 2369 1066 2372 985 2372 982 2369 979 2369 976 2369 954 2351 734 2369"/>
                  </Shape>
                  <String CONTENT="desorte que la femme dudit deposant, fust"
                          HPOS="728"
                          VPOS="2245"
                          WIDTH="1575"
                          HEIGHT="127"/>
               </TextLine>
               <TextLine ID="eSc_line_852c415e"
                         BASELINE="728 2419 1283 2400 2313 2400"
                         HPOS="725"
                         VPOS="2323"
                         WIDTH="1588"
                         HEIGHT="120"
                         TAGREFS="LT118">
                  <Shape>
                     <Polygon POINTS="728 2419 725 2344 1051 2354 1063 2344 1075 2335 1075 2332 1079 2332 1082 2332 1203 2329 1206 2329 1209 2329 1212 2329 1234 2344 1243 2347 1252 2344 1268 2335 1271 2335 1274 2335 1385 2344 1494 2351 1509 2344 1541 2326 1544 2326 1547 2326 1618 2344 1640 2347 1658 2344 1711 2326 1714 2326 1717 2326 1720 2326 1785 2341 1891 2326 1894 2326 1897 2326 1944 2344 1950 2347 2114 2347 2117 2344 2136 2326 2136 2323 2139 2323 2142 2323 2145 2323 2148 2323 2201 2344 2207 2344 2306 2344 2313 2400 2309 2412 2123 2434 2123 2437 1999 2437 1996 2434 1993 2434 1965 2419 1956 2416 1947 2419 1906 2434 1903 2434 1900 2434 1897 2434 1894 2434 1872 2422 1869 2419 1838 2422 1720 2434 1717 2434 1714 2434 1689 2425 1677 2419 1649 2425 1590 2437 1587 2437 1516 2425 1488 2422 1482 2428 1469 2437 1469 2440 1466 2440 1463 2440 1460 2440 1364 2428 1327 2425 1292 2431 1230 2440 1227 2440 1224 2440 1203 2431 1181 2422 1159 2431 1137 2443 1134 2443 1131 2443 1128 2443 1085 2434 1048 2425 728 2437"/>
                  </Shape>
                  <String CONTENT="contre condempnee a lemende de quatre"
                          HPOS="725"
                          VPOS="2323"
                          WIDTH="1588"
                          HEIGHT="120"/>
               </TextLine>
               <TextLine ID="eSc_line_c1971709"
                         BASELINE="772 2502 1044 2484 2325 2471"
                         HPOS="772"
                         VPOS="2400"
                         WIDTH="1553"
                         HEIGHT="127"
                         TAGREFS="LT118">
                  <Shape>
                     <Polygon POINTS="772 2502 772 2419 821 2437 973 2434 1004 2419 1017 2412 1020 2412 1023 2412 1172 2412 1175 2412 1178 2412 1178 2416 1184 2419 1203 2437 1271 2437 1302 2419 1323 2409 1327 2409 1330 2409 1404 2419 1494 2431 1547 2419 1603 2406 1606 2406 1671 2419 1717 2428 1872 2428 1888 2419 1931 2403 1934 2403 1937 2403 2024 2419 2037 2422 2052 2419 2145 2400 2148 2400 2319 2422 2325 2471 2325 2481 2158 2512 2154 2512 1990 2493 1968 2490 1962 2493 1934 2515 1931 2515 1928 2515 1925 2515 1804 2496 1767 2493 1739 2499 1671 2518 1668 2518 1665 2518 1661 2518 1627 2502 1606 2493 1376 2512 1193 2524 1190 2524 1187 2524 1184 2524 1175 2518 1144 2499 1035 2499 772 2527"/>
                  </Shape>
                  <String CONTENT="channes de vin, dont le lieu mesme jour,"
                          HPOS="772"
                          VPOS="2400"
                          WIDTH="1553"
                          HEIGHT="127"/>
               </TextLine>
               <TextLine ID="eSc_line_521ca552"
                         BASELINE="731 2592 1745 2558 2316 2561"
                         HPOS="725"
                         VPOS="2474"
                         WIDTH="1591"
                         HEIGHT="149"
                         TAGREFS="LT118">
                  <Shape>
                     <Polygon POINTS="731 2592 725 2530 815 2530 821 2527 858 2502 861 2502 865 2502 868 2502 1057 2518 1100 2521 1119 2518 1178 2496 1181 2496 1420 2493 1423 2493 1426 2493 1466 2505 1488 2512 1516 2505 1547 2496 1550 2496 1553 2496 1609 2502 1661 2505 1686 2499 1742 2481 1745 2481 1748 2481 1751 2481 1754 2481 1776 2496 1789 2502 1829 2493 1906 2478 1909 2478 1913 2478 1916 2478 1934 2490 1947 2499 1978 2490 2027 2474 2030 2474 2034 2474 2037 2474 2061 2487 2083 2496 2309 2481 2316 2561 2309 2583 1885 2570 1847 2595 1844 2595 1841 2595 1838 2595 1835 2595 1779 2570 1758 2589 1758 2592 1754 2592 1751 2592 1748 2592 1627 2574 1562 2598 1559 2598 1556 2598 1469 2586 1392 2604 1389 2604 1385 2604 1258 2583 1159 2601 1156 2601 1153 2601 1100 2589 1051 2614 1048 2614 1044 2614 883 2595 858 2614 855 2614 852 2614 731 2623"/>
                  </Shape>
                  <String CONTENT="estant deposant es champs nuictanment ladite"
                          HPOS="725"
                          VPOS="2474"
                          WIDTH="1591"
                          HEIGHT="149"/>
               </TextLine>
               <TextLine ID="eSc_line_d2a60eb4"
                         BASELINE="737 2688 1432 2651 2337 2629"
                         HPOS="728"
                         VPOS="2555"
                         WIDTH="1609"
                         HEIGHT="152"
                         TAGREFS="LT118">
                  <Shape>
                     <Polygon POINTS="737 2688 728 2632 973 2608 976 2608 1063 2617 1088 2617 1097 2614 1175 2583 1178 2583 1181 2583 1314 2604 1342 2608 1361 2601 1429 2577 1432 2577 1435 2577 1438 2577 1441 2577 1466 2595 1475 2604 1528 2604 1553 2592 1621 2567 1624 2567 1627 2567 1838 2567 1841 2567 1844 2567 1857 2580 1872 2589 1888 2577 1903 2564 1906 2564 1909 2564 1913 2564 1916 2564 1937 2574 1950 2580 1971 2574 2021 2558 2024 2558 2027 2558 2030 2558 2034 2558 2049 2570 2068 2583 2120 2567 2158 2555 2161 2555 2164 2555 2167 2555 2170 2555 2182 2564 2198 2574 2328 2558 2337 2629 2337 2639 2176 2663 2173 2663 2099 2651 2074 2670 2071 2670 2068 2670 2065 2670 1975 2654 1959 2654 1947 2657 1891 2676 1888 2676 1885 2676 1785 2663 1748 2660 737 2707"/>
                  </Shape>
                  <String CONTENT="Annelin (Comme la femme dudit deposant le"
                          HPOS="728"
                          VPOS="2555"
                          WIDTH="1609"
                          HEIGHT="152"/>
               </TextLine>
               <TextLine ID="eSc_line_5354cbde"
                         BASELINE="734 2766 1466 2731 2313 2713"
                         HPOS="725"
                         VPOS="2632"
                         WIDTH="1588"
                         HEIGHT="161"
                         TAGREFS="LT118">
                  <Shape>
                     <Polygon POINTS="734 2766 725 2691 1265 2688 1308 2676 1395 2657 1398 2657 1541 2670 1568 2673 1572 2670 1590 2654 1590 2651 1593 2651 1596 2651 1680 2648 1683 2648 1835 2663 1869 2666 1888 2663 1965 2639 1968 2639 1971 2639 1975 2639 2046 2660 2052 2660 2055 2657 2089 2635 2092 2635 2096 2635 2099 2635 2102 2635 2154 2654 2179 2632 2182 2632 2185 2632 2189 2632 2306 2654 2313 2713 2309 2722 2142 2747 2139 2747 2136 2747 2133 2747 2111 2731 2108 2731 2096 2735 2006 2750 2002 2750 1885 2744 1801 2738 1770 2747 1739 2759 1736 2759 1733 2759 1668 2753 1593 2744 1568 2756 1550 2766 1547 2766 1401 2772 1398 2772 1342 2769 1234 2756 1144 2775 1116 2781 1113 2781 1063 2781 834 2769 737 2793"/>
                  </Shape>
                  <String CONTENT="mantient.) avec ung noir homme vindrent"
                          HPOS="725"
                          VPOS="2632"
                          WIDTH="1588"
                          HEIGHT="161"/>
               </TextLine>
               <TextLine ID="eSc_line_a2c066de"
                         BASELINE="728 2858 1364 2824 2322 2803"
                         HPOS="719"
                         VPOS="2725"
                         WIDTH="1603"
                         HEIGHT="161"
                         TAGREFS="LT118">
                  <Shape>
                     <Polygon POINTS="728 2858 719 2793 846 2790 846 2787 892 2766 896 2766 899 2766 982 2784 992 2784 1010 2781 1184 2756 1187 2756 1268 2775 1280 2775 1292 2772 1404 2750 1407 2750 1410 2750 1444 2769 1447 2769 1491 2747 1494 2747 1497 2747 1773 2756 1789 2756 1801 2756 2015 2731 2018 2731 2127 2747 2145 2747 2151 2744 2185 2725 2189 2725 2192 2725 2316 2741 2322 2803 2319 2815 2226 2834 2223 2834 2220 2834 2192 2821 2173 2815 2151 2824 2074 2849 2071 2849 2068 2849 2065 2849 2021 2834 1835 2855 1832 2855 1829 2855 1826 2855 1804 2840 1596 2865 1593 2865 1478 2849 1404 2840 1311 2840 1289 2855 1274 2868 1271 2868 1268 2868 1265 2868 1261 2868 1240 2858 1209 2846 936 2862 927 2871 911 2883 911 2886 908 2886 905 2886 902 2886 725 2877"/>
                  </Shape>
                  <String CONTENT="nuitanment devant la maison dudit deposant"
                          HPOS="719"
                          VPOS="2725"
                          WIDTH="1603"
                          HEIGHT="161"/>
               </TextLine>
               <TextLine ID="eSc_line_9a644945"
                         BASELINE="772 2955 1323 2920 2359 2896"
                         HPOS="762"
                         VPOS="2812"
                         WIDTH="1597"
                         HEIGHT="167"
                         TAGREFS="LT118">
                  <Shape>
                     <Polygon POINTS="772 2955 762 2886 803 2868 806 2868 809 2868 1023 2874 1072 2846 1075 2846 1079 2846 1082 2846 1199 2868 1224 2849 1224 2846 1227 2846 1230 2846 1351 2837 1354 2837 1634 2855 1637 2855 1640 2855 1761 2824 1764 2824 1767 2824 1950 2843 2021 2815 2024 2815 2027 2815 2030 2815 2096 2840 2130 2812 2133 2812 2136 2812 2139 2812 2198 2812 2201 2812 2204 2812 2204 2815 2229 2834 2350 2834 2359 2896 2356 2927 2241 2930 2238 2930 2235 2930 2232 2930 2232 2927 2213 2911 2120 2936 2117 2936 2114 2936 2111 2936 2108 2936 2046 2914 1878 2939 1875 2939 1872 2939 1829 2920 1770 2936 1767 2936 1764 2936 1761 2936 1730 2924 1705 2945 1705 2948 1702 2948 1699 2948 1696 2948 1692 2948 1634 2933 1596 2951 1593 2951 1590 2951 1587 2951 1534 2930 1330 2961 1327 2961 1323 2961 1320 2961 1283 2939 1063 2942 1013 2970 1010 2970 772 2979"/>
                  </Shape>
                  <String CONTENT="Et rescria ladite femme Disant Alison, vienca"
                          HPOS="762"
                          VPOS="2812"
                          WIDTH="1597"
                          HEIGHT="167"/>
               </TextLine>
               <TextLine ID="eSc_line_96255957"
                         BASELINE="675 3038 2278 2982"
                         HPOS="663"
                         VPOS="2902"
                         WIDTH="1622"
                         HEIGHT="164"
                         TAGREFS="LT118">
                  <Shape>
                     <Polygon POINTS="675 3038 663 2979 719 2951 722 2951 725 2951 728 2951 784 2973 796 2979 930 2976 939 2970 964 2948 967 2948 970 2948 1066 2939 1069 2939 1072 2939 1144 2961 1147 2961 1218 2942 1221 2942 1224 2942 1299 2955 1330 2961 1348 2955 1420 2927 1423 2927 1426 2927 1621 2945 1674 2948 1680 2942 1702 2920 1702 2917 1705 2917 1708 2917 1711 2917 1714 2917 1795 2939 1813 2942 1826 2936 1875 2911 1878 2911 1882 2911 1885 2911 1959 2933 1978 2936 2024 2930 2086 2920 2089 2920 2092 2920 2111 2927 2133 2933 2161 2924 2229 2902 2232 2902 2235 2902 2238 2902 2275 2920 2278 2982 2285 3010 2251 3032 2247 3032 2244 3032 2241 3032 2238 3032 2235 3032 2220 3020 2099 3038 2096 3038 2092 3038 2040 3016 2015 3007 1999 3020 1962 3044 1959 3044 1956 3044 1792 3051 1789 3051 1705 3032 1655 3057 1652 3057 1649 3057 1522 3032 1478 3026 1413 3035 1268 3060 1265 3060 1261 3060 1224 3041 1215 3038 1054 3038 1041 3047 1023 3060 1020 3060 1017 3060 1013 3060 1010 3060 970 3051 945 3044 911 3051 840 3066 837 3066 672 3057"/>
                  </Shape>
                  <String CONTENT="vientend avec nous, voici ung homme qui"
                          HPOS="663"
                          VPOS="2902"
                          WIDTH="1622"
                          HEIGHT="164"/>
               </TextLine>
            </TextBlock>
            <TextBlock HPOS="2316"
                       VPOS="3473"
                       WIDTH="57"
                       HEIGHT="91"
                       ID="eSc_textblock_cc81c947"
                       TAGREFS="BT371">
               <Shape>
                  <Polygon POINTS="2316 3473 2316 3560 2373 3564 2369 3473"/>
               </Shape>
               <TextLine ID="eSc_line_aa9c710f"
                         BASELINE="2328 3537 2368 3539"
                         HPOS="2322"
                         VPOS="3463"
                         WIDTH="43"
                         HEIGHT="111"
                         TAGREFS="LT118">
                  <Shape>
                     <Polygon POINTS="2325 3534 2328 3463 2365 3466 2365 3537 2362 3568 2322 3574"/>
                  </Shape>
                  <String CONTENT="3" HPOS="2322" VPOS="3463" WIDTH="43" HEIGHT="111"/>
               </TextLine>
            </TextBlock>
         </PrintSpace>
      </Page>
   </Layout>
</alto>
