<alto xmlns:xsi="http://www.w3.org/2001/XMLSchema-instance"
      xmlns="http://www.loc.gov/standards/alto/ns-v4#"
      xsi:schemaLocation="http://www.loc.gov/standards/alto/ns-v4# http://www.loc.gov/standards/alto/v4/alto-4-2.xsd">
   <Description>
      <MeasurementUnit>pixel</MeasurementUnit>
      <sourceImageInformation>
         <fileName>B_168_15-10-3_0002.jpg</fileName>
      </sourceImageInformation>
   </Description>
   <Tags>
      <OtherTag ID="BT365"
                LABEL="MainZone:column"
                DESCRIPTION="block type MainZone:column"/>
      <OtherTag ID="BT367" LABEL="MainZone" DESCRIPTION="block type MainZone"/>
      <OtherTag ID="BT368"
                LABEL="MarginTextZone"
                DESCRIPTION="block type MarginTextZone"/>
      <OtherTag ID="BT369"
                LABEL="MarginTextZone:note"
                DESCRIPTION="block type MarginTextZone:note"/>
      <OtherTag ID="BT370"
                LABEL="NumberingZone:other"
                DESCRIPTION="block type NumberingZone:other"/>
      <OtherTag ID="BT371"
                LABEL="NumberingZone:page"
                DESCRIPTION="block type NumberingZone:page"/>
      <OtherTag ID="BT379"
                LABEL="DecorationZone"
                DESCRIPTION="block type DecorationZone"/>
      <OtherTag ID="BT380"
                LABEL="CustomZone:signature"
                DESCRIPTION="block type CustomZone:signature"/>
      <OtherTag ID="LT118" LABEL="DefaultLine" DESCRIPTION="line type DefaultLine"/>
      <OtherTag ID="LT119" LABEL="HeadingLine" DESCRIPTION="line type HeadingLine"/>
      <OtherTag ID="LT120"
                LABEL="InterlinearLine"
                DESCRIPTION="line type InterlinearLine"/>
   </Tags>
   <Layout>
      <Page WIDTH="2754"
            HEIGHT="3743"
            PHYSICAL_IMG_NR="38"
            ID="eSc_dummypage_">
         <PrintSpace HPOS="0" VPOS="0" WIDTH="2754" HEIGHT="3743">
            <TextBlock HPOS="599"
                       VPOS="187"
                       WIDTH="1930"
                       HEIGHT="2929"
                       ID="eSc_textblock_b6373cd7"
                       TAGREFS="BT367">
               <Shape>
                  <Polygon POINTS="2379 598 2379 807 2304 860 2404 1294 2379 1419 2229 1484 2245 1547 2366 1597 2416 1709 2404 1805 2304 1908 2416 2205 1917 2292 2095 2570 2341 2595 2407 2670 2516 2694 2529 2766 2329 2916 2020 2941 1992 3103 786 3116 749 2919 786 2854 799 1771 724 1656 761 1272 746 1219 612 1169 624 1097 711 1057 736 935 599 870 599 786 749 670 724 224 811 187 2354 199 2454 237 2404 386 2454 533"/>
               </Shape>
               <TextLine ID="eSc_line_94e1898f"
                         BASELINE="789 299 1723 268 2441 274"
                         HPOS="783"
                         VPOS="165"
                         WIDTH="1658"
                         HEIGHT="162"
                         TAGREFS="LT118">
                  <Shape>
                     <Polygon POINTS="789 299 783 190 1005 205 1027 190 1036 180 1039 180 1042 180 1046 180 1049 180 1052 180 1052 184 1061 190 1089 218 1152 218 1205 190 1233 177 1236 177 1239 177 1333 190 1480 212 1539 190 1545 190 1548 190 1551 190 1554 190 1561 190 1617 208 1654 193 1692 174 1695 174 1836 165 1839 165 1979 190 2070 174 2073 174 2076 174 2132 193 2151 199 2201 193 2285 184 2288 184 2438 196 2441 274 2441 296 2254 299 2251 299 2248 299 2207 280 2185 299 2185 302 2182 302 2179 302 2176 302 2173 302 2129 283 2045 299 2042 299 1854 280 1823 299 1820 299 1817 299 1814 299 1811 299 1807 299 1807 296 1792 283 1670 283 1651 308 1648 308 1648 311 1645 311 1642 311 1639 311 1636 311 1501 286 1458 308 1455 308 1451 308 1448 308 1405 290 1214 318 1211 318 1208 318 1130 296 789 327"/>
                  </Shape>
                  <String CONTENT="Item confesse quicelle avec Agathe femme"
                          HPOS="783"
                          VPOS="165"
                          WIDTH="1658"
                          HEIGHT="162"/>
               </TextLine>
               <TextLine ID="eSc_line_47d5f3b6"
                         BASELINE="774 368 2363 349"
                         HPOS="768"
                         VPOS="274"
                         WIDTH="1595"
                         HEIGHT="134"
                         TAGREFS="LT118">
                  <Shape>
                     <Polygon POINTS="774 368 768 293 955 315 986 293 989 293 992 293 1199 290 1202 290 1205 290 1292 311 1339 286 1342 286 1345 286 1348 286 1408 308 1567 283 1570 283 1573 283 1754 283 1757 283 1817 305 1882 283 1885 283 1889 283 1892 283 1939 302 2017 280 2020 280 2023 280 2170 299 2185 286 2185 283 2188 283 2191 283 2195 283 2198 283 2223 296 2354 274 2363 349 2360 377 2291 364 2210 380 2191 383 2188 383 2185 383 2179 380 2120 361 2082 383 2067 393 2063 393 2060 393 2057 393 2013 383 1914 364 1717 386 1714 386 1711 386 1707 386 1683 368 1586 368 1448 396 1420 399 1417 399 1414 399 1411 399 1408 396 1377 374 1327 393 1323 393 1320 393 1195 374 1170 393 1167 393 1164 393 1161 393 1077 380 1036 402 1030 405 1027 405 1027 408 774 408"/>
                  </Shape>
                  <String CONTENT="de Henry vouelin de Beurnevesain elle"
                          HPOS="768"
                          VPOS="274"
                          WIDTH="1595"
                          HEIGHT="134"/>
               </TextLine>
               <TextLine ID="eSc_line_4d01171d"
                         BASELINE="799 470 1495 442 2341 433"
                         HPOS="793"
                         VPOS="349"
                         WIDTH="1548"
                         HEIGHT="146"
                         TAGREFS="LT118">
                  <Shape>
                     <Polygon POINTS="799 470 793 411 1049 393 1067 374 1067 371 1071 371 1074 371 1077 371 1224 383 1261 368 1264 368 1267 368 1270 368 1273 368 1295 383 1348 364 1352 364 1355 364 1445 380 1539 361 1542 361 1545 361 1548 361 1579 389 1645 364 1648 364 1651 364 1736 386 1745 386 1751 383 1801 358 1804 358 1807 358 1876 371 1932 352 1935 352 1939 352 2054 377 2060 377 2063 377 2123 349 2126 349 2129 349 2132 349 2191 374 2198 374 2332 371 2341 433 2341 442 2298 464 2295 464 2295 467 2188 467 2185 464 2182 464 2179 464 2179 461 2163 449 2051 467 2048 467 2045 467 2042 467 2017 449 2010 446 2004 452 1979 467 1976 467 1973 467 1970 467 1967 467 1920 452 1898 446 1882 452 1848 470 1845 470 1842 470 1839 470 1779 455 1748 449 1651 458 1561 467 1558 467 1520 461 1483 455 1473 461 1455 480 1455 483 1451 483 1448 483 1445 483 1205 467 1111 464 1061 470 933 495 930 495 796 477"/>
                  </Shape>
                  <String CONTENT="a este au Sabath tant sur les planches"
                          HPOS="793"
                          VPOS="349"
                          WIDTH="1548"
                          HEIGHT="146"/>
               </TextLine>
               <TextLine ID="eSc_line_5ae85edd"
                         BASELINE="774 614 1139 605"
                         HPOS="768"
                         VPOS="533"
                         WIDTH="371"
                         HEIGHT="93"
                         TAGREFS="LT118">
                  <Shape>
                     <Polygon POINTS="774 614 768 539 936 561 999 542 1002 542 1005 542 1099 552 1120 533 1139 605 1139 617 774 626"/>
                  </Shape>
                  <String CONTENT="daultres"
                          HPOS="768"
                          VPOS="533"
                          WIDTH="371"
                          HEIGHT="93"/>
               </TextLine>
               <TextLine ID="eSc_line_fa291655"
                         BASELINE="830 564 1526 530 2438 514"
                         HPOS="824"
                         VPOS="436"
                         WIDTH="1614"
                         HEIGHT="147"
                         TAGREFS="LT118">
                  <Shape>
                     <Polygon POINTS="830 564 827 495 930 499 961 492 1039 467 1042 467 1046 467 1139 486 1167 464 1170 464 1174 464 1177 464 1180 464 1258 483 1267 486 1273 483 1302 464 1305 464 1308 464 1311 464 1408 477 1473 455 1476 455 1480 455 1598 458 1601 458 1604 458 1626 477 1629 477 1707 477 1707 474 1726 458 1726 455 1729 455 1732 455 1736 455 1945 467 1960 467 2007 439 2010 439 2013 439 2017 439 2020 439 2070 458 2135 436 2138 436 2142 436 2145 436 2207 461 2263 442 2266 442 2270 442 2432 458 2438 514 2438 548 2316 548 2313 545 2310 545 2266 527 2210 548 2207 548 2204 548 2201 548 2132 530 2023 552 2001 555 1998 555 1982 552 1923 539 1851 555 1839 555 1836 555 1817 555 1707 542 1689 555 1689 558 1686 558 1683 558 1679 558 1611 555 1405 548 1386 558 1352 577 1348 577 1258 580 1255 580 1252 580 1189 561 1164 555 1139 561 1064 583 1061 583 1058 583 1055 583 1021 567 896 583 893 583 889 583 824 564"/>
                  </Shape>
                  <String CONTENT="de Rechesir que au Bois de morteveille avec"
                          HPOS="824"
                          VPOS="436"
                          WIDTH="1614"
                          HEIGHT="147"/>
               </TextLine>
               <TextLine ID="eSc_line_60c0376f"
                         BASELINE="749 726 1754 695 2335 698"
                         HPOS="740"
                         VPOS="605"
                         WIDTH="1595"
                         HEIGHT="159"
                         TAGREFS="LT118">
                  <Shape>
                     <Polygon POINTS="749 726 740 626 1017 623 1021 623 1024 623 1027 623 1102 645 1158 623 1174 617 1177 617 1180 617 1183 617 1195 623 1214 633 1339 623 1483 611 1486 611 1489 611 1514 623 1545 636 1592 620 1620 614 1623 614 1626 614 1667 620 1695 626 1701 620 1723 605 1726 605 1729 605 1732 605 1736 605 1786 620 1807 626 1917 620 2117 608 2120 608 2123 608 2126 608 2138 620 2148 623 2329 620 2335 698 2329 714 2151 708 2010 726 1926 736 1923 736 1920 736 1917 736 1917 733 1910 729 1889 711 1873 723 1870 723 1867 723 1864 723 1623 711 1533 729 1530 729 1380 723 1327 748 1317 751 1314 751 1311 751 1308 751 1298 748 1227 720 1177 751 1174 754 1170 754 1167 754 1164 754 1149 751 1033 726 927 757 924 757 921 757 918 757 914 757 889 742 749 764"/>
                  </Shape>
                  <String CONTENT="Item confesse que avec la susdite Agatte et"
                          HPOS="740"
                          VPOS="605"
                          WIDTH="1595"
                          HEIGHT="159"/>
               </TextLine>
               <TextLine ID="eSc_line_1c34c492"
                         BASELINE="765 814 1117 795 2357 776"
                         HPOS="755"
                         VPOS="701"
                         WIDTH="1602"
                         HEIGHT="138"
                         TAGREFS="LT118">
                  <Shape>
                     <Polygon POINTS="765 814 755 761 824 729 827 729 830 729 833 729 880 754 1008 726 1011 726 1014 726 1017 726 1017 729 1042 751 1064 736 1067 736 1071 736 1074 736 1211 748 1245 720 1248 720 1252 720 1255 720 1420 745 1423 745 1464 714 1467 714 1470 714 1473 714 1573 729 1736 711 1739 711 1742 711 1798 739 1801 739 1804 739 1854 720 1857 720 1860 720 1864 720 1867 720 1892 736 1898 736 1976 720 1979 720 1982 720 2023 733 2067 704 2070 704 2073 704 2076 704 2079 704 2082 704 2117 729 2151 701 2154 701 2157 701 2160 701 2223 701 2226 701 2229 701 2229 704 2251 726 2288 708 2291 708 2295 708 2298 708 2354 726 2357 776 2357 786 2266 810 2263 810 2260 810 2257 810 2254 810 2226 792 2154 832 2151 832 2151 835 2010 835 2007 832 2004 832 1935 801 1807 839 1804 839 1801 839 1798 839 1714 804 1626 823 1623 823 1533 807 1501 801 1495 807 1473 823 1470 823 1467 823 1464 823 1461 823 1430 807 1417 804 1292 804 1264 814 1220 826 1217 826 1214 826 1211 826 1167 814 1127 804 1017 820 861 839 858 839 761 823"/>
                  </Shape>
                  <String CONTENT="daultres femmes elle a aide a faire"
                          HPOS="755"
                          VPOS="701"
                          WIDTH="1602"
                          HEIGHT="138"/>
               </TextLine>
               <TextLine ID="eSc_line_3de061eb"
                         BASELINE="783 895 1508 867"
                         HPOS="774"
                         VPOS="804"
                         WIDTH="734"
                         HEIGHT="134"
                         TAGREFS="LT118">
                  <Shape>
                     <Polygon POINTS="783 895 774 839 942 814 946 814 1130 823 1145 823 1149 823 1170 804 1174 804 1177 804 1180 804 1501 810 1508 867 1505 901 1202 898 1180 910 1149 929 1145 929 1142 929 1024 938 1021 938 1017 938 946 913 930 910 914 913 839 935 836 935 833 935 830 935 777 917"/>
                  </Shape>
                  <String CONTENT="de la grelle."
                          HPOS="774"
                          VPOS="804"
                          WIDTH="734"
                          HEIGHT="134"/>
               </TextLine>
               <TextLine ID="eSc_line_5fe0aaaa"
                         BASELINE="740 1066 1380 1026 2326 1013"
                         HPOS="727"
                         VPOS="923"
                         WIDTH="1599"
                         HEIGHT="174"
                         TAGREFS="LT118">
                  <Shape>
                     <Polygon POINTS="740 1066 727 988 824 960 827 960 830 960 974 979 980 979 1014 963 1017 963 1021 963 1105 976 1111 976 1114 976 1145 951 1149 951 1152 951 1155 951 1336 966 1367 970 1455 963 1729 945 1732 945 1736 945 1773 954 1792 957 1811 954 1910 929 1914 929 1917 929 1976 945 2038 926 2042 926 2045 926 2048 926 2095 945 2104 948 2113 945 2151 923 2154 923 2157 923 2319 938 2326 1013 2316 1051 2263 1026 1960 1026 1910 1063 1907 1063 1904 1063 1814 1066 1814 1069 1764 1069 1761 1066 1757 1066 1754 1066 1754 1063 1723 1035 1604 1035 1567 1066 1564 1066 1561 1066 1558 1066 1554 1066 1492 1041 1386 1079 1383 1079 1383 1082 1352 1082 1327 1082 1323 1079 1320 1079 1317 1079 1277 1051 1189 1079 1186 1079 1183 1079 1074 1054 992 1088 989 1088 740 1097"/>
                  </Shape>
                  <String CONTENT="Item confesse quelle estoit par une fois en"
                          HPOS="727"
                          VPOS="923"
                          WIDTH="1599"
                          HEIGHT="174"/>
               </TextLine>
               <TextLine ID="eSc_line_9ca709d2"
                         BASELINE="743 1141 1860 1104 2313 1107"
                         HPOS="733"
                         VPOS="1026"
                         WIDTH="1580"
                         HEIGHT="149"
                         TAGREFS="LT118">
                  <Shape>
                     <Polygon POINTS="743 1141 733 1088 796 1063 799 1063 802 1063 958 1079 1086 1054 1308 1048 1311 1048 1314 1048 1373 1066 1523 1041 1526 1041 1723 1057 1732 1057 1742 1057 1914 1032 1917 1032 2023 1048 2088 1026 2092 1026 2095 1026 2098 1026 2101 1026 2129 1044 2129 1048 2185 1048 2188 1044 2204 1029 2204 1026 2207 1026 2210 1026 2213 1026 2310 1041 2313 1107 2310 1116 2166 1135 2163 1135 2160 1135 2157 1135 2142 1126 2126 1116 1770 1119 1754 1138 1748 1144 1748 1147 1745 1147 1742 1147 1739 1147 1736 1147 1707 1141 1658 1126 1639 1144 1633 1147 1633 1150 1629 1150 1626 1150 1623 1150 1620 1150 1601 1144 1554 1129 1536 1147 1530 1150 1530 1154 1526 1154 1523 1154 1520 1154 1464 1150 1308 1135 1286 1157 1283 1157 1283 1160 1280 1160 1277 1160 1273 1160 1270 1160 1261 1157 1205 1138 1080 1138 974 1169 967 1169 964 1169 961 1169 952 1169 883 1157 743 1175"/>
                  </Shape>
                  <String CONTENT="volonte de Jecter dudit poulsat sur la"
                          HPOS="733"
                          VPOS="1026"
                          WIDTH="1580"
                          HEIGHT="149"/>
               </TextLine>
               <TextLine ID="eSc_line_f0a002e8"
                         BASELINE="780 1238 1323 1203 2366 1188"
                         HPOS="774"
                         VPOS="1107"
                         WIDTH="1592"
                         HEIGHT="162"
                         TAGREFS="LT118">
                  <Shape>
                     <Polygon POINTS="780 1238 774 1175 1074 1166 1149 1129 1152 1129 1155 1129 1277 1150 1417 1122 1420 1122 1545 1147 1639 1116 1642 1116 1645 1116 1648 1116 1651 1116 1651 1119 1683 1150 1711 1150 1761 1113 1764 1113 1767 1113 1770 1113 1773 1113 1851 1135 2082 1107 2085 1107 2088 1107 2092 1107 2135 1135 2157 1119 2160 1119 2163 1119 2166 1119 2360 1135 2366 1188 2363 1216 2282 1200 1823 1207 1779 1238 1764 1247 1761 1247 1757 1247 1754 1247 1751 1247 1748 1247 1736 1238 1701 1213 1667 1241 1661 1247 1658 1247 1654 1247 1651 1247 1648 1247 1645 1247 1639 1241 1604 1222 1548 1244 1523 1253 1520 1253 1520 1257 1451 1257 1448 1253 1445 1253 1442 1253 1436 1247 1408 1228 1361 1250 1348 1257 1345 1257 1342 1257 1314 1253 1174 1225 1133 1257 1130 1257 1127 1257 780 1269"/>
                  </Shape>
                  <String CONTENT="proye des vaches affin de les faire a"
                          HPOS="774"
                          VPOS="1107"
                          WIDTH="1592"
                          HEIGHT="162"/>
               </TextLine>
               <TextLine ID="eSc_line_ef339b81"
                         BASELINE="771 1325 1392 1297 2385 1275"
                         HPOS="755"
                         VPOS="1200"
                         WIDTH="1630"
                         HEIGHT="169"
                         TAGREFS="LT118">
                  <Shape>
                     <Polygon POINTS="771 1325 755 1272 796 1241 799 1241 802 1241 805 1241 808 1241 871 1266 1077 1263 1205 1260 1211 1257 1348 1225 1352 1225 1483 1247 1492 1247 1754 1241 1754 1238 1779 1216 1779 1213 1782 1213 1786 1213 1957 1210 1960 1210 1964 1210 1998 1225 2098 1203 2101 1203 2104 1203 2160 1222 2179 1228 2298 1228 2307 1219 2326 1203 2326 1200 2329 1200 2332 1200 2335 1200 2338 1200 2382 1216 2385 1275 2379 1300 2291 1297 2266 1303 2195 1328 2191 1328 2188 1328 2185 1328 2182 1328 2160 1306 2142 1294 1998 1294 1967 1313 1948 1325 1945 1325 1942 1325 1939 1325 1935 1325 1914 1313 1870 1347 1867 1347 1864 1347 1860 1347 1857 1347 1854 1347 1854 1344 1820 1316 1804 1303 1757 1303 1739 1319 1723 1331 1723 1335 1720 1335 1717 1335 1714 1335 1711 1335 1707 1335 1689 1319 1683 1316 1651 1322 1536 1344 1533 1344 1458 1325 1426 1319 1411 1328 1352 1359 1348 1359 1208 1366 1208 1369 1149 1369 1145 1366 1142 1366 1139 1366 1099 1335 1095 1335 1077 1338 989 1350 986 1350 983 1350 942 1341 921 1335 896 1341 833 1363 830 1363 827 1363 824 1363 765 1344"/>
                  </Shape>
                  <String CONTENT="mourir  et que un rain luy attaingnit"
                          HPOS="755"
                          VPOS="1200"
                          WIDTH="1630"
                          HEIGHT="169"/>
               </TextLine>
               <TextLine ID="eSc_line_e36e35b8"
                         BASELINE="768 1431 1436 1391 2348 1384"
                         HPOS="761"
                         VPOS="1310"
                         WIDTH="1596"
                         HEIGHT="146"
                         TAGREFS="LT118">
                  <Shape>
                     <Polygon POINTS="768 1431 761 1363 827 1363 833 1359 877 1335 880 1335 1002 1331 1005 1331 1008 1331 1011 1331 1039 1350 1067 1331 1071 1331 1074 1331 1245 1328 1248 1328 1314 1344 1339 1347 1348 1341 1373 1322 1377 1322 1380 1322 1383 1322 1386 1322 1442 1338 1461 1344 1476 1338 1514 1319 1517 1319 1520 1319 1523 1319 1573 1335 1598 1341 1645 1331 1711 1319 1714 1319 1767 1328 1807 1335 1823 1325 1832 1316 1836 1316 1839 1316 1842 1316 1845 1316 1867 1325 1889 1331 1901 1322 1917 1310 1920 1310 1923 1310 1926 1310 1929 1310 1951 1322 1973 1331 2338 1310 2348 1384 2357 1394 2341 1412 2338 1412 2338 1416 2335 1416 2332 1416 2329 1416 2241 1400 2213 1425 2213 1428 2210 1428 2207 1428 2207 1431 2117 1431 2113 1428 2110 1428 2107 1428 2085 1409 1929 1434 1926 1434 1923 1434 1873 1409 1860 1403 1836 1409 1742 1441 1739 1441 1567 1444 1564 1444 1561 1444 1514 1422 1495 1412 1380 1412 1361 1425 1327 1450 1323 1450 1320 1450 1317 1450 1230 1431 1192 1422 1161 1431 1130 1444 1127 1444 1124 1444 1071 1434 1011 1425 877 1428 852 1441 821 1456 818 1456 814 1456 765 1444"/>
                  </Shape>
                  <String CONTENT="Le bras, de sorte que sondit poulsat"
                          HPOS="761"
                          VPOS="1310"
                          WIDTH="1596"
                          HEIGHT="146"/>
               </TextLine>
               <TextLine ID="eSc_line_693d6015"
                         BASELINE="736 1512 2120 1487"
                         HPOS="730"
                         VPOS="1409"
                         WIDTH="1390"
                         HEIGHT="144"
                         TAGREFS="LT118">
                  <Shape>
                     <Polygon POINTS="736 1512 730 1447 783 1453 808 1444 849 1428 852 1428 855 1428 858 1428 908 1444 930 1450 949 1444 989 1425 992 1425 996 1425 999 1425 1042 1441 1061 1450 1083 1441 1133 1422 1136 1422 1139 1422 1224 1422 1227 1422 1258 1441 1267 1444 1277 1441 1317 1422 1320 1422 1323 1422 1327 1422 1377 1437 1395 1444 1401 1437 1430 1416 1433 1416 1436 1416 1439 1416 1598 1434 1620 1437 1626 1434 1658 1412 1661 1412 1664 1412 1667 1412 1670 1412 1726 1434 1736 1437 1742 1434 1782 1409 1786 1409 1789 1409 1792 1409 1795 1409 1829 1425 1917 1409 1920 1409 1923 1409 1926 1409 1951 1431 2113 1431 2120 1487 2120 1512 1992 1531 1989 1531 1985 1531 1951 1515 1935 1506 1917 1515 1889 1528 1885 1528 1683 1537 1679 1537 1676 1537 1673 1537 1642 1515 1626 1509 1448 1509 1442 1519 1417 1540 1417 1543 1414 1543 1411 1543 1411 1547 1327 1547 1323 1543 1320 1543 1317 1543 1286 1519 1280 1515 1277 1519 1261 1531 1258 1531 1255 1531 1252 1531 1183 1519 1170 1519 1164 1519 1083 1550 1080 1550 1077 1550 918 1522 911 1522 861 1553 858 1553 855 1553 852 1553 849 1553 730 1522"/>
                  </Shape>
                  <String CONTENT="tomba par terre sans rien effectuer"
                          HPOS="730"
                          VPOS="1409"
                          WIDTH="1390"
                          HEIGHT="144"/>
               </TextLine>
               <TextLine ID="eSc_line_3332f794"
                         BASELINE="768 1703 918 1681 1189 1674 2326 1674"
                         HPOS="758"
                         VPOS="1590"
                         WIDTH="1568"
                         HEIGHT="131"
                         TAGREFS="LT118">
                  <Shape>
                     <Polygon POINTS="768 1703 758 1621 858 1603 861 1603 864 1603 911 1615 961 1593 964 1593 967 1593 1074 1612 1095 1593 1099 1593 1102 1593 1105 1593 1108 1593 1111 1593 1136 1609 1202 1593 1205 1593 1208 1593 1211 1593 1214 1593 1214 1597 1236 1615 1467 1597 1470 1597 1473 1597 1536 1615 1698 1590 1701 1590 1960 1590 1964 1590 1967 1590 1967 1593 1992 1612 2142 1597 2145 1597 2148 1597 2198 1612 2238 1590 2241 1590 2245 1590 2248 1590 2326 1615 2326 1674 2323 1699 2110 1715 2107 1715 2104 1715 2101 1715 2088 1706 2076 1696 2045 1706 2007 1715 2004 1715 2001 1715 1998 1715 1976 1706 1948 1693 1686 1709 1679 1709 1676 1709 1673 1709 1670 1709 1648 1693 1561 1712 1526 1718 1523 1718 1520 1718 1505 1712 1464 1696 1358 1715 1330 1718 1327 1718 1323 1718 1320 1718 1317 1715 1286 1696 1217 1696 1049 1712 1046 1712 1042 1712 1008 1699 961 1718 958 1718 955 1718 952 1718 911 1696 893 1715 889 1715 886 1715 768 1721"/>
                  </Shape>
                  <String CONTENT="De plus confesse que avec ledit poulsat"
                          HPOS="758"
                          VPOS="1590"
                          WIDTH="1568"
                          HEIGHT="131"/>
               </TextLine>
               <TextLine ID="eSc_line_82090d3f"
                         BASELINE="830 1768 1782 1759 2391 1774"
                         HPOS="821"
                         VPOS="1681"
                         WIDTH="1570"
                         HEIGHT="121"
                         TAGREFS="LT118">
                  <Shape>
                     <Polygon POINTS="830 1768 824 1709 1120 1681 1124 1681 1127 1681 1130 1681 1155 1703 1192 1681 1195 1681 1199 1681 1314 1681 1317 1681 1392 1703 1398 1706 1408 1703 1467 1681 1470 1681 1473 1681 1476 1681 1533 1703 1542 1706 1551 1703 1623 1681 1626 1681 1629 1681 1717 1681 1720 1681 1723 1681 1723 1684 1742 1699 1767 1681 1770 1681 1773 1681 1776 1681 1973 1681 1976 1681 2010 1696 2051 1681 2054 1681 2057 1681 2060 1681 2101 1699 2117 1706 2385 1699 2391 1774 2391 1777 2344 1799 2341 1799 2341 1802 2038 1802 2035 1799 2032 1799 1973 1777 1970 1777 1839 1777 1832 1777 1757 1799 1754 1799 1751 1799 1629 1777 1620 1777 1358 1777 1355 1777 1330 1793 1327 1793 1323 1793 1320 1793 1317 1793 1255 1777 1252 1777 1227 1799 1224 1799 1220 1799 1220 1802 1124 1802 1120 1799 1117 1799 1061 1777 1033 1799 1030 1799 1027 1799 1027 1802 871 1802 868 1799 864 1799 821 1777"/>
                  </Shape>
                  <String CONTENT="en ayant jecte sur les bestes suigvantes"
                          HPOS="821"
                          VPOS="1681"
                          WIDTH="1570"
                          HEIGHT="121"/>
               </TextLine>
               <TextLine ID="eSc_line_4a7e9a3d"
                         BASELINE="818 1852 1695 1843 2313 1855"
                         HPOS="805"
                         VPOS="1768"
                         WIDTH="1508"
                         HEIGHT="122"
                         TAGREFS="LT118">
                  <Shape>
                     <Polygon POINTS="818 1852 805 1802 846 1777 849 1777 852 1777 855 1777 983 1796 1005 1777 1005 1774 1008 1774 1011 1774 1014 1774 1017 1774 1021 1774 1058 1799 1189 1799 1227 1768 1230 1768 1233 1768 1236 1768 1526 1771 1530 1771 1533 1771 1554 1787 1676 1774 1679 1774 1683 1774 1686 1774 1717 1799 1832 1799 1892 1768 1895 1768 1898 1768 2185 1796 2213 1771 2213 1768 2216 1768 2220 1768 2223 1768 2226 1768 2229 1768 2266 1799 2310 1799 2313 1855 2310 1865 2048 1887 2045 1887 1898 1865 1832 1859 1489 1859 1470 1865 1433 1887 1430 1887 1426 1887 1423 1887 1370 1865 1352 1859 1345 1865 1333 1877 1333 1880 1330 1880 1327 1880 1205 1887 1202 1887 1199 1887 1155 1865 1139 1859 1130 1865 1108 1887 1105 1887 1102 1887 1102 1890 1002 1890 999 1887 996 1887 946 1865 930 1862 818 1865"/>
                  </Shape>
                  <String CONTENT="les en a faict a mourir Et ce par le"
                          HPOS="805"
                          VPOS="1768"
                          WIDTH="1508"
                          HEIGHT="122"/>
               </TextLine>
               <TextLine ID="eSc_line_39791fe5"
                         BASELINE="821 1943 1614 1930 2241 1946"
                         HPOS="814"
                         VPOS="1862"
                         WIDTH="1427"
                         HEIGHT="131"
                         TAGREFS="LT118">
                  <Shape>
                     <Polygon POINTS="821 1943 818 1887 1055 1887 1099 1862 1102 1862 1105 1862 1189 1862 1192 1862 1195 1862 1195 1865 1217 1883 1277 1862 1280 1862 1283 1862 1286 1862 1323 1880 1364 1862 1367 1862 1370 1862 1373 1862 1377 1862 1398 1880 1433 1862 1436 1862 1439 1862 1533 1880 1673 1862 1676 1862 1679 1862 1683 1862 1683 1865 1704 1887 1914 1887 1964 1862 1967 1862 1970 1862 1973 1862 2032 1883 2048 1871 2048 1868 2051 1868 2054 1868 2057 1868 2238 1887 2241 1946 2241 1949 2176 1977 2173 1977 2170 1977 2070 1955 1942 1983 1939 1983 1935 1983 1932 1983 1885 1949 1876 1943 1845 1949 1801 1961 1798 1961 1795 1961 1792 1961 1754 1952 1736 1946 1726 1952 1664 1990 1661 1990 1658 1990 1658 1993 1461 1993 1458 1990 1455 1990 1451 1990 1405 1952 1392 1943 1270 1943 1255 1952 1174 1990 1170 1990 1167 1990 1164 1990 1161 1990 1099 1952 1089 1949 921 1949 908 1952 871 1968 868 1968 864 1968 861 1968 814 1952"/>
                  </Shape>
                  <String CONTENT="commandement de sondit maitre Robine"
                          HPOS="814"
                          VPOS="1862"
                          WIDTH="1427"
                          HEIGHT="131"/>
               </TextLine>
               <TextLine ID="eSc_line_3977051d"
                         BASELINE="786 2117 1367 2089 2344 2102"
                         HPOS="777"
                         VPOS="2002"
                         WIDTH="1567"
                         HEIGHT="131"
                         TAGREFS="LT118">
                  <Shape>
                     <Polygon POINTS="786 2117 777 2027 833 2005 836 2005 839 2005 1052 2005 1055 2005 1058 2005 1095 2027 1102 2033 1111 2027 1142 2005 1145 2005 1149 2005 1152 2005 1155 2005 1158 2005 1183 2027 1224 2005 1227 2005 1230 2005 1233 2005 1236 2005 1264 2030 1342 2030 1386 2005 1389 2005 1392 2005 1395 2005 1467 2030 1470 2030 1520 2005 1523 2005 1526 2005 1530 2005 1533 2005 1533 2008 1554 2027 1573 2011 1576 2011 1579 2011 1583 2011 1586 2011 1664 2030 1761 2002 1764 2002 1767 2002 1873 2002 1876 2002 1879 2002 1917 2033 1920 2036 2341 2036 2344 2102 2341 2111 2148 2127 2145 2127 2142 2127 2113 2117 2092 2108 2060 2117 2023 2127 2020 2127 2017 2127 2013 2127 1982 2117 1942 2105 1910 2117 1904 2121 1901 2121 1898 2121 1879 2121 1782 2105 1761 2121 1748 2130 1745 2130 1742 2130 1739 2130 1736 2130 1732 2130 1732 2127 1726 2121 1711 2108 1489 2108 1455 2124 1445 2130 1442 2130 1442 2133 1317 2133 1314 2130 1311 2130 1308 2130 1305 2127 1270 2108 1120 2108 1077 2130 1074 2130 1071 2130 1067 2130 983 2117 786 2133"/>
                  </Shape>
                  <String CONTENT="A scavoir a eulx mesme en leur propre"
                          HPOS="777"
                          VPOS="2002"
                          WIDTH="1567"
                          HEIGHT="131"/>
               </TextLine>
               <TextLine ID="eSc_line_76ca141d"
                         BASELINE="833 2189 2401 2183"
                         HPOS="830"
                         VPOS="2102"
                         WIDTH="1574"
                         HEIGHT="134"
                         TAGREFS="LT118">
                  <Shape>
                     <Polygon POINTS="833 2189 833 2108 889 2133 964 2133 992 2111 996 2105 999 2105 1002 2105 1005 2105 1049 2111 1120 2121 1205 2111 1261 2108 1264 2108 1292 2114 1361 2130 1380 2114 1386 2108 1389 2108 1392 2108 1395 2108 1398 2108 1426 2114 1458 2124 1492 2117 1551 2105 1554 2105 1558 2105 1586 2117 1611 2130 1626 2117 1645 2102 1648 2102 1651 2102 1654 2102 1748 2117 1798 2102 1801 2102 1804 2102 1807 2102 1811 2102 1836 2121 1842 2127 1851 2121 1889 2102 1892 2102 1895 2102 1898 2102 1979 2124 1998 2130 2082 2130 2085 2124 2107 2105 2107 2102 2110 2102 2113 2102 2117 2102 2120 2102 2179 2127 2182 2130 2288 2130 2288 2127 2319 2102 2323 2102 2326 2102 2329 2102 2332 2102 2398 2130 2401 2183 2404 2199 2329 2230 2326 2230 2323 2230 2179 2202 2151 2227 2151 2230 2148 2230 2145 2230 2145 2233 2076 2233 2073 2230 2070 2230 2067 2230 2038 2205 1964 2230 1960 2230 1957 2230 1954 2230 1951 2230 1951 2227 1923 2205 1864 2217 1860 2217 1626 2202 1617 2202 1614 2202 1505 2233 1501 2233 1498 2233 1395 2227 1392 2227 1389 2227 1364 2205 1298 2220 1295 2220 1292 2220 1208 2205 1108 2233 1105 2233 1105 2236 958 2236 955 2233 830 2202"/>
                  </Shape>
                  <String CONTENT="maison Trois chievres et deux chevaulx"
                          HPOS="830"
                          VPOS="2102"
                          WIDTH="1574"
                          HEIGHT="134"/>
               </TextLine>
               <TextLine ID="eSc_line_20bf71dc"
                         BASELINE="786 2330 1286 2301 1782 2301"
                         HPOS="774"
                         VPOS="2205"
                         WIDTH="1008"
                         HEIGHT="140"
                         TAGREFS="LT118">
                  <Shape>
                     <Polygon POINTS="786 2330 774 2258 871 2223 874 2223 877 2223 1058 2230 1102 2211 1105 2211 1108 2211 1320 2220 1398 2205 1401 2205 1405 2205 1408 2205 1448 2239 1467 2239 1539 2239 1542 2236 1564 2217 1567 2217 1570 2217 1573 2217 1576 2217 1611 2233 1614 2233 1726 2214 1729 2214 1732 2214 1782 2230 1782 2301 1776 2323 1617 2314 1548 2330 1536 2333 1533 2333 1530 2333 1526 2333 1523 2333 1520 2330 1495 2314 1476 2333 1473 2333 1470 2333 1467 2333 1455 2333 1361 2317 786 2345"/>
                  </Shape>
                  <String CONTENT="A Jehan Corbat ung cheval"
                          HPOS="774"
                          VPOS="2205"
                          WIDTH="1008"
                          HEIGHT="140"/>
               </TextLine>
               <TextLine ID="eSc_line_88815f9b"
                         BASELINE="802 2439 1330 2414 1951 2417"
                         HPOS="793"
                         VPOS="2323"
                         WIDTH="1158"
                         HEIGHT="153"
                         TAGREFS="LT118">
                  <Shape>
                     <Polygon POINTS="802 2439 793 2376 858 2339 861 2339 864 2339 868 2339 871 2339 911 2367 992 2336 996 2336 999 2336 1161 2336 1164 2336 1167 2336 1167 2339 1195 2361 1227 2336 1230 2336 1233 2336 1236 2336 1239 2336 1311 2364 1348 2333 1352 2333 1355 2333 1358 2333 1361 2333 1423 2358 1458 2330 1461 2330 1464 2330 1467 2330 1530 2330 1533 2330 1536 2330 1570 2361 1651 2361 1673 2361 1673 2358 1717 2323 1720 2323 1723 2323 1726 2323 1729 2323 1732 2323 1779 2354 1867 2339 1870 2339 1948 2354 1951 2417 1951 2429 1898 2457 1895 2457 1892 2457 1889 2457 1842 2432 1832 2429 1820 2436 1776 2457 1773 2457 1633 2461 1629 2461 1626 2461 1623 2461 1598 2445 1570 2429 1508 2429 1489 2448 1473 2461 1473 2464 1470 2464 1467 2464 1467 2467 1430 2467 1426 2464 1423 2464 1420 2464 1420 2461 1408 2451 1386 2429 1199 2429 1174 2451 1170 2451 1167 2451 1164 2451 1161 2451 1108 2436 1005 2467 986 2473 983 2473 980 2473 958 2470 855 2445 808 2476"/>
                  </Shape>
                  <String CONTENT="Au Petit castrolz ung cheval"
                          HPOS="793"
                          VPOS="2323"
                          WIDTH="1158"
                          HEIGHT="153"/>
               </TextLine>
               <TextLine ID="eSc_line_24ee54c4"
                         BASELINE="814 2560 1333 2535 2032 2539"
                         HPOS="805"
                         VPOS="2448"
                         WIDTH="1230"
                         HEIGHT="140"
                         TAGREFS="LT118">
                  <Shape>
                     <Polygon POINTS="814 2560 805 2495 874 2473 877 2473 880 2473 952 2489 1055 2457 1058 2457 1061 2457 1064 2457 1170 2485 1245 2454 1248 2454 1252 2454 1317 2454 1320 2454 1323 2454 1323 2457 1348 2482 1405 2454 1408 2454 1411 2454 1414 2454 1489 2479 1526 2461 1530 2461 1533 2461 1536 2461 1573 2476 1608 2451 1611 2451 1614 2451 1617 2451 1745 2476 1814 2448 1817 2448 1820 2448 1823 2448 1885 2476 2026 2476 2032 2539 2035 2554 1982 2570 1979 2570 1976 2570 1973 2570 1935 2557 1910 2548 1879 2557 1814 2576 1811 2576 1807 2576 1804 2576 1801 2576 1773 2557 1742 2573 1739 2573 1736 2573 1645 2560 1608 2554 1598 2560 1573 2579 1570 2579 1567 2579 1567 2582 1470 2582 1467 2579 1464 2579 1461 2579 1461 2576 1445 2560 1442 2557 1255 2557 1239 2563 1199 2582 1195 2582 1030 2588 1027 2588 936 2567 918 2563 899 2567 836 2585 833 2585 830 2585 827 2585 824 2585 805 2570"/>
                  </Shape>
                  <String CONTENT="A Estaise du haulst ung cheval"
                          HPOS="805"
                          VPOS="2448"
                          WIDTH="1230"
                          HEIGHT="140"/>
               </TextLine>
               <TextLine ID="eSc_line_e2244219"
                         BASELINE="796 2694 1273 2660 2354 2673"
                         HPOS="789"
                         VPOS="2582"
                         WIDTH="1565"
                         HEIGHT="112"
                         TAGREFS="LT118">
                  <Shape>
                     <Polygon POINTS="789 2610 883 2592 886 2592 889 2592 914 2604 949 2582 952 2582 955 2582 958 2582 961 2582 1021 2604 1130 2582 1133 2582 1417 2582 1420 2582 1476 2604 1592 2582 1595 2582 1676 2582 1679 2582 1683 2582 1711 2604 1711 2607 2051 2607 2054 2604 2088 2582 2092 2582 2095 2582 2098 2582 2179 2582 2182 2582 2185 2582 2185 2585 2204 2604 2251 2585 2254 2585 2257 2585 2351 2604 2354 2673 2354 2670 2270 2691 2266 2691 2263 2691 1648 2682 1199 2676 796 2694"/>
                  </Shape>
                  <String CONTENT="A Gaidance ung cheval que fut le"
                          HPOS="789"
                          VPOS="2582"
                          WIDTH="1565"
                          HEIGHT="112"/>
               </TextLine>
               <TextLine ID="eSc_line_5ba96808"
                         BASELINE="833 2757 1611 2744 2504 2760"
                         HPOS="830"
                         VPOS="2663"
                         WIDTH="1677"
                         HEIGHT="147"
                         TAGREFS="LT118">
                  <Shape>
                     <Polygon POINTS="833 2757 830 2688 1033 2688 1064 2663 1067 2663 1071 2663 1074 2663 1167 2663 1170 2663 1220 2685 1339 2663 1342 2663 1345 2663 1389 2679 1567 2666 1570 2666 1573 2666 1576 2666 1576 2670 1598 2688 1642 2666 1645 2666 1648 2666 1651 2666 1686 2682 1907 2666 1910 2666 1914 2666 1917 2666 1945 2688 1945 2691 2045 2691 2045 2688 2076 2666 2079 2666 2082 2666 2085 2666 2382 2688 2441 2666 2444 2666 2448 2666 2451 2666 2507 2691 2504 2760 2504 2766 2451 2794 2448 2794 2444 2794 2441 2794 2404 2779 2379 2804 2379 2807 2376 2807 2373 2807 2373 2810 2288 2810 2285 2807 2282 2807 2279 2807 2241 2782 2201 2807 2198 2807 2195 2807 2195 2810 1870 2810 1867 2807 1864 2807 1817 2785 1761 2807 1757 2807 1754 2807 1751 2807 1748 2807 1723 2785 1701 2769 1498 2769 1448 2791 1445 2791 1442 2791 1439 2791 1436 2791 1433 2791 1433 2788 1408 2766 1361 2794 1352 2797 1348 2797 1345 2797 1342 2797 1339 2797 1336 2794 1295 2766 1049 2766 830 2804"/>
                  </Shape>
                  <String CONTENT="premier surquoy elle essaya Ledit poulsat"
                          HPOS="830"
                          VPOS="2663"
                          WIDTH="1677"
                          HEIGHT="147"/>
               </TextLine>
               <TextLine ID="eSc_line_33de132f"
                         BASELINE="802 2894 1311 2863 2316 2885"
                         HPOS="796"
                         VPOS="2788"
                         WIDTH="1520"
                         HEIGHT="128"
                         TAGREFS="LT118">
                  <Shape>
                     <Polygon POINTS="802 2894 796 2822 1014 2797 1017 2797 1021 2797 1024 2797 1024 2801 1046 2822 1092 2822 1155 2822 1186 2797 1186 2794 1189 2794 1192 2794 1195 2794 1199 2794 1224 2807 1267 2788 1270 2788 1273 2788 1367 2788 1370 2788 1445 2819 1476 2791 1476 2788 1480 2788 1483 2788 1486 2788 1614 2788 1617 2788 1670 2810 1695 2791 1698 2791 1701 2791 1704 2791 1707 2791 1761 2810 1811 2791 1814 2791 1817 2791 1820 2791 1823 2791 1876 2825 1898 2807 1898 2804 1901 2804 1904 2804 1907 2804 1910 2804 1967 2825 1970 2829 2048 2829 2051 2825 2085 2804 2088 2804 2092 2804 2095 2804 2098 2804 2166 2825 2195 2801 2195 2797 2198 2797 2201 2797 2204 2797 2207 2797 2316 2829 2316 2885 2316 2888 2276 2910 2273 2910 2270 2910 2157 2897 2048 2913 2045 2913 1889 2891 1873 2891 1870 2891 1820 2916 1817 2916 1814 2916 1695 2894 1658 2888 1470 2888 1461 2897 1445 2910 1445 2913 1442 2913 1439 2913 1436 2913 1345 2897 1292 2888 1264 2897 1248 2903 1245 2903 1242 2903 1208 2897 1155 2888 1136 2897 1114 2913 1111 2913 1108 2913 1108 2916 1017 2916 1014 2913 1011 2913 1008 2913 1008 2910 1005 2910 999 2900 989 2891 799 2900"/>
                  </Shape>
                  <String CONTENT="A Mory des chaisnes dit Guenin Corbat"
                          HPOS="796"
                          VPOS="2788"
                          WIDTH="1520"
                          HEIGHT="128"/>
               </TextLine>
               <TextLine ID="eSc_line_901fce77"
                         BASELINE="771 2969 1673 2963"
                         HPOS="765"
                         VPOS="2891"
                         WIDTH="908"
                         HEIGHT="122"
                         TAGREFS="LT118">
                  <Shape>
                     <Polygon POINTS="771 2969 765 2903 946 2913 1005 2900 1036 2894 1039 2894 1042 2894 1046 2894 1046 2897 1052 2900 1064 2916 1120 2916 1136 2900 1139 2897 1139 2894 1142 2894 1145 2894 1149 2894 1152 2894 1174 2900 1220 2910 1295 2897 1348 2891 1352 2891 1355 2891 1377 2897 1417 2910 1511 2897 1561 2891 1564 2891 1567 2891 1592 2897 1642 2910 1658 2897 1673 2963 1673 2978 1495 3006 1492 3006 1333 2988 1220 3009 1220 3013 1074 3013 1071 3009 1067 3009 1011 2988 883 3009 880 3009 877 3009 874 3009 874 3006 852 2988 771 2988"/>
                  </Shape>
                  <String CONTENT="une vache et ung vel"
                          HPOS="765"
                          VPOS="2891"
                          WIDTH="908"
                          HEIGHT="122"/>
               </TextLine>
               <TextLine ID="eSc_line_d546a75c"
                         BASELINE="796 3094 1989 3063"
                         HPOS="783"
                         VPOS="2981"
                         WIDTH="1209"
                         HEIGHT="175"
                         TAGREFS="LT118">
                  <Shape>
                     <Polygon POINTS="796 3094 783 3038 905 3003 908 3003 911 3003 1099 3025 1142 3028 1183 3022 1314 2994 1317 2994 1417 3009 1436 2994 1436 2991 1439 2991 1442 2991 1545 2988 1548 2988 1551 2988 1592 3003 1623 3016 1670 3000 1739 2981 1742 2981 1745 2981 1748 2981 1751 2981 1773 2997 1792 3009 1979 2991 1989 3063 1992 3078 1870 3128 1867 3128 1867 3131 1792 3131 1789 3128 1786 3128 1782 3128 1782 3125 1748 3094 1745 3094 1729 3097 1645 3109 1642 3109 1639 3109 1636 3109 1626 3103 1608 3091 1589 3106 1586 3109 1583 3109 1579 3109 1576 3109 1573 3109 1570 3109 1567 3106 1536 3091 1392 3091 1236 3128 1149 3147 1149 3150 1042 3150 1039 3147 1036 3147 1033 3147 1027 3141 977 3106 914 3106 799 3156"/>
                  </Shape>
                  <String CONTENT="A Mory gaiberois une vache"
                          HPOS="783"
                          VPOS="2981"
                          WIDTH="1209"
                          HEIGHT="175"/>
               </TextLine>
            </TextBlock>
            <TextBlock HPOS="2326"
                       VPOS="3505"
                       WIDTH="80"
                       HEIGHT="74"
                       ID="eSc_textblock_889ffa84"
                       TAGREFS="BT371">
               <Shape>
                  <Polygon POINTS="2391 3505 2406 3577 2326 3579 2344 3505"/>
               </Shape>
               <TextLine ID="eSc_line_5ccf4c87"
                         BASELINE="2351 3555 2396 3553"
                         HPOS="2348"
                         VPOS="3493"
                         WIDTH="46"
                         HEIGHT="87"
                         TAGREFS="LT118">
                  <Shape>
                     <Polygon POINTS="2348 3552 2348 3493 2394 3493 2394 3552 2394 3577 2348 3580"/>
                  </Shape>
                  <String CONTENT="2" HPOS="2348" VPOS="3493" WIDTH="46" HEIGHT="87"/>
               </TextLine>
            </TextBlock>
         </PrintSpace>
      </Page>
   </Layout>
</alto>
