<alto xmlns:xsi="http://www.w3.org/2001/XMLSchema-instance"
      xmlns="http://www.loc.gov/standards/alto/ns-v4#"
      xsi:schemaLocation="http://www.loc.gov/standards/alto/ns-v4# http://www.loc.gov/standards/alto/v4/alto-4-2.xsd">
   <Description>
      <MeasurementUnit>pixel</MeasurementUnit>
      <sourceImageInformation>
         <fileName>B_168_15-9-4_0003.jpg</fileName>
      </sourceImageInformation>
   </Description>
   <Tags>
      <OtherTag ID="BT365"
                LABEL="MainZone:column"
                DESCRIPTION="block type MainZone:column"/>
      <OtherTag ID="BT367" LABEL="MainZone" DESCRIPTION="block type MainZone"/>
      <OtherTag ID="BT368"
                LABEL="MarginTextZone"
                DESCRIPTION="block type MarginTextZone"/>
      <OtherTag ID="BT369"
                LABEL="MarginTextZone:note"
                DESCRIPTION="block type MarginTextZone:note"/>
      <OtherTag ID="BT370"
                LABEL="NumberingZone:other"
                DESCRIPTION="block type NumberingZone:other"/>
      <OtherTag ID="BT371"
                LABEL="NumberingZone:page"
                DESCRIPTION="block type NumberingZone:page"/>
      <OtherTag ID="BT379"
                LABEL="DecorationZone"
                DESCRIPTION="block type DecorationZone"/>
      <OtherTag ID="BT380"
                LABEL="CustomZone:signature"
                DESCRIPTION="block type CustomZone:signature"/>
      <OtherTag ID="LT118" LABEL="DefaultLine" DESCRIPTION="line type DefaultLine"/>
      <OtherTag ID="LT119" LABEL="HeadingLine" DESCRIPTION="line type HeadingLine"/>
      <OtherTag ID="LT120"
                LABEL="InterlinearLine"
                DESCRIPTION="line type InterlinearLine"/>
   </Tags>
   <Layout>
      <Page WIDTH="2754"
            HEIGHT="3743"
            PHYSICAL_IMG_NR="35"
            ID="eSc_dummypage_">
         <PrintSpace HPOS="0" VPOS="0" WIDTH="2754" HEIGHT="3743">
            <TextBlock HPOS="357"
                       VPOS="572"
                       WIDTH="357"
                       HEIGHT="252"
                       ID="eSc_textblock_9d12ca8f"
                       TAGREFS="BT370">
               <Shape>
                  <Polygon POINTS="357 572 357 824 714 824 714 572"/>
               </Shape>
               <TextLine ID="eSc_line_050c4699"
                         BASELINE="394 781 689 787"
                         HPOS="387"
                         VPOS="588"
                         WIDTH="303"
                         HEIGHT="291"
                         TAGREFS="LT118">
                  <Shape>
                     <Polygon POINTS="393 779 390 723 399 673 424 588 518 588 655 717 641 594 690 736 686 786 674 817 643 798 562 798 487 857 459 879 455 879 452 879 449 879 387 876"/>
                  </Shape>
                  <String CONTENT="72" HPOS="387" VPOS="588" WIDTH="303" HEIGHT="291"/>
               </TextLine>
            </TextBlock>
            <TextBlock HPOS="299"
                       VPOS="299"
                       WIDTH="309"
                       HEIGHT="171"
                       ID="eSc_textblock_835c9ffd"
                       TAGREFS="BT368">
               <Shape>
                  <Polygon POINTS="349 299 596 299 608 408 387 470 299 408"/>
               </Shape>
               <TextLine ID="eSc_line_f3aa2883"
                         BASELINE="321 402 593 380"
                         HPOS="302"
                         VPOS="271"
                         WIDTH="291"
                         HEIGHT="215"
                         TAGREFS="LT118">
                  <Shape>
                     <Polygon POINTS="321 402 302 321 371 277 374 277 377 277 449 271 452 271 455 271 459 271 490 299 583 299 593 380 593 414 527 417 505 433 434 486 430 486 427 486 424 486 321 470"/>
                  </Shape>
                  <String CONTENT="Negat"
                          HPOS="302"
                          VPOS="271"
                          WIDTH="291"
                          HEIGHT="215"/>
               </TextLine>
            </TextBlock>
            <TextBlock HPOS="724"
                       VPOS="149"
                       WIDTH="1655"
                       HEIGHT="1170"
                       ID="eSc_textblock_38037f5b"
                       TAGREFS="BT367">
               <Shape>
                  <Polygon POINTS="2117 1257 1120 1319 799 1281 761 1032 799 524 786 424 724 371 799 149 2366 174 2379 433 2266 573 2329 686 2304 882 2354 1157"/>
               </Shape>
               <TextLine ID="eSc_line_0aeb7065"
                         BASELINE="783 265 2341 255"
                         HPOS="777"
                         VPOS="165"
                         WIDTH="1564"
                         HEIGHT="134"
                         TAGREFS="LT118">
                  <Shape>
                     <Polygon POINTS="783 265 777 171 874 168 877 168 880 168 889 171 955 202 1074 174 1111 168 1114 168 1202 168 1205 168 1227 177 1261 193 1292 177 1317 168 1320 168 1323 168 1327 168 1355 180 1392 196 1426 180 1464 165 1467 165 1470 165 1589 165 1592 165 1595 165 1626 184 1645 196 1711 187 1757 180 1761 180 1864 190 1948 196 1967 190 2010 177 2013 177 2017 177 2020 177 2082 193 2101 199 2335 199 2341 255 2338 268 1979 290 1976 290 1973 290 1948 277 1935 271 1920 277 1892 290 1889 290 1885 290 1882 290 1857 277 1842 271 1836 280 1823 290 1823 293 1820 293 1817 293 1814 293 1811 293 1770 280 1745 274 1695 283 1626 293 1623 293 1567 283 1501 274 1439 286 1408 293 1405 293 1401 293 1392 286 1364 274 1323 290 1302 296 1298 296 1295 296 1211 293 996 277 896 296 893 296 889 296 843 277 786 299"/>
                  </Shape>
                  <String CONTENT="Item confesse en oultre quen ceste presente"
                          HPOS="777"
                          VPOS="165"
                          WIDTH="1564"
                          HEIGHT="134"/>
               </TextLine>
               <TextLine ID="eSc_line_f3440e7f"
                         BASELINE="765 336 2270 339"
                         HPOS="758"
                         VPOS="265"
                         WIDTH="1512"
                         HEIGHT="115"
                         TAGREFS="LT118">
                  <Shape>
                     <Polygon POINTS="765 336 761 283 1948 265 1951 265 1954 265 2026 283 2029 283 2151 265 2154 265 2157 265 2160 265 2160 268 2179 283 2179 286 2266 286 2270 339 2266 352 1998 374 1995 374 1992 374 1964 358 1951 371 1951 374 1948 374 1945 374 1942 374 1798 355 1701 377 1698 377 1695 377 1601 352 1570 377 1567 377 1564 377 1564 380 1433 380 1430 377 1426 377 1423 377 1423 374 1405 358 1308 377 1305 377 1302 377 1239 352 1042 352 1024 368 1024 371 1021 371 1017 371 930 374 927 374 758 346"/>
                  </Shape>
                  <String CONTENT="annee avec dudit Poulsat elle a faict"
                          HPOS="758"
                          VPOS="265"
                          WIDTH="1512"
                          HEIGHT="115"/>
               </TextLine>
               <TextLine ID="eSc_line_1fcb36d0"
                         BASELINE="818 430 2366 414"
                         HPOS="811"
                         VPOS="339"
                         WIDTH="1555"
                         HEIGHT="131"
                         TAGREFS="LT118">
                  <Shape>
                     <Polygon POINTS="818 430 811 383 1061 380 1067 377 1117 349 1120 349 1124 349 1127 349 1189 374 1192 374 1267 349 1270 349 1273 349 1277 349 1317 371 1323 374 1330 371 1392 349 1395 349 1398 349 1401 349 1464 368 1473 374 1536 374 1542 368 1564 349 1564 346 1567 346 1570 346 1573 346 1576 346 1629 364 1645 374 1689 374 1698 364 1714 349 1714 346 1717 346 1720 346 1723 346 1726 346 1770 361 1782 368 1789 361 1811 343 1814 343 1817 343 1820 343 1914 358 1926 361 1929 358 1948 343 1951 343 1954 343 1957 343 2073 355 2110 339 2113 339 2117 339 2120 339 2157 355 2182 364 2226 352 2279 339 2282 339 2285 339 2360 352 2366 414 2363 455 2251 433 2195 433 2176 449 2176 452 2173 452 2170 452 2166 452 1889 436 1864 455 1860 455 1857 455 1854 455 1851 455 1798 436 1754 461 1751 464 1748 464 1745 464 1745 467 1545 467 1542 464 1539 464 1467 439 1433 464 1433 467 1430 467 1426 467 1426 470 1380 470 1377 467 1373 467 1370 467 1336 442 1302 458 1298 458 1295 458 1292 458 1289 458 1270 442 1133 442 1111 461 1111 464 1108 464 1105 464 1102 464 927 446 818 470"/>
                  </Shape>
                  <String CONTENT="mourir une vache En chez le vieulx voueble"
                          HPOS="811"
                          VPOS="339"
                          WIDTH="1555"
                          HEIGHT="131"/>
               </TextLine>
               <TextLine ID="eSc_line_097ec0d4"
                         BASELINE="808 514 1748 514 2313 486"
                         HPOS="799"
                         VPOS="424"
                         WIDTH="1514"
                         HEIGHT="153"
                         TAGREFS="LT118">
                  <Shape>
                     <Polygon POINTS="808 514 799 467 849 439 852 439 855 439 974 461 989 464 992 461 1030 436 1033 436 1036 436 1039 436 1042 436 1114 458 1127 461 1133 458 1164 436 1167 436 1170 436 1174 436 1177 436 1227 455 1233 458 1505 458 1589 442 1620 439 1623 439 1648 442 1736 455 1779 439 1807 427 1811 427 1814 427 1873 436 1976 452 2029 430 2038 427 2042 427 2304 424 2313 486 2313 511 2145 514 2142 517 2082 561 2079 561 2076 561 1985 564 1985 567 1804 567 1801 564 1798 564 1795 564 1795 561 1761 530 1717 530 1673 530 1661 533 1586 548 1583 548 1579 548 1576 548 1561 533 1551 530 1423 539 1395 539 1370 561 1367 561 1364 561 1361 561 1358 561 1308 542 1277 530 1264 542 1242 561 1242 564 1239 564 1236 564 1233 564 1149 545 1114 539 1086 548 1005 577 1002 577 999 577 996 577 939 552 905 539 808 555"/>
                  </Shape>
                  <String CONTENT="A raison de ce quil leur avoit refuse de"
                          HPOS="799"
                          VPOS="424"
                          WIDTH="1514"
                          HEIGHT="153"/>
               </TextLine>
               <TextLine ID="eSc_line_2a077e67"
                         BASELINE="805 626 1564 601"
                         HPOS="796"
                         VPOS="530"
                         WIDTH="768"
                         HEIGHT="131"
                         TAGREFS="LT118">
                  <Shape>
                     <Polygon POINTS="805 626 796 545 955 542 958 542 961 542 964 542 983 558 1046 542 1077 536 1080 536 1117 542 1149 548 1164 542 1186 533 1189 533 1192 533 1195 533 1214 542 1236 552 1277 542 1330 530 1333 530 1336 530 1339 530 1339 533 1348 542 1358 548 1554 542 1564 601 1561 617 1426 636 1423 636 1420 636 1383 623 1370 620 1355 623 1280 648 1277 648 1273 648 1270 648 1205 630 1195 626 1189 630 1155 648 1152 648 1149 648 1145 648 1142 648 1142 645 1127 630 1124 630 952 633 949 636 902 661 899 661 896 661 802 639"/>
                  </Shape>
                  <String CONTENT="vendre de la grainne"
                          HPOS="796"
                          VPOS="530"
                          WIDTH="768"
                          HEIGHT="131"/>
               </TextLine>
               <TextLine ID="eSc_line_4419c05b"
                         BASELINE="827 751 2301 717"
                         HPOS="824"
                         VPOS="645"
                         WIDTH="1480"
                         HEIGHT="137"
                         TAGREFS="LT118">
                  <Shape>
                     <Polygon POINTS="827 751 824 673 1046 689 1124 670 1136 667 1139 667 1142 667 1174 670 1258 679 1308 670 1333 664 1336 664 1339 664 1342 664 1342 667 1345 667 1358 683 1395 667 1417 661 1420 661 1423 661 1426 661 1451 667 1489 679 1517 667 1545 655 1548 655 1683 651 1686 651 1689 651 1736 667 1761 673 1876 673 1889 664 1929 645 1932 645 1935 645 1939 645 2001 664 2013 667 2054 664 2229 648 2232 648 2295 664 2301 717 2304 729 2270 757 2266 757 2263 757 2260 757 2257 757 2191 733 2182 729 2163 733 2060 751 2057 751 1910 742 1860 767 1857 767 1761 770 1761 773 1692 773 1689 770 1686 770 1683 770 1651 748 1645 742 1629 748 1564 773 1561 773 1558 773 1554 773 1520 754 1498 773 1498 776 1495 776 1492 776 1489 776 1486 776 1420 754 1408 751 1367 751 1358 754 1330 779 1327 779 1323 779 1202 782 1199 782 1195 782 1192 782 1192 779 1174 761 1164 754 827 770"/>
                  </Shape>
                  <String CONTENT="Comme aussy confesse que sont environ"
                          HPOS="824"
                          VPOS="645"
                          WIDTH="1480"
                          HEIGHT="137"/>
               </TextLine>
               <TextLine ID="eSc_line_02564e46"
                         BASELINE="802 842 2298 795"
                         HPOS="786"
                         VPOS="733"
                         WIDTH="1512"
                         HEIGHT="140"
                         TAGREFS="LT118">
                  <Shape>
                     <Polygon POINTS="802 842 786 795 827 770 830 770 833 770 836 770 952 789 986 764 989 764 992 764 996 764 999 764 1036 779 1083 761 1086 761 1089 761 1092 761 1158 782 1302 754 1305 754 1420 773 1495 748 1498 748 1501 748 1505 748 1570 770 1573 770 1579 770 1689 751 1692 751 1939 757 1957 757 1982 736 1982 733 1985 733 1989 733 1992 733 1995 733 2073 754 2079 754 2095 754 2216 736 2220 736 2291 748 2298 795 2295 810 2179 810 2173 814 2145 832 2142 832 2138 832 2135 832 2038 817 2010 814 2004 820 1995 832 1992 832 1992 835 1989 835 1985 835 1982 835 1907 823 1904 823 1898 823 1795 845 1792 845 1645 832 1608 829 1601 832 1589 845 1589 848 1586 848 1583 848 1579 848 1576 848 1573 848 1558 835 1542 826 1386 842 1273 851 1270 851 1267 851 1248 845 1214 835 1167 848 1105 867 1102 867 1102 870 1046 870 1042 867 1039 867 1036 867 1021 854 1005 842 933 845 918 857 899 873 896 873 893 873 889 873 799 860"/>
                  </Shape>
                  <String CONTENT="dix ans quelle feist a mourir ungne"
                          HPOS="786"
                          VPOS="733"
                          WIDTH="1512"
                          HEIGHT="140"/>
               </TextLine>
               <TextLine ID="eSc_line_9f57af00"
                         BASELINE="818 923 2266 882"
                         HPOS="805"
                         VPOS="810"
                         WIDTH="1465"
                         HEIGHT="147"
                         TAGREFS="LT118">
                  <Shape>
                     <Polygon POINTS="818 923 805 873 839 848 843 848 846 848 849 848 852 848 924 867 1233 857 1258 839 1261 839 1264 839 1267 839 1361 851 1398 832 1401 832 1405 832 1408 832 1476 851 1511 829 1514 829 1517 829 1520 829 1811 835 1854 820 1857 820 1860 820 1864 820 1867 820 1867 823 1882 835 2001 817 2004 817 2007 817 2010 817 2032 832 2038 835 2063 832 2179 810 2182 810 2260 826 2266 882 2270 895 2226 917 2223 917 2220 917 2216 917 2185 898 2176 895 2166 901 2135 913 2132 913 2129 913 2070 907 2048 926 2045 926 2042 926 2038 926 2035 926 1989 907 1979 904 1970 907 1932 929 1929 929 1926 929 1923 929 1876 913 1867 910 1639 910 1617 923 1598 938 1595 938 1592 938 1592 941 1505 941 1501 938 1498 938 1495 938 1483 929 1464 917 1448 932 1439 938 1439 941 1436 941 1433 941 1433 945 1380 945 1377 941 1373 941 1352 935 1298 920 1217 941 1189 948 1186 948 1183 948 1155 945 1046 926 818 957"/>
                  </Shape>
                  <String CONTENT="jument grise en chez le vieulx voueble"
                          HPOS="805"
                          VPOS="810"
                          WIDTH="1465"
                          HEIGHT="147"/>
               </TextLine>
               <TextLine ID="eSc_line_fdd8a47d"
                         BASELINE="808 1013 1592 979 2295 973"
                         HPOS="799"
                         VPOS="895"
                         WIDTH="1496"
                         HEIGHT="143"
                         TAGREFS="LT118">
                  <Shape>
                     <Polygon POINTS="808 1013 799 957 896 935 899 935 902 935 905 935 927 951 1102 932 1105 932 1186 945 1239 923 1242 923 1245 923 1248 923 1311 941 1314 941 1323 941 1601 917 1604 917 1767 929 1770 929 1773 929 1926 904 1929 904 2088 920 2120 898 2123 898 2126 898 2238 895 2241 895 2245 895 2291 917 2295 973 2291 998 2135 985 2107 1004 2104 1004 2101 1004 2098 1004 2095 1004 2042 988 2023 1004 2023 1007 2020 1007 2017 1007 2017 1010 1945 1010 1920 1010 1917 1007 1814 985 1579 1010 1576 1010 1486 998 1455 1023 1451 1023 1448 1023 1336 1026 1333 1026 1330 1026 1327 1026 1252 1001 1195 1019 1192 1019 1189 1019 1186 1019 1136 1007 949 1035 942 1035 939 1035 936 1035 933 1035 933 1032 914 1016 808 1038"/>
                  </Shape>
                  <String CONTENT="Layant frappe avec une verge que son"
                          HPOS="799"
                          VPOS="895"
                          WIDTH="1496"
                          HEIGHT="143"/>
               </TextLine>
               <TextLine ID="eSc_line_a7501d5c"
                         BASELINE="796 1097 1227 1076 2307 1051"
                         HPOS="789"
                         VPOS="976"
                         WIDTH="1518"
                         HEIGHT="146"
                         TAGREFS="LT118">
                  <Shape>
                     <Polygon POINTS="796 1097 789 1038 852 1038 855 1035 889 1010 893 1010 896 1010 899 1010 992 1023 1074 1007 1077 1007 1080 1007 1117 1023 1170 1004 1174 1004 1177 1004 1180 1004 1183 1004 1211 1026 1248 1001 1252 1001 1255 1001 1258 1001 1261 1001 1264 1001 1264 1004 1280 1016 1292 1004 1292 1001 1295 1001 1298 1001 1302 1001 1392 1019 1420 998 1423 998 1426 998 1430 998 1433 998 1473 1019 1476 1019 1492 1016 1608 1001 1611 1001 1692 1013 1701 1013 1704 1013 1729 991 1729 988 1732 988 1736 988 1739 988 1860 1007 1864 1007 1867 1007 2026 988 2029 988 2032 988 2035 988 2054 1004 2057 1004 2067 1004 2195 976 2198 976 2301 998 2307 1051 2307 1072 2048 1091 2045 1091 2042 1091 2010 1085 1954 1069 1876 1088 1832 1097 1829 1097 1798 1091 1736 1076 1720 1088 1720 1091 1717 1091 1714 1091 1711 1091 1514 1082 1480 1101 1476 1104 1473 1104 1470 1104 1467 1104 1433 1104 1245 1091 1164 1113 1145 1116 1142 1116 1139 1116 1111 1113 986 1097 796 1122"/>
                  </Shape>
                  <String CONTENT="maître lui avoit donne. Et ce a raison"
                          HPOS="789"
                          VPOS="976"
                          WIDTH="1518"
                          HEIGHT="146"/>
               </TextLine>
               <TextLine ID="eSc_line_5d1ca8af"
                         BASELINE="789 1172 2338 1135"
                         HPOS="777"
                         VPOS="1063"
                         WIDTH="1561"
                         HEIGHT="147"
                         TAGREFS="LT118">
                  <Shape>
                     <Polygon POINTS="789 1172 777 1116 830 1097 833 1097 836 1097 839 1097 893 1113 899 1113 1130 1110 1133 1107 1152 1088 1152 1085 1155 1085 1158 1085 1323 1082 1327 1082 1330 1082 1380 1101 1386 1101 1392 1097 1464 1079 1467 1079 1470 1079 1548 1094 1586 1076 1589 1076 1592 1076 1595 1076 1651 1091 1673 1072 1676 1072 1679 1072 1683 1072 1686 1072 1754 1088 1767 1091 1901 1091 1907 1085 1926 1069 1926 1066 1929 1066 1932 1066 1935 1066 2007 1082 2010 1085 2088 1085 2092 1082 2107 1066 2107 1063 2110 1063 2113 1063 2117 1063 2332 1076 2338 1135 2335 1150 2235 1154 2235 1157 2210 1179 2210 1182 2207 1182 2204 1182 2201 1182 2101 1160 2079 1157 2017 1157 2007 1163 1979 1185 1976 1185 1973 1185 1970 1185 1873 1169 1839 1163 1826 1169 1804 1191 1801 1191 1798 1191 1642 1194 1639 1194 1636 1194 1633 1194 1614 1179 1601 1169 1461 1179 1458 1185 1439 1200 1436 1200 1433 1200 1430 1200 1364 1188 1305 1175 1211 1175 1195 1194 1192 1194 1192 1197 1189 1197 1186 1197 1183 1197 1180 1197 1170 1194 1139 1182 1120 1197 1108 1207 1105 1207 1102 1207 1011 1210 1008 1210 1005 1210 1002 1210 989 1200 967 1188 955 1197 955 1200 952 1200 949 1200 789 1207"/>
                  </Shape>
                  <String CONTENT="de ce quil lavoyent charge destre este"
                          HPOS="777"
                          VPOS="1063"
                          WIDTH="1561"
                          HEIGHT="147"/>
               </TextLine>
               <TextLine ID="eSc_line_355387b8"
                         BASELINE="805 1257 2107 1225"
                         HPOS="802"
                         VPOS="1163"
                         WIDTH="1305"
                         HEIGHT="140"
                         TAGREFS="LT118">
                  <Shape>
                     <Polygon POINTS="805 1257 802 1200 1155 1200 1186 1191 1261 1179 1264 1179 1355 1191 1370 1191 1373 1188 1389 1175 1392 1175 1395 1175 1398 1175 1401 1175 1405 1175 1420 1188 1426 1191 1464 1188 1636 1169 1639 1169 1642 1169 1701 1185 1711 1185 1723 1185 1842 1163 1845 1163 1848 1163 1889 1179 1920 1163 1923 1163 1926 1163 2101 1179 2107 1225 2101 1272 2026 1244 1842 1272 1839 1272 1836 1272 1767 1250 1614 1266 1611 1266 1608 1266 1604 1266 1583 1250 1545 1266 1542 1266 1539 1266 1458 1257 1392 1288 1383 1291 1380 1291 1377 1291 1352 1288 1208 1263 1167 1291 1161 1297 1158 1297 1155 1297 1024 1300 1021 1300 1017 1300 1002 1294 936 1266 896 1297 889 1303 886 1303 883 1303 880 1303 802 1297"/>
                  </Shape>
                  <String CONTENT="en leur prel prendre de lerbe."
                          HPOS="802"
                          VPOS="1163"
                          WIDTH="1305"
                          HEIGHT="140"/>
               </TextLine>
            </TextBlock>
            <TextBlock HPOS="1049"
                       VPOS="1422"
                       WIDTH="1280"
                       HEIGHT="521"
                       ID="eSc_textblock_b372981d"
                       TAGREFS="BT367">
               <Shape>
                  <Polygon POINTS="1049 1593 1049 1497 1124 1422 2216 1472 2229 1668 2329 1721 2329 1868 2117 1943 1124 1905"/>
               </Shape>
               <TextLine ID="eSc_line_6dcd699a"
                         BASELINE="1055 1556 1364 1537 2204 1537"
                         HPOS="1042"
                         VPOS="1441"
                         WIDTH="1162"
                         HEIGHT="131"
                         TAGREFS="LT118">
                  <Shape>
                     <Polygon POINTS="1055 1556 1042 1484 1083 1447 1083 1444 1086 1444 1089 1444 1092 1444 1186 1444 1189 1444 1192 1444 1233 1472 1333 1456 1336 1456 1339 1456 1408 1475 1489 1450 1492 1450 1495 1450 1498 1450 1501 1450 1523 1466 1542 1450 1545 1450 1548 1450 1551 1450 1636 1456 1673 1441 1676 1441 1679 1441 1683 1441 1686 1441 1739 1475 1867 1475 1889 1453 1889 1450 1892 1450 1895 1450 1898 1450 1901 1450 1904 1450 1929 1472 2063 1472 2085 1450 2085 1447 2088 1447 2092 1447 2095 1447 2201 1472 2204 1537 2201 1553 1667 1565 1664 1565 1633 1562 1483 1550 1055 1572"/>
                  </Shape>
                  <String CONTENT="Le premier de Septembre 1609"
                          HPOS="1042"
                          VPOS="1441"
                          WIDTH="1162"
                          HEIGHT="131"/>
               </TextLine>
               <TextLine ID="eSc_line_f3e5379b"
                         BASELINE="1086 1631 2213 1606"
                         HPOS="1074"
                         VPOS="1534"
                         WIDTH="1139"
                         HEIGHT="116"
                         TAGREFS="LT118">
                  <Shape>
                     <Polygon POINTS="1086 1631 1074 1584 1099 1559 1099 1556 1102 1556 1105 1556 1108 1556 1199 1575 1214 1556 1217 1556 1217 1553 1220 1553 1224 1553 1227 1553 1230 1553 1270 1572 1383 1556 1386 1556 1389 1556 1433 1568 1439 1568 1448 1565 1505 1547 1508 1547 1511 1547 1604 1559 1645 1565 1704 1556 1789 1540 1792 1540 1795 1540 1798 1540 1811 1550 1823 1559 1842 1550 1860 1540 1864 1540 1867 1540 1939 1547 2067 1556 2098 1537 2107 1534 2110 1534 2113 1534 2117 1534 2126 1537 2163 1553 2201 1534 2213 1606 2210 1621 1086 1650"/>
                  </Shape>
                  <String CONTENT="ladite Agatte fust condempnee"
                          HPOS="1074"
                          VPOS="1534"
                          WIDTH="1139"
                          HEIGHT="116"/>
               </TextLine>
               <TextLine ID="eSc_line_5e784b30"
                         BASELINE="1099 1706 2166 1690"
                         HPOS="1086"
                         VPOS="1628"
                         WIDTH="1080"
                         HEIGHT="106"
                         TAGREFS="LT118">
                  <Shape>
                     <Polygon POINTS="1099 1706 1086 1656 1114 1634 1117 1634 1120 1634 1124 1634 1302 1650 1520 1628 1523 1628 2160 1640 2166 1690 2160 1706 1570 1706 1542 1721 1530 1731 1526 1731 1523 1731 1520 1731 1442 1724 1314 1712 1298 1728 1295 1728 1295 1731 1292 1731 1289 1731 1289 1734 1099 1734"/>
                  </Shape>
                  <String CONTENT="destre Bruslee toute vive"
                          HPOS="1086"
                          VPOS="1628"
                          WIDTH="1080"
                          HEIGHT="106"/>
               </TextLine>
               <TextLine ID="eSc_line_8be51555"
                         BASELINE="1086 1790 1639 1777 2307 1784"
                         HPOS="1080"
                         VPOS="1706"
                         WIDTH="1227"
                         HEIGHT="112"
                         TAGREFS="LT118">
                  <Shape>
                     <Polygon POINTS="1086 1790 1080 1734 1227 1709 1230 1709 1327 1731 1505 1731 1554 1731 1554 1728 1573 1712 1573 1709 1576 1709 1579 1709 1583 1709 1586 1709 1589 1709 1617 1728 1686 1709 1689 1709 1692 1709 1807 1728 1820 1728 1832 1728 1939 1706 1942 1706 2304 1724 2307 1784 2304 1790 2216 1809 2213 1809 2148 1796 2132 1809 2132 1812 2129 1812 2126 1812 2123 1812 2004 1796 1957 1793 1873 1799 1745 1812 1742 1812 1739 1812 1736 1812 1736 1809 1729 1802 1726 1799 1720 1802 1711 1812 1711 1815 1707 1815 1704 1815 1701 1815 1586 1805 1461 1796 1436 1809 1430 1815 1426 1815 1423 1815 1423 1818 1086 1818"/>
                  </Shape>
                  <String CONTENT="Mais par grace heu fut decapitee"
                          HPOS="1080"
                          VPOS="1706"
                          WIDTH="1227"
                          HEIGHT="112"/>
               </TextLine>
               <TextLine ID="eSc_line_5b2d7c1d"
                         BASELINE="1111 1874 2295 1859"
                         HPOS="1105"
                         VPOS="1787"
                         WIDTH="1193"
                         HEIGHT="159"
                         TAGREFS="LT118">
                  <Shape>
                     <Polygon POINTS="1111 1874 1105 1824 1342 1796 1345 1796 1348 1796 1389 1812 1530 1796 1533 1796 1536 1796 1576 1815 1633 1793 1636 1793 1639 1793 1642 1793 1645 1793 1645 1796 1664 1815 1726 1815 1811 1790 1814 1790 1817 1790 2023 1809 2201 1787 2204 1787 2207 1787 2210 1787 2210 1790 2229 1809 2288 1809 2295 1859 2298 1890 2201 1933 2198 1933 2048 1937 2045 1937 2042 1937 2038 1937 1982 1899 1973 1896 1907 1896 1892 1902 1823 1940 1820 1940 1817 1940 1814 1940 1695 1908 1661 1899 1611 1908 1583 1915 1579 1915 1554 1912 1498 1902 1486 1915 1458 1940 1458 1943 1455 1943 1451 1943 1451 1946 1380 1946 1377 1943 1373 1943 1314 1918 1292 1908 1277 1921 1273 1924 1270 1924 1267 1924 1264 1924 1239 1921 1152 1905 1114 1924"/>
                  </Shape>
                  <String CONTENT="et dezlat son corps jecte au feug."
                          HPOS="1105"
                          VPOS="1787"
                          WIDTH="1193"
                          HEIGHT="159"/>
               </TextLine>
            </TextBlock>
            <TextBlock HPOS="246"
                       VPOS="1931"
                       WIDTH="712"
                       HEIGHT="954"
                       ID="region_1639433927550_1048"
                       TAGREFS="BT368">
               <Shape>
                  <Polygon POINTS="246 1931 958 1931 958 2885 246 2885"/>
               </Shape>
               <TextLine ID="eSc_line_0cd325d6"
                         BASELINE="290 2036 793 2027"
                         HPOS="281.0"
                         VPOS="1924.0"
                         WIDTH="515.0"
                         HEIGHT="165.0"
                         TAGREFS="LT118">
                  <Shape>
                     <Polygon POINTS="290 2036 281 1955 430 1924 430 1924 434 1924 434 1924 434 1924 540 1946 565 1927 565 1924 568 1924 568 1924 568 1924 571 1924 571 1924 571 1924 574 1924 574 1924 577 1924 652 1946 655 1946 783 1946 793 2027 796 2043 718 2083 718 2083 718 2083 715 2083 715 2083 715 2083 711 2083 711 2083 593 2064 568 2083 568 2086 565 2086 565 2086 565 2086 562 2086 562 2086 562 2089 465 2089 462 2086 462 2086 459 2086 459 2086 459 2086 455 2086 455 2086 455 2083 421 2055 290 2055"/>
                  </Shape>
                  <String CONTENT="Tesmoings"
                          HPOS="281.0"
                          VPOS="1924.0"
                          WIDTH="515.0"
                          HEIGHT="165.0"/>
               </TextLine>
               <TextLine ID="eSc_line_2c9e2d0d"
                         BASELINE="265 2298 818 2283"
                         HPOS="256.0"
                         VPOS="2186.0"
                         WIDTH="562.0"
                         HEIGHT="162.0"
                         TAGREFS="LT118">
                  <Shape>
                     <Polygon POINTS="265 2298 256 2189 346 2186 349 2186 349 2186 349 2186 352 2186 352 2186 355 2186 362 2189 434 2233 477 2233 533 2195 540 2189 543 2189 543 2189 543 2189 546 2189 546 2189 546 2189 549 2189 549 2189 552 2189 552 2189 552 2189 555 2189 555 2189 562 2195 602 2227 808 2202 818 2283 818 2295 711 2298 705 2305 671 2336 671 2339 671 2339 668 2339 668 2339 668 2339 665 2339 665 2339 665 2342 599 2342 596 2339 596 2339 593 2339 593 2339 593 2339 552 2317 533 2308 518 2320 490 2345 490 2345 487 2345 487 2345 487 2345 483 2345 483 2345 480 2345 480 2345 480 2345 477 2345 477 2345 434 2326 405 2314 380 2333 355 2348 352 2348 352 2348 352 2348 349 2348 349 2348 346 2348 346 2348 262 2339"/>
                  </Shape>
                  <String CONTENT="Jehan savageat"
                          HPOS="256.0"
                          VPOS="2186.0"
                          WIDTH="562.0"
                          HEIGHT="162.0"/>
               </TextLine>
               <TextLine ID="eSc_line_9f21e5fa"
                         BASELINE="265 2395 836 2373"
                         HPOS="259.0"
                         VPOS="2305.0"
                         WIDTH="580.0"
                         HEIGHT="140.0"
                         TAGREFS="LT118">
                  <Shape>
                     <Polygon POINTS="265 2395 259 2323 455 2333 608 2317 715 2305 715 2305 718 2305 830 2314 836 2373 839 2395 808 2417 805 2417 805 2417 805 2417 802 2417 802 2417 802 2417 799 2417 799 2417 796 2417 752 2404 727 2426 727 2426 724 2426 724 2426 724 2426 721 2426 721 2426 718 2426 718 2426 718 2426 715 2426 715 2426 711 2426 711 2426 711 2423 693 2407 690 2404 686 2407 671 2423 671 2423 671 2426 671 2426 668 2426 668 2426 668 2426 665 2426 665 2426 661 2426 661 2426 580 2417 508 2407 468 2426 452 2432 452 2432 452 2432 449 2432 449 2432 446 2432 446 2432 446 2432 424 2429 380 2420 359 2436 352 2442 352 2442 349 2442 349 2442 349 2442 346 2442 346 2442 346 2445 265 2445"/>
                  </Shape>
                  <String CONTENT="Jehan perin pagan"
                          HPOS="259.0"
                          VPOS="2305.0"
                          WIDTH="580.0"
                          HEIGHT="140.0"/>
               </TextLine>
               <TextLine ID="eSc_line_bc8ea201"
                         BASELINE="271 2485 874 2457"
                         HPOS="262.0"
                         VPOS="2395.0"
                         WIDTH="612.0"
                         HEIGHT="122.0"
                         TAGREFS="LT118">
                  <Shape>
                     <Polygon POINTS="271 2485 262 2436 452 2404 452 2404 455 2404 455 2404 459 2404 459 2404 459 2404 499 2423 499 2423 505 2423 612 2404 612 2404 615 2404 615 2404 705 2414 718 2414 724 2414 765 2395 765 2395 768 2395 768 2395 768 2395 771 2395 771 2395 868 2407 874 2457 874 2495 786 2498 783 2498 783 2498 780 2498 780 2498 780 2498 777 2498 743 2476 271 2517"/>
                  </Shape>
                  <String CONTENT="Vuillemat Bairevoi"
                          HPOS="262.0"
                          VPOS="2395.0"
                          WIDTH="612.0"
                          HEIGHT="122.0"/>
               </TextLine>
               <TextLine ID="eSc_line_6d8bb38d"
                         BASELINE="259 2560 871 2539"
                         HPOS="246.0"
                         VPOS="2470.0"
                         WIDTH="625.0"
                         HEIGHT="128.0"
                         TAGREFS="LT118">
                  <Shape>
                     <Polygon POINTS="259 2560 246 2501 312 2479 315 2479 315 2479 315 2479 318 2479 521 2485 605 2470 605 2470 605 2470 608 2470 608 2470 674 2479 727 2489 743 2476 752 2470 755 2470 755 2470 755 2470 758 2470 758 2470 758 2470 761 2470 761 2470 765 2470 765 2470 765 2470 768 2470 768 2470 774 2476 786 2485 861 2473 871 2539 871 2548 749 2576 749 2576 749 2576 746 2576 746 2576 680 2563 640 2557 608 2570 577 2585 577 2585 574 2585 574 2585 574 2585 571 2585 571 2585 571 2585 568 2585 568 2585 565 2585 549 2576 537 2570 368 2570 262 2598"/>
                  </Shape>
                  <String CONTENT="hans herard gindre"
                          HPOS="246.0"
                          VPOS="2470.0"
                          WIDTH="625.0"
                          HEIGHT="128.0"/>
               </TextLine>
               <TextLine ID="eSc_line_9c58aa1e"
                         BASELINE="274 2648 908 2632"
                         HPOS="268.0"
                         VPOS="2548.0"
                         WIDTH="646.0"
                         HEIGHT="131.0"
                         TAGREFS="LT118">
                  <Shape>
                     <Polygon POINTS="274 2648 268 2588 340 2585 371 2554 371 2551 371 2551 374 2551 374 2551 374 2551 377 2551 377 2551 421 2548 424 2548 902 2570 908 2632 914 2645 883 2663 880 2663 880 2663 877 2663 877 2663 877 2663 874 2663 874 2663 793 2651 780 2651 740 2654 565 2673 565 2673 562 2673 562 2673 558 2673 558 2673 558 2673 555 2673 546 2666 530 2657 274 2679"/>
                  </Shape>
                  <String CONTENT="Jehan Jehannerat"
                          HPOS="268.0"
                          VPOS="2548.0"
                          WIDTH="646.0"
                          HEIGHT="131.0"/>
               </TextLine>
               <TextLine ID="eSc_line_b210d619"
                         BASELINE="281 2735 765 2723"
                         HPOS="274.0"
                         VPOS="2645.0"
                         WIDTH="491.0"
                         HEIGHT="127.0"
                         TAGREFS="LT118">
                  <Shape>
                     <Polygon POINTS="281 2735 274 2663 390 2651 390 2651 393 2651 393 2651 396 2651 396 2651 396 2651 399 2651 399 2651 412 2663 415 2666 421 2663 437 2651 437 2648 437 2648 440 2648 440 2648 443 2648 443 2648 443 2648 521 2645 524 2645 524 2645 524 2645 527 2645 527 2645 530 2645 530 2645 530 2648 549 2663 555 2666 755 2666 765 2723 758 2747 661 2741 636 2757 630 2760 627 2760 627 2760 624 2760 624 2760 624 2760 621 2760 621 2760 618 2760 605 2757 546 2741 281 2772"/>
                  </Shape>
                  <String CONTENT="Jehan Salvestre"
                          HPOS="274.0"
                          VPOS="2645.0"
                          WIDTH="491.0"
                          HEIGHT="127.0"/>
               </TextLine>
               <TextLine ID="eSc_line_896ab009"
                         BASELINE="312 2816 799 2810"
                         HPOS="306.0"
                         VPOS="2738.0"
                         WIDTH="493.0"
                         HEIGHT="144.0"
                         TAGREFS="LT118">
                  <Shape>
                     <Polygon POINTS="312 2816 306 2751 440 2741 443 2741 443 2741 443 2741 502 2754 533 2760 540 2754 549 2741 552 2741 552 2738 552 2738 555 2738 555 2738 558 2738 558 2738 558 2738 562 2738 562 2738 565 2738 565 2738 608 2754 618 2757 624 2757 674 2738 677 2738 677 2738 677 2738 680 2738 680 2738 793 2760 799 2810 799 2844 733 2844 727 2847 708 2863 708 2866 708 2866 705 2866 705 2866 702 2866 702 2866 702 2866 699 2866 699 2866 696 2866 696 2866 696 2866 693 2866 671 2854 655 2844 571 2847 562 2860 546 2875 546 2875 546 2878 546 2878 543 2878 543 2878 540 2878 540 2878 540 2878 537 2878 537 2878 537 2878 483 2866 427 2854 409 2872 402 2875 402 2878 402 2878 399 2878 399 2878 399 2878 396 2878 396 2878 396 2882 312 2882"/>
                  </Shape>
                  <String CONTENT="Jehan choulat"
                          HPOS="306.0"
                          VPOS="2738.0"
                          WIDTH="493.0"
                          HEIGHT="144.0"/>
               </TextLine>
            </TextBlock>
            <TextBlock HPOS="2277"
                       VPOS="3454"
                       WIDTH="109"
                       HEIGHT="115"
                       ID="eSc_textblock_39457831"
                       TAGREFS="BT371">
               <Shape>
                  <Polygon POINTS="2277 3454 2277 3569 2386 3569 2386 3454"/>
               </Shape>
               <TextLine ID="eSc_line_05fc3f37"
                         BASELINE="2298 3539 2365 3539"
                         HPOS="2295"
                         VPOS="3468"
                         WIDTH="68"
                         HEIGHT="87"
                         TAGREFS="LT118">
                  <Shape>
                     <Polygon POINTS="2295 3537 2295 3468 2363 3468 2363 3537 2363 3549 2295 3555"/>
                  </Shape>
                  <String CONTENT="3" HPOS="2295" VPOS="3468" WIDTH="68" HEIGHT="87"/>
               </TextLine>
            </TextBlock>
         </PrintSpace>
      </Page>
   </Layout>
</alto>
