<alto xmlns:xsi="http://www.w3.org/2001/XMLSchema-instance"
      xmlns="http://www.loc.gov/standards/alto/ns-v4#"
      xsi:schemaLocation="http://www.loc.gov/standards/alto/ns-v4# http://www.loc.gov/standards/alto/v4/alto-4-2.xsd">
   <Description>
      <MeasurementUnit>pixel</MeasurementUnit>
      <sourceImageInformation>
         <fileName>B_168_15-2-3_0004.jpg</fileName>
      </sourceImageInformation>
   </Description>
   <Tags>
      <OtherTag ID="BT365"
                LABEL="MainZone:column"
                DESCRIPTION="block type MainZone:column"/>
      <OtherTag ID="BT367" LABEL="MainZone" DESCRIPTION="block type MainZone"/>
      <OtherTag ID="BT368"
                LABEL="MarginTextZone"
                DESCRIPTION="block type MarginTextZone"/>
      <OtherTag ID="BT369"
                LABEL="MarginTextZone:note"
                DESCRIPTION="block type MarginTextZone:note"/>
      <OtherTag ID="BT370"
                LABEL="NumberingZone:other"
                DESCRIPTION="block type NumberingZone:other"/>
      <OtherTag ID="BT371"
                LABEL="NumberingZone:page"
                DESCRIPTION="block type NumberingZone:page"/>
      <OtherTag ID="BT379"
                LABEL="DecorationZone"
                DESCRIPTION="block type DecorationZone"/>
      <OtherTag ID="BT380"
                LABEL="CustomZone:signature"
                DESCRIPTION="block type CustomZone:signature"/>
      <OtherTag ID="LT118" LABEL="DefaultLine" DESCRIPTION="line type DefaultLine"/>
      <OtherTag ID="LT119" LABEL="HeadingLine" DESCRIPTION="line type HeadingLine"/>
      <OtherTag ID="LT120"
                LABEL="InterlinearLine"
                DESCRIPTION="line type InterlinearLine"/>
   </Tags>
   <Layout>
      <Page WIDTH="2638"
            HEIGHT="3967"
            PHYSICAL_IMG_NR="17"
            ID="eSc_dummypage_">
         <PrintSpace HPOS="0" VPOS="0" WIDTH="2638" HEIGHT="3967">
            <TextBlock HPOS="648"
                       VPOS="92"
                       WIDTH="1817"
                       HEIGHT="830"
                       ID="eSc_textblock_5769ace3"
                       TAGREFS="BT367">
               <Shape>
                  <Polygon POINTS="1909 145 1992 251 2465 277 2426 485 2320 591 2201 608 2399 661 2412 829 2320 895 2042 922 741 922 728 819 661 763 648 251 1039 238 1122 92"/>
               </Shape>
               <TextLine ID="eSc_line_7fce2648"
                         BASELINE="1082 234 1929 234"
                         HPOS="1082"
                         VPOS="161"
                         WIDTH="850"
                         HEIGHT="119"
                         TAGREFS="LT118">
                  <Shape>
                     <Polygon POINTS="1082 234 1082 181 1317 181 1327 178 1366 161 1370 161 1373 161 1456 178 1479 185 1674 185 1684 178 1721 161 1724 161 1727 161 1929 178 1929 234 1932 247 1830 277 1827 277 1827 280 1664 280 1661 277 1658 277 1615 254 1608 251 1595 254 1549 271 1545 271 1542 271 1539 271 1535 271 1515 257 1502 251 1254 251 1234 261 1211 277 1208 277 1204 277 1201 277 1198 277 1165 264 1131 251 1085 264"/>
                  </Shape>
                  <String CONTENT="Le lendemain dudit jour"
                          HPOS="1082"
                          VPOS="161"
                          WIDTH="850"
                          HEIGHT="119"/>
               </TextLine>
               <TextLine ID="eSc_line_c5da8f4b"
                         BASELINE="652 330 953 317 1558 333 2455 323"
                         HPOS="638"
                         VPOS="221"
                         WIDTH="1817"
                         HEIGHT="159"
                         TAGREFS="LT118">
                  <Shape>
                     <Polygon POINTS="652 330 638 254 695 221 698 221 701 221 705 221 1075 221 1079 221 1135 251 1151 257 1184 251 1208 244 1211 244 1214 244 1218 244 1227 251 1267 271 1314 257 1317 257 1320 257 1323 257 1327 257 1357 277 1810 277 1846 244 1856 234 1860 234 1863 234 1866 234 1923 244 2045 267 2121 244 2124 244 2128 244 2283 271 2310 251 2313 251 2316 251 2320 251 2323 251 2356 264 2442 241 2455 323 2455 333 2353 340 2313 373 2310 373 2307 373 2105 376 2105 380 1985 380 1982 376 1979 376 1976 376 1942 347 1932 340 1830 340 1817 350 1797 370 1797 373 1793 373 1790 373 1787 373 1784 373 1741 353 1714 340 1684 353 1648 370 1645 370 1641 370 1638 370 1605 357 1585 350 1532 360 1499 363 1496 363 1492 363 1489 363 1486 360 1453 340 1373 340 1317 363 1284 376 1280 376 1277 376 1274 376 1271 376 1271 373 1261 366 1234 340 1122 340 1036 366 1032 366 1029 366 1026 366 973 340 873 340 794 373 791 373 787 373 784 373 734 353 655 380"/>
                  </Shape>
                  <String CONTENT="Ladite Annelin estant estee solevee de terre sans pierre"
                          HPOS="638"
                          VPOS="221"
                          WIDTH="1817"
                          HEIGHT="159"/>
               </TextLine>
               <TextLine ID="eSc_line_bd9c7730"
                         BASELINE="728 396 1535 390"
                         HPOS="724"
                         VPOS="317"
                         WIDTH="811"
                         HEIGHT="129"
                         TAGREFS="LT118">
                  <Shape>
                     <Polygon POINTS="728 396 724 327 930 340 946 330 956 320 959 320 963 320 966 320 969 320 1012 330 1055 340 1122 333 1241 317 1244 317 1247 317 1251 317 1251 320 1267 333 1271 340 1350 340 1360 337 1459 317 1462 317 1466 317 1532 340 1535 390 1532 409 1439 409 1436 409 1400 442 1396 442 1393 442 1393 446 1280 446 1277 442 1274 442 1271 442 1231 416 1221 409 1201 416 1128 446 1125 446 1122 446 989 429 933 446 930 446 926 446 923 446 920 446 896 426 877 413 728 429"/>
                  </Shape>
                  <String CONTENT="na rien volsus confesser"
                          HPOS="724"
                          VPOS="317"
                          WIDTH="811"
                          HEIGHT="129"/>
               </TextLine>
               <TextLine ID="eSc_line_4c261c18"
                         BASELINE="701 472 1558 482 2366 462"
                         HPOS="695"
                         VPOS="390"
                         WIDTH="1671"
                         HEIGHT="122"
                         TAGREFS="LT118">
                  <Shape>
                     <Polygon POINTS="701 472 695 413 847 396 850 396 853 396 890 409 923 423 959 409 983 400 986 400 989 400 992 400 1009 409 1039 426 1208 426 1231 406 1234 406 1237 406 1241 406 1244 406 1304 423 1383 423 1400 403 1406 400 1406 396 1410 396 1413 396 1588 393 1592 393 1595 393 1628 403 1671 413 1704 400 1717 396 1721 396 1724 396 1727 396 1731 396 1737 400 1767 419 1810 400 1830 393 1833 393 1837 393 1840 393 1856 400 1889 416 1906 400 1909 400 1913 400 1916 400 1926 400 2134 416 2197 396 2220 390 2224 390 2227 390 2359 396 2366 462 2363 502 2121 489 2055 505 2052 505 2048 505 2045 505 2042 505 2038 505 1999 489 1936 505 1919 509 1916 509 1913 509 1893 505 1833 492 1664 505 1625 509 1621 509 1618 509 1615 509 1615 505 1588 492 1555 505 1549 509 1545 509 1542 509 1539 509 1535 505 1502 492 1436 509 1423 509 1419 509 1416 509 1413 509 1380 492 1327 509 1310 512 1307 512 1304 512 1247 509 1095 495 701 509"/>
                  </Shape>
                  <String CONTENT="fors quelle a frappe la fille Pierre Broingne comme"
                          HPOS="695"
                          VPOS="390"
                          WIDTH="1671"
                          HEIGHT="122"/>
               </TextLine>
               <TextLine ID="eSc_line_0910a172"
                         BASELINE="688 561 2191 548"
                         HPOS="678"
                         VPOS="472"
                         WIDTH="1516"
                         HEIGHT="129"
                         TAGREFS="LT118">
                  <Shape>
                     <Polygon POINTS="688 561 678 509 748 482 751 482 754 482 757 482 837 502 1055 479 1059 479 1188 479 1191 479 1194 479 1194 482 1214 499 1366 479 1370 479 1466 495 1486 479 1486 476 1489 476 1492 476 1496 476 1499 476 1502 476 1525 495 1866 479 1870 479 1873 479 1896 492 1923 472 1926 472 1929 472 1932 472 2184 492 2191 548 2194 568 2141 591 2138 591 2134 591 1985 575 1952 591 1949 591 1946 591 1942 591 1903 571 1893 568 1880 571 1807 595 1803 595 1803 598 1648 598 1645 595 1641 595 1601 575 1595 571 1506 571 1492 575 1439 598 1436 598 1436 601 1363 601 1360 598 1357 598 1353 598 1327 578 1320 575 1287 578 1059 601 1055 601 943 581 923 578 688 581"/>
                  </Shape>
                  <String CONTENT="Les aultres qui le frappoient aussi en Jouant"
                          HPOS="678"
                          VPOS="472"
                          WIDTH="1516"
                          HEIGHT="129"/>
               </TextLine>
               <TextLine ID="eSc_line_5b390c3d"
                         BASELINE="1088 667 1886 641"
                         HPOS="1079"
                         VPOS="565"
                         WIDTH="807"
                         HEIGHT="122"
                         TAGREFS="LT118">
                  <Shape>
                     <Polygon POINTS="1088 667 1079 591 1287 575 1290 575 1294 575 1297 575 1307 581 1330 598 1360 581 1376 571 1380 571 1383 571 1482 571 1486 571 1489 571 1489 575 1492 575 1512 595 1774 591 1843 588 1870 565 1886 641 1886 654 1585 684 1585 687 1088 687"/>
                  </Shape>
                  <String CONTENT="Eodem die apres disne"
                          HPOS="1079"
                          VPOS="565"
                          WIDTH="807"
                          HEIGHT="122"/>
               </TextLine>
               <TextLine ID="eSc_line_4c5cc8a9"
                         BASELINE="675 760 1982 727 2340 733"
                         HPOS="668"
                         VPOS="644"
                         WIDTH="1672"
                         HEIGHT="149"
                         TAGREFS="LT118">
                  <Shape>
                     <Polygon POINTS="675 760 668 671 867 697 959 667 976 664 979 664 983 664 986 664 1006 667 1105 694 1168 667 1171 667 1175 667 1314 661 1317 661 1320 661 1323 661 1333 667 1357 681 1449 667 1459 667 1462 667 1469 667 1535 684 1555 667 1565 661 1565 657 1568 657 1572 657 1575 657 1578 657 1618 667 1635 671 1648 667 1701 647 1704 647 1707 647 1807 664 1850 644 1853 644 1856 644 1860 644 1909 667 2336 667 2340 733 2340 757 2075 763 2072 763 2068 763 1952 743 1820 770 1810 770 1807 770 1803 770 1800 770 1800 766 1777 747 1717 747 1562 776 1545 776 1542 776 1539 776 1535 776 1486 757 1400 780 1393 780 1390 780 1386 780 1376 780 1271 757 1198 783 1194 783 1191 783 1188 783 1178 783 999 763 946 790 943 790 940 790 936 790 933 790 926 790 853 766 827 790 827 793 824 793 820 793 817 793 814 793 810 793 777 770 675 793"/>
                  </Shape>
                  <String CONTENT="Ladite Annelin a este derechieff aplicquee a la question"
                          HPOS="668"
                          VPOS="644"
                          WIDTH="1672"
                          HEIGHT="149"/>
               </TextLine>
               <TextLine ID="eSc_line_b250c9fa"
                         BASELINE="744 816 1449 800 2396 806"
                         HPOS="734"
                         VPOS="733"
                         WIDTH="1662"
                         HEIGHT="109"
                         TAGREFS="LT118">
                  <Shape>
                     <Polygon POINTS="744 816 734 763 774 743 777 743 781 743 940 757 989 737 992 737 996 737 1118 737 1122 737 1125 737 1151 757 1218 737 1221 737 1224 737 1386 757 1390 757 1393 757 1489 737 1492 737 1496 737 1532 757 1535 757 1592 733 1595 733 1598 733 1797 733 1800 733 1843 753 1846 757 1959 757 1962 753 1985 733 1989 733 1992 733 1995 733 2081 750 2095 753 2105 750 2141 737 2144 737 2148 737 2151 737 2154 737 2171 750 2174 753 2197 750 2297 733 2300 733 2393 750 2396 806 2393 839 1635 819 1598 842 1595 842 1592 842 1588 842 1585 842 1582 842 1539 826 1327 842 1314 842 1310 842 1307 842 1304 842 1274 823 1105 823 1042 842 1039 842 1036 842 1032 842 986 823 969 839 966 839 963 839 744 842"/>
                  </Shape>
                  <String CONTENT="na rien volsus congnoistre Encour quelle heust le"
                          HPOS="734"
                          VPOS="733"
                          WIDTH="1662"
                          HEIGHT="109"/>
               </TextLine>
               <TextLine ID="eSc_line_849c71f4"
                         BASELINE="751 892 1416 869 2217 882"
                         HPOS="744"
                         VPOS="800"
                         WIDTH="1473"
                         HEIGHT="125"
                         TAGREFS="LT118">
                  <Shape>
                     <Polygon POINTS="751 892 744 829 973 803 976 803 979 803 1036 823 1042 823 1045 823 1115 803 1118 803 1122 803 1280 816 1314 819 1333 816 1403 803 1406 803 1410 803 1413 803 1426 816 1429 819 1446 813 1496 800 1499 800 1502 800 1506 800 1542 813 1562 819 1582 813 1608 800 1611 800 1615 800 1678 809 1737 819 1774 809 1800 800 1803 800 1807 800 1810 800 1827 806 1850 819 1866 806 1873 800 1876 800 1880 800 1883 800 1886 800 1889 800 1896 806 1916 823 2167 823 2204 800 2217 882 2211 919 1989 899 1916 919 1913 919 1909 919 1777 889 1734 919 1731 919 1727 919 1727 922 1658 922 1654 919 1651 919 1648 919 1648 915 1621 892 1506 889 1234 892 1175 922 1171 922 1168 922 1165 922 1092 892 943 892 863 922 860 922 751 925"/>
                  </Shape>
                  <String CONTENT="chappelet a la teste avec la pierre pendue."
                          HPOS="744"
                          VPOS="800"
                          WIDTH="1473"
                          HEIGHT="125"/>
               </TextLine>
            </TextBlock>
            <TextBlock HPOS="2370"
                       VPOS="3720"
                       WIDTH="120"
                       HEIGHT="129"
                       ID="eSc_textblock_bc4bc847"
                       TAGREFS="BT371">
               <Shape>
                  <Polygon POINTS="2370 3720 2370 3849 2490 3849 2490 3720"/>
               </Shape>
               <TextLine ID="eSc_line_e1344f2e"
                         BASELINE="2407 3824 2473 3824"
                         HPOS="2406"
                         VPOS="3699"
                         WIDTH="66"
                         HEIGHT="152"
                         TAGREFS="LT118">
                  <Shape>
                     <Polygon POINTS="2406 3821 2406 3699 2472 3705 2472 3821 2472 3851 2406 3851"/>
                  </Shape>
                  <String CONTENT="4" HPOS="2406" VPOS="3699" WIDTH="66" HEIGHT="152"/>
               </TextLine>
            </TextBlock>
         </PrintSpace>
      </Page>
   </Layout>
</alto>
