<alto xmlns:xsi="http://www.w3.org/2001/XMLSchema-instance"
      xmlns="http://www.loc.gov/standards/alto/ns-v4#"
      xsi:schemaLocation="http://www.loc.gov/standards/alto/ns-v4# http://www.loc.gov/standards/alto/v4/alto-4-2.xsd">
   <Description>
      <MeasurementUnit>pixel</MeasurementUnit>
      <sourceImageInformation>
         <fileName>B_168_15-23-2_0001.jpg</fileName>
      </sourceImageInformation>
   </Description>
   <Tags>
      <OtherTag ID="BT365"
                LABEL="MainZone:column"
                DESCRIPTION="block type MainZone:column"/>
      <OtherTag ID="BT367" LABEL="MainZone" DESCRIPTION="block type MainZone"/>
      <OtherTag ID="BT368"
                LABEL="MarginTextZone"
                DESCRIPTION="block type MarginTextZone"/>
      <OtherTag ID="BT369"
                LABEL="MarginTextZone:note"
                DESCRIPTION="block type MarginTextZone:note"/>
      <OtherTag ID="BT370"
                LABEL="NumberingZone:other"
                DESCRIPTION="block type NumberingZone:other"/>
      <OtherTag ID="BT371"
                LABEL="NumberingZone:page"
                DESCRIPTION="block type NumberingZone:page"/>
      <OtherTag ID="BT379"
                LABEL="DecorationZone"
                DESCRIPTION="block type DecorationZone"/>
      <OtherTag ID="BT380"
                LABEL="CustomZone:signature"
                DESCRIPTION="block type CustomZone:signature"/>
      <OtherTag ID="LT118" LABEL="DefaultLine" DESCRIPTION="line type DefaultLine"/>
      <OtherTag ID="LT119" LABEL="HeadingLine" DESCRIPTION="line type HeadingLine"/>
      <OtherTag ID="LT120"
                LABEL="InterlinearLine"
                DESCRIPTION="line type InterlinearLine"/>
   </Tags>
   <Layout>
      <Page WIDTH="2582"
            HEIGHT="3808"
            PHYSICAL_IMG_NR="42"
            ID="eSc_dummypage_">
         <PrintSpace HPOS="0" VPOS="0" WIDTH="2582" HEIGHT="3808">
            <TextBlock HPOS="445"
                       VPOS="199"
                       WIDTH="411"
                       HEIGHT="208"
                       ID="eSc_textblock_e4b454a7"
                       TAGREFS="BT370">
               <Shape>
                  <Polygon POINTS="445 199 445 407 856 407 856 199 598 199"/>
               </Shape>
               <TextLine ID="eSc_line_d89b2a7a"
                         BASELINE="479 361 743 364"
                         HPOS="473"
                         VPOS="282"
                         WIDTH="270"
                         HEIGHT="168"
                         TAGREFS="LT118">
                  <Shape>
                     <Polygon POINTS="479 361 476 304 736 282 743 364 739 415 628 422 628 425 597 450 593 450 590 450 587 450 473 431"/>
                  </Shape>
                  <String CONTENT="188"
                          HPOS="473"
                          VPOS="282"
                          WIDTH="270"
                          HEIGHT="168"/>
               </TextLine>
            </TextBlock>
            <TextBlock HPOS="83"
                       VPOS="96"
                       WIDTH="590"
                       HEIGHT="116"
                       ID="eSc_textblock_7d857720"
                       TAGREFS="BT369">
               <Shape>
                  <Polygon POINTS="83 96 83 212 673 212 673 96"/>
               </Shape>
               <TextLine ID="eSc_line_49f8acdf"
                         BASELINE="111 168 400 165 635 187"
                         HPOS="104"
                         VPOS="69"
                         WIDTH="531"
                         HEIGHT="153"
                         TAGREFS="LT118">
                  <Shape>
                     <Polygon POINTS="111 168 104 85 200 69 203 69 206 69 247 88 269 101 450 104 479 95 527 79 530 79 533 79 635 101 635 187 632 222 228 222 225 218 104 193"/>
                  </Shape>
                  <String CONTENT="1610, mai 17/27"
                          HPOS="104"
                          VPOS="69"
                          WIDTH="531"
                          HEIGHT="153"/>
               </TextLine>
            </TextBlock>
            <TextBlock HPOS="597"
                       VPOS="76"
                       WIDTH="1921"
                       HEIGHT="3322"
                       ID="eSc_textblock_dd7db352"
                       TAGREFS="BT367">
               <Shape>
                  <Polygon POINTS="1000 339 1038 76 2467 88 2480 276 2429 314 1908 330 2026 444 2391 456 2480 583 2442 1012 2505 1545 2175 1688 2216 1738 2505 1789 2429 2446 2378 2573 2153 2611 2099 2763 2505 2805 2518 2916 2115 2979 2048 3033 2366 3122 2378 3220 2089 3259 2061 3360 1997 3385 673 3398 673 3274 597 3186 673 3068 647 939 710 440 997 440 997 340"/>
               </Shape>
               <TextLine ID="eSc_line_9798af8b"
                         TAGREFS="LT119"
                         BASELINE="1048 187 1689 165 2464 168"
                         HPOS="1041"
                         VPOS="76"
                         WIDTH="1423"
                         HEIGHT="142">
                  <Shape>
                     <Polygon POINTS="1048 187 1041 95 1178 85 1181 85 1184 85 1187 85 1200 95 1229 111 1308 95 1375 82 1378 82 1381 82 1435 95 1505 114 1619 114 1648 98 1670 85 1673 85 1676 85 1680 85 1714 98 1743 107 1768 98 1807 85 1810 85 1813 85 1816 85 1819 85 1835 98 1851 111 1873 98 1889 92 1892 92 1896 92 1956 98 2013 107 2026 101 2048 79 2051 79 2054 79 2153 76 2156 76 2292 101 2315 104 2458 104 2464 168 2464 177 2391 206 2388 206 2388 209 2308 209 2305 206 2302 206 2299 206 2267 184 2175 184 2140 184 2124 206 2121 206 2121 209 2118 209 2115 209 2111 209 2108 209 2045 187 1864 212 1864 215 1721 215 1718 212 1714 212 1657 190 1533 215 1530 215 1419 193 1416 193 1260 193 1260 196 1222 218 1219 218 1216 218 1213 218 1044 196"/>
                  </Shape>
                  <String CONTENT="Proces Criminel de Adelheit vefve Borquin"
                          HPOS="1041"
                          VPOS="76"
                          WIDTH="1423"
                          HEIGHT="142"/>
               </TextLine>
               <TextLine ID="eSc_line_8763db76"
                         TAGREFS="LT119"
                         BASELINE="1051 263 1768 238 2442 241"
                         HPOS="1044"
                         VPOS="165"
                         WIDTH="1398"
                         HEIGHT="145">
                  <Shape>
                     <Polygon POINTS="1051 263 1044 209 1136 187 1140 187 1143 187 1190 203 1241 180 1244 180 1248 180 1406 199 1422 199 1425 199 1457 177 1460 177 1464 177 1467 177 1714 190 1775 193 1784 190 1800 177 1803 177 1807 177 1810 177 1861 187 1883 190 1911 187 2000 171 2003 171 2007 171 2045 184 2061 187 2080 180 2124 168 2127 168 2254 165 2258 165 2261 165 2264 165 2277 177 2286 184 2435 174 2442 241 2442 288 2226 291 2223 291 2219 291 2216 291 2213 288 2185 269 2121 285 2118 285 2115 285 2010 263 1861 263 1800 285 1775 291 1772 291 1768 291 1664 282 1645 282 1641 282 1619 298 1616 298 1613 298 1610 298 1495 282 1438 272 1429 282 1400 304 1400 307 1397 307 1394 307 1394 310 1190 310 1187 307 1048 276"/>
                  </Shape>
                  <String CONTENT="Betteni de Boncort detenue en prison"
                          HPOS="1044"
                          VPOS="165"
                          WIDTH="1398"
                          HEIGHT="145"/>
               </TextLine>
               <TextLine ID="eSc_line_ae5c2744"
                         TAGREFS="LT119"
                         BASELINE="1048 339 1727 323"
                         HPOS="1044"
                         VPOS="260"
                         WIDTH="683"
                         HEIGHT="139">
                  <Shape>
                     <Polygon POINTS="1048 339 1044 266 1324 282 1403 266 1429 260 1432 260 1721 266 1727 323 1724 349 1543 387 1540 387 1537 387 1533 387 1508 368 1479 349 1381 349 1340 380 1321 393 1317 393 1314 393 1311 393 1308 393 1305 393 1289 383 1241 355 1187 355 1121 396 1117 396 1114 396 1048 399"/>
                  </Shape>
                  <String CONTENT="pour sortilege"
                          HPOS="1044"
                          VPOS="260"
                          WIDTH="683"
                          HEIGHT="139"/>
               </TextLine>
               <TextLine ID="eSc_line_eb3a9113"
                         BASELINE="1219 450 1911 441"
                         HPOS="1206"
                         VPOS="368"
                         WIDTH="705"
                         HEIGHT="123"
                         TAGREFS="LT118">
                  <Shape>
                     <Polygon POINTS="1219 450 1206 399 1235 374 1235 371 1238 371 1241 371 1244 371 1248 371 1324 390 1470 390 1495 368 1499 368 1502 368 1505 368 1508 368 1578 387 1781 387 1803 368 1807 368 1810 368 1813 368 1905 387 1911 441 1905 469 1864 463 1848 469 1819 485 1816 485 1813 485 1810 485 1807 485 1791 472 1781 463 1768 472 1743 485 1740 485 1622 488 1619 488 1616 488 1578 472 1572 469 1540 472 1441 482 1438 482 1365 472 1314 466 1302 472 1264 491 1260 491 1257 491 1254 491 1213 472"/>
                  </Shape>
                  <String CONTENT="Le 17 de may 1610."
                          HPOS="1206"
                          VPOS="368"
                          WIDTH="705"
                          HEIGHT="123"/>
               </TextLine>
               <TextLine ID="eSc_line_918e4d32"
                         BASELINE="695 536 2111 533 2404 545"
                         HPOS="685"
                         VPOS="444"
                         WIDTH="1719"
                         HEIGHT="136"
                         TAGREFS="LT118">
                  <Shape>
                     <Polygon POINTS="695 536 685 472 755 444 759 444 762 444 765 444 828 463 914 444 917 444 921 444 924 444 952 469 997 453 1000 453 1003 453 1006 453 1009 453 1028 472 1105 444 1108 444 1111 444 1114 444 1181 466 1292 453 1295 453 1298 453 1302 453 1302 456 1321 472 1371 456 1375 456 1378 456 1381 456 1441 472 1460 456 1460 453 1464 453 1467 453 1470 453 1473 453 1527 472 1530 476 1781 476 1781 472 1842 444 1845 444 1848 444 2140 444 2143 444 2146 444 2181 472 2277 450 2280 450 2283 450 2286 450 2324 472 2324 476 2400 476 2404 545 2397 571 2305 552 2159 574 2127 577 2124 577 2121 577 2108 574 2029 548 1940 564 1937 564 1934 564 1902 548 1813 574 1807 577 1803 577 1803 580 1680 580 1676 577 1673 577 1670 577 1641 555 1607 577 1603 577 1600 577 1597 577 1594 577 1591 577 1530 548 1435 574 1432 574 1429 574 1425 574 1381 548 1356 574 1356 577 1352 577 1349 577 1349 580 1283 580 1279 577 1276 577 1273 577 1273 574 1244 548 1102 548 1051 577 1048 577 1044 577 1041 577 1038 577 1035 577 1000 552 860 548 825 564 822 564 819 564 816 564 813 564 790 548 759 577 755 577 752 577 695 580"/>
                  </Shape>
                  <String CONTENT="Estant simplement Interrogue sur les faictz dont"
                          HPOS="685"
                          VPOS="444"
                          WIDTH="1719"
                          HEIGHT="136"/>
               </TextLine>
               <TextLine ID="eSc_line_b35d2da1"
                         BASELINE="692 606 2451 625"
                         HPOS="685"
                         VPOS="533"
                         WIDTH="1766"
                         HEIGHT="130"
                         TAGREFS="LT118">
                  <Shape>
                     <Polygon POINTS="692 606 689 555 781 533 784 533 787 533 857 552 867 555 879 552 978 533 981 533 984 533 1041 552 1060 558 1111 552 1235 536 1238 536 1241 536 1302 552 1340 561 1362 552 1387 539 1391 539 1394 539 1572 539 1575 539 1578 539 1578 542 1591 552 1607 568 1800 568 1835 548 1854 542 1857 542 1861 542 1864 542 1880 548 1908 561 1991 548 2019 545 2023 545 2026 545 2032 548 2067 568 2118 552 2121 552 2124 552 2127 552 2169 574 2318 574 2445 548 2451 625 2451 631 2375 653 2372 653 2369 653 2366 653 2362 653 2331 634 2210 634 2153 660 2150 660 2146 660 2143 660 2067 631 2013 660 2010 660 2010 663 1867 663 1864 660 1727 634 1594 650 1591 650 1587 650 1584 650 1556 631 1489 650 1486 650 1483 650 1479 650 1410 631 1384 650 1384 653 1381 653 1378 653 1378 656 1298 656 1295 653 1292 653 1289 653 1251 625 1222 637 1219 637 1216 637 1213 637 1210 637 1210 634 1194 621 1111 621 1035 621 917 647 914 647 911 647 908 647 867 621 765 641 762 641 759 641 685 615"/>
                  </Shape>
                  <String CONTENT="elle est accusee Icelle na rien volsus cougnoistre"
                          HPOS="685"
                          VPOS="533"
                          WIDTH="1766"
                          HEIGHT="130"/>
               </TextLine>
               <TextLine ID="eSc_line_1a33bf70"
                         BASELINE="692 717 1190 710 2442 733"
                         HPOS="685"
                         VPOS="625"
                         WIDTH="1760"
                         HEIGHT="149"
                         TAGREFS="LT118">
                  <Shape>
                     <Polygon POINTS="692 717 689 625 790 625 793 625 797 625 797 628 822 656 994 656 1035 634 1041 631 1044 631 1048 631 1051 631 1060 634 1111 660 1356 660 1435 647 1502 634 1505 634 1508 634 1540 650 1568 663 1638 650 1692 644 1695 644 1699 644 1702 644 1702 647 1711 653 1721 666 1800 666 1816 656 1835 644 1838 644 1842 644 1845 644 1848 644 1886 660 1902 666 1918 660 1965 641 1969 641 1972 641 1975 641 2023 663 2051 644 2054 644 2057 644 2061 644 2181 644 2185 644 2232 669 2239 672 2245 669 2299 647 2302 647 2305 647 2397 650 2400 650 2404 650 2445 675 2442 733 2439 774 2229 774 2226 771 2223 771 2219 771 2216 767 2175 742 2089 742 2042 764 2035 767 2032 767 2029 767 2026 767 2019 764 1969 739 1791 761 1749 764 1746 764 1743 764 1740 764 1734 758 1711 745 1692 758 1689 761 1686 761 1683 761 1680 761 1676 761 1673 761 1673 758 1670 758 1645 736 1578 748 1575 748 1502 733 1441 752 1438 752 1435 752 1432 752 1429 752 1400 733 1365 752 1352 758 1349 758 1346 758 1159 755 1156 755 1152 755 1152 752 1146 748 1130 729 1089 748 1086 748 1082 748 1079 748 1076 748 1073 748 1016 726 946 745 921 752 917 752 917 755 825 755 822 752 819 752 816 752 806 742 778 723 749 742 746 745 743 745 739 745 736 745 685 739"/>
                  </Shape>
                  <String CONTENT="Sinon quelle confesse avoir heu tire les chievres Jehan"
                          HPOS="685"
                          VPOS="625"
                          WIDTH="1760"
                          HEIGHT="149"/>
               </TextLine>
               <TextLine ID="eSc_line_72c964b3"
                         BASELINE="676 793 1632 793"
                         HPOS="676"
                         VPOS="723"
                         WIDTH="962"
                         HEIGHT="117"
                         TAGREFS="LT118">
                  <Shape>
                     <Polygon POINTS="676 793 676 723 778 745 924 745 952 723 955 723 959 723 962 723 1152 723 1156 723 1168 726 1216 742 1273 726 1279 726 1283 726 1286 726 1289 726 1295 726 1337 742 1391 729 1403 726 1406 726 1410 726 1413 726 1422 729 1457 742 1629 733 1632 793 1638 799 1600 834 1600 837 1597 837 1594 837 1594 840 1352 840 1349 837 1346 837 1248 809 1235 806 1073 809 1070 812 1035 834 1032 834 1028 834 1025 834 1022 834 978 815 959 806 901 806 892 815 882 821 882 825 879 825 876 825 873 825 870 825 841 815 803 806 676 818"/>
                  </Shape>
                  <String CONTENT="Belin sans leur avoir greve"
                          HPOS="676"
                          VPOS="723"
                          WIDTH="962"
                          HEIGHT="117"/>
               </TextLine>
               <TextLine ID="eSc_line_d5b40ae8"
                         BASELINE="679 904 1229 888 2391 891"
                         HPOS="670"
                         VPOS="809"
                         WIDTH="1721"
                         HEIGHT="127"
                         TAGREFS="LT118">
                  <Shape>
                     <Polygon POINTS="679 904 670 847 739 821 743 821 746 821 749 821 797 840 863 825 867 825 870 825 943 840 1009 812 1013 812 1016 812 1098 812 1102 812 1165 840 1168 840 1171 840 1235 821 1238 821 1241 821 1244 821 1298 837 1308 840 1340 837 1476 825 1479 825 1483 825 1508 837 1518 840 1524 837 1553 818 1556 818 1559 818 1562 818 1670 834 1711 840 1727 834 1781 809 1784 809 1788 809 1956 809 1959 809 1962 809 1988 831 1994 834 2013 831 2108 812 2111 812 2115 812 2118 812 2146 828 2150 831 2162 828 2251 809 2254 809 2258 809 2305 828 2324 834 2385 828 2391 891 2388 904 2324 920 2321 920 2318 920 2292 907 2283 904 1857 904 1813 913 1718 932 1714 932 1546 917 1476 910 1460 917 1432 932 1429 932 1429 936 1337 936 1333 932 1330 932 1289 920 1248 907 1194 920 1146 932 1143 932 1140 932 1136 932 1114 923 1082 907 1016 923 974 932 971 932 933 923 870 910 679 926"/>
                  </Shape>
                  <String CONTENT="Et confesse quelle fust envoyee a Souarce faire"
                          HPOS="670"
                          VPOS="809"
                          WIDTH="1721"
                          HEIGHT="127"/>
               </TextLine>
               <TextLine ID="eSc_line_61f41e87"
                         BASELINE="676 974 2385 974"
                         HPOS="670"
                         VPOS="907"
                         WIDTH="1715"
                         HEIGHT="121"
                         TAGREFS="LT118">
                  <Shape>
                     <Polygon POINTS="676 974 676 907 873 923 949 907 952 907 955 907 1009 926 1082 907 1086 907 1089 907 1092 907 1162 929 1327 929 1346 910 1346 907 1349 907 1352 907 1356 907 1359 907 1400 929 1511 929 1530 910 1530 907 1533 907 1537 907 1540 907 1543 907 1610 926 1749 907 1753 907 1756 907 1822 929 2229 929 2381 907 2385 974 2381 1012 2185 999 2124 1012 2057 1024 2054 1024 2051 1024 2048 1024 2048 1021 2035 1009 2023 999 1988 999 1975 1009 1959 1021 1959 1024 1956 1024 1953 1024 1953 1028 1797 1028 1794 1024 1791 1024 1788 1024 1762 1009 1749 999 1740 1005 1711 1024 1708 1024 1705 1024 1705 1028 1495 1028 1492 1024 1489 1024 1486 1024 1464 1005 1454 999 1356 999 1349 1002 1337 1015 1337 1018 1333 1018 1330 1018 1327 1018 1324 1018 1279 1002 1276 1002 1206 1024 1203 1024 1203 1028 1032 1028 1028 1024 1025 1024 1022 1024 997 1009 930 1024 927 1024 924 1024 921 1024 917 1024 876 999 828 1024 825 1024 822 1024 819 1024 774 1005 736 1024 733 1024 730 1024 727 1024 670 996"/>
                  </Shape>
                  <String CONTENT="ung voyaige pour le cheval Mori guyon ou elle"
                          HPOS="670"
                          VPOS="907"
                          WIDTH="1715"
                          HEIGHT="121"/>
               </TextLine>
               <TextLine ID="eSc_line_e6c229b0"
                         BASELINE="692 1063 2420 1063"
                         HPOS="689"
                         VPOS="993"
                         WIDTH="1731"
                         HEIGHT="104"
                         TAGREFS="LT118">
                  <Shape>
                     <Polygon POINTS="692 1063 689 1012 781 993 784 993 787 993 832 1009 854 993 857 993 860 993 863 993 936 1009 962 993 965 993 968 993 971 993 974 993 1041 1009 1044 1009 1095 993 1098 993 1102 993 1105 993 1108 993 1133 1009 1162 993 1165 993 1168 993 1171 993 1235 1009 1251 996 1251 993 1254 993 1257 993 1260 993 1330 1009 1340 1009 1346 1009 1416 993 1419 993 1492 1009 1505 1012 1708 1012 1711 1005 1724 996 1724 993 1727 993 1730 993 1734 993 1737 993 1768 1005 1775 1009 1813 1005 1962 993 1965 993 1969 993 2019 1005 2038 1009 2057 1005 2121 993 2124 993 2420 1005 2420 1063 2420 1082 1035 1097 1032 1097 1028 1097 1025 1094 994 1082 768 1082 692 1097"/>
                  </Shape>
                  <String CONTENT="porta ung estaulx Et raporta de lerbe et de terre"
                          HPOS="689"
                          VPOS="993"
                          WIDTH="1731"
                          HEIGHT="104"/>
               </TextLine>
               <TextLine ID="eSc_line_796bfe9e"
                         BASELINE="689 1158 2245 1139"
                         HPOS="676"
                         VPOS="1066"
                         WIDTH="1569"
                         HEIGHT="152"
                         TAGREFS="LT118">
                  <Shape>
                     <Polygon POINTS="689 1158 676 1107 705 1082 705 1078 708 1078 711 1078 714 1078 717 1078 768 1097 844 1078 847 1078 851 1078 854 1078 927 1097 1009 1075 1013 1075 1016 1075 1140 1094 1197 1072 1200 1072 1203 1072 1314 1088 1416 1072 1419 1072 1422 1072 1476 1088 1495 1069 1499 1069 1502 1069 1505 1069 1737 1082 1768 1066 1772 1066 1775 1066 1778 1066 1826 1085 1905 1069 1908 1069 1911 1069 1943 1085 2235 1082 2245 1139 2242 1158 2073 1161 1984 1205 1981 1205 1981 1209 1857 1209 1854 1205 1851 1205 1765 1167 1699 1209 1695 1209 1692 1209 1692 1212 1540 1212 1537 1209 1533 1209 1460 1170 1457 1170 1454 1170 1378 1202 1375 1202 1371 1202 1368 1202 1324 1180 1276 1212 1273 1212 1270 1212 1267 1212 1264 1212 1168 1177 1156 1174 949 1174 930 1180 838 1218 835 1218 832 1218 685 1183"/>
                  </Shape>
                  <String CONTENT="du Cymetiere duquel Ledit cheval fust guairis"
                          HPOS="676"
                          VPOS="1066"
                          WIDTH="1569"
                          HEIGHT="152"/>
               </TextLine>
               <TextLine ID="eSc_line_f385394d"
                         BASELINE="705 1266 1578 1262 2480 1291"
                         HPOS="701"
                         VPOS="1170"
                         WIDTH="1779"
                         HEIGHT="172"
                         TAGREFS="LT118">
                  <Shape>
                     <Polygon POINTS="705 1266 701 1170 790 1177 793 1177 797 1177 797 1180 819 1199 1114 1180 1168 1177 1171 1177 1175 1177 1178 1177 1184 1180 1222 1205 1286 1186 1289 1186 1292 1186 1489 1209 1527 1190 1537 1186 1540 1186 1543 1186 1546 1186 1559 1190 1616 1215 1807 1215 1835 1196 1845 1190 1848 1190 1851 1190 1854 1190 2092 1193 2096 1193 2118 1205 2127 1209 2137 1205 2165 1196 2169 1196 2172 1196 2175 1196 2216 1205 2270 1221 2477 1215 2480 1291 2477 1307 2273 1332 2270 1332 2267 1332 2204 1307 2181 1301 2165 1307 2102 1342 2099 1342 2096 1342 2092 1342 2016 1307 1991 1297 1953 1297 1940 1307 1908 1335 1908 1339 1905 1339 1902 1339 1902 1342 1829 1342 1826 1339 1822 1339 1819 1339 1784 1307 1775 1301 1759 1307 1702 1335 1699 1335 1695 1335 1692 1335 1689 1335 1689 1332 1664 1307 1648 1291 1610 1291 1546 1307 1518 1316 1514 1316 1511 1316 1508 1316 1476 1307 1416 1291 1391 1307 1375 1320 1371 1320 1368 1320 1365 1320 1314 1307 1308 1307 1305 1307 1292 1320 1292 1323 1289 1323 1286 1323 1283 1323 1279 1323 1238 1307 1200 1294 1181 1307 1156 1326 1152 1326 1149 1326 1149 1329 987 1329 984 1326 981 1326 978 1326 955 1307 921 1282 701 1307"/>
                  </Shape>
                  <String CONTENT="Surce lui fust donne terme de sadviser Jusques apres"
                          HPOS="701"
                          VPOS="1170"
                          WIDTH="1779"
                          HEIGHT="172"/>
               </TextLine>
               <TextLine ID="eSc_line_5483d115"
                         BASELINE="708 1345 927 1335"
                         HPOS="698"
                         VPOS="1269"
                         WIDTH="229"
                         HEIGHT="146"
                         TAGREFS="LT118">
                  <Shape>
                     <Polygon POINTS="708 1345 698 1278 917 1269 927 1335 924 1377 860 1374 838 1393 828 1402 828 1405 825 1405 822 1405 708 1415"/>
                  </Shape>
                  <String CONTENT="disne."
                          HPOS="698"
                          VPOS="1269"
                          WIDTH="229"
                          HEIGHT="146"/>
               </TextLine>
               <TextLine ID="eSc_line_ff66694e"
                         BASELINE="1222 1405 1695 1399"
                         HPOS="1216"
                         VPOS="1310"
                         WIDTH="479"
                         HEIGHT="140"
                         TAGREFS="LT118">
                  <Shape>
                     <Polygon POINTS="1222 1405 1216 1320 1321 1313 1324 1313 1327 1313 1330 1313 1330 1316 1340 1323 1359 1345 1406 1345 1425 1329 1445 1310 1448 1310 1451 1310 1454 1310 1511 1310 1689 1342 1695 1399 1692 1424 1572 1424 1568 1424 1546 1443 1546 1447 1543 1447 1540 1447 1540 1450 1470 1450 1467 1447 1464 1447 1460 1447 1435 1428 1425 1421 1410 1428 1356 1450 1352 1450 1349 1450 1219 1431"/>
                  </Shape>
                  <String CONTENT="Apres disne"
                          HPOS="1216"
                          VPOS="1310"
                          WIDTH="479"
                          HEIGHT="140"/>
               </TextLine>
               <TextLine ID="eSc_line_a55fe729"
                         BASELINE="685 1513 1009 1500 2496 1513"
                         HPOS="679"
                         VPOS="1405"
                         WIDTH="1817"
                         HEIGHT="165"
                         TAGREFS="LT118">
                  <Shape>
                     <Polygon POINTS="685 1513 679 1434 905 1405 908 1405 911 1405 978 1434 1063 1434 1108 1408 1111 1408 1114 1408 1117 1408 1168 1434 1168 1437 1264 1437 1264 1434 1289 1412 1289 1408 1292 1408 1295 1408 1298 1408 1302 1408 1362 1434 1394 1408 1397 1408 1400 1408 1403 1408 1406 1408 1499 1437 1505 1437 1514 1437 1667 1412 1670 1412 1946 1412 1949 1412 2007 1440 2010 1443 2165 1443 2172 1440 2277 1415 2280 1415 2283 1415 2340 1440 2340 1443 2496 1443 2496 1513 2493 1523 2416 1526 2378 1564 2378 1567 2375 1567 2372 1567 2372 1570 2200 1570 2197 1567 2194 1567 2105 1532 2089 1526 2073 1532 2003 1567 2000 1567 1997 1567 1994 1567 1905 1535 1867 1523 1695 1539 1692 1539 1689 1539 1591 1523 1549 1542 1505 1564 1502 1564 1499 1564 1495 1564 1448 1545 1391 1523 1305 1548 1267 1558 1264 1558 1260 1558 1257 1558 1254 1558 1244 1548 1210 1523 1133 1551 1130 1551 1127 1551 1124 1551 1121 1551 1117 1551 997 1516 879 1532 876 1532 873 1532 832 1520 768 1558 765 1558 762 1558 762 1561 682 1561"/>
                  </Shape>
                  <String CONTENT="Estant derechieff interroguee na rien volsus Cougnoistre"
                          HPOS="679"
                          VPOS="1405"
                          WIDTH="1817"
                          HEIGHT="165"/>
               </TextLine>
               <TextLine ID="eSc_line_edf24598"
                         BASELINE="711 1583 1343 1570"
                         HPOS="701"
                         VPOS="1504"
                         WIDTH="642"
                         HEIGHT="111"
                         TAGREFS="LT118">
                  <Shape>
                     <Polygon POINTS="711 1583 701 1539 781 1516 784 1516 787 1516 911 1529 952 1510 955 1510 959 1510 962 1510 1025 1526 1044 1510 1044 1507 1048 1507 1051 1507 1054 1507 1057 1507 1117 1526 1124 1526 1130 1523 1187 1504 1190 1504 1194 1504 1197 1504 1241 1520 1248 1523 1333 1520 1343 1570 1340 1596 1156 1589 1124 1596 1076 1608 1073 1608 1070 1608 1067 1608 1063 1608 1044 1596 1038 1593 1028 1596 984 1612 981 1612 978 1612 974 1612 917 1596 905 1593 892 1596 809 1615 806 1615 708 1593"/>
                  </Shape>
                  <String CONTENT="Sinon ce que devant."
                          HPOS="701"
                          VPOS="1504"
                          WIDTH="642"
                          HEIGHT="111"/>
               </TextLine>
               <TextLine ID="eSc_line_3729f44f"
                         BASELINE="708 1666 1403 1653 2105 1659"
                         HPOS="705"
                         VPOS="1573"
                         WIDTH="1400"
                         HEIGHT="140"
                         TAGREFS="LT118">
                  <Shape>
                     <Polygon POINTS="708 1666 705 1599 1032 1605 1044 1596 1057 1586 1057 1583 1060 1583 1063 1583 1067 1583 1136 1596 1184 1605 1206 1596 1248 1577 1251 1577 1254 1577 1257 1577 1308 1596 1330 1605 1356 1596 1406 1573 1410 1573 1413 1573 1540 1573 1543 1573 1587 1593 1654 1577 1657 1577 1660 1577 1664 1577 1714 1596 1734 1602 1753 1596 1803 1573 1807 1573 1810 1573 1899 1573 1902 1573 1946 1596 1962 1602 2099 1596 2105 1659 2092 1707 2051 1681 1854 1697 1851 1697 1848 1697 1845 1697 1845 1694 1829 1681 1629 1681 1572 1697 1568 1697 1565 1697 1438 1681 1400 1704 1384 1713 1381 1713 1378 1713 1375 1713 1371 1713 1343 1704 1314 1691 1279 1704 1241 1713 1238 1713 1235 1713 705 1697"/>
                  </Shape>
                  <String CONTENT="Surquoi elle fust condempnee a la torture"
                          HPOS="705"
                          VPOS="1573"
                          WIDTH="1400"
                          HEIGHT="140"/>
               </TextLine>
               <TextLine ID="eSc_line_97c55f6e"
                         BASELINE="1213 1758 1619 1745"
                         HPOS="1203"
                         VPOS="1662"
                         WIDTH="416"
                         HEIGHT="130"
                         TAGREFS="LT118">
                  <Shape>
                     <Polygon POINTS="1213 1758 1203 1678 1610 1662 1619 1745 1619 1767 1413 1792 1410 1792 1210 1773"/>
                  </Shape>
                  <String CONTENT="Ou estant"
                          HPOS="1203"
                          VPOS="1662"
                          WIDTH="416"
                          HEIGHT="130"/>
               </TextLine>
               <TextLine ID="eSc_line_da4bb659"
                         BASELINE="695 1859 2499 1853"
                         HPOS="685"
                         VPOS="1764"
                         WIDTH="1814"
                         HEIGHT="136"
                         TAGREFS="LT118">
                  <Shape>
                     <Polygon POINTS="695 1859 685 1796 774 1767 778 1767 781 1767 784 1767 832 1789 889 1767 892 1767 895 1767 1146 1767 1149 1767 1197 1786 1203 1789 1206 1786 1257 1767 1260 1767 1264 1767 1371 1767 1375 1767 1378 1767 1378 1770 1394 1783 1419 1767 1422 1767 1425 1767 1429 1767 1537 1783 1568 1786 1575 1783 1603 1764 1607 1764 1610 1764 1613 1764 1616 1764 1664 1780 1683 1789 1788 1789 1803 1780 1826 1764 1829 1764 1832 1764 1835 1764 1924 1764 1927 1764 1930 1764 1930 1767 1943 1777 1953 1789 2264 1789 2312 1770 2327 1767 2331 1767 2334 1767 2337 1767 2356 1770 2416 1786 2486 1770 2499 1853 2496 1875 1711 1894 1708 1894 1622 1875 1597 1872 1578 1875 1511 1897 1508 1897 1505 1897 1502 1897 1499 1897 1499 1894 1479 1875 1476 1875 1267 1875 1264 1875 1241 1894 1241 1897 1238 1897 1235 1897 1235 1900 1152 1900 1149 1897 1146 1897 1070 1875 1063 1875 1060 1875 1028 1897 1025 1897 1022 1897 1022 1900 921 1900 917 1897 914 1897 863 1878 695 1878"/>
                  </Shape>
                  <String CONTENT="Elle confessa que sont 12 ans passe que par deux fois"
                          HPOS="685"
                          VPOS="1764"
                          WIDTH="1814"
                          HEIGHT="136"/>
               </TextLine>
               <TextLine ID="eSc_line_b5b55256"
                         BASELINE="720 1923 2464 1929"
                         HPOS="714"
                         VPOS="1856"
                         WIDTH="1750"
                         HEIGHT="120"
                         TAGREFS="LT118">
                  <Shape>
                     <Polygon POINTS="720 1923 717 1875 841 1856 844 1856 978 1872 1019 1875 1044 1872 1117 1856 1121 1856 1124 1856 1152 1869 1162 1875 1165 1869 1178 1859 1178 1856 1181 1856 1184 1856 1187 1856 1190 1856 1216 1869 1225 1875 1232 1869 1244 1856 1248 1856 1251 1856 1254 1856 1413 1856 1499 1865 1591 1878 1667 1865 1686 1862 1689 1862 1740 1865 1972 1878 2035 1862 2048 1859 2051 1859 2054 1859 2057 1859 2067 1862 2127 1878 2191 1859 2197 1859 2200 1859 2204 1859 2213 1859 2296 1878 2458 1859 2464 1929 2461 1951 2366 1970 2362 1970 2292 1954 2264 1948 2232 1954 2159 1973 2156 1973 2156 1976 1765 1976 1762 1973 1680 1961 1587 1945 1311 1945 1264 1964 1254 1967 1251 1967 1248 1967 1244 1967 1235 1964 1178 1945 1130 1961 1127 1961 1124 1961 1038 1945 1003 1967 997 1970 994 1970 990 1970 987 1970 984 1970 981 1970 978 1967 946 1945 873 1945 813 1967 803 1970 800 1970 797 1970 714 1967"/>
                  </Shape>
                  <String CONTENT="sestant presente ung homme a elle proche sa maison"
                          HPOS="714"
                          VPOS="1856"
                          WIDTH="1750"
                          HEIGHT="120"/>
               </TextLine>
               <TextLine ID="eSc_line_49d1ada5"
                         BASELINE="717 2015 2467 2027"
                         HPOS="714"
                         VPOS="1932"
                         WIDTH="1753"
                         HEIGHT="124"
                         TAGREFS="LT118">
                  <Shape>
                     <Polygon POINTS="717 2015 714 1957 1006 1932 1009 1932 1013 1932 1073 1957 1187 1935 1190 1935 1327 1961 1333 1961 1337 1961 1416 1935 1419 1935 1422 1935 1425 1935 1429 1935 1460 1961 1603 1948 1607 1948 1829 1964 1838 1964 1842 1964 1908 1948 1911 1948 1915 1948 1918 1948 1972 1964 2016 1942 2019 1942 2023 1942 2026 1942 2083 1967 2102 1948 2105 1948 2108 1948 2111 1948 2115 1948 2143 1961 2191 1942 2194 1942 2197 1942 2394 1942 2397 1942 2467 1970 2467 2027 2464 2043 2381 2056 2378 2056 2312 2043 2277 2037 2261 2043 2226 2056 2223 2056 2219 2056 2083 2040 2010 2034 1988 2040 1953 2053 1949 2053 1946 2053 1943 2053 1940 2053 1921 2040 1908 2034 1562 2034 1553 2037 1533 2049 1530 2049 1527 2049 1527 2053 1194 2053 1190 2049 1187 2049 1184 2049 1184 2046 1168 2034 1165 2030 1143 2034 1038 2046 1035 2046 1032 2046 1028 2046 1013 2030 1009 2030 714 2030"/>
                  </Shape>
                  <String CONTENT="et de nuit Lui Icelui Lavoit sollicite de se donner"
                          HPOS="714"
                          VPOS="1932"
                          WIDTH="1753"
                          HEIGHT="124"/>
               </TextLine>
               <TextLine ID="eSc_line_96d46677"
                         BASELINE="714 2097 2394 2103"
                         HPOS="708"
                         VPOS="2015"
                         WIDTH="1686"
                         HEIGHT="123"
                         TAGREFS="LT118">
                  <Shape>
                     <Polygon POINTS="714 2097 714 2015 1003 2018 1006 2018 1079 2046 1127 2018 1130 2018 1133 2018 1136 2018 1184 2018 1187 2018 1190 2018 1190 2021 1219 2046 1270 2030 1273 2030 1276 2030 1279 2030 1283 2030 1305 2046 1416 2034 1419 2034 1641 2049 1667 2034 1670 2034 1673 2034 1676 2034 1969 2049 2118 2027 2165 2021 2169 2021 2172 2021 2175 2021 2185 2027 2213 2049 2340 2049 2385 2030 2394 2103 2394 2116 2337 2135 2334 2135 2331 2135 2003 2119 1953 2135 1949 2135 1949 2138 1622 2138 1619 2135 1518 2116 1502 2116 1483 2116 1362 2132 1359 2132 1270 2116 1254 2116 1232 2116 1102 2132 1098 2132 708 2116"/>
                  </Shape>
                  <String CONTENT="a lui et quil lui donneroit de largent Surquoy"
                          HPOS="708"
                          VPOS="2015"
                          WIDTH="1686"
                          HEIGHT="123"/>
               </TextLine>
               <TextLine ID="eSc_line_78020614"
                         BASELINE="711 2180 2420 2199"
                         HPOS="701"
                         VPOS="2103"
                         WIDTH="1719"
                         HEIGHT="143"
                         TAGREFS="LT118">
                  <Shape>
                     <Polygon POINTS="711 2180 711 2116 854 2122 863 2116 879 2103 882 2103 886 2103 889 2103 984 2103 1162 2122 1184 2122 1190 2122 1241 2107 1244 2107 1248 2107 1251 2107 1254 2107 1276 2122 1286 2132 1400 2132 1413 2126 1457 2110 1460 2110 1464 2110 1467 2110 1470 2110 1489 2126 1495 2132 1587 2132 1603 2129 1651 2113 1654 2113 1657 2113 1660 2113 1664 2113 1664 2116 1680 2129 1683 2132 1699 2129 1781 2116 1784 2116 1788 2116 1835 2132 1848 2135 1857 2132 1899 2116 1902 2116 1905 2116 1908 2116 1965 2132 1975 2135 1997 2135 2146 2119 2150 2119 2153 2119 2188 2138 2194 2138 2207 2138 2318 2119 2321 2119 2416 2142 2420 2199 2413 2227 2331 2214 2315 2227 2296 2243 2292 2243 2289 2243 2289 2246 2188 2246 2185 2243 2181 2243 2137 2224 2111 2211 2035 2221 1953 2230 1949 2230 1889 2218 1854 2211 1800 2214 1594 2237 1591 2237 1587 2237 1584 2237 1584 2234 1559 2211 1553 2205 1365 2205 1359 2208 1286 2234 1283 2234 1279 2234 1276 2234 1273 2234 1273 2230 1244 2205 1244 2202 1190 2202 1187 2202 1133 2230 1130 2230 1130 2234 1032 2234 1028 2230 1025 2230 1022 2230 1022 2227 997 2202 930 2202 800 2227 797 2227 793 2227 701 2192"/>
                  </Shape>
                  <String CONTENT="a chacune desdites deux fois, Appelle le nom de Jesus"
                          HPOS="701"
                          VPOS="2103"
                          WIDTH="1719"
                          HEIGHT="143"/>
               </TextLine>
               <TextLine ID="eSc_line_2b237997"
                         BASELINE="670 2281 2324 2291"
                         HPOS="663"
                         VPOS="2192"
                         WIDTH="1661"
                         HEIGHT="159"
                         TAGREFS="LT118">
                  <Shape>
                     <Polygon POINTS="670 2281 663 2221 736 2192 739 2192 743 2192 746 2192 813 2208 946 2192 949 2192 952 2192 955 2192 990 2221 1175 2205 1178 2205 1295 2221 1365 2195 1368 2195 1371 2195 1375 2195 1378 2195 1397 2211 1460 2195 1464 2195 1467 2195 1645 2224 1648 2224 1813 2199 1816 2199 1940 2199 1943 2199 1994 2224 2073 2199 2077 2199 2080 2199 2083 2199 2143 2227 2143 2230 2321 2230 2324 2291 2321 2351 2242 2351 2239 2348 2235 2348 2232 2348 2156 2307 2054 2307 2010 2338 2007 2338 2003 2338 2000 2338 1997 2338 1937 2310 1594 2303 1549 2329 1527 2345 1524 2345 1521 2345 1521 2348 1432 2348 1429 2345 1425 2345 1359 2322 1295 2303 1225 2303 1190 2319 1140 2341 1136 2341 1136 2345 832 2345 828 2341 825 2341 822 2341 822 2338 787 2310 778 2300 666 2303"/>
                  </Shape>
                  <String CONTENT="Ledit homme sestoit tousjour treuve esvanouy"
                          HPOS="663"
                          VPOS="2192"
                          WIDTH="1661"
                          HEIGHT="159"/>
               </TextLine>
               <TextLine ID="eSc_line_372eedc6"
                         BASELINE="670 2430 1025 2418 2404 2433"
                         HPOS="663"
                         VPOS="2335"
                         WIDTH="1747"
                         HEIGHT="143"
                         TAGREFS="LT118">
                  <Shape>
                     <Polygon POINTS="670 2430 663 2360 762 2357 781 2338 781 2335 784 2335 787 2335 790 2335 793 2335 847 2360 1203 2360 1232 2338 1232 2335 1235 2335 1238 2335 1241 2335 1244 2335 1248 2335 1248 2338 1270 2360 1321 2341 1324 2341 1327 2341 1330 2341 1333 2341 1333 2345 1352 2360 1387 2335 1391 2335 1394 2335 1397 2335 1489 2335 1492 2335 1495 2335 1530 2364 1883 2338 1886 2338 1889 2338 1969 2364 2032 2341 2035 2341 2038 2341 2156 2341 2277 2367 2302 2345 2302 2341 2305 2341 2308 2341 2312 2341 2356 2341 2359 2341 2362 2341 2410 2373 2404 2433 2404 2446 2362 2465 2359 2465 2356 2465 2178 2449 2175 2449 2169 2449 1975 2468 1972 2468 1969 2468 1911 2449 1899 2446 1892 2449 1864 2475 1861 2475 1857 2475 1857 2478 1784 2478 1781 2475 1778 2475 1775 2475 1775 2472 1759 2456 1718 2472 1714 2472 1711 2472 1708 2472 1705 2472 1705 2468 1686 2452 1683 2449 1660 2452 1533 2472 1530 2472 1527 2472 1460 2452 1416 2443 1337 2456 1324 2456 1321 2456 1317 2456 1314 2456 1267 2440 1111 2440 1063 2456 1032 2468 1028 2468 1025 2468 803 2465 800 2465 797 2465 797 2462 790 2459 771 2440 666 2459"/>
                  </Shape>
                  <String CONTENT="dit que pour la troisieme fois se presentea a elle"
                          HPOS="663"
                          VPOS="2335"
                          WIDTH="1747"
                          HEIGHT="143"/>
               </TextLine>
               <TextLine ID="eSc_line_b8cff52f"
                         BASELINE="673 2519 2381 2513"
                         HPOS="663"
                         VPOS="2437"
                         WIDTH="1718"
                         HEIGHT="133"
                         TAGREFS="LT118">
                  <Shape>
                     <Polygon POINTS="673 2519 663 2462 717 2440 720 2440 724 2440 803 2440 806 2440 809 2440 835 2462 841 2465 927 2462 1368 2440 1371 2440 1375 2440 1378 2440 1378 2443 1400 2462 1422 2449 1425 2449 1429 2449 1432 2449 1499 2462 1508 2465 1511 2462 1543 2437 1546 2437 1549 2437 1553 2437 1556 2437 1559 2437 1559 2440 1584 2459 1702 2437 1705 2437 1708 2437 1762 2465 2188 2465 2315 2437 2318 2437 2321 2437 2378 2465 2381 2513 2375 2545 2343 2535 2318 2545 2270 2567 2267 2567 2267 2570 2162 2570 2159 2567 2156 2567 2153 2567 2121 2545 2077 2567 2073 2567 2070 2567 2067 2567 2003 2548 1822 2567 1819 2567 1816 2567 1762 2541 1759 2541 1749 2541 1673 2554 1670 2554 1667 2554 1626 2541 1610 2538 1572 2541 1317 2570 1314 2570 1311 2570 1254 2538 1248 2538 1063 2538 1060 2538 1025 2560 1022 2560 1019 2560 1016 2560 901 2545 835 2570 832 2570 828 2570 825 2570 762 2538 673 2538"/>
                  </Shape>
                  <String CONTENT="Lui promit de la jamais ne la laisser, et de se"
                          HPOS="663"
                          VPOS="2437"
                          WIDTH="1718"
                          HEIGHT="133"/>
               </TextLine>
               <TextLine ID="eSc_line_2307abd7"
                         BASELINE="689 2602 1826 2592"
                         HPOS="676"
                         VPOS="2522"
                         WIDTH="1150"
                         HEIGHT="92"
                         TAGREFS="LT118">
                  <Shape>
                     <Polygon POINTS="689 2602 676 2551 711 2529 714 2529 717 2529 720 2529 724 2529 778 2548 889 2529 892 2529 895 2529 965 2545 978 2548 1175 2548 1178 2541 1197 2525 1200 2525 1203 2525 1206 2525 1286 2541 1314 2548 1406 2548 1416 2538 1432 2525 1432 2522 1435 2522 1438 2522 1441 2522 1524 2535 1562 2541 1591 2535 1635 2522 1638 2522 1641 2522 1819 2532 1826 2592 1819 2614 685 2611"/>
                  </Shape>
                  <String CONTENT="donner a lui Ce quelle feist."
                          HPOS="676"
                          VPOS="2522"
                          WIDTH="1150"
                          HEIGHT="92"/>
               </TextLine>
               <TextLine ID="eSc_line_ad14c69c"
                         BASELINE="695 2703 2038 2690"
                         HPOS="689"
                         VPOS="2611"
                         WIDTH="1349"
                         HEIGHT="130"
                         TAGREFS="LT118">
                  <Shape>
                     <Polygon POINTS="695 2703 689 2627 933 2621 936 2621 940 2621 955 2627 987 2643 1063 2627 1121 2618 1124 2618 1127 2618 1130 2618 1130 2621 1143 2630 1156 2643 1283 2643 1305 2630 1324 2621 1327 2621 1330 2621 1406 2630 1451 2637 1483 2630 1575 2614 1578 2614 1581 2614 1629 2633 1638 2637 1648 2633 1692 2611 1695 2611 1699 2611 1702 2611 1749 2633 1753 2633 1762 2633 1943 2611 1946 2611 1949 2611 2035 2637 2038 2690 2038 2700 1867 2732 1641 2735 1638 2735 1635 2735 1591 2716 1578 2710 1518 2716 1365 2738 1362 2738 1267 2725 1200 2716 987 2716 955 2735 952 2735 949 2735 946 2735 943 2735 940 2735 917 2716 762 2716 698 2741"/>
                  </Shape>
                  <String CONTENT="Renuncea dieu Cresme et baptesme,"
                          HPOS="689"
                          VPOS="2611"
                          WIDTH="1349"
                          HEIGHT="130"/>
               </TextLine>
               <TextLine ID="eSc_line_b6c6f279"
                         BASELINE="689 2786 1603 2792 1930 2776"
                         HPOS="682"
                         VPOS="2706"
                         WIDTH="1248"
                         HEIGHT="137"
                         TAGREFS="LT118">
                  <Shape>
                     <Polygon POINTS="689 2786 682 2732 736 2706 739 2706 743 2706 873 2729 876 2732 1032 2732 1035 2729 1102 2706 1105 2706 1108 2706 1175 2706 1178 2706 1181 2706 1206 2725 1206 2729 1213 2725 1279 2706 1283 2706 1286 2706 1289 2706 1292 2706 1292 2710 1314 2725 1317 2732 1400 2732 1406 2725 1432 2706 1435 2706 1438 2706 1441 2706 1575 2710 1578 2710 1581 2710 1603 2722 1613 2729 1641 2722 1727 2706 1730 2706 1734 2706 1778 2722 1797 2729 1807 2722 1829 2706 1832 2706 1835 2706 1838 2706 1842 2706 1845 2706 1845 2710 1857 2722 1867 2729 1921 2722 1930 2776 1927 2795 1740 2814 1737 2814 1692 2805 1664 2798 1651 2808 1613 2840 1610 2840 1607 2840 1607 2843 1432 2843 1429 2840 1425 2840 1422 2840 1422 2836 1400 2814 1391 2805 1327 2802 1305 2817 1283 2840 1279 2840 1276 2840 1273 2840 1270 2840 1210 2824 1184 2814 1175 2824 1159 2836 1159 2840 1156 2840 1152 2840 1152 2843 1102 2843 1098 2840 1095 2840 1092 2840 1092 2836 1079 2827 1057 2802 924 2798 685 2840"/>
                  </Shape>
                  <String CONTENT="heust sa compagnie quest froide"
                          HPOS="682"
                          VPOS="2706"
                          WIDTH="1248"
                          HEIGHT="137"/>
               </TextLine>
               <TextLine ID="eSc_line_31b758fd"
                         BASELINE="698 2894 2512 2887"
                         HPOS="685"
                         VPOS="2808"
                         WIDTH="1827"
                         HEIGHT="146"
                         TAGREFS="LT118">
                  <Shape>
                     <Polygon POINTS="698 2894 685 2836 720 2811 724 2811 727 2811 730 2811 733 2811 816 2830 994 2811 997 2811 1000 2811 1041 2830 1048 2833 1079 2830 1244 2811 1248 2811 1251 2811 1289 2827 1305 2833 1349 2827 1384 2821 1387 2821 1391 2821 1394 2821 1397 2824 1419 2843 1594 2843 1705 2821 1775 2808 1778 2808 1832 2811 1835 2811 1838 2811 1838 2814 1845 2817 1861 2836 1908 2817 1924 2811 1927 2811 1930 2811 1934 2811 1937 2811 1940 2817 1969 2840 2175 2840 2226 2811 2229 2811 2232 2811 2235 2811 2296 2836 2502 2808 2512 2887 2508 2903 2381 2932 2378 2932 2375 2932 2296 2906 2254 2944 2254 2948 2251 2948 2248 2948 2245 2948 2156 2932 2089 2948 2086 2948 2083 2948 2080 2948 2007 2909 1978 2909 1930 2948 1927 2948 1924 2948 1603 2951 1600 2951 1597 2951 1502 2922 1460 2951 1457 2951 1454 2951 1454 2954 1391 2954 1387 2951 1384 2951 1381 2951 1381 2948 1349 2919 1292 2909 1273 2909 1181 2909 1181 2913 1130 2948 1127 2948 1124 2948 1121 2948 1117 2948 1114 2948 1057 2913 1048 2909 698 2913"/>
                  </Shape>
                  <String CONTENT="Receut de lui de largent que ne furent que feuilles"
                          HPOS="685"
                          VPOS="2808"
                          WIDTH="1827"
                          HEIGHT="146"/>
               </TextLine>
               <TextLine ID="eSc_line_8db79392"
                         BASELINE="692 2992 1464 2998"
                         HPOS="685"
                         VPOS="2903"
                         WIDTH="779"
                         HEIGHT="130"
                         TAGREFS="LT118">
                  <Shape>
                     <Polygon POINTS="692 2992 692 2903 774 2906 778 2906 781 2906 822 2935 901 2909 914 2906 917 2906 921 2906 971 2906 974 2906 978 2906 978 2909 984 2913 1006 2935 1041 2919 1044 2919 1048 2919 1124 2935 1146 2919 1159 2909 1162 2909 1165 2909 1168 2909 1171 2909 1194 2919 1229 2938 1457 2932 1464 2998 1464 3005 1394 3030 1391 3030 1387 3030 1200 3014 1168 3011 1159 3014 1133 3033 1130 3033 1127 3033 1124 3033 1121 3033 1086 3017 1070 3008 946 3005 876 3024 847 3030 844 3030 841 3030 685 3027"/>
                  </Shape>
                  <String CONTENT="Sappelloit hemerlin"
                          HPOS="685"
                          VPOS="2903"
                          WIDTH="779"
                          HEIGHT="130"/>
               </TextLine>
               <TextLine ID="eSc_line_254d0aa4"
                         BASELINE="682 3084 1965 3068"
                         HPOS="670"
                         VPOS="2976"
                         WIDTH="1295"
                         HEIGHT="143"
                         TAGREFS="LT118">
                  <Shape>
                     <Polygon POINTS="682 3084 670 3027 743 3008 746 3008 749 3008 974 3021 978 3021 1070 2989 1073 2989 1076 2989 1200 3011 1232 2986 1232 2982 1235 2982 1238 2982 1241 2982 1467 3014 1505 2979 1505 2976 1508 2976 1511 2976 1514 2976 1689 2976 1692 2976 1695 2976 1695 2979 1734 3011 1956 3011 1965 3068 1962 3097 1794 3106 1791 3106 1788 3106 1762 3100 1708 3084 1651 3100 1616 3109 1613 3109 1610 3109 1549 3100 1505 3094 1454 3100 1381 3113 1378 3113 1375 3113 1352 3100 1330 3090 1140 3090 1121 3103 1092 3116 1089 3116 1086 3116 994 3103 946 3097 921 3103 867 3119 863 3119 860 3119 857 3119 819 3103 800 3097 682 3103"/>
                  </Shape>
                  <String CONTENT="avoit les pied comme de pied de vaches."
                          HPOS="670"
                          VPOS="2976"
                          WIDTH="1295"
                          HEIGHT="143"/>
               </TextLine>
               <TextLine ID="eSc_line_8daf8191"
                         BASELINE="622 3201 800 3179 2375 3186"
                         HPOS="616"
                         VPOS="3090"
                         WIDTH="1762"
                         HEIGHT="137"
                         TAGREFS="LT118">
                  <Shape>
                     <Polygon POINTS="622 3201 616 3109 940 3090 943 3090 946 3090 1013 3113 1038 3119 1054 3113 1095 3094 1098 3094 1102 3094 1203 3094 1292 3113 1327 3122 1352 3116 1400 3097 1403 3097 1406 3097 1410 3097 1483 3116 1499 3119 1511 3116 1572 3094 1575 3094 1578 3094 1740 3094 1743 3094 1746 3094 1775 3119 1778 3122 1791 3119 1867 3097 1870 3097 1873 3097 1876 3097 1880 3097 1880 3100 1905 3119 1908 3122 1943 3119 2070 3109 2073 3109 2372 3125 2375 3186 2378 3195 2334 3224 2331 3224 2327 3224 2324 3224 2239 3208 2188 3224 2185 3224 2185 3227 1851 3227 1848 3224 1845 3224 1803 3205 1794 3198 1759 3205 1699 3214 1695 3214 1692 3214 1673 3205 1660 3198 1651 3205 1632 3224 1629 3224 1626 3224 1622 3224 1518 3208 1457 3198 1445 3208 1435 3217 1432 3217 1429 3217 1425 3217 1422 3217 1419 3217 1410 3208 1387 3198 1289 3198 1257 3211 1235 3220 1232 3220 1229 3220 1171 3214 1070 3198 1032 3214 1025 3217 1022 3217 1019 3217 1016 3217 1013 3217 1013 3214 978 3195 803 3195 743 3214 739 3214 736 3214 733 3214 679 3201 622 3220"/>
                  </Shape>
                  <String CONTENT="Lui donna du poulsat parEt de la graisse pour"
                          HPOS="616"
                          VPOS="3090"
                          WIDTH="1762"
                          HEIGHT="137"/>
               </TextLine>
               <TextLine ID="eSc_line_8ee11612"
                         BASELINE="701 3249 1654 3262"
                         HPOS="695"
                         VPOS="3179"
                         WIDTH="959"
                         HEIGHT="102"
                         TAGREFS="LT118">
                  <Shape>
                     <Polygon POINTS="701 3249 698 3195 933 3179 936 3179 940 3179 971 3192 990 3198 1483 3189 1543 3189 1546 3189 1549 3189 1553 3189 1575 3205 1648 3189 1654 3262 1648 3281 695 3271"/>
                  </Shape>
                  <String CONTENT="nuire a gens et a bestes"
                          HPOS="695"
                          VPOS="3179"
                          WIDTH="959"
                          HEIGHT="102"/>
               </TextLine>
               <TextLine ID="eSc_line_78afc3a7"
                         BASELINE="689 3341 2032 3354"
                         HPOS="682"
                         VPOS="3259"
                         WIDTH="1350"
                         HEIGHT="149"
                         TAGREFS="LT118">
                  <Shape>
                     <Polygon POINTS="689 3341 689 3265 806 3281 828 3265 835 3259 838 3259 841 3259 844 3259 971 3259 974 3259 990 3268 1025 3284 1098 3268 1108 3268 1111 3268 1114 3268 1117 3268 1136 3287 1286 3287 1317 3271 1333 3265 1337 3265 1340 3265 1343 3265 1368 3271 1432 3287 1549 3274 1603 3268 1607 3268 1727 3268 1730 3268 1746 3274 1775 3290 1803 3278 1819 3268 1822 3268 1826 3268 1829 3268 1857 3278 1892 3287 2026 3281 2032 3354 2026 3392 1870 3376 1759 3395 1676 3408 1673 3408 1670 3408 1667 3408 1651 3395 1619 3373 1575 3373 1524 3395 1511 3401 1508 3401 1505 3401 1476 3395 1387 3376 1362 3395 1352 3404 1349 3404 1346 3404 1346 3408 1054 3408 1051 3404 1048 3404 1044 3404 1035 3398 981 3366 813 3366 746 3398 739 3401 736 3401 733 3401 682 3398"/>
                  </Shape>
                  <String CONTENT="Pourtoit ledit poulsat en une bouetate"
                          HPOS="682"
                          VPOS="3259"
                          WIDTH="1350"
                          HEIGHT="149"/>
               </TextLine>
            </TextBlock>
            <TextBlock HPOS="1216"
                       VPOS="3554"
                       WIDTH="149"
                       HEIGHT="136"
                       ID="eSc_textblock_05e6b23b"
                       TAGREFS="BT370">
               <Shape>
                  <Polygon POINTS="1241 3690 1216 3579 1279 3554 1352 3566 1365 3665"/>
               </Shape>
               <TextLine ID="eSc_line_c1304690"
                         BASELINE="1254 3668 1324 3658"
                         HPOS="1238"
                         VPOS="3589"
                         WIDTH="86"
                         HEIGHT="85"
                         TAGREFS="LT118">
                  <Shape>
                     <Polygon POINTS="1254 3668 1238 3614 1305 3589 1324 3658 1321 3668 1254 3674"/>
                  </Shape>
                  <String CONTENT="2" HPOS="1238" VPOS="3589" WIDTH="86" HEIGHT="85"/>
               </TextLine>
            </TextBlock>
            <TextBlock HPOS="2369"
                       VPOS="3647"
                       WIDTH="98"
                       HEIGHT="78"
                       ID="eSc_textblock_ddc6db30"
                       TAGREFS="BT371">
               <Shape>
                  <Polygon POINTS="2467 3650 2457 3725 2369 3719 2384 3647"/>
               </Shape>
               <TextLine ID="eSc_line_1f198bf2"
                         BASELINE="2389 3695 2449 3702"
                         HPOS="2375"
                         VPOS="3636"
                         WIDTH="76"
                         HEIGHT="156"
                         TAGREFS="LT118">
                  <Shape>
                     <Polygon POINTS="2388 3693 2388 3636 2451 3636 2448 3700 2435 3792 2375 3785"/>
                  </Shape>
                  <String CONTENT="1" HPOS="2375" VPOS="3636" WIDTH="76" HEIGHT="156"/>
               </TextLine>
            </TextBlock>
         </PrintSpace>
      </Page>
   </Layout>
</alto>
