<alto xmlns:xsi="http://www.w3.org/2001/XMLSchema-instance"
      xmlns="http://www.loc.gov/standards/alto/ns-v4#"
      xsi:schemaLocation="http://www.loc.gov/standards/alto/ns-v4# http://www.loc.gov/standards/alto/v4/alto-4-2.xsd">
   <Description>
      <MeasurementUnit>pixel</MeasurementUnit>
      <sourceImageInformation>
         <fileName>B_168_15-9-2_0003.jpg</fileName>
      </sourceImageInformation>
   </Description>
   <Tags>
      <OtherTag ID="BT365"
                LABEL="MainZone:column"
                DESCRIPTION="block type MainZone:column"/>
      <OtherTag ID="BT367" LABEL="MainZone" DESCRIPTION="block type MainZone"/>
      <OtherTag ID="BT368"
                LABEL="MarginTextZone"
                DESCRIPTION="block type MarginTextZone"/>
      <OtherTag ID="BT369"
                LABEL="MarginTextZone:note"
                DESCRIPTION="block type MarginTextZone:note"/>
      <OtherTag ID="BT370"
                LABEL="NumberingZone:other"
                DESCRIPTION="block type NumberingZone:other"/>
      <OtherTag ID="BT371"
                LABEL="NumberingZone:page"
                DESCRIPTION="block type NumberingZone:page"/>
      <OtherTag ID="BT379"
                LABEL="DecorationZone"
                DESCRIPTION="block type DecorationZone"/>
      <OtherTag ID="BT380"
                LABEL="CustomZone:signature"
                DESCRIPTION="block type CustomZone:signature"/>
      <OtherTag ID="LT118" LABEL="DefaultLine" DESCRIPTION="line type DefaultLine"/>
      <OtherTag ID="LT119" LABEL="HeadingLine" DESCRIPTION="line type HeadingLine"/>
      <OtherTag ID="LT120"
                LABEL="InterlinearLine"
                DESCRIPTION="line type InterlinearLine"/>
   </Tags>
   <Layout>
      <Page WIDTH="2754"
            HEIGHT="3743"
            PHYSICAL_IMG_NR="24"
            ID="eSc_dummypage_">
         <PrintSpace HPOS="0" VPOS="0" WIDTH="2754" HEIGHT="3743">
            <TextBlock HPOS="338"
                       VPOS="783"
                       WIDTH="303"
                       HEIGHT="365"
                       ID="eSc_textblock_7f389c9a"
                       TAGREFS="BT370">
               <Shape>
                  <Polygon POINTS="338 783 338 1148 641 1148 641 783"/>
               </Shape>
               <TextLine ID="eSc_line_8e138a50"
                         BASELINE="378 1013 628 1013"
                         HPOS="374"
                         VPOS="820"
                         WIDTH="253"
                         HEIGHT="346"
                         TAGREFS="LT118">
                  <Shape>
                     <Polygon POINTS="377 1010 377 820 627 839 627 1010 621 1157 530 1129 465 1160 452 1166 449 1166 446 1166 374 1160"/>
                  </Shape>
                  <String CONTENT="74" HPOS="374" VPOS="820" WIDTH="253" HEIGHT="346"/>
               </TextLine>
            </TextBlock>
            <TextBlock HPOS="212"
                       VPOS="187"
                       WIDTH="596"
                       HEIGHT="483"
                       ID="eSc_textblock_9ae4f452"
                       TAGREFS="BT368">
               <Shape>
                  <Polygon POINTS="237 645 212 224 412 187 733 187 808 570 562 595 384 670"/>
               </Shape>
               <TextLine ID="eSc_line_a599a2a4"
                         BASELINE="221 268 690 246"
                         HPOS="212"
                         VPOS="171"
                         WIDTH="478"
                         HEIGHT="122"
                         TAGREFS="LT118">
                  <Shape>
                     <Polygon POINTS="221 268 212 212 490 202 605 171 608 171 612 171 615 171 686 196 690 246 690 258 221 293"/>
                  </Shape>
                  <String CONTENT="Marguerite fille"
                          HPOS="212"
                          VPOS="171"
                          WIDTH="478"
                          HEIGHT="122"/>
               </TextLine>
               <TextLine ID="eSc_line_1eb580e8"
                         BASELINE="237 327 733 302"
                         HPOS="227"
                         VPOS="237"
                         WIDTH="506"
                         HEIGHT="106"
                         TAGREFS="LT118">
                  <Shape>
                     <Polygon POINTS="237 327 227 277 724 237 733 302 730 315 237 343"/>
                  </Shape>
                  <String CONTENT="Anthoine musat de"
                          HPOS="227"
                          VPOS="237"
                          WIDTH="506"
                          HEIGHT="106"/>
               </TextLine>
               <TextLine ID="eSc_line_b6d1dbc4"
                         BASELINE="224 389 658 368"
                         HPOS="215"
                         VPOS="315"
                         WIDTH="443"
                         HEIGHT="87"
                         TAGREFS="LT118">
                  <Shape>
                     <Polygon POINTS="224 389 215 336 649 315 658 368 658 380 599 399 596 399 224 402"/>
                  </Shape>
                  <String CONTENT="La Rouge terre"
                          HPOS="215"
                          VPOS="315"
                          WIDTH="443"
                          HEIGHT="87"/>
               </TextLine>
               <TextLine ID="eSc_line_879fa0c8"
                         BASELINE="215 455 761 442"
                         HPOS="202"
                         VPOS="368"
                         WIDTH="559"
                         HEIGHT="106"
                         TAGREFS="LT118">
                  <Shape>
                     <Polygon POINTS="215 455 202 399 234 383 237 383 240 383 318 396 334 399 340 396 359 380 359 377 362 377 365 377 368 377 371 377 434 396 440 396 443 393 471 371 474 371 477 371 480 371 483 371 546 393 549 393 552 393 612 368 615 368 618 368 755 389 761 442 761 452 215 474"/>
                  </Shape>
                  <String CONTENT="La chambeliere velt"
                          HPOS="202"
                          VPOS="368"
                          WIDTH="559"
                          HEIGHT="106"/>
               </TextLine>
               <TextLine ID="eSc_line_22fd7578"
                         BASELINE="237 517 387 505"
                         HPOS="227"
                         VPOS="452"
                         WIDTH="160"
                         HEIGHT="78"
                         TAGREFS="LT118">
                  <Shape>
                     <Polygon POINTS="237 517 227 467 377 452 387 505 387 514 237 530"/>
                  </Shape>
                  <String CONTENT="Riter"
                          HPOS="227"
                          VPOS="452"
                          WIDTH="160"
                          HEIGHT="78"/>
               </TextLine>
               <TextLine ID="eSc_line_19b1068a"
                         BASELINE="212 580 789 561"
                         HPOS="209"
                         VPOS="486"
                         WIDTH="580"
                         HEIGHT="128"
                         TAGREFS="LT118">
                  <Shape>
                     <Polygon POINTS="212 580 209 502 268 517 377 495 387 495 390 495 396 495 480 511 505 492 508 492 512 492 515 492 518 492 558 508 602 489 605 489 608 489 612 489 615 489 618 489 668 502 780 486 789 561 789 595 256 595 215 614"/>
                  </Shape>
                  <String CONTENT="Claudine Claudine de Froide-"
                          HPOS="209"
                          VPOS="486"
                          WIDTH="580"
                          HEIGHT="128"/>
               </TextLine>
               <TextLine ID="eSc_line_3a0cefa1"
                         BASELINE="246 630 421 636"
                         HPOS="240"
                         VPOS="570"
                         WIDTH="181"
                         HEIGHT="153"
                         TAGREFS="LT118">
                  <Shape>
                     <Polygon POINTS="246 630 243 580 415 570 421 636 421 698 355 723 352 723 349 723 240 720"/>
                  </Shape>
                  <String CONTENT="vaux"
                          HPOS="240"
                          VPOS="570"
                          WIDTH="181"
                          HEIGHT="153"/>
               </TextLine>
            </TextBlock>
            <TextBlock HPOS="749"
                       VPOS="164"
                       WIDTH="1744"
                       HEIGHT="1579"
                       ID="eSc_textblock_90c05b98"
                       TAGREFS="BT367">
               <Shape>
                  <Polygon POINTS="1083 1743 749 1718 761 810 893 739 933 164 2067 198 2493 297 2449 847 2466 1185 2379 1347 2391 1656"/>
               </Shape>
               <TextLine ID="eSc_line_9d543857"
                         TAGREFS="LT119"
                         BASELINE="1089 246 1901 258"
                         HPOS="1086"
                         VPOS="146"
                         WIDTH="815"
                         HEIGHT="153">
                  <Shape>
                     <Polygon POINTS="1089 246 1089 146 1220 149 1224 149 1227 149 1233 155 1292 193 1386 165 1411 159 1414 159 1417 159 1420 159 1423 159 1436 168 1473 199 1558 199 1611 180 1633 174 1636 174 1639 174 1642 174 1664 184 1698 202 1739 190 1782 177 1786 177 1789 177 1898 202 1901 258 1901 268 1832 299 1829 299 1826 299 1720 280 1683 296 1679 296 1676 296 1673 296 1670 296 1642 277 1508 296 1505 296 1501 296 1470 277 1445 265 1355 265 1339 277 1339 280 1336 280 1333 280 1330 280 1327 280 1267 262 1086 286"/>
                  </Shape>
                  <String CONTENT="Du 12 daougst 1609"
                          HPOS="1086"
                          VPOS="146"
                          WIDTH="815"
                          HEIGHT="153"/>
               </TextLine>
               <TextLine ID="eSc_line_0c642c0b"
                         TAGREFS="LT119"
                         BASELINE="971 358 2432 371"
                         HPOS="964"
                         VPOS="265"
                         WIDTH="1471"
                         HEIGHT="152">
                  <Shape>
                     <Polygon POINTS="971 358 971 265 1111 280 1286 274 1380 271 1383 271 1386 271 1389 271 1389 274 1395 277 1426 311 1608 311 1642 290 1645 290 1648 290 1651 290 1654 290 1704 311 1807 311 1839 293 1864 274 1867 274 1870 274 1873 274 1876 274 1879 274 1910 293 1942 315 2057 315 2079 299 2110 280 2113 280 2117 280 2120 280 2123 280 2198 302 2235 318 2326 318 2335 308 2366 280 2369 280 2373 280 2376 280 2379 280 2435 311 2432 371 2432 383 2335 414 2332 414 2332 417 2166 417 2163 414 2160 414 2157 414 2129 396 2073 414 2070 414 2067 414 2063 414 2004 396 1967 408 1964 408 1960 408 1957 408 1954 408 1926 386 1867 411 1864 411 1864 414 1754 414 1751 411 1748 411 1745 411 1698 380 1695 380 1679 380 1498 408 1495 408 1492 408 1433 380 1430 380 1342 380 1339 380 1286 405 1283 405 1280 405 1277 405 1273 405 1245 380 1239 377 1214 380 1108 393 1105 393 964 377"/>
                  </Shape>
                  <String CONTENT="Informations prinse doffice Contre Agatte"
                          HPOS="964"
                          VPOS="265"
                          WIDTH="1471"
                          HEIGHT="152"/>
               </TextLine>
               <TextLine ID="eSc_line_3ebfe0eb"
                         TAGREFS="LT119"
                         BASELINE="980 430 2407 461"
                         HPOS="967"
                         VPOS="371"
                         WIDTH="1440"
                         HEIGHT="128">
                  <Shape>
                     <Polygon POINTS="980 430 980 371 1264 389 1333 380 1405 371 1408 371 1411 371 1442 383 1467 393 1570 386 1667 383 1670 383 1673 383 1676 383 1686 393 1695 399 1711 393 1739 380 1742 380 1745 380 1914 383 1917 383 1920 383 1942 399 1945 402 1957 399 2020 386 2023 386 2101 405 2123 408 2163 405 2348 393 2351 393 2354 393 2407 414 2407 461 2401 499 1973 467 1914 480 1870 489 1867 489 1589 483 1586 483 1583 483 1583 480 1567 464 1561 461 1542 464 1467 480 1464 480 1461 480 1458 480 1458 477 1436 461 1433 458 1426 461 1361 477 1358 477 1355 477 1258 452 1245 452 1230 452 1011 470 1008 470 1005 470 1002 470 967 442"/>
                  </Shape>
                  <String CONTENT="femme de henri vouelin de Beurnevesain"
                          HPOS="967"
                          VPOS="371"
                          WIDTH="1440"
                          HEIGHT="128"/>
               </TextLine>
               <TextLine ID="eSc_line_ba407fdc"
                         TAGREFS="LT119"
                         BASELINE="999 502 2419 530"
                         HPOS="996.0"
                         VPOS="433.0"
                         WIDTH="1423.0"
                         HEIGHT="122.0">
                  <Shape>
                     <Polygon POINTS="999 502 999 439 1142 455 1205 442 1258 433 1258 433 1258 433 1261 433 1261 433 1264 433 1314 446 1373 461 1417 449 1448 439 1451 439 1451 439 1451 439 1455 439 1455 439 1458 439 1458 439 1458 439 1461 439 1461 439 1461 442 1470 452 1486 464 1526 452 1558 442 1561 442 1561 442 1561 442 1564 442 1564 442 1567 442 1567 442 1567 442 1570 442 1570 442 1583 452 1598 467 1792 474 1882 474 1901 461 1923 446 1926 446 1926 446 1926 446 1929 446 1929 446 1932 446 1932 446 1932 446 1935 446 1935 446 1935 446 1970 464 1982 470 1992 464 2013 449 2017 449 2017 449 2017 449 2020 449 2020 449 2023 449 2235 452 2235 452 2235 452 2238 452 2238 452 2241 452 2241 452 2241 455 2241 455 2257 470 2266 480 2416 477 2419 530 2416 552 2241 555 2238 555 2238 555 2235 555 2235 555 2226 552 2188 536 2151 548 2145 552 2145 552 2142 552 2142 552 2138 552 2138 552 2138 552 2123 548 2045 533 1957 548 1923 552 1923 552 1920 552 1920 552 1920 552 1917 552 1898 545 1854 533 1826 545 1814 552 1814 552 1814 552 1811 552 1811 552 1807 552 1664 548 1664 548 1664 548 1661 548 1661 548 1661 548 1648 542 1611 524 1476 524 1433 539 1426 542 1426 542 1423 542 1423 542 1420 542 1420 542 1420 542 1417 542 1417 542 1417 542 1414 542 1414 539 1414 539 1389 517 1314 517 996 533"/>
                  </Shape>
                  <String CONTENT="Sur les faiclz dont Il est accusee de vouloir"
                          HPOS="996.0"
                          VPOS="433.0"
                          WIDTH="1423.0"
                          HEIGHT="122.0"/>
               </TextLine>
               <TextLine ID="eSc_line_15c27870"
                         TAGREFS="LT119"
                         BASELINE="1008 570 2444 595"
                         HPOS="1005.0"
                         VPOS="502.0"
                         WIDTH="1439.0"
                         HEIGHT="153.0">
                  <Shape>
                     <Polygon POINTS="1008 570 1008 520 1152 520 1155 520 1174 505 1174 505 1177 505 1177 505 1180 505 1180 505 1180 505 1183 505 1183 505 1186 505 1255 524 1261 524 1264 524 1286 505 1286 502 1289 502 1289 502 1289 502 1292 502 1292 502 1295 502 1370 502 1370 502 1370 502 1373 502 1373 502 1436 524 1436 524 1436 524 1511 505 1514 505 1514 505 1517 505 1517 505 1683 527 1726 533 1761 530 1860 514 1860 514 1864 514 1864 514 1864 514 1867 514 1867 514 1904 530 1917 536 1945 530 2029 514 2029 514 2029 514 2032 514 2032 514 2035 514 2035 514 2035 514 2038 514 2038 514 2060 533 2063 533 2073 533 2220 517 2220 517 2223 517 2441 539 2444 595 2444 620 2391 639 2388 639 2388 639 2388 639 2385 639 2385 639 2385 639 2382 639 2382 639 2382 639 2360 626 2329 655 2329 655 2326 655 2326 655 2326 655 2323 655 2323 655 2319 655 2319 655 2319 655 2316 655 2316 655 2316 655 2254 620 2238 614 2120 614 2110 620 2076 648 2076 648 2073 648 2073 648 2073 648 2070 648 2070 648 2070 651 1948 651 1945 648 1945 648 1942 648 1942 648 1876 620 1857 633 1854 633 1854 633 1854 633 1851 633 1851 633 1848 633 1848 633 1848 633 1845 633 1845 633 1842 633 1823 620 1804 608 1782 620 1754 639 1751 639 1751 639 1748 639 1748 639 1748 639 1745 639 1611 633 1611 633 1608 633 1608 633 1608 633 1579 620 1542 601 1473 605 1458 620 1436 639 1436 639 1433 639 1433 639 1433 639 1430 639 1430 639 1430 642 1370 642 1367 639 1367 639 1364 639 1364 639 1364 639 1361 639 1361 639 1336 620 1311 598 1261 620 1220 636 1220 636 1217 636 1217 636 1217 636 1214 636 1214 636 1211 636 1211 636 1211 636 1174 620 1124 595 1005 617"/>
                  </Shape>
                  <String CONTENT="mectre le feu es maisons des freres de son"
                          HPOS="1005.0"
                          VPOS="502.0"
                          WIDTH="1439.0"
                          HEIGHT="153.0"/>
               </TextLine>
               <TextLine ID="eSc_line_2ff65301"
                         TAGREFS="LT119"
                         BASELINE="1021 642 1189 644"
                         HPOS="1014.0"
                         VPOS="595.0"
                         WIDTH="172.0"
                         HEIGHT="113.0">
                  <Shape>
                     <Polygon POINTS="1017 639 1017 595 1183 598 1186 642 1183 708 1014 708"/>
                  </Shape>
                  <String CONTENT="mari"
                          HPOS="1014.0"
                          VPOS="595.0"
                          WIDTH="172.0"
                          HEIGHT="113.0"/>
               </TextLine>
               <TextLine ID="eSc_line_78c45558"
                         BASELINE="757 904 1385 899 1427 916"
                         HPOS="746"
                         VPOS="798"
                         WIDTH="680"
                         HEIGHT="134"
                         TAGREFS="LT118">
                  <Shape>
                     <Polygon POINTS="755 901 746 817 799 798 802 798 805 798 808 798 811 798 836 817 852 829 871 817 893 807 896 807 899 807 902 807 936 820 961 826 967 820 992 798 996 798 999 798 1002 798 1124 798 1127 798 1192 823 1217 829 1426 826 1426 913 1423 932 1230 913 1142 913 1127 929 1124 929 1124 932 1120 932 1117 932 1114 932 1111 932 1099 929 1064 913 1011 926 980 932 977 932 752 920"/>
                  </Shape>
                  <String CONTENT="Ledit henri vouelin ‸"
                          HPOS="746"
                          VPOS="798"
                          WIDTH="680"
                          HEIGHT="134"/>
               </TextLine>
               <TextLine ID="eSc_line_65c8c2a5"
                         BASELINE="1352 814 1633 804"
                         HPOS="1339"
                         VPOS="733"
                         WIDTH="297"
                         HEIGHT="118"
                         TAGREFS="LT118">
                  <Shape>
                     <Polygon POINTS="1352 814 1339 773 1439 733 1442 733 1445 733 1492 733 1495 733 1498 733 1498 736 1530 767 1533 767 1623 764 1633 804 1636 826 1576 845 1573 845 1570 845 1486 829 1473 829 1467 829 1408 851 1405 851 1401 851 1398 851 1345 832"/>
                  </Shape>
                  <String CONTENT="‸ son mari"
                          HPOS="1339"
                          VPOS="733"
                          WIDTH="297"
                          HEIGHT="118"/>
               </TextLine>
               <TextLine ID="eSc_line_6b8a3520"
                         BASELINE="1433 906 2319 901"
                         HPOS="1426"
                         VPOS="850"
                         WIDTH="890"
                         HEIGHT="70"
                         TAGREFS="LT118">
                  <Shape>
                     <Polygon POINTS="1429 906 1426 888 1499 852 1578 850 1617 864 1736 864 1739 864 1742 864 1776 870 1845 860 1899 863 1920 864 1948 860 2191 864 2195 864 2198 864 2198 867 2204 870 2216 882 2307 870 2316 898 2313 917 1430 920"/>
                  </Shape>
                  <String CONTENT="a librement en presentce des"
                          HPOS="1426"
                          VPOS="850"
                          WIDTH="890"
                          HEIGHT="70"/>
               </TextLine>
               <TextLine ID="eSc_line_db038f57"
                         BASELINE="805 985 2348 976"
                         HPOS="793"
                         VPOS="901"
                         WIDTH="1555"
                         HEIGHT="103"
                         TAGREFS="LT118">
                  <Shape>
                     <Polygon POINTS="805 985 793 935 827 910 830 910 833 910 836 910 924 910 927 910 930 910 949 929 992 907 996 907 999 907 1002 907 1005 907 1005 910 1030 929 1311 904 1314 904 1317 904 1386 926 1451 904 1455 904 1458 904 1461 904 1464 904 1486 920 1617 904 1620 904 1623 904 1626 904 1654 926 1658 926 1661 926 1826 901 1829 901 1832 901 1898 923 1939 904 1942 904 1945 904 2079 920 2101 923 2107 920 2145 901 2148 901 2151 901 2154 901 2157 901 2185 920 2191 923 2338 920 2348 976 2344 988 805 1004"/>
                  </Shape>
                  <String CONTENT="tesmoings suigvans declaire que sadite femme"
                          HPOS="793"
                          VPOS="901"
                          WIDTH="1555"
                          HEIGHT="103"/>
               </TextLine>
               <TextLine ID="eSc_line_ae377be7"
                         BASELINE="783 1060 2298 1060"
                         HPOS="780"
                         VPOS="985"
                         WIDTH="1521"
                         HEIGHT="116"
                         TAGREFS="LT118">
                  <Shape>
                     <Polygon POINTS="783 1060 783 1010 889 1010 911 988 911 985 914 985 918 985 921 985 924 985 974 1010 1067 1010 1099 985 1102 985 1105 985 1108 985 1227 985 1230 985 1233 985 1252 1004 1320 985 1323 985 1327 985 1330 985 1333 985 1361 1007 1517 985 1520 985 1523 985 1570 1007 1720 985 1723 985 1826 1007 1857 985 1860 985 1864 985 1867 985 2138 1007 2198 985 2201 985 2204 985 2207 985 2301 1010 2298 1060 2298 1076 2220 1094 2216 1094 2104 1079 2079 1097 2076 1097 2073 1097 2070 1097 1973 1079 1970 1079 1967 1079 1689 1094 1686 1094 1683 1094 1679 1094 1679 1091 1664 1079 1558 1079 1554 1079 1495 1097 1492 1097 1492 1101 1367 1101 1364 1097 1361 1097 1358 1097 1333 1079 1330 1079 1320 1079 1161 1097 1158 1097 1155 1097 1152 1097 1124 1079 1120 1079 1092 1097 1089 1097 1086 1097 1083 1097 780 1079"/>
                  </Shape>
                  <String CONTENT="avoit par plusieurs et reyterees fois dit quelle"
                          HPOS="780"
                          VPOS="985"
                          WIDTH="1521"
                          HEIGHT="116"/>
               </TextLine>
               <TextLine ID="eSc_line_2310f5b7"
                         BASELINE="783 1157 2407 1138"
                         HPOS="777"
                         VPOS="1057"
                         WIDTH="1630"
                         HEIGHT="128"
                         TAGREFS="LT118">
                  <Shape>
                     <Polygon POINTS="783 1157 777 1107 883 1088 886 1088 889 1088 918 1101 955 1082 958 1082 961 1082 964 1082 967 1082 996 1097 999 1101 1008 1097 1058 1082 1061 1082 1064 1082 1067 1082 1108 1094 1114 1097 1114 1094 1136 1079 1136 1076 1139 1076 1142 1076 1145 1076 1149 1076 1208 1091 1227 1097 1239 1091 1283 1069 1286 1069 1289 1069 1292 1069 1295 1069 1295 1072 1317 1088 1323 1094 1345 1088 1401 1072 1405 1072 1408 1072 1411 1072 1414 1072 1430 1085 1445 1097 1548 1097 1589 1082 1639 1063 1642 1063 1645 1063 1704 1076 1764 1091 1782 1076 1792 1066 1792 1063 1795 1063 1798 1063 1801 1063 1804 1063 1807 1063 1820 1072 1836 1088 1864 1072 1885 1060 1889 1060 1892 1060 1979 1069 2113 1082 2135 1063 2142 1060 2142 1057 2145 1057 2148 1057 2151 1057 2401 1057 2407 1138 2404 1166 1604 1157 1530 1179 1523 1179 1520 1179 1517 1179 1498 1179 1323 1160 1255 1182 1248 1182 1245 1182 1242 1182 1227 1182 1077 1163 1058 1179 1055 1179 1052 1179 1049 1179 886 1166 783 1185"/>
                  </Shape>
                  <String CONTENT="mectroit le feu es maisons des freres de sondit"
                          HPOS="777"
                          VPOS="1057"
                          WIDTH="1630"
                          HEIGHT="128"/>
               </TextLine>
               <TextLine ID="eSc_line_ac475d1b"
                         TAGREFS="LT120"
                         BASELINE="2300 1101 2404 1103"
                         HPOS="2295"
                         VPOS="1007"
                         WIDTH="106"
                         HEIGHT="115">
                  <Shape>
                     <Polygon POINTS="2298 1097 2295 1019 2398 1007 2401 1101 2398 1110 2295 1122"/>
                  </Shape>
                  <String CONTENT="lui"
                          HPOS="2295"
                          VPOS="1007"
                          WIDTH="106"
                          HEIGHT="115"/>
               </TextLine>
               <TextLine ID="eSc_line_a96a9100"
                         BASELINE="829 1238 2441 1232"
                         HPOS="821"
                         VPOS="1141"
                         WIDTH="1620"
                         HEIGHT="140"
                         TAGREFS="LT118">
                  <Shape>
                     <Polygon POINTS="827 1235 821 1163 992 1160 1008 1144 1008 1141 1011 1141 1014 1141 1017 1141 2429 1144 2438 1228 2441 1250 2369 1269 2366 1269 2363 1269 2360 1269 2310 1253 2282 1244 2254 1253 2226 1260 2223 1260 2220 1260 2101 1253 1960 1244 1942 1253 1901 1275 1898 1275 1895 1275 1892 1275 1889 1275 1864 1253 1851 1244 1823 1253 1761 1275 1757 1275 1629 1278 1629 1281 1370 1281 1367 1278 1364 1278 1361 1278 1361 1275 1339 1257 1330 1247 1308 1257 1239 1278 1236 1278 1233 1278 1230 1278 1227 1278 1192 1257 1174 1247 1077 1247 1058 1257 1027 1278 1024 1278 1021 1278 1017 1278 1014 1278 1011 1278 977 1257 967 1250 961 1257 955 1263 952 1263 949 1263 946 1263 942 1263 924 1257 896 1247 886 1257 871 1269 871 1272 868 1272 864 1272 861 1272 858 1272 821 1257"/>
                  </Shape>
                  <String CONTENT="mari. Et quelle sestoit par deux ou trois Nuit"
                          HPOS="821"
                          VPOS="1141"
                          WIDTH="1620"
                          HEIGHT="140"/>
               </TextLine>
               <TextLine ID="eSc_line_ac0fbfd6"
                         BASELINE="774 1303 2335 1335"
                         HPOS="768"
                         VPOS="1213"
                         WIDTH="1567"
                         HEIGHT="150"
                         TAGREFS="LT118">
                  <Shape>
                     <Polygon POINTS="774 1303 774 1213 1039 1216 1042 1216 1046 1216 1061 1225 1092 1244 1161 1232 1164 1232 1167 1232 1170 1232 1214 1253 1261 1241 1264 1241 1267 1241 1270 1241 1273 1241 1273 1244 1302 1269 1352 1247 1355 1247 1358 1247 1361 1247 1417 1272 1476 1257 1480 1257 1483 1257 1707 1278 1779 1263 1829 1250 1832 1250 1939 1269 2020 1285 2035 1275 2045 1266 2048 1266 2051 1266 2054 1266 2057 1266 2060 1266 2076 1275 2088 1285 2101 1278 2129 1260 2132 1260 2135 1260 2138 1260 2142 1260 2145 1260 2145 1263 2163 1278 2207 1266 2210 1266 2213 1266 2332 1291 2335 1335 2335 1344 2295 1363 2291 1363 2288 1363 2113 1344 2045 1359 2042 1359 2038 1359 2035 1359 2032 1359 2004 1341 1976 1356 1973 1356 1970 1356 1707 1335 1623 1350 1620 1350 1617 1350 1614 1350 1595 1335 1514 1347 1511 1347 1355 1328 1317 1344 1314 1344 1311 1344 1055 1322 936 1338 933 1338 768 1313"/>
                  </Shape>
                  <String CONTENT="voulsus relever pour mectre en execution"
                          HPOS="768"
                          VPOS="1213"
                          WIDTH="1567"
                          HEIGHT="150"/>
               </TextLine>
               <TextLine ID="eSc_line_7f870750"
                         BASELINE="821 1394 2229 1419"
                         HPOS="814"
                         VPOS="1319"
                         WIDTH="1415"
                         HEIGHT="143"
                         TAGREFS="LT118">
                  <Shape>
                     <Polygon POINTS="821 1394 814 1344 874 1319 877 1319 880 1319 883 1319 961 1338 986 1319 989 1319 992 1319 996 1319 999 1319 1080 1347 1174 1325 1177 1325 1180 1325 1270 1350 1270 1353 1380 1353 1383 1353 1408 1335 1411 1335 1414 1335 1417 1335 1420 1335 1423 1335 1445 1353 1445 1356 1523 1356 1545 1356 1814 1335 1817 1335 2007 1363 2151 1341 2154 1341 2157 1341 2229 1369 2229 1419 2226 1437 2054 1462 2051 1462 2048 1462 1932 1431 1917 1428 1914 1431 1879 1456 1876 1456 1873 1456 1873 1459 1717 1459 1714 1456 1711 1456 1707 1456 1707 1453 1679 1425 1673 1419 1614 1425 1520 1431 1517 1431 1461 1419 1439 1416 1433 1419 1408 1434 1405 1434 1401 1434 1398 1434 1308 1416 1305 1416 1302 1416 1230 1447 1227 1447 1224 1447 1220 1447 1217 1447 1164 1412 1092 1409 983 1406 977 1406 893 1441 889 1441 886 1441 883 1441 814 1403"/>
                  </Shape>
                  <String CONTENT="telle entreprinse ne fust este que lui"
                          HPOS="814"
                          VPOS="1319"
                          WIDTH="1415"
                          HEIGHT="143"/>
               </TextLine>
               <TextLine ID="eSc_line_a3900e8f"
                         BASELINE="789 1490 1579 1500 2363 1534"
                         HPOS="786"
                         VPOS="1406"
                         WIDTH="1577"
                         HEIGHT="150"
                         TAGREFS="LT118">
                  <Shape>
                     <Polygon POINTS="789 1490 789 1419 933 1434 967 1422 1008 1406 1011 1406 1014 1406 1108 1409 1111 1409 1114 1409 1136 1425 1149 1434 1202 1428 1302 1416 1305 1416 1308 1416 1311 1416 1333 1431 1358 1447 1389 1434 1423 1419 1426 1419 1430 1419 1433 1419 1436 1419 1455 1434 1476 1453 1764 1456 1789 1444 1795 1437 1798 1437 1801 1437 1804 1437 1807 1437 1820 1444 1848 1459 1882 1447 1910 1434 1914 1434 1917 1434 1920 1434 1967 1447 2029 1466 2123 1453 2145 1450 2148 1450 2151 1450 2160 1453 2185 1462 2198 1453 2216 1441 2220 1441 2223 1441 2226 1441 2229 1441 2257 1456 2263 1459 2266 1456 2276 1447 2276 1444 2279 1444 2282 1444 2285 1444 2363 1459 2363 1534 2360 1550 2070 1556 2067 1556 2063 1556 2017 1540 1970 1525 1954 1537 1945 1547 1942 1547 1939 1547 1935 1547 1932 1547 1907 1537 1892 1531 1876 1537 1829 1550 1826 1550 1823 1550 1820 1550 1786 1534 1754 1519 1717 1531 1704 1534 1701 1534 1698 1534 1695 1534 1686 1531 1658 1515 1295 1506 1273 1515 1255 1525 1252 1525 1248 1525 1174 1512 1158 1512 1133 1531 1130 1531 1127 1531 1124 1531 1055 1528 1052 1528 1049 1528 1024 1509 1017 1503 996 1509 933 1525 930 1525 927 1525 924 1525 921 1525 899 1506 899 1503 786 1500"/>
                  </Shape>
                  <String CONTENT="lempescha Et ce a raison de ce que lesdits"
                          HPOS="786"
                          VPOS="1406"
                          WIDTH="1577"
                          HEIGHT="150"/>
               </TextLine>
               <TextLine ID="eSc_line_32b32ef3"
                         BASELINE="818 1590 1370 1587 2382 1618"
                         HPOS="811"
                         VPOS="1497"
                         WIDTH="1571"
                         HEIGHT="171"
                         TAGREFS="LT118">
                  <Shape>
                     <Polygon POINTS="818 1590 811 1528 927 1506 930 1506 933 1506 936 1506 936 1509 955 1525 980 1500 980 1497 983 1497 986 1497 989 1497 1052 1497 1055 1497 1058 1497 1095 1528 1124 1503 1124 1500 1127 1500 1130 1500 1133 1500 1239 1500 1476 1537 1583 1515 1586 1515 1589 1515 1651 1543 1695 1512 1698 1512 1701 1512 1704 1512 1814 1512 1817 1512 1901 1550 1901 1553 1982 1553 1985 1553 2029 1531 2032 1531 2035 1531 2038 1531 2042 1531 2073 1553 2154 1537 2157 1537 2160 1537 2163 1537 2188 1556 2191 1559 2379 1562 2382 1618 2379 1640 2107 1668 2104 1668 2101 1668 2026 1650 1973 1665 1970 1665 1967 1665 1964 1665 1960 1665 1923 1640 1917 1634 1907 1640 1895 1650 1892 1650 1889 1650 1885 1650 1882 1650 1854 1640 1823 1631 1789 1640 1757 1650 1754 1650 1751 1650 1748 1650 1717 1640 1686 1631 1661 1640 1633 1653 1629 1653 1626 1653 1623 1653 1573 1640 1514 1625 1480 1640 1458 1650 1455 1650 1455 1653 1292 1653 1289 1650 1286 1650 1283 1650 1273 1640 1264 1634 1227 1640 1174 1646 1170 1646 1167 1646 1164 1646 1158 1640 1130 1615 930 1612 905 1631 905 1634 902 1634 899 1634 814 1637"/>
                  </Shape>
                  <String CONTENT="ses freres (comme elle disoit) la chargeoyent"
                          HPOS="811"
                          VPOS="1497"
                          WIDTH="1571"
                          HEIGHT="171"/>
               </TextLine>
               <TextLine ID="eSc_line_a2c83f65"
                         BASELINE="761 1696 1155 1687"
                         HPOS="752"
                         VPOS="1587"
                         WIDTH="403"
                         HEIGHT="156"
                         TAGREFS="LT118">
                  <Shape>
                     <Polygon POINTS="761 1696 752 1606 821 1590 824 1590 827 1590 899 1609 921 1590 921 1587 924 1587 927 1587 930 1587 983 1587 986 1587 989 1587 1024 1612 1033 1618 1145 1618 1155 1687 1155 1706 1021 1740 1021 1743 942 1743 939 1740 936 1740 933 1740 911 1724 896 1715 761 1734"/>
                  </Shape>
                  <String CONTENT="dinjure."
                          HPOS="752"
                          VPOS="1587"
                          WIDTH="403"
                          HEIGHT="156"/>
               </TextLine>
            </TextBlock>
            <TextBlock HPOS="258"
                       VPOS="1869"
                       WIDTH="96"
                       HEIGHT="206"
                       ID="eSc_textblock_bae4b1d2"
                       TAGREFS="BT368">
               <Shape>
                  <Polygon POINTS="258 1869 258 2075 354 2075 354 1869"/>
               </Shape>
               <TextLine ID="eSc_line_7d225682"
                         BASELINE="270 2030 338 2030"
                         HPOS="265"
                         VPOS="1877"
                         WIDTH="72"
                         HEIGHT="231"
                         TAGREFS="LT118">
                  <Shape>
                     <Polygon POINTS="268 2027 265 1887 334 1877 337 2027 334 2108 265 2102"/>
                  </Shape>
                  <String CONTENT="1" HPOS="265" VPOS="1877" WIDTH="72" HEIGHT="231"/>
               </TextLine>
            </TextBlock>
            <TextBlock HPOS="736"
                       VPOS="1784"
                       WIDTH="1743"
                       HEIGHT="1494"
                       ID="eSc_textblock_66894373"
                       TAGREFS="BT367">
               <Shape>
                  <Polygon POINTS="2479 2670 2391 2832 2429 3106 2391 3240 2329 3278 761 3265 736 3106 799 2857 736 2744 799 2666 786 1821 849 1784 2354 1846 2441 2071 2366 2404 2441 2482"/>
               </Shape>
               <TextLine ID="eSc_line_974caa7a"
                         BASELINE="808 1896 2313 1912"
                         HPOS="802"
                         VPOS="1812"
                         WIDTH="1511"
                         HEIGHT="125"
                         TAGREFS="LT118">
                  <Shape>
                     <Polygon POINTS="808 1896 808 1812 967 1815 971 1815 974 1815 1014 1846 1058 1846 1086 1821 1086 1818 1089 1818 1092 1818 1095 1818 1099 1818 1102 1818 1102 1821 1124 1843 1224 1846 1245 1824 1252 1821 1252 1818 1255 1818 1258 1818 1261 1818 1305 1818 1308 1818 1311 1818 1323 1827 1352 1843 1489 1830 1611 1821 1614 1821 1617 1821 1620 1821 1620 1824 1636 1837 1651 1849 1742 1840 1776 1837 1779 1837 1782 1837 1801 1840 1848 1852 1879 1843 1920 1830 1923 1830 1926 1830 1929 1830 1989 1846 2023 1855 2060 1849 2132 1837 2135 1837 2313 1859 2313 1912 2307 1937 1686 1915 1514 1921 1339 1927 1336 1927 1333 1927 1330 1927 1330 1924 1320 1918 1314 1912 1199 1915 843 1924 839 1924 836 1924 802 1905"/>
                  </Shape>
                  <String CONTENT="Jehan perrin Girard voueble de Beurnevesain"
                          HPOS="802"
                          VPOS="1812"
                          WIDTH="1511"
                          HEIGHT="125"/>
               </TextLine>
               <TextLine ID="eSc_line_8e984971"
                         BASELINE="808 1974 1707 1968 2366 1990"
                         HPOS="805"
                         VPOS="1899"
                         WIDTH="1561"
                         HEIGHT="109"
                         TAGREFS="LT118">
                  <Shape>
                     <Polygon POINTS="808 1974 805 1908 924 1918 974 1908 1033 1899 1036 1899 1039 1899 1042 1899 1042 1902 1046 1902 1052 1912 1061 1924 1105 1924 1114 1912 1124 1905 1124 1902 1127 1902 1130 1902 1133 1902 1311 1902 1392 1915 1430 1921 1436 1915 1455 1902 1458 1902 1461 1902 1464 1902 1467 1902 1470 1902 1470 1905 1483 1918 1489 1921 1511 1918 1573 1905 1576 1905 1579 1905 1583 1905 1601 1918 1604 1921 1617 1918 1670 1905 1673 1905 1676 1905 1679 1905 1683 1905 1704 1921 1714 1927 1954 1927 1992 1924 2104 1908 2107 1908 2110 1908 2113 1908 2113 1912 2129 1924 2132 1927 2142 1924 2210 1912 2213 1912 2216 1912 2220 1912 2235 1927 2238 1930 2366 1930 2366 1990 2360 2008 2135 1993 805 1993"/>
                  </Shape>
                  <String CONTENT="depose Quil y a environ quinze ans Que"
                          HPOS="805"
                          VPOS="1899"
                          WIDTH="1561"
                          HEIGHT="109"/>
               </TextLine>
               <TextLine ID="eSc_line_fd6a69bb"
                         BASELINE="808 2043 2298 2052"
                         HPOS="799"
                         VPOS="1974"
                         WIDTH="1502"
                         HEIGHT="118"
                         TAGREFS="LT118">
                  <Shape>
                     <Polygon POINTS="808 2043 805 1990 1058 1974 1061 1974 1064 1974 1067 1974 1086 1990 1089 1990 1111 1990 1448 1977 1451 1977 1626 1993 1636 1993 1642 1993 1767 1977 1770 1977 1773 1977 1776 1977 1801 1993 2135 1980 2138 1980 2142 1980 2145 1980 2163 1996 2163 1999 2295 1999 2298 2052 2301 2064 2270 2083 2266 2083 2263 2083 2260 2083 2257 2083 2216 2064 2142 2077 2138 2077 2073 2061 2063 2061 2054 2061 1926 2092 1923 2092 1920 2092 1917 2092 1917 2089 1885 2061 1823 2080 1820 2080 1817 2080 1814 2080 1811 2080 1782 2061 1782 2058 1629 2058 1623 2058 1545 2089 1542 2089 1542 2092 1380 2092 1377 2089 1373 2089 1370 2089 1370 2086 1352 2071 1248 2086 1245 2086 1242 2086 1239 2086 1195 2058 1136 2058 1074 2086 1071 2086 1067 2086 1064 2086 980 2064 958 2083 958 2086 955 2086 952 2086 952 2089 893 2089 889 2086 886 2086 799 2052"/>
                  </Shape>
                  <String CONTENT="ladite Agatte est chargee dune destre une"
                          HPOS="799"
                          VPOS="1974"
                          WIDTH="1502"
                          HEIGHT="118"/>
               </TextLine>
               <TextLine ID="eSc_line_f7286d31"
                         BASELINE="814 2130 2423 2158"
                         HPOS="811"
                         VPOS="2055"
                         WIDTH="1612"
                         HEIGHT="134"
                         TAGREFS="LT118">
                  <Shape>
                     <Polygon POINTS="814 2130 811 2077 886 2058 889 2058 893 2058 942 2077 946 2080 949 2077 986 2055 989 2055 992 2055 996 2055 999 2055 1002 2055 1042 2080 1046 2080 1127 2058 1130 2058 1133 2058 1245 2083 1255 2086 1258 2083 1280 2064 1280 2061 1283 2061 1286 2061 1289 2061 1358 2061 1361 2061 1364 2061 1364 2064 1386 2086 1389 2089 1392 2086 1442 2064 1445 2064 1448 2064 1451 2064 1455 2064 1455 2068 1480 2089 1483 2089 1498 2089 1673 2074 1676 2074 1773 2096 1782 2096 1792 2096 1892 2071 1895 2071 2001 2096 2035 2083 2038 2083 2042 2083 2045 2083 2104 2102 2113 2102 2120 2102 2201 2077 2204 2077 2207 2077 2210 2077 2213 2077 2254 2102 2254 2105 2257 2102 2285 2080 2288 2080 2291 2080 2295 2080 2298 2080 2344 2105 2348 2108 2423 2108 2423 2158 2419 2167 2313 2189 2310 2189 2307 2189 2241 2167 2235 2167 2207 2167 1979 2183 1976 2183 1973 2183 1970 2183 1951 2167 1942 2161 1907 2167 1860 2174 1857 2174 1854 2174 1836 2167 1817 2158 1807 2167 1792 2180 1789 2180 1786 2180 1786 2183 1711 2183 1707 2180 1704 2180 1658 2167 1617 2155 1576 2164 1533 2177 1530 2177 1526 2177 1523 2177 1498 2164 1473 2155 1283 2164 1261 2164 1258 2164 1252 2164 1167 2145 811 2161"/>
                  </Shape>
                  <String CONTENT="sorciere. Et dit que ayant ung serviteur"
                          HPOS="811"
                          VPOS="2055"
                          WIDTH="1612"
                          HEIGHT="134"/>
               </TextLine>
               <TextLine ID="eSc_line_7ed04ddc"
                         BASELINE="811 2205 2373 2233"
                         HPOS="805"
                         VPOS="2133"
                         WIDTH="1568"
                         HEIGHT="131"
                         TAGREFS="LT118">
                  <Shape>
                     <Polygon POINTS="811 2205 811 2155 1030 2155 1055 2133 1058 2133 1061 2133 1064 2133 1142 2133 1145 2133 1149 2133 1170 2152 1486 2139 1489 2139 1492 2139 1495 2139 1495 2142 1523 2167 1526 2167 1533 2167 1633 2149 1636 2149 1639 2149 1676 2170 1683 2174 1792 2174 1795 2170 1842 2145 1845 2145 1848 2145 1851 2145 1854 2145 1901 2174 1904 2177 2029 2177 2032 2177 2057 2155 2057 2152 2060 2152 2063 2152 2067 2152 2148 2152 2151 2152 2207 2180 2210 2180 2216 2180 2301 2161 2304 2161 2307 2161 2373 2183 2373 2233 2369 2242 2273 2258 2270 2258 2088 2242 1885 2264 1882 2264 1879 2264 1876 2264 1845 2239 1679 2261 1676 2261 1573 2258 1570 2258 1501 2230 1451 2230 1426 2252 1426 2255 1423 2255 1420 2255 1417 2255 1280 2227 1011 2248 1008 2248 805 2214"/>
                  </Shape>
                  <String CONTENT="que chassoit des chevaux par decoste Le Curtil"
                          HPOS="805"
                          VPOS="2133"
                          WIDTH="1568"
                          HEIGHT="131"/>
               </TextLine>
               <TextLine ID="eSc_line_af36437a"
                         BASELINE="818 2305 1286 2295 1898 2314 2338 2305"
                         HPOS="811"
                         VPOS="2233"
                         WIDTH="1527"
                         HEIGHT="115"
                         TAGREFS="LT118">
                  <Shape>
                     <Polygon POINTS="818 2305 811 2258 967 2233 971 2233 1077 2233 1080 2233 1130 2255 1133 2255 1383 2233 1386 2233 1576 2236 1579 2236 1583 2236 1583 2239 1601 2255 1608 2261 1898 2261 1904 2255 1920 2239 1920 2236 1923 2236 1926 2236 1929 2236 2010 2236 2013 2236 2017 2236 2017 2239 2035 2255 2042 2258 2135 2258 2138 2255 2154 2239 2154 2236 2157 2236 2160 2236 2163 2236 2166 2236 2213 2255 2229 2258 2329 2255 2338 2305 2335 2317 2238 2323 2220 2342 2220 2345 2216 2345 2213 2345 2210 2345 2042 2326 2004 2345 2001 2345 2001 2348 1767 2348 1764 2345 1761 2345 1757 2345 1757 2342 1742 2330 1723 2345 1720 2345 1717 2345 1714 2345 1601 2330 1533 2345 1530 2345 1526 2345 1523 2345 1520 2345 1520 2342 1501 2326 1492 2317 1430 2326 1377 2333 1373 2333 1317 2326 1236 2317 1224 2326 1208 2339 1208 2342 1205 2342 1202 2342 1199 2342 1195 2342 1164 2330 1136 2317 814 2330"/>
                  </Shape>
                  <String CONTENT="dicelle, quicelle champat quelque chose"
                          HPOS="811"
                          VPOS="2233"
                          WIDTH="1527"
                          HEIGHT="115"/>
               </TextLine>
               <TextLine ID="eSc_line_2758d19f"
                         BASELINE="799 2395 1398 2389 2263 2426"
                         HPOS="789"
                         VPOS="2305"
                         WIDTH="1477"
                         HEIGHT="146"
                         TAGREFS="LT118">
                  <Shape>
                     <Polygon POINTS="799 2395 793 2326 883 2305 886 2305 889 2305 946 2330 949 2330 955 2330 1067 2311 1071 2311 1074 2311 1127 2330 1395 2317 1398 2317 1551 2345 1573 2326 1573 2323 1576 2323 1579 2323 1583 2323 1633 2323 1636 2323 1692 2348 1764 2326 1767 2326 1770 2326 1773 2326 1829 2342 1873 2330 1876 2330 1879 2330 1882 2330 1929 2354 2029 2336 2032 2336 2035 2336 2038 2336 2073 2358 2207 2348 2210 2348 2213 2348 2266 2367 2263 2426 2260 2432 2154 2451 2151 2451 2148 2451 2101 2429 2098 2429 2088 2429 2029 2439 2026 2439 2023 2439 1985 2426 1970 2423 1957 2426 1907 2445 1904 2445 1901 2445 1748 2423 1701 2439 1698 2439 1695 2439 1692 2439 1689 2439 1664 2420 1654 2414 1648 2420 1636 2429 1633 2429 1629 2429 1439 2432 1436 2432 1433 2432 1430 2432 1430 2429 1414 2414 1408 2404 1289 2404 1277 2411 1261 2423 1258 2423 1255 2423 1252 2423 1248 2423 1211 2407 1202 2404 1192 2407 1161 2423 1158 2423 1155 2423 1152 2423 1149 2423 1124 2407 1117 2404 1077 2404 833 2417 830 2417 827 2417 789 2398"/>
                  </Shape>
                  <String CONTENT="dont lung de ses plus beaulx chevaulx"
                          HPOS="789"
                          VPOS="2305"
                          WIDTH="1477"
                          HEIGHT="146"/>
               </TextLine>
               <TextLine ID="eSc_line_55855fd0"
                         BASELINE="799 2485 1557 2490 1951 2504"
                         HPOS="789"
                         VPOS="2395"
                         WIDTH="1159"
                         HEIGHT="137"
                         TAGREFS="LT118">
                  <Shape>
                     <Polygon POINTS="796 2482 789 2426 855 2395 858 2395 861 2395 864 2395 868 2395 886 2411 914 2395 918 2395 921 2395 1083 2414 1180 2401 1183 2401 1186 2401 1233 2426 1242 2429 1248 2426 1298 2401 1302 2401 1305 2401 1433 2426 1476 2436 1542 2436 1558 2426 1586 2404 1589 2404 1592 2404 1595 2404 1598 2404 1601 2404 1629 2426 1645 2432 1942 2426 1948 2501 1942 2532 1814 2510 1748 2529 1736 2532 1732 2532 1729 2532 1601 2529 1598 2529 1595 2529 1592 2526 1570 2510 1551 2523 1545 2529 1542 2529 1539 2529 1536 2529 1386 2526 1383 2526 1380 2526 1370 2520 1333 2498 1252 2510 1248 2510 1245 2510 1242 2510 1242 2507 1239 2507 1230 2495 1005 2495 977 2510 964 2520 961 2520 958 2520 955 2520 952 2520 949 2520 936 2510 911 2495 793 2504"/>
                  </Shape>
                  <String CONTENT="devint a contreti. Laquelle ‸"
                          HPOS="789"
                          VPOS="2395"
                          WIDTH="1159"
                          HEIGHT="137"/>
               </TextLine>
               <TextLine ID="eSc_line_967da41a"
                         TAGREFS="LT120"
                         BASELINE="1945 2465 2113 2461"
                         HPOS="1939"
                         VPOS="2404"
                         WIDTH="171"
                         HEIGHT="78">
                  <Shape>
                     <Polygon POINTS="1942 2464 1939 2404 2104 2411 2110 2457 2110 2473 1942 2482"/>
                  </Shape>
                  <String CONTENT="jument"
                          HPOS="1939"
                          VPOS="2404"
                          WIDTH="171"
                          HEIGHT="78"/>
               </TextLine>
               <TextLine ID="eSc_line_1ff249a4"
                         BASELINE="1972 2506 2401 2529"
                         HPOS="1967"
                         VPOS="2470"
                         WIDTH="431"
                         HEIGHT="100"
                         TAGREFS="LT118">
                  <Shape>
                     <Polygon POINTS="1970 2504 1970 2470 2398 2470 2398 2526 2394 2545 2216 2570 2213 2570 2210 2570 2138 2542 2117 2532 2092 2539 2063 2548 2060 2548 2057 2548 2054 2548 2051 2548 2035 2539 2020 2529 1967 2535"/>
                  </Shape>
                  <String CONTENT="depuis fust"
                          HPOS="1967"
                          VPOS="2470"
                          WIDTH="431"
                          HEIGHT="100"/>
               </TextLine>
               <TextLine ID="eSc_line_08e99f55"
                         BASELINE="808 2560 1639 2579 2323 2623"
                         HPOS="799"
                         VPOS="2485"
                         WIDTH="1524"
                         HEIGHT="169"
                         TAGREFS="LT118">
                  <Shape>
                     <Polygon POINTS="808 2560 805 2504 1049 2485 1052 2485 1055 2485 1130 2517 1136 2517 1152 2517 1336 2498 1339 2498 1342 2498 1345 2498 1345 2501 1373 2526 1377 2529 1442 2529 1442 2526 1517 2504 1520 2504 1523 2504 1526 2504 1530 2504 1564 2529 1667 2510 1670 2510 1673 2510 1676 2510 1676 2514 1704 2539 1767 2539 1811 2517 1814 2517 1817 2517 1820 2517 1823 2517 1823 2520 1851 2542 1882 2520 1885 2520 1889 2520 1892 2520 2004 2523 2070 2529 2073 2529 2076 2529 2076 2532 2101 2554 2104 2557 2323 2563 2323 2623 2316 2654 1957 2613 1786 2629 1742 2632 1739 2632 1736 2632 1732 2632 1732 2629 1726 2626 1704 2601 1648 2601 1623 2620 1614 2629 1611 2629 1608 2629 1604 2629 1601 2629 1576 2620 1523 2595 1423 2610 1401 2613 1398 2613 1395 2613 1386 2610 1339 2588 1314 2607 1298 2616 1295 2616 1292 2616 1289 2616 1149 2610 1145 2610 1142 2610 1120 2595 1089 2579 899 2579 889 2585 877 2598 874 2598 871 2598 868 2598 864 2598 799 2579"/>
                  </Shape>
                  <String CONTENT="medicine par ung vacheron qui declaira que"
                          HPOS="799"
                          VPOS="2485"
                          WIDTH="1524"
                          HEIGHT="169"/>
               </TextLine>
               <TextLine ID="eSc_line_3b80b3d1"
                         BASELINE="818 2657 2463 2710"
                         HPOS="811"
                         VPOS="2576"
                         WIDTH="1652"
                         HEIGHT="168"
                         TAGREFS="LT118">
                  <Shape>
                     <Polygon POINTS="818 2657 814 2601 955 2576 958 2576 1114 2582 1117 2582 1120 2582 1161 2607 1308 2588 1311 2588 1314 2588 1364 2616 1367 2616 1373 2616 1430 2601 1433 2601 1436 2601 1439 2601 1442 2601 1442 2604 1445 2604 1455 2616 1455 2620 1480 2620 1633 2607 1636 2607 1639 2607 1676 2626 1683 2626 1695 2626 1764 2613 1767 2613 1985 2632 2013 2610 2017 2610 2020 2610 2023 2610 2026 2610 2029 2610 2029 2613 2051 2632 2145 2616 2148 2616 2151 2616 2226 2641 2245 2648 2354 2648 2363 2645 2401 2629 2404 2629 2407 2629 2410 2629 2463 2648 2463 2710 2451 2744 2432 2729 2419 2738 2416 2738 2413 2738 2410 2738 2323 2719 2232 2732 2229 2732 2101 2710 2070 2726 2070 2729 2067 2729 2063 2729 2060 2729 2057 2729 2054 2729 2051 2726 2026 2707 1998 2719 1995 2719 1992 2719 1917 2704 1845 2716 1801 2726 1798 2726 1795 2726 1748 2713 1720 2707 1664 2710 1561 2716 1558 2716 1554 2716 1526 2704 1489 2685 1370 2685 1339 2698 1305 2710 1302 2710 1298 2710 1295 2710 1224 2691 1174 2679 1080 2685 921 2698 918 2698 811 2673"/>
                  </Shape>
                  <String CONTENT="ladite jument estoit grevee et laquelle mourut"
                          HPOS="811"
                          VPOS="2576"
                          WIDTH="1652"
                          HEIGHT="168"/>
               </TextLine>
               <TextLine ID="eSc_line_a596b6c1"
                         BASELINE="808 2757 1199 2757 1317 2776 2332 2807"
                         HPOS="805"
                         VPOS="2679"
                         WIDTH="1530"
                         HEIGHT="159"
                         TAGREFS="LT118">
                  <Shape>
                     <Polygon POINTS="808 2757 805 2698 889 2679 893 2679 896 2679 899 2679 924 2701 939 2713 958 2704 999 2682 1002 2682 1005 2682 1130 2704 1199 2688 1202 2688 1205 2688 1208 2688 1270 2713 1292 2723 1317 2716 1411 2694 1414 2694 1417 2694 1420 2694 1458 2723 1470 2732 1517 2732 1523 2726 1545 2707 1545 2704 1548 2704 1551 2704 1554 2704 1558 2704 1561 2704 1598 2729 1604 2732 1617 2729 1651 2716 1654 2716 1658 2716 1661 2716 1664 2716 1683 2732 1686 2735 1692 2732 1748 2704 1751 2704 1754 2704 1757 2704 1761 2704 1761 2707 1795 2735 1798 2741 1842 2741 1845 2738 1879 2707 1882 2707 1885 2707 1889 2707 1992 2710 1995 2710 2063 2747 2067 2747 2092 2747 2235 2751 2276 2732 2279 2732 2282 2732 2285 2732 2335 2757 2332 2807 2326 2838 2098 2810 2048 2829 2042 2832 2038 2832 2035 2832 1892 2829 1839 2822 1636 2794 1545 2813 1520 2816 1517 2816 1514 2816 1489 2810 1439 2797 1426 2807 1420 2813 1417 2813 1414 2813 1411 2813 1248 2810 1245 2810 1242 2810 1242 2807 1236 2801 1214 2779 1108 2788 1105 2788 886 2769 805 2785"/>
                  </Shape>
                  <String CONTENT="Dit de plus que la femme Jehan muat"
                          HPOS="805"
                          VPOS="2679"
                          WIDTH="1530"
                          HEIGHT="159"/>
               </TextLine>
               <TextLine ID="eSc_line_7adbcbee"
                         BASELINE="805 2841 2329 2875"
                         HPOS="789"
                         VPOS="2769"
                         WIDTH="1540"
                         HEIGHT="138"
                         TAGREFS="LT118">
                  <Shape>
                     <Polygon POINTS="805 2841 799 2794 864 2769 868 2769 871 2769 964 2788 1077 2772 1080 2772 1083 2772 1167 2801 1167 2804 1305 2804 1308 2804 1348 2779 1352 2779 1355 2779 1358 2779 1361 2779 1398 2797 1626 2785 1629 2785 1633 2785 1692 2813 1695 2816 1914 2819 1923 2819 1985 2801 1989 2801 1992 2801 2079 2819 2142 2797 2145 2797 2148 2797 2151 2797 2154 2797 2188 2825 2207 2810 2210 2810 2213 2810 2216 2810 2329 2829 2329 2875 2326 2888 2241 2907 2238 2907 2113 2885 2098 2882 2088 2885 2035 2900 2032 2900 2029 2900 2026 2900 2023 2900 2023 2897 2001 2882 1998 2875 1885 2875 1879 2878 1848 2900 1845 2900 1842 2900 1839 2900 1692 2875 1545 2894 1542 2894 1539 2894 1458 2869 1430 2891 1426 2891 1423 2891 1420 2891 1417 2891 1414 2891 1392 2872 1236 2888 1233 2888 1230 2888 1227 2888 1192 2860 1189 2857 1080 2857 1067 2857 946 2882 942 2882 939 2882 893 2860 827 2878 824 2878 821 2878 818 2878 814 2878 814 2875 811 2875 789 2850"/>
                  </Shape>
                  <String CONTENT="monstra audit Henri voelin un veau"
                          HPOS="789"
                          VPOS="2769"
                          WIDTH="1540"
                          HEIGHT="138"/>
               </TextLine>
               <TextLine ID="eSc_line_e03c25ba"
                         BASELINE="814 2925 2114 2959"
                         HPOS="808"
                         VPOS="2922"
                         WIDTH="1305"
                         HEIGHT="75"
                         TAGREFS="LT118">
                  <Shape>
                     <Polygon POINTS="811 2922 811 2932 2110 2938 2113 2956 2110 2966 1879 2997 1876 2997 1789 2985 1786 2985 1782 2985 1754 2960 1698 2991 1695 2991 1692 2991 1689 2991 1639 2963 1598 2988 1595 2988 1592 2988 1592 2991 1523 2991 1520 2988 1405 2985 1401 2985 1398 2985 1348 2953 1342 2947 1145 2944 1133 2947 1071 2975 1067 2975 1064 2975 1061 2975 1058 2975 1017 2947 1011 2944 808 2944"/>
                  </Shape>
                  <String CONTENT="ou y estant ladite Agatte laquelle"
                          HPOS="808"
                          VPOS="2922"
                          WIDTH="1305"
                          HEIGHT="75"/>
               </TextLine>
               <TextLine ID="eSc_line_d8f282a4"
                         TAGREFS="LT120"
                         BASELINE="1875 2910 2070 2925"
                         HPOS="1873"
                         VPOS="2850"
                         WIDTH="194"
                         HEIGHT="110">
                  <Shape>
                     <Polygon POINTS="1873 2907 1873 2850 2067 2866 2067 2922 2060 2960 1910 2928 1873 2941"/>
                  </Shape>
                  <String CONTENT="Icelle"
                          HPOS="1873"
                          VPOS="2850"
                          WIDTH="194"
                          HEIGHT="110"/>
               </TextLine>
               <TextLine ID="eSc_line_2e7db97f"
                         BASELINE="2123 2959 2391 2966"
                         HPOS="2120"
                         VPOS="2919"
                         WIDTH="268"
                         HEIGHT="84"
                         TAGREFS="LT118">
                  <Shape>
                     <Polygon POINTS="2120 2956 2120 2919 2388 2919 2388 2963 2385 2981 2279 3003 2276 3003 2273 3003 2226 2991 2185 2981 2120 2997"/>
                  </Shape>
                  <String CONTENT="frappa"
                          HPOS="2120"
                          VPOS="2919"
                          WIDTH="268"
                          HEIGHT="84"/>
               </TextLine>
               <TextLine ID="eSc_line_ef27f241"
                         BASELINE="818 3025 2319 3044"
                         HPOS="811"
                         VPOS="2944"
                         WIDTH="1508"
                         HEIGHT="137"
                         TAGREFS="LT118">
                  <Shape>
                     <Polygon POINTS="818 3025 814 2966 1058 2944 1061 2944 1064 2944 1133 2966 1161 2975 1174 2966 1199 2947 1202 2947 1205 2947 1208 2947 1352 2950 1355 2950 1392 2966 1423 2981 1461 2966 1467 2966 1470 2966 1473 2966 1476 2966 1480 2966 1480 2969 1495 2981 1626 2969 1633 2969 1636 2969 1639 2969 1707 2985 1751 2969 1770 2963 1773 2963 1776 2963 1779 2963 1801 2969 1860 2991 2010 2991 2073 2969 2098 2963 2101 2963 2104 2963 2107 2963 2129 2969 2179 2991 2198 2972 2201 2972 2204 2972 2207 2972 2210 2972 2263 2988 2310 2972 2319 3044 2316 3072 2207 3081 2204 3081 2201 3081 2198 3081 2182 3072 2154 3053 2132 3069 2120 3081 2117 3081 2113 3081 2110 3081 2107 3081 2076 3069 2060 3059 1876 3056 1864 3066 1848 3078 1845 3078 1842 3078 1839 3078 1704 3075 1701 3075 1698 3075 1683 3063 1673 3053 1639 3059 1623 3063 1620 3063 1617 3063 1611 3059 1579 3047 1533 3059 1483 3072 1480 3072 1476 3072 1473 3072 1426 3056 1386 3041 980 3038 952 3047 908 3066 905 3066 902 3066 811 3044"/>
                  </Shape>
                  <String CONTENT="ledit veau dune vergette que incontinent ledit"
                          HPOS="811"
                          VPOS="2944"
                          WIDTH="1508"
                          HEIGHT="137"/>
               </TextLine>
               <TextLine ID="eSc_line_5e6d1488"
                         BASELINE="752 3103 2401 3147"
                         HPOS="749"
                         VPOS="3028"
                         WIDTH="1652"
                         HEIGHT="147"
                         TAGREFS="LT118">
                  <Shape>
                     <Polygon POINTS="752 3103 752 3050 980 3053 989 3053 1071 3028 1074 3028 1077 3028 1080 3028 1133 3053 1139 3056 1161 3053 1286 3034 1289 3034 1292 3034 1348 3056 1367 3063 1383 3056 1439 3038 1442 3038 1445 3038 1448 3038 1451 3038 1483 3059 1495 3066 1511 3059 1558 3041 1561 3041 1564 3041 1704 3063 1804 3078 1982 3078 2035 3066 2073 3056 2076 3056 2079 3056 2226 3063 2229 3063 2232 3063 2241 3069 2273 3087 2323 3069 2344 3063 2348 3063 2351 3063 2401 3072 2401 3147 2394 3175 2282 3153 2254 3172 2251 3172 2248 3172 2245 3172 2238 3172 2113 3150 1929 3162 1926 3162 1923 3162 1848 3144 1717 3159 1695 3159 1692 3159 1689 3159 1686 3159 1686 3156 1658 3137 1589 3156 1579 3156 1576 3156 1573 3156 1558 3153 1458 3131 1398 3147 1395 3147 1392 3147 1095 3122 1033 3137 1030 3137 1027 3137 921 3137 858 3134 855 3134 852 3134 830 3116 749 3131"/>
                  </Shape>
                  <String CONTENT="veau vint accoutrety et morut Et disoit"
                          HPOS="749"
                          VPOS="3028"
                          WIDTH="1652"
                          HEIGHT="147"/>
               </TextLine>
               <TextLine ID="eSc_line_dd979ada"
                         BASELINE="765 3228 1049 3209 1542 3209 2348 3228"
                         HPOS="758"
                         VPOS="3131"
                         WIDTH="1590"
                         HEIGHT="147"
                         TAGREFS="LT118">
                  <Shape>
                     <Polygon POINTS="765 3228 758 3159 918 3153 939 3131 942 3131 946 3131 949 3131 952 3131 1021 3153 1042 3134 1042 3131 1046 3131 1049 3131 1052 3131 1102 3131 1105 3131 1177 3159 1189 3162 1205 3159 1298 3134 1302 3134 1305 3134 1395 3134 1398 3134 1401 3134 1430 3159 1439 3165 1483 3159 1573 3147 1576 3147 1579 3147 1611 3159 1636 3141 1639 3141 1642 3141 1645 3141 1648 3141 1651 3141 1651 3144 1670 3159 1676 3165 1689 3159 1711 3150 1714 3150 1717 3150 1720 3150 1723 3150 1723 3153 1732 3159 1742 3172 1814 3172 1826 3159 1845 3144 1845 3141 1848 3141 1851 3141 1854 3141 1917 3141 1920 3141 1923 3141 1948 3159 1960 3169 1982 3159 2017 3147 2020 3147 2023 3147 2026 3147 2029 3147 2029 3150 2042 3159 2057 3175 2113 3175 2135 3159 2154 3147 2157 3147 2160 3147 2163 3147 2166 3147 2170 3147 2188 3159 2201 3169 2216 3159 2238 3150 2241 3150 2245 3150 2344 3162 2348 3228 2344 3262 2257 3275 2254 3275 2251 3275 2223 3262 2160 3237 2126 3262 2110 3275 2107 3275 2104 3275 2104 3278 2057 3278 2054 3275 2051 3275 2010 3262 1914 3234 1757 3259 1754 3259 1751 3259 1707 3234 1517 3231 1339 3262 1308 3265 1305 3265 1302 3265 1298 3265 1295 3262 1255 3228 946 3259 914 3262 911 3262 908 3262 905 3262 905 3259 858 3228 765 3259"/>
                  </Shape>
                  <String CONTENT="Ladite femme dudit muat ouvertement que ladite"
                          HPOS="758"
                          VPOS="3131"
                          WIDTH="1590"
                          HEIGHT="147"/>
               </TextLine>
            </TextBlock>
            <TextBlock HPOS="2363"
                       VPOS="3530"
                       WIDTH="45"
                       HEIGHT="88"
                       ID="eSc_textblock_25b91e03"
                       TAGREFS="BT371">
               <Shape>
                  <Polygon POINTS="2404 3530 2408 3616 2363 3618 2369 3530"/>
               </Shape>
               <TextLine ID="eSc_line_649f6eda"
                         BASELINE="2367 3605 2403 3604"
                         HPOS="2360"
                         VPOS="3518"
                         WIDTH="41"
                         HEIGHT="122"
                         TAGREFS="LT118">
                  <Shape>
                     <Polygon POINTS="2366 3602 2366 3518 2401 3518 2401 3602 2394 3640 2360 3630"/>
                  </Shape>
                  <String CONTENT="3" HPOS="2360" VPOS="3518" WIDTH="41" HEIGHT="122"/>
               </TextLine>
            </TextBlock>
            <TextBlock HPOS="1289"
                       VPOS="88"
                       WIDTH="122"
                       HEIGHT="108"
                       ID="eSc_textblock_d452c15c"
                       TAGREFS="BT379">
               <Shape>
                  <Polygon POINTS="1289 88 1289 196 1411 196 1411 88"/>
               </Shape>
            </TextBlock>
         </PrintSpace>
      </Page>
   </Layout>
</alto>
