<alto xmlns:xsi="http://www.w3.org/2001/XMLSchema-instance"
      xmlns="http://www.loc.gov/standards/alto/ns-v4#"
      xsi:schemaLocation="http://www.loc.gov/standards/alto/ns-v4# http://www.loc.gov/standards/alto/v4/alto-4-2.xsd">
   <Description>
      <MeasurementUnit>pixel</MeasurementUnit>
      <sourceImageInformation>
         <fileName>B_168_15-23-2_0002.jpg</fileName>
      </sourceImageInformation>
   </Description>
   <Tags>
      <OtherTag ID="BT365"
                LABEL="MainZone:column"
                DESCRIPTION="block type MainZone:column"/>
      <OtherTag ID="BT367" LABEL="MainZone" DESCRIPTION="block type MainZone"/>
      <OtherTag ID="BT368"
                LABEL="MarginTextZone"
                DESCRIPTION="block type MarginTextZone"/>
      <OtherTag ID="BT369"
                LABEL="MarginTextZone:note"
                DESCRIPTION="block type MarginTextZone:note"/>
      <OtherTag ID="BT370"
                LABEL="NumberingZone:other"
                DESCRIPTION="block type NumberingZone:other"/>
      <OtherTag ID="BT371"
                LABEL="NumberingZone:page"
                DESCRIPTION="block type NumberingZone:page"/>
      <OtherTag ID="BT379"
                LABEL="DecorationZone"
                DESCRIPTION="block type DecorationZone"/>
      <OtherTag ID="BT380"
                LABEL="CustomZone:signature"
                DESCRIPTION="block type CustomZone:signature"/>
      <OtherTag ID="LT118" LABEL="DefaultLine" DESCRIPTION="line type DefaultLine"/>
      <OtherTag ID="LT119" LABEL="HeadingLine" DESCRIPTION="line type HeadingLine"/>
      <OtherTag ID="LT120"
                LABEL="InterlinearLine"
                DESCRIPTION="line type InterlinearLine"/>
   </Tags>
   <Layout>
      <Page WIDTH="2607"
            HEIGHT="3803"
            PHYSICAL_IMG_NR="43"
            ID="eSc_dummypage_">
         <PrintSpace HPOS="0" VPOS="0" WIDTH="2607" HEIGHT="3803">
            <TextBlock HPOS="88"
                       VPOS="152"
                       WIDTH="505"
                       HEIGHT="161"
                       ID="eSc_textblock_8a1a11d5"
                       TAGREFS="BT368">
               <Shape>
                  <Polygon POINTS="377 313 88 301 101 190 329 152 567 152 593 250"/>
               </Shape>
               <TextLine ID="eSc_line_1725bae1"
                         BASELINE="101 234 564 212"
                         HPOS="91"
                         VPOS="158"
                         WIDTH="473"
                         HEIGHT="111"
                         TAGREFS="LT118">
                  <Shape>
                     <Polygon POINTS="101 234 91 167 555 158 564 212 564 231 364 259 361 259 310 253 234 244 101 269"/>
                  </Shape>
                  <String CONTENT="questoyent sur le"
                          HPOS="91"
                          VPOS="158"
                          WIDTH="473"
                          HEIGHT="111"/>
               </TextLine>
               <TextLine ID="eSc_line_a47524e1"
                         BASELINE="126 285 355 285"
                         HPOS="123"
                         VPOS="225"
                         WIDTH="232"
                         HEIGHT="126"
                         TAGREFS="LT118">
                  <Shape>
                     <Polygon POINTS="126 285 123 240 352 225 355 285 352 307 285 307 250 326 218 348 215 348 212 348 212 351 126 351"/>
                  </Shape>
                  <String CONTENT="grenier"
                          HPOS="123"
                          VPOS="225"
                          WIDTH="232"
                          HEIGHT="126"/>
               </TextLine>
            </TextBlock>
            <TextBlock HPOS="76"
                       VPOS="469"
                       WIDTH="515"
                       HEIGHT="148"
                       ID="eSc_textblock_8ff24640"
                       TAGREFS="BT368">
               <Shape>
                  <Polygon POINTS="152 617 76 545 202 469 591 480 591 570"/>
               </Shape>
               <TextLine ID="eSc_line_d93b4241"
                         BASELINE="82 577 171 545 223 551 306 546 572 534"
                         HPOS="63"
                         VPOS="446"
                         WIDTH="507"
                         HEIGHT="146"
                         TAGREFS="LT118">
                  <Shape>
                     <Polygon POINTS="79 576 63 497 114 469 117 469 120 469 187 481 367 472 415 446 418 446 421 446 561 459 570 532 570 554 164 564 82 592"/>
                  </Shape>
                  <String CONTENT="xo le Cymetiere de"
                          HPOS="63"
                          VPOS="446"
                          WIDTH="507"
                          HEIGHT="146"/>
               </TextLine>
               <TextLine ID="eSc_line_7fab3bf9"
                         BASELINE="148 599 240 594 366 590 450 589"
                         HPOS="142"
                         VPOS="541"
                         WIDTH="305"
                         HEIGHT="115"
                         TAGREFS="LT118">
                  <Shape>
                     <Polygon POINTS="145 598 142 541 440 541 447 586 444 646 307 630 145 656"/>
                  </Shape>
                  <String CONTENT="Souharce."
                          HPOS="142"
                          VPOS="541"
                          WIDTH="305"
                          HEIGHT="115"/>
               </TextLine>
            </TextBlock>
            <TextBlock HPOS="570"
                       VPOS="76"
                       WIDTH="1973"
                       HEIGHT="3419"
                       ID="eSc_textblock_3c6b83e2"
                       TAGREFS="BT367">
               <Shape>
                  <Polygon POINTS="2467 671 2454 1023 2365 1128 2442 1720 2340 1939 2302 2281 2305 2357 2429 2395 2442 2506 1963 2557 1909 2636 2026 2700 2302 2738 2315 2925 2416 3204 2378 3292 2102 3318 2023 3495 608 3470 570 3368 621 3216 608 2345 922 2332 989 2291 989 2218 872 2126 608 2090 608 1651 621 1632 596 1166 659 633 621 572 621 481 631 481 634 228 723 76 2467 152 2505 304 2480 465 2543 617"/>
               </Shape>
               <TextLine ID="eSc_line_68603f50"
                         BASELINE="697 186 1709 180 2426 212"
                         HPOS="691"
                         VPOS="91"
                         WIDTH="1738"
                         HEIGHT="140"
                         TAGREFS="LT118">
                  <Shape>
                     <Polygon POINTS="697 186 691 110 818 91 821 91 910 114 938 120 948 114 957 104 957 101 960 101 964 101 1084 95 1087 95 1091 95 1135 117 1148 123 1274 123 1281 117 1297 104 1297 101 1300 101 1303 101 1436 98 1439 98 1443 98 1528 120 1547 126 1554 123 1573 104 1576 104 1579 104 1655 101 1658 101 1661 101 1738 123 1744 126 1747 123 1791 101 1795 101 1798 101 1801 101 1839 123 1858 104 1861 104 1864 104 1868 104 1871 104 1953 126 1966 129 1975 129 2051 110 2055 110 2058 110 2061 110 2093 129 2096 133 2286 133 2289 133 2343 114 2346 114 2350 114 2353 114 2429 136 2426 212 2423 231 2185 231 2182 228 2178 228 2175 228 2172 225 2153 212 2042 225 2013 225 2010 225 2007 225 1998 221 1944 205 1915 221 1906 225 1902 225 1899 225 1896 225 1880 221 1817 202 1712 202 1687 218 1684 221 1680 221 1677 221 1674 221 1671 221 1668 221 1665 218 1642 199 1525 199 1420 199 1404 212 1401 215 1401 218 1398 218 1395 218 1392 218 1360 212 1303 199 1274 212 1255 218 1252 218 1249 218 1246 218 1217 209 1173 196 1084 196 1068 205 1062 215 1059 215 1056 215 1052 215 1049 215 1024 205 992 196 694 199"/>
                  </Shape>
                  <String CONTENT="Jecta dudit poulsat sur les porcs Caspar vallat"
                          HPOS="691"
                          VPOS="91"
                          WIDTH="1738"
                          HEIGHT="140"/>
               </TextLine>
               <TextLine ID="eSc_line_522470c8"
                         BASELINE="697 250 1877 266 2467 291"
                         HPOS="691"
                         VPOS="177"
                         WIDTH="1776"
                         HEIGHT="149"
                         TAGREFS="LT118">
                  <Shape>
                     <Polygon POINTS="697 250 697 177 1316 205 1379 196 1424 190 1427 190 1496 199 1560 209 1646 205 1795 196 1798 196 1801 196 1845 212 1861 215 1887 212 1969 199 1972 199 2112 218 2140 221 2162 221 2296 205 2299 205 2467 231 2467 291 2467 301 2378 326 2375 326 2372 326 2156 323 2153 323 2150 323 2109 294 2105 291 2020 291 2017 291 1985 320 1982 320 1979 320 1975 320 1782 288 1766 285 1763 288 1734 310 1734 313 1731 313 1728 313 1728 316 1649 316 1646 313 1642 313 1598 291 1512 304 1509 304 1506 304 1503 304 1477 282 1474 278 1468 282 1417 297 1414 297 1411 297 1408 297 1404 297 1404 294 1385 278 1385 275 1243 275 1230 275 1043 301 1040 301 1037 301 938 269 932 269 929 269 834 297 830 297 827 297 691 263"/>
                  </Shape>
                  <String CONTENT="lesquex en morurent Et ce pource que ledit Caspar"
                          HPOS="691"
                          VPOS="177"
                          WIDTH="1776"
                          HEIGHT="149"/>
               </TextLine>
               <TextLine ID="eSc_line_aebabf33"
                         BASELINE="662 329 1535 335"
                         HPOS="656"
                         VPOS="253"
                         WIDTH="882"
                         HEIGHT="130"
                         TAGREFS="LT118">
                  <Shape>
                     <Polygon POINTS="662 329 659 272 773 253 777 253 780 253 783 253 783 256 802 272 802 275 884 275 888 272 941 253 945 253 948 253 1170 275 1186 275 1198 275 1344 256 1347 256 1351 256 1354 256 1376 275 1481 256 1484 256 1487 256 1538 278 1535 335 1525 370 1500 358 1471 370 1443 383 1439 383 1436 383 1433 383 1408 370 1370 348 1030 364 1027 364 1024 364 1021 364 992 345 900 351 881 370 872 377 872 380 869 380 865 380 862 380 656 367"/>
                  </Shape>
                  <String CONTENT="Lacusoit pour des paulx"
                          HPOS="656"
                          VPOS="253"
                          WIDTH="882"
                          HEIGHT="130"/>
               </TextLine>
               <TextLine ID="eSc_line_319c8fa8"
                         BASELINE="675 465 1170 456 2429 491"
                         HPOS="672"
                         VPOS="370"
                         WIDTH="1757"
                         HEIGHT="149"
                         TAGREFS="LT118">
                  <Shape>
                     <Polygon POINTS="675 465 672 377 849 386 862 380 884 370 888 370 891 370 976 383 1024 389 1040 383 1071 373 1075 373 1078 373 1081 373 1084 373 1097 386 1103 392 1116 386 1132 380 1135 380 1138 380 1198 389 1252 396 1335 392 1493 383 1496 383 1500 383 1535 396 1547 402 1585 399 1690 386 1693 386 1772 402 1785 405 1791 402 1829 389 1833 389 1836 389 1839 389 1899 405 1909 408 1915 405 1944 392 1947 392 1950 392 2128 396 2131 396 2169 411 2175 415 2182 415 2226 402 2229 402 2232 402 2426 421 2429 491 2423 519 2270 494 2248 513 2248 516 2245 516 2242 516 2242 519 2162 519 2159 516 2156 516 2153 516 2124 494 2013 513 2004 513 2001 513 1998 513 1994 513 1934 488 1899 500 1896 500 1893 500 1690 481 1661 503 1658 503 1655 503 1652 503 1649 503 1579 481 1506 500 1503 500 1500 500 1496 500 1493 500 1493 497 1471 475 1389 475 1265 497 1262 497 1259 497 1255 497 1198 472 672 484"/>
                  </Shape>
                  <String CONTENT="Confesse avoir jete du poulsat sur lung des chevaulx"
                          HPOS="672"
                          VPOS="370"
                          WIDTH="1757"
                          HEIGHT="149"/>
               </TextLine>
               <TextLine ID="eSc_line_0548922f"
                         BASELINE="681 532 2426 545"
                         HPOS="678"
                         VPOS="453"
                         WIDTH="1748"
                         HEIGHT="130"
                         TAGREFS="LT118">
                  <Shape>
                     <Polygon POINTS="681 532 678 469 1807 453 1810 453 1810 453 1814 453 1814 453 1814 453 1817 453 1817 453 1817 456 1842 475 1842 478 2423 481 2426 545 2423 583 2213 583 2210 579 2210 579 2207 579 2197 576 2102 551 2029 570 2026 570 2026 570 2023 570 2023 570 2023 570 2020 570 1944 548 1696 548 1677 567 1677 567 1677 570 1677 570 1674 570 1674 570 1674 570 1671 570 1671 570 1668 570 1668 570 1668 570 1665 570 1665 570 1665 570 1658 567 1626 551 1598 564 1598 564 1595 564 1595 564 1595 564 1592 564 1246 548 1214 560 1176 573 1176 573 1173 573 1173 573 1170 573 1170 573 1170 573 1167 573 1167 573 1167 573 1163 573 1163 573 1148 557 1144 554 1141 557 1122 570 1119 570 1119 570 1119 570 1116 570 1116 570 1113 570 1113 570 1113 570 1110 570 1110 570 1110 570 1106 570 1106 570 1106 567 1094 557 1081 545 678 548"/>
                  </Shape>
                  <String CONTENT="ches mori guyon quen morut que devint gairis lui ayant"
                          HPOS="678"
                          VPOS="453"
                          WIDTH="1748"
                          HEIGHT="130"/>
               </TextLine>
               <TextLine ID="eSc_line_fd168a72"
                         BASELINE="672 586 1738 586 2530 608"
                         HPOS="666"
                         VPOS="532"
                         WIDTH="1864"
                         HEIGHT="89"
                         TAGREFS="LT118">
                  <Shape>
                     <Polygon POINTS="672 586 672 532 2530 538 2530 608 2524 621 666 608"/>
                  </Shape>
                  <String CONTENT="oste le mal avec de lerbe et de la terre quelle avoit prins sur xo"
                          HPOS="666"
                          VPOS="532"
                          WIDTH="1864"
                          HEIGHT="89"/>
               </TextLine>
               <TextLine ID="eSc_line_29c7e4c9"
                         BASELINE="691 659 1649 665 2429 690"
                         HPOS="691"
                         VPOS="583"
                         WIDTH="1738"
                         HEIGHT="145"
                         TAGREFS="LT118">
                  <Shape>
                     <Polygon POINTS="691 659 691 586 840 602 884 589 910 583 913 583 916 583 999 592 1125 608 1195 598 1249 589 1252 589 1255 589 1259 589 1271 598 1284 605 1401 602 1677 595 1680 595 1684 595 1731 611 1753 617 1785 611 1858 598 1861 598 1864 598 1902 614 1915 621 1950 617 2051 602 2055 602 2058 602 2105 621 2115 624 2124 621 2147 611 2150 611 2153 611 2426 630 2429 690 2429 697 2375 725 2372 725 2372 728 2261 728 2258 725 2254 725 2251 725 2251 722 2232 706 2134 722 2131 722 2128 722 2055 697 2042 690 1836 690 1829 697 1814 709 1814 713 1810 713 1807 713 1804 713 1801 713 1798 713 1779 700 1750 716 1747 716 1744 716 1658 713 1655 713 1652 713 1652 709 1639 697 1626 687 1544 697 1512 700 1509 700 1487 697 1408 684 1392 697 1382 706 1382 709 1379 709 1376 709 1373 709 1316 697 1236 681 1078 697 1018 703 1014 703 1011 703 1008 703 1008 700 1005 697 983 678 846 697 821 700 818 700 815 700 808 697 761 678 691 697"/>
                  </Shape>
                  <String CONTENT="Confesse que sont huict ans quil ne la approche"
                          HPOS="691"
                          VPOS="583"
                          WIDTH="1738"
                          HEIGHT="145"/>
               </TextLine>
               <TextLine ID="eSc_line_d5b6efef"
                         BASELINE="678 732 1709 747 2454 782"
                         HPOS="669"
                         VPOS="656"
                         WIDTH="1785"
                         HEIGHT="145"
                         TAGREFS="LT118">
                  <Shape>
                     <Polygon POINTS="678 732 672 681 754 656 757 656 761 656 881 684 929 665 932 665 935 665 1056 687 1119 665 1122 665 1125 665 1278 694 1281 694 1458 675 1462 675 1465 675 1550 700 1601 678 1604 678 1607 678 1611 678 1687 703 1791 684 1795 684 1798 684 1852 709 1855 709 1868 709 2055 690 2058 690 2061 690 2064 690 2093 716 2096 716 2102 716 2210 697 2213 697 2216 697 2261 719 2286 700 2289 700 2293 700 2296 700 2451 725 2454 782 2448 801 1969 798 1912 785 1842 766 1363 757 1268 763 1144 776 1141 776 1138 776 1135 776 1116 760 1103 751 1068 757 1002 773 999 773 891 754 843 744 818 751 764 766 761 766 757 766 754 766 669 744"/>
                  </Shape>
                  <String CONTENT="pour ce quelle pourtoit ordinairement aupres delle"
                          HPOS="669"
                          VPOS="656"
                          WIDTH="1785"
                          HEIGHT="145"/>
               </TextLine>
               <TextLine ID="eSc_line_8ea42753"
                         BASELINE="678 808 869 814 2393 871"
                         HPOS="669"
                         VPOS="725"
                         WIDTH="1722"
                         HEIGHT="171"
                         TAGREFS="LT118">
                  <Shape>
                     <Polygon POINTS="675 804 675 725 869 757 1033 744 1037 744 1040 744 1043 744 1075 763 1138 751 1141 751 1144 751 1208 766 1278 747 1284 747 1287 747 1290 747 1293 747 1297 751 1344 773 1496 757 1512 757 1515 757 1531 760 1684 785 1776 770 1795 766 1798 766 1820 770 1918 795 1982 779 1985 779 1988 779 1991 779 2058 801 2388 795 2391 868 2384 890 2289 881 2277 887 2258 896 2254 896 2251 896 2248 896 2229 887 2207 874 2185 884 2150 896 2147 896 2143 896 2140 896 2137 896 2121 881 2109 871 2096 881 2083 890 2080 890 2077 890 2074 890 1880 887 1801 868 1753 858 1738 868 1722 877 1718 877 1715 877 1712 877 1636 862 1623 862 1617 862 1544 874 1541 874 1424 855 1351 839 669 823"/>
                  </Shape>
                  <String CONTENT="du pain benit et de la charitai de pasque et dela"
                          HPOS="669"
                          VPOS="725"
                          WIDTH="1722"
                          HEIGHT="171"/>
               </TextLine>
               <TextLine ID="eSc_line_0071b67f"
                         BASELINE="672 855 865 849"
                         HPOS="669"
                         VPOS="785"
                         WIDTH="200"
                         HEIGHT="99"
                         TAGREFS="LT118">
                  <Shape>
                     <Polygon POINTS="672 855 669 785 732 811 767 795 770 795 773 795 777 795 853 808 865 849 869 862 811 884 808 884 805 884 669 871"/>
                  </Shape>
                  <String CONTENT="Rutte"
                          HPOS="669"
                          VPOS="785"
                          WIDTH="200"
                          HEIGHT="99"/>
               </TextLine>
               <TextLine ID="eSc_line_7c03dbc4"
                         BASELINE="634 925 1192 925 2419 1007"
                         HPOS="631"
                         VPOS="823"
                         WIDTH="1792"
                         HEIGHT="219"
                         TAGREFS="LT118">
                  <Shape>
                     <Polygon POINTS="634 925 643 823 669 849 932 862 986 846 1018 836 1021 836 1024 836 1027 836 1030 836 1056 852 1084 868 1138 858 1214 842 1217 842 1221 842 1268 865 1290 877 1474 890 1506 884 1541 874 1544 874 1547 874 1550 874 1554 874 1554 877 1557 877 1563 887 1573 896 1588 887 1630 871 1633 871 1636 871 1639 871 1703 896 1728 906 1741 900 1776 877 1779 877 1782 877 1785 877 1956 900 2124 893 2128 893 2131 893 2226 931 2289 903 2293 903 2296 903 2299 903 2423 947 2419 1007 2419 1036 2245 1036 2242 1033 2194 1023 2124 1007 2093 1017 2023 1042 2020 1042 2017 1042 1912 1036 1909 1036 1906 1036 1906 1033 1880 1007 1874 1001 1861 1007 1826 1020 1823 1020 1820 1020 1817 1020 1772 1001 1734 985 1715 998 1684 1023 1680 1023 1677 1023 1674 1023 1579 1017 1576 1017 1573 1017 1573 1014 1544 991 1541 985 1528 991 1471 1010 1468 1010 1465 1010 1287 1001 1284 1001 1281 1001 1246 976 1214 957 1027 963 1024 963 894 941 862 957 827 976 824 976 821 976 818 976 815 976 815 972 792 953 773 938 631 944"/>
                  </Shape>
                  <String CONTENT="Et que sondit maitre hemerlin La sollicitatt de jecter"
                          HPOS="631"
                          VPOS="823"
                          WIDTH="1792"
                          HEIGHT="219"/>
               </TextLine>
               <TextLine ID="eSc_line_0360680e"
                         BASELINE="634 1001 1345 1014"
                         HPOS="627"
                         VPOS="969"
                         WIDTH="720"
                         HEIGHT="95"
                         TAGREFS="LT118">
                  <Shape>
                     <Polygon POINTS="631 998 627 988 824 972 827 972 827 972 827 972 830 972 830 972 830 972 834 972 834 972 843 982 856 995 1027 995 1049 979 1065 969 1068 969 1068 969 1068 969 1071 969 1071 969 1075 969 1163 969 1163 969 1163 969 1167 969 1167 969 1189 976 1227 991 1243 976 1246 972 1246 972 1246 972 1249 972 1249 972 1252 972 1252 972 1252 972 1255 972 1341 976 1344 1010 1347 1029 1300 1061 1297 1061 1297 1061 1297 1061 1293 1061 1293 1061 1293 1064 1214 1064 1211 1061 1211 1061 1208 1061 1208 1061 1208 1061 1205 1061 1205 1061 1163 1029 1160 1026 1151 1029 1059 1058 1056 1058 1056 1058 1056 1058 1052 1058 1052 1058 1049 1058 1049 1058 1049 1058 1002 1036 865 1055 865 1055 862 1055 862 1055 862 1055 859 1055 859 1055 859 1055 856 1055 818 1029 805 1020 767 1029 713 1039 713 1039 713 1039 710 1039 710 1039 710 1039 707 1039 707 1039 707 1039 704 1039 688 1026 678 1020 627 1026"/>
                  </Shape>
                  <String CONTENT="La ladite charretai"
                          HPOS="627"
                          VPOS="969"
                          WIDTH="720"
                          HEIGHT="95"/>
               </TextLine>
               <TextLine ID="eSc_line_d7c6dda2"
                         BASELINE="653 1125 1075 1118 1826 1144 2175 1166 2283 1188"
                         HPOS="643"
                         VPOS="1033"
                         WIDTH="1643"
                         HEIGHT="177"
                         TAGREFS="LT118">
                  <Shape>
                     <Polygon POINTS="653 1125 643 1048 685 1033 688 1033 691 1033 694 1033 697 1033 719 1052 729 1058 761 1052 808 1042 811 1042 815 1042 818 1042 818 1045 827 1055 837 1064 1021 1064 1033 1061 1081 1045 1084 1045 1087 1045 1091 1045 1094 1045 1122 1064 1129 1068 1148 1064 1233 1052 1236 1052 1240 1052 1243 1052 1268 1071 1271 1071 1290 1071 1443 1055 1446 1055 1449 1055 1512 1074 1528 1061 1528 1058 1531 1058 1535 1058 1538 1058 1541 1058 1544 1058 1576 1080 1585 1083 1620 1080 1718 1074 1722 1074 1725 1074 1753 1087 1763 1090 1779 1087 1861 1068 1864 1068 1868 1068 1963 1093 1979 1096 1988 1093 2067 1074 2071 1074 2074 1074 2286 1106 2283 1188 2273 1210 2159 1182 2131 1207 2128 1207 2124 1207 2121 1207 1883 1201 1880 1201 1877 1201 1874 1197 1833 1163 1658 1163 1617 1188 1614 1191 1611 1191 1607 1191 1604 1191 1601 1191 1598 1191 1595 1188 1544 1153 1236 1153 1205 1175 1202 1178 1198 1178 1195 1178 1192 1178 1189 1178 1163 1172 1027 1137 992 1159 989 1159 986 1159 983 1159 980 1159 976 1159 976 1156 954 1137 853 1163 830 1166 827 1166 824 1166 805 1159 761 1147 650 1153"/>
                  </Shape>
                  <String CONTENT="Dit que sont huict ans que ne lui ayant"
                          HPOS="643"
                          VPOS="1033"
                          WIDTH="1643"
                          HEIGHT="177"/>
               </TextLine>
               <TextLine ID="eSc_line_d9cd1f45"
                         BASELINE="618 1191 1531 1216 2239 1254"
                         HPOS="615"
                         VPOS="1121"
                         WIDTH="1624"
                         HEIGHT="143"
                         TAGREFS="LT118">
                  <Shape>
                     <Polygon POINTS="618 1191 615 1137 704 1125 707 1125 780 1140 796 1144 811 1140 945 1121 948 1121 1132 1131 1135 1131 1138 1131 1138 1134 1160 1153 1163 1156 1173 1153 1230 1134 1233 1134 1236 1134 1240 1134 1287 1156 1303 1166 1471 1169 1487 1163 1531 1144 1535 1144 1538 1144 1541 1144 1617 1166 1655 1153 1658 1153 1661 1153 1665 1153 1699 1169 1718 1178 1744 1172 1782 1159 1785 1159 1788 1159 1791 1159 1820 1172 1839 1182 1871 1175 1906 1169 1909 1169 1912 1169 1937 1178 1972 1188 1988 1178 2001 1169 2004 1169 2007 1169 2010 1169 2013 1169 2017 1169 2032 1178 2055 1191 2235 1188 2239 1254 2235 1264 1687 1264 1684 1261 1573 1245 1477 1232 1439 1242 1404 1251 1401 1251 1398 1251 1395 1251 1392 1251 1379 1242 1360 1226 1202 1223 1043 1232 973 1235 970 1235 967 1235 948 1229 884 1210 843 1226 837 1229 834 1229 830 1229 827 1229 815 1226 761 1213 615 1220"/>
                  </Shape>
                  <String CONTENT="volsus, Jehan du prai aller querir du bois"
                          HPOS="615"
                          VPOS="1121"
                          WIDTH="1624"
                          HEIGHT="143"/>
               </TextLine>
               <TextLine ID="eSc_line_6e4f0ba3"
                         BASELINE="659 1286 1106 1286 2365 1359"
                         HPOS="653"
                         VPOS="1213"
                         WIDTH="1712"
                         HEIGHT="197"
                         TAGREFS="LT118">
                  <Shape>
                     <Polygon POINTS="659 1286 659 1213 1265 1223 1268 1223 1271 1223 1271 1226 1274 1226 1281 1235 1287 1242 1319 1239 1385 1229 1389 1229 1484 1245 1573 1261 2004 1264 2118 1267 2121 1267 2124 1267 2124 1270 2128 1270 2140 1286 2362 1280 2365 1359 2359 1372 2197 1372 2121 1410 2118 1410 2115 1410 1925 1362 1902 1359 1887 1362 1804 1391 1801 1391 1801 1394 1747 1394 1744 1391 1741 1391 1738 1391 1690 1359 1604 1381 1601 1381 1598 1381 1595 1381 1592 1381 1550 1356 1544 1350 1538 1356 1512 1378 1509 1378 1506 1378 1503 1378 1439 1375 1436 1375 1373 1353 1290 1321 1176 1331 1173 1331 1005 1305 960 1321 957 1321 954 1321 951 1321 948 1321 948 1318 945 1318 935 1305 799 1305 742 1337 738 1337 735 1337 732 1337 653 1334"/>
                  </Shape>
                  <String CONTENT="quelle avoit jecte dudit poulsat sur deux siens"
                          HPOS="653"
                          VPOS="1213"
                          WIDTH="1712"
                          HEIGHT="197"/>
               </TextLine>
               <TextLine ID="eSc_line_0526a0f5"
                         BASELINE="631 1375 935 1369"
                         HPOS="621"
                         VPOS="1299"
                         WIDTH="320"
                         HEIGHT="127"
                         TAGREFS="LT118">
                  <Shape>
                     <Polygon POINTS="631 1375 621 1324 926 1299 935 1369 941 1381 903 1407 900 1407 897 1407 894 1407 834 1397 792 1391 631 1426"/>
                  </Shape>
                  <String CONTENT="porcs."
                          HPOS="621"
                          VPOS="1299"
                          WIDTH="320"
                          HEIGHT="127"/>
               </TextLine>
               <TextLine ID="eSc_line_5e9f64bf"
                         BASELINE="621 1483 1522 1495 2099 1521 2388 1552"
                         HPOS="615"
                         VPOS="1384"
                         WIDTH="1773"
                         HEIGHT="175"
                         TAGREFS="LT118">
                  <Shape>
                     <Polygon POINTS="621 1483 621 1413 669 1413 672 1413 704 1384 707 1384 710 1384 713 1384 716 1384 827 1413 849 1419 865 1413 900 1400 903 1400 907 1400 986 1416 992 1416 995 1416 1021 1394 1024 1394 1027 1394 1030 1394 1167 1416 1202 1422 1211 1419 1246 1400 1249 1400 1252 1400 1255 1400 1319 1419 1332 1422 1344 1419 1395 1403 1398 1403 1401 1403 1404 1403 1458 1419 1515 1441 1731 1445 1801 1426 1829 1416 1833 1416 1836 1416 1839 1416 1842 1416 1842 1419 1852 1426 1877 1451 1953 1451 2143 1429 2172 1426 2175 1426 2178 1426 2182 1426 2185 1429 2235 1457 2384 1432 2388 1552 2381 1559 2058 1533 1902 1546 1890 1546 1887 1546 1883 1546 1880 1546 1855 1524 1718 1521 1636 1540 1626 1540 1623 1540 1620 1540 1617 1540 1573 1518 1522 1537 1515 1537 1512 1537 1509 1537 1506 1537 1503 1537 1503 1533 1500 1533 1484 1514 1430 1533 1427 1533 1424 1533 1420 1533 1408 1533 1278 1508 1106 1524 1087 1524 1084 1524 1081 1524 1078 1524 1078 1521 1056 1502 1027 1518 1024 1518 1021 1518 1018 1518 948 1499 875 1518 869 1518 865 1518 862 1518 615 1508"/>
                  </Shape>
                  <String CONTENT="Dit avoir frotte une vergette de la graise Que"
                          HPOS="615"
                          VPOS="1384"
                          WIDTH="1773"
                          HEIGHT="175"/>
               </TextLine>
               <TextLine ID="eSc_line_f114ece8"
                         BASELINE="681 1568 1607 1581 2369 1619"
                         HPOS="675"
                         VPOS="1492"
                         WIDTH="1694"
                         HEIGHT="152"
                         TAGREFS="LT118">
                  <Shape>
                     <Polygon POINTS="681 1568 675 1511 719 1492 723 1492 726 1492 1021 1492 1151 1524 1157 1524 1163 1524 1265 1511 1268 1511 1360 1527 1404 1505 1408 1505 1411 1505 1525 1524 1544 1508 1547 1508 1550 1508 1554 1508 1557 1508 1560 1508 1588 1530 1611 1511 1614 1511 1617 1511 1620 1511 1696 1511 1699 1511 1753 1540 1798 1518 1801 1518 1804 1518 1807 1518 1868 1543 1868 1546 2013 1546 2045 1524 2048 1524 2051 1524 2055 1524 2058 1524 2061 1524 2061 1527 2086 1549 2090 1549 2191 1533 2194 1533 2197 1533 2201 1533 2226 1552 2229 1556 2369 1559 2369 1619 2365 1644 2159 1644 2156 1641 2153 1641 2150 1641 2147 1638 2105 1613 1899 1632 1871 1632 1868 1632 1782 1628 1779 1628 1776 1628 1776 1625 1747 1603 1703 1616 1699 1616 1696 1616 1471 1594 1420 1609 1417 1609 1414 1609 1411 1609 1357 1587 1224 1587 1170 1613 1163 1613 1160 1613 1157 1613 1154 1613 1144 1609 1065 1584 983 1606 980 1606 976 1606 973 1606 970 1606 967 1606 897 1587 840 1603 834 1603 830 1603 827 1603 824 1603 821 1603 789 1581 678 1597"/>
                  </Shape>
                  <String CONTENT="sondit maitre lui avoit donne et en avoir frappe"
                          HPOS="675"
                          VPOS="1492"
                          WIDTH="1694"
                          HEIGHT="152"/>
               </TextLine>
               <TextLine ID="eSc_line_25b37cf7"
                         BASELINE="646 1654 938 1651 2423 1705"
                         HPOS="637"
                         VPOS="1559"
                         WIDTH="1786"
                         HEIGHT="174"
                         TAGREFS="LT118">
                  <Shape>
                     <Polygon POINTS="646 1654 637 1581 685 1559 688 1559 691 1559 694 1559 697 1559 697 1562 719 1581 719 1584 723 1581 777 1562 780 1562 783 1562 786 1562 837 1584 843 1587 846 1584 894 1565 897 1565 900 1565 903 1565 957 1587 1008 1575 1011 1575 1014 1575 1018 1575 1021 1575 1040 1590 1046 1597 1163 1600 1179 1594 1208 1578 1211 1578 1214 1578 1217 1578 1268 1594 1297 1603 1341 1597 1420 1584 1424 1584 1519 1600 1611 1619 1852 1622 1868 1609 1877 1603 1877 1600 1880 1600 1883 1600 1887 1600 1950 1600 2156 1609 2159 1609 2162 1609 2162 1613 2166 1613 2166 1616 2182 1635 2419 1622 2423 1705 2419 1720 2242 1733 2239 1733 2235 1733 2232 1733 2232 1730 2216 1717 2210 1711 2191 1717 2166 1724 2162 1724 2159 1724 2156 1724 2134 1714 2115 1708 2099 1714 2061 1727 2058 1727 2055 1727 2051 1727 2048 1727 2048 1724 2036 1711 2029 1708 2010 1711 1966 1720 1963 1720 1874 1708 1776 1695 1687 1705 1607 1711 1604 1711 1601 1711 1598 1711 1585 1701 1563 1689 1436 1698 1363 1701 1360 1701 1319 1695 1227 1676 1167 1692 1148 1695 1144 1695 1141 1695 1138 1695 1125 1689 1084 1673 872 1679 869 1679 865 1679 862 1679 862 1676 859 1676 853 1663 811 1682 808 1682 805 1682 802 1682 799 1682 796 1682 745 1663 643 1676"/>
                  </Shape>
                  <String CONTENT="La fille Caspar vallat questoit devenue malade"
                          HPOS="637"
                          VPOS="1559"
                          WIDTH="1786"
                          HEIGHT="174"/>
               </TextLine>
               <TextLine ID="eSc_line_d4a89bd5"
                         BASELINE="640 1730 2384 1784"
                         HPOS="631"
                         VPOS="1657"
                         WIDTH="1753"
                         HEIGHT="196"
                         TAGREFS="LT118">
                  <Shape>
                     <Polygon POINTS="640 1730 637 1670 840 1657 843 1657 846 1657 910 1676 941 1685 967 1679 1011 1663 1014 1663 1018 1663 1170 1682 1173 1682 1249 1670 1252 1670 1255 1670 1259 1670 1281 1685 1293 1698 1357 1701 1734 1708 1772 1701 1833 1689 1836 1689 1839 1689 1871 1705 1893 1714 1921 1705 1966 1692 1969 1692 1972 1692 1975 1692 2042 1708 2055 1711 2074 1711 2162 1701 2166 1701 2169 1701 2172 1701 2188 1714 2204 1724 2378 1720 2384 1784 2378 1819 2283 1812 2277 1815 2229 1853 2226 1853 2223 1853 2220 1853 1972 1847 1969 1847 1966 1847 1887 1796 1858 1781 1785 1793 1722 1803 1718 1803 1601 1784 1573 1781 1560 1784 1404 1828 1401 1828 1398 1828 1395 1828 1392 1828 1319 1784 1278 1803 1274 1803 1271 1803 1268 1803 1265 1803 1214 1768 1205 1762 1157 1765 1132 1765 1091 1796 1087 1796 1084 1796 1081 1796 1078 1796 1075 1796 1027 1762 960 1755 929 1752 926 1752 903 1771 900 1771 897 1771 894 1771 891 1771 888 1771 869 1755 818 1800 815 1800 811 1800 808 1800 805 1800 802 1800 751 1758 688 1765 685 1765 681 1765 631 1739"/>
                  </Shape>
                  <String CONTENT="Mais quicelle devint guairie avec des cholz que"
                          HPOS="631"
                          VPOS="1657"
                          WIDTH="1753"
                          HEIGHT="196"/>
               </TextLine>
               <TextLine ID="eSc_line_fc6bf88f"
                         BASELINE="632 1822 926 1831 1458 1857 1921 1860"
                         HPOS="624"
                         VPOS="1746"
                         WIDTH="1294"
                         HEIGHT="155"
                         TAGREFS="LT118">
                  <Shape>
                     <Polygon POINTS="631 1819 627 1749 751 1746 754 1746 757 1746 761 1746 761 1749 767 1752 786 1774 843 1755 865 1749 869 1749 872 1749 967 1758 970 1758 973 1758 973 1762 976 1762 992 1784 1148 1784 1173 1768 1189 1762 1192 1762 1195 1762 1198 1762 1202 1762 1214 1771 1243 1787 1290 1774 1309 1768 1313 1768 1316 1768 1319 1768 1322 1768 1322 1771 1325 1771 1328 1774 1341 1793 1392 1793 1477 1781 1487 1781 1490 1781 1503 1781 1566 1796 1614 1787 1671 1774 1674 1774 1677 1774 1680 1774 1696 1790 1703 1793 1718 1790 1791 1777 1795 1777 1918 1800 1918 1857 1912 1885 1795 1876 1769 1885 1741 1901 1738 1901 1734 1901 1731 1901 1703 1885 1684 1879 1646 1885 1620 1891 1617 1891 1582 1885 1484 1869 1398 1885 1395 1885 1392 1885 1389 1885 1357 1863 1249 1879 1246 1879 1135 1857 1046 1885 1011 1898 1008 1898 1005 1898 624 1885"/>
                  </Shape>
                  <String CONTENT="lom fust prendre au Curtil delle"
                          HPOS="624"
                          VPOS="1746"
                          WIDTH="1294"
                          HEIGHT="155"/>
               </TextLine>
               <TextLine ID="eSc_line_e29ff9a2"
                         BASELINE="624 1968 2131 1993 2312 2009"
                         HPOS="621"
                         VPOS="1882"
                         WIDTH="1691"
                         HEIGHT="152"
                         TAGREFS="LT118">
                  <Shape>
                     <Polygon POINTS="624 1968 624 1882 688 1882 691 1882 694 1882 754 1914 865 1888 888 1885 891 1885 894 1885 897 1885 903 1891 941 1917 1033 1901 1037 1901 1328 1923 1379 1907 1420 1895 1424 1895 1427 1895 1604 1901 1607 1901 1642 1917 1671 1930 1696 1920 1709 1914 1712 1914 1715 1914 1785 1923 1871 1933 1896 1926 1944 1911 1947 1911 1950 1911 1953 1911 1956 1911 1985 1930 1994 1936 2007 1930 2061 1907 2064 1907 2067 1907 2071 1907 2140 1936 2156 1942 2312 1942 2312 2009 2308 2034 2197 2034 2194 2031 2191 2031 2188 2031 2159 2012 2048 2028 2029 2028 2026 2028 2023 2028 2020 2028 2020 2025 2001 2009 1858 2021 1823 2025 1820 2025 1817 2025 1807 2021 1760 2002 1639 2018 1601 2021 1598 2021 1595 2021 1592 2021 1585 2015 1563 2002 1468 2015 1424 2018 1420 2018 1354 2012 1198 1993 621 1993"/>
                  </Shape>
                  <String CONTENT="Quelle alloit au rond bois de millandre au"
                          HPOS="621"
                          VPOS="1882"
                          WIDTH="1691"
                          HEIGHT="152"/>
               </TextLine>
               <TextLine ID="eSc_line_5abf29e8"
                         BASELINE="602 2050 1389 2056 2308 2082"
                         HPOS="599"
                         VPOS="1983"
                         WIDTH="1709"
                         HEIGHT="137"
                         TAGREFS="LT118">
                  <Shape>
                     <Polygon POINTS="602 2050 602 1983 2305 2028 2308 2082 2305 2113 1722 2120 1718 2120 1715 2120 1665 2101 1620 2085 1601 2101 1585 2113 1582 2113 1579 2113 1576 2113 1573 2113 1538 2101 1484 2078 1338 2091 1335 2091 1332 2091 1328 2091 1328 2088 1325 2088 1316 2075 1176 2075 1148 2091 1122 2107 1119 2107 1116 2107 1116 2110 999 2110 995 2107 992 2107 989 2107 964 2088 935 2069 897 2069 878 2085 859 2101 859 2104 856 2104 853 2104 849 2104 846 2104 792 2085 738 2066 599 2078"/>
                  </Shape>
                  <String CONTENT="Sabath et quelle avoit allors sa compagnie"
                          HPOS="599"
                          VPOS="1983"
                          WIDTH="1709"
                          HEIGHT="137"/>
               </TextLine>
               <TextLine ID="eSc_line_1d4576d2"
                         BASELINE="1043 2250 1217 2231 1458 2227 2280 2246"
                         HPOS="1037"
                         VPOS="2139"
                         WIDTH="1246"
                         HEIGHT="152"
                         TAGREFS="LT118">
                  <Shape>
                     <Polygon POINTS="1043 2250 1040 2170 1243 2170 1274 2155 1278 2155 1281 2155 1284 2155 1341 2170 1433 2139 1436 2139 1439 2139 1598 2151 1601 2151 1604 2151 1626 2170 1763 2145 1766 2145 1769 2145 1849 2177 1861 2180 1874 2177 1960 2148 1963 2148 1966 2148 1969 2148 2058 2177 2080 2183 2112 2177 2220 2158 2223 2158 2226 2158 2283 2180 2280 2246 2277 2256 2121 2291 2118 2291 1887 2259 1798 2250 1699 2262 1639 2269 1636 2269 1633 2269 1630 2269 1623 2262 1601 2246 1541 2246 1519 2262 1500 2281 1496 2281 1493 2281 1490 2281 1487 2281 1484 2281 1458 2262 1436 2250 1357 2265 1281 2278 1278 2278 1274 2278 1271 2278 1255 2265 1224 2240 1163 2265 1141 2275 1138 2275 1135 2275 1037 2265"/>
                  </Shape>
                  <String CONTENT="Le 19 dudit mois du matin sans"
                          HPOS="1037"
                          VPOS="2139"
                          WIDTH="1246"
                          HEIGHT="152"/>
               </TextLine>
               <TextLine ID="eSc_line_41b2eb59"
                         BASELINE="1078 2313 1921 2303"
                         HPOS="1075"
                         VPOS="2237"
                         WIDTH="846"
                         HEIGHT="130"
                         TAGREFS="LT118">
                  <Shape>
                     <Polygon POINTS="1078 2313 1075 2246 1151 2259 1221 2246 1252 2243 1255 2243 1259 2243 1274 2250 1313 2262 1332 2250 1344 2240 1347 2240 1351 2240 1354 2240 1357 2240 1360 2240 1373 2250 1389 2259 1417 2250 1452 2240 1455 2240 1458 2240 1515 2253 1557 2259 1592 2253 1674 2237 1677 2237 1680 2237 1718 2256 1725 2259 1915 2259 1921 2303 1921 2338 1807 2357 1804 2357 1801 2357 1776 2345 1760 2335 1554 2345 1550 2345 1547 2345 1519 2329 1474 2354 1458 2361 1455 2361 1452 2361 1449 2361 1446 2361 1446 2357 1439 2354 1411 2329 1259 2329 1211 2361 1208 2364 1205 2364 1202 2364 1202 2367 1078 2367"/>
                  </Shape>
                  <String CONTENT="gehenne ni torture."
                          HPOS="1075"
                          VPOS="2237"
                          WIDTH="846"
                          HEIGHT="130"/>
               </TextLine>
               <TextLine ID="eSc_line_f3eabbe0"
                         BASELINE="627 2449 1357 2449 2432 2484"
                         HPOS="624"
                         VPOS="2348"
                         WIDTH="1808"
                         HEIGHT="177"
                         TAGREFS="LT118">
                  <Shape>
                     <Polygon POINTS="627 2449 624 2357 726 2348 729 2348 732 2348 735 2348 735 2351 745 2357 757 2370 777 2357 780 2357 783 2357 786 2357 789 2357 792 2357 830 2373 900 2361 938 2354 941 2354 945 2354 967 2361 1027 2380 1202 2364 1268 2361 1271 2361 1274 2361 1290 2367 1338 2386 1496 2370 1535 2367 1538 2367 1541 2367 1550 2370 1598 2392 1703 2376 1706 2376 1709 2376 1712 2376 1741 2395 1782 2380 1785 2380 1788 2380 1883 2399 2004 2376 2020 2376 2023 2376 2055 2380 2308 2408 2429 2386 2432 2484 2426 2513 2242 2494 2197 2494 2182 2513 2169 2522 2169 2525 2166 2525 2162 2525 2159 2525 2045 2522 2042 2522 2039 2522 2020 2509 1985 2487 1871 2500 1868 2500 1864 2500 1861 2500 1829 2478 1706 2484 1684 2506 1677 2509 1677 2513 1674 2513 1671 2513 1668 2513 1468 2509 1465 2509 1462 2509 1452 2503 1398 2465 1278 2465 1091 2494 1087 2494 1084 2494 1081 2494 1046 2462 938 2462 881 2494 878 2494 875 2494 872 2494 869 2494 865 2494 827 2462 770 2462 624 2490"/>
                  </Shape>
                  <String CONTENT="Icelle a repete et recognuz les articles cydevant"
                          HPOS="624"
                          VPOS="2348"
                          WIDTH="1808"
                          HEIGHT="177"/>
               </TextLine>
               <TextLine ID="eSc_line_1649c1aa"
                         BASELINE="653 2525 1462 2519"
                         HPOS="643"
                         VPOS="2449"
                         WIDTH="822"
                         HEIGHT="137"
                         TAGREFS="LT118">
                  <Shape>
                     <Polygon POINTS="653 2525 643 2478 700 2452 704 2452 707 2452 710 2452 789 2471 900 2452 903 2452 907 2452 957 2465 1059 2449 1062 2449 1065 2449 1068 2449 1087 2465 1094 2468 1452 2456 1462 2519 1465 2538 1398 2567 1395 2567 1392 2567 1389 2567 1347 2544 1338 2541 1103 2541 1059 2560 995 2586 992 2586 989 2586 650 2579"/>
                  </Shape>
                  <String CONTENT="escriptz sans variation."
                          HPOS="643"
                          VPOS="2449"
                          WIDTH="822"
                          HEIGHT="137"/>
               </TextLine>
               <TextLine ID="eSc_line_4c80c24d"
                         BASELINE="1119 2674 1829 2665"
                         HPOS="1106"
                         VPOS="2576"
                         WIDTH="723"
                         HEIGHT="133"
                         TAGREFS="LT118">
                  <Shape>
                     <Polygon POINTS="1119 2674 1106 2614 1154 2582 1157 2582 1160 2582 1163 2582 1325 2608 1430 2582 1433 2582 1436 2582 1439 2582 1490 2601 1512 2582 1512 2579 1515 2579 1519 2579 1522 2579 1525 2579 1592 2595 1639 2576 1642 2576 1646 2576 1649 2576 1715 2605 1823 2605 1829 2665 1829 2681 1528 2703 1525 2703 1522 2703 1493 2696 1433 2681 1373 2700 1354 2706 1351 2706 1347 2706 1344 2706 1341 2706 1341 2703 1338 2703 1319 2684 1230 2684 1119 2709"/>
                  </Shape>
                  <String CONTENT="Le 21 dudit mois"
                          HPOS="1106"
                          VPOS="2576"
                          WIDTH="723"
                          HEIGHT="133"/>
               </TextLine>
               <TextLine ID="eSc_line_9ce639f7"
                         BASELINE="631 2779 2286 2795"
                         HPOS="627"
                         VPOS="2687"
                         WIDTH="1659"
                         HEIGHT="136"
                         TAGREFS="LT118">
                  <Shape>
                     <Polygon POINTS="631 2779 631 2687 811 2703 846 2693 853 2690 856 2690 859 2690 862 2690 872 2693 964 2725 1037 2700 1040 2700 1043 2700 1046 2700 1049 2700 1075 2719 1192 2703 1268 2693 1271 2693 1274 2693 1278 2693 1290 2706 1309 2722 1360 2709 1404 2696 1408 2696 1411 2696 1414 2696 1465 2712 1506 2722 1563 2715 1604 2709 1607 2709 1611 2709 1626 2715 1665 2734 1817 2734 1855 2722 1947 2700 1950 2700 1953 2700 1956 2700 2026 2728 2045 2738 2286 2738 2286 2795 2283 2804 2112 2823 2109 2823 1979 2807 1604 2817 1601 2817 1598 2817 1595 2817 1579 2804 1569 2801 1401 2801 1389 2804 1373 2817 1370 2817 1366 2817 1363 2817 1360 2817 1319 2804 1290 2798 1271 2804 1252 2814 1249 2814 1249 2817 1065 2817 1062 2814 1059 2814 1056 2814 1049 2804 1037 2798 948 2804 888 2811 884 2811 881 2811 878 2811 872 2804 853 2795 627 2804"/>
                  </Shape>
                  <String CONTENT="Surce que Alix vefve George Rossel lavoit"
                          HPOS="627"
                          VPOS="2687"
                          WIDTH="1659"
                          HEIGHT="136"/>
               </TextLine>
               <TextLine ID="eSc_line_97acc34b"
                         BASELINE="659 2852 2273 2871"
                         HPOS="656"
                         VPOS="2785"
                         WIDTH="1617"
                         HEIGHT="124"
                         TAGREFS="LT118">
                  <Shape>
                     <Polygon POINTS="659 2852 659 2785 894 2785 897 2785 900 2785 932 2807 1192 2807 1217 2792 1224 2785 1227 2785 1230 2785 1233 2785 1293 2792 1465 2811 1490 2795 1493 2795 1496 2795 1500 2795 1503 2795 1633 2811 1668 2795 1677 2792 1680 2792 1684 2792 1687 2792 1699 2795 1734 2807 1776 2798 1798 2792 1801 2792 1804 2792 1807 2792 1820 2798 1855 2814 1880 2798 1890 2792 1893 2792 1896 2792 1899 2792 2270 2804 2273 2871 2270 2883 2137 2883 2083 2909 2080 2909 2077 2909 1991 2906 1988 2906 1985 2906 1956 2883 1950 2880 1804 2880 1798 2883 1776 2902 1776 2906 1772 2906 1769 2906 1766 2906 1668 2899 1665 2899 1661 2899 1646 2887 1636 2877 1595 2887 1557 2893 1554 2893 1512 2887 1465 2877 1452 2887 1439 2896 1439 2899 1436 2899 1433 2899 1430 2899 1427 2899 1401 2887 1373 2874 1341 2887 1309 2899 1306 2899 1303 2899 1300 2899 1252 2887 1186 2871 1135 2890 1113 2896 1110 2896 1110 2899 929 2899 926 2896 922 2896 919 2896 919 2893 913 2890 897 2874 865 2890 856 2893 853 2893 849 2893 827 2890 735 2874 656 2890"/>
                  </Shape>
                  <String CONTENT="accuse destre sa complice et sur les inficiat"
                          HPOS="656"
                          VPOS="2785"
                          WIDTH="1617"
                          HEIGHT="124"/>
               </TextLine>
               <TextLine ID="eSc_line_9af084dd"
                         BASELINE="659 2931 2235 2940"
                         HPOS="650"
                         VPOS="2861"
                         WIDTH="1585"
                         HEIGHT="111"
                         TAGREFS="LT118">
                  <Shape>
                     <Polygon POINTS="659 2931 659 2874 1103 2877 1122 2871 1148 2861 1151 2861 1154 2861 1157 2861 1189 2871 1227 2880 1290 2871 1332 2864 1335 2864 1370 2871 1420 2880 1433 2871 1439 2864 1443 2864 1446 2864 1449 2864 1579 2864 1582 2864 1585 2864 1585 2868 1588 2871 1601 2880 1785 2868 1823 2868 1826 2868 1871 2868 2188 2883 2226 2868 2235 2940 2229 2966 2137 2953 2112 2966 2105 2969 2102 2969 1887 2972 1883 2972 1791 2960 1725 2953 1668 2960 1588 2969 1585 2969 1582 2969 1550 2956 1528 2950 1328 2950 1316 2953 1281 2969 1278 2969 1274 2969 1271 2969 1268 2969 1252 2953 1249 2950 1240 2953 1208 2963 1205 2963 1202 2963 1129 2950 1094 2947 1068 2950 989 2966 986 2966 983 2966 980 2966 960 2950 957 2947 945 2950 862 2966 859 2966 856 2966 853 2966 834 2947 830 2947 827 2947 735 2966 732 2966 729 2966 650 2944"/>
                  </Shape>
                  <String CONTENT="negations dicelle Adelheit icelle fust mis"
                          HPOS="650"
                          VPOS="2861"
                          WIDTH="1585"
                          HEIGHT="111"/>
               </TextLine>
               <TextLine ID="eSc_line_af64be38"
                         BASELINE="650 3017 2302 3017"
                         HPOS="643"
                         VPOS="2947"
                         WIDTH="1659"
                         HEIGHT="133"
                         TAGREFS="LT118">
                  <Shape>
                     <Polygon POINTS="650 3017 643 2969 697 2947 700 2947 704 2947 799 2966 805 2966 808 2966 907 2947 910 2947 1018 2963 1040 2966 1043 2963 1065 2947 1068 2947 1071 2947 1075 2947 1287 2947 1290 2947 1293 2947 1293 2950 1306 2960 1313 2969 1801 2969 1833 2953 1845 2947 1849 2947 1852 2947 1883 2950 1972 2966 1991 2950 1994 2947 1998 2947 2001 2947 2004 2947 2169 2947 2172 2947 2175 2947 2213 2966 2229 2950 2229 2947 2232 2947 2235 2947 2239 2947 2302 2947 2302 3017 2299 3077 2102 3061 2010 3070 1960 3077 1956 3077 1953 3077 1937 3070 1874 3039 1845 3064 1845 3067 1842 3067 1839 3067 1836 3067 1833 3067 1829 3067 1791 3058 1779 3067 1763 3077 1760 3077 1757 3077 1757 3080 1538 3080 1535 3077 1531 3077 1528 3077 1506 3061 1496 3055 1449 3058 1366 3067 1363 3067 1360 3067 1357 3067 1344 3058 1325 3042 1227 3036 650 3039"/>
                  </Shape>
                  <String CONTENT="a la torture, Ou elle recognut les faitz"
                          HPOS="643"
                          VPOS="2947"
                          WIDTH="1659"
                          HEIGHT="133"/>
               </TextLine>
               <TextLine ID="eSc_line_1357b335"
                         BASELINE="631 3089 837 3083"
                         HPOS="621"
                         VPOS="3007"
                         WIDTH="216"
                         HEIGHT="130"
                         TAGREFS="LT118">
                  <Shape>
                     <Polygon POINTS="631 3089 621 3010 827 3007 837 3083 834 3127 685 3112 634 3137"/>
                  </Shape>
                  <String CONTENT="predits"
                          HPOS="621"
                          VPOS="3007"
                          WIDTH="216"
                          HEIGHT="130"/>
               </TextLine>
               <TextLine ID="eSc_line_c5e417d4"
                         BASELINE="631 3169 2391 3169"
                         HPOS="627"
                         VPOS="3089"
                         WIDTH="1764"
                         HEIGHT="124"
                         TAGREFS="LT118">
                  <Shape>
                     <Polygon POINTS="631 3169 631 3108 834 3108 837 3105 859 3089 862 3089 865 3089 869 3089 1160 3105 1192 3105 1214 3105 1379 3089 1382 3089 1477 3105 1496 3105 1531 3102 1706 3089 1709 3089 2391 3102 2391 3169 2384 3207 2312 3188 2188 3207 2156 3210 2156 3213 2061 3213 2058 3210 2055 3210 2051 3210 2051 3207 2048 3204 2029 3188 1893 3204 1829 3210 1826 3210 1785 3204 1709 3188 1487 3200 1351 3207 1347 3207 1344 3207 1313 3197 1281 3191 1265 3197 1243 3210 1240 3210 1236 3210 627 3191"/>
                  </Shape>
                  <String CONTENT="Mais que oncques elle navoit heu complices ni"
                          HPOS="627"
                          VPOS="3089"
                          WIDTH="1764"
                          HEIGHT="124"/>
               </TextLine>
               <TextLine ID="eSc_line_759bdc1c"
                         BASELINE="656 3245 2378 3251"
                         HPOS="646"
                         VPOS="3172"
                         WIDTH="1732"
                         HEIGHT="123"
                         TAGREFS="LT118">
                  <Shape>
                     <Polygon POINTS="656 3245 646 3194 666 3175 666 3172 669 3172 672 3172 675 3172 773 3191 789 3197 1008 3197 1014 3191 1030 3175 1033 3175 1037 3175 1040 3175 1043 3175 1046 3175 1065 3191 1068 3194 1087 3191 1148 3175 1151 3175 1154 3175 1157 3175 1160 3175 1160 3178 1173 3188 1179 3197 1328 3197 1335 3188 1351 3175 1351 3172 1354 3172 1357 3172 1360 3172 1446 3172 1449 3172 1487 3188 1515 3197 1541 3188 1563 3175 1566 3175 1569 3175 1671 3185 1785 3197 1826 3185 1852 3175 1855 3175 1858 3175 2020 3175 2023 3175 2042 3181 2077 3197 2372 3181 2378 3251 2372 3276 2261 3267 2242 3276 2223 3292 2220 3292 2216 3292 1902 3295 1899 3295 1896 3295 1855 3276 1738 3295 1734 3295 1731 3295 1728 3295 1690 3273 1677 3264 1481 3264 1462 3270 1414 3292 1411 3292 1408 3292 1313 3273 1268 3292 1265 3292 1262 3292 1160 3270 1135 3264 1087 3267 926 3286 922 3286 919 3286 875 3267 865 3264 849 3267 729 3292 726 3292 723 3292 646 3264"/>
                  </Shape>
                  <String CONTENT="compagne sinon son maitre et surce sostint"
                          HPOS="646"
                          VPOS="3172"
                          WIDTH="1732"
                          HEIGHT="123"/>
               </TextLine>
               <TextLine ID="eSc_line_55f6041f"
                         BASELINE="596 3343 669 3327 1554 3314"
                         HPOS="586"
                         VPOS="3248"
                         WIDTH="968"
                         HEIGHT="123"
                         TAGREFS="LT118">
                  <Shape>
                     <Polygon POINTS="596 3343 586 3254 764 3270 792 3254 796 3251 799 3251 802 3251 1052 3248 1056 3248 1059 3248 1071 3254 1106 3270 1198 3254 1227 3251 1230 3251 1233 3251 1243 3254 1265 3267 1544 3257 1554 3314 1547 3343 1224 3340 1192 3356 1179 3362 1176 3362 1173 3362 1141 3356 1071 3343 1014 3362 999 3365 995 3365 992 3365 913 3362 691 3356 596 3371"/>
                  </Shape>
                  <String CONTENT="La question constamment."
                          HPOS="586"
                          VPOS="3248"
                          WIDTH="968"
                          HEIGHT="123"/>
               </TextLine>
               <TextLine ID="eSc_line_04390ec6"
                         BASELINE="624 3454 1129 3438 2039 3444"
                         HPOS="621"
                         VPOS="3359"
                         WIDTH="1418"
                         HEIGHT="142"
                         TAGREFS="LT118">
                  <Shape>
                     <Polygon POINTS="624 3454 621 3362 751 3381 821 3365 840 3359 843 3359 846 3359 878 3365 948 3381 989 3365 1008 3359 1011 3359 1014 3359 1157 3368 1325 3381 1341 3371 1366 3359 1370 3359 1373 3359 1474 3375 1490 3375 1503 3375 1620 3359 1623 3359 1626 3359 1630 3359 1655 3378 1658 3378 1661 3378 1703 3359 1706 3359 1709 3359 2036 3384 2039 3444 2036 3501 1855 3501 1852 3498 1849 3498 1725 3460 1240 3460 1163 3498 1160 3498 1160 3501 1046 3501 1043 3498 1040 3498 1037 3498 992 3460 922 3460 891 3482 888 3482 884 3482 881 3482 878 3482 875 3482 862 3470 837 3489 834 3489 830 3489 624 3501"/>
                  </Shape>
                  <String CONTENT="Confesse les porcs Guille bel du prai"
                          HPOS="621"
                          VPOS="3359"
                          WIDTH="1418"
                          HEIGHT="142"/>
               </TextLine>
            </TextBlock>
            <TextBlock HPOS="88"
                       VPOS="1673"
                       WIDTH="503"
                       HEIGHT="377"
                       ID="eSc_textblock_bc4ed866"
                       TAGREFS="BT368">
               <Shape>
                  <Polygon POINTS="542 1987 250 2050 88 2012 88 1685 591 1673 587 1884"/>
               </Shape>
               <TextLine ID="eSc_line_c0f64156"
                         BASELINE="76 1730 532 1724"
                         HPOS="69"
                         VPOS="1654"
                         WIDTH="463"
                         HEIGHT="104"
                         TAGREFS="LT118">
                  <Shape>
                     <Polygon POINTS="76 1730 69 1660 152 1676 269 1663 355 1654 358 1654 526 1670 532 1724 529 1743 76 1758"/>
                  </Shape>
                  <String CONTENT="mais ne sait se"
                          HPOS="69"
                          VPOS="1654"
                          WIDTH="463"
                          HEIGHT="104"/>
               </TextLine>
               <TextLine ID="eSc_line_a0e00967"
                         BASELINE="78 1788 520 1784 574 1768"
                         HPOS="66"
                         VPOS="1717"
                         WIDTH="504"
                         HEIGHT="86"
                         TAGREFS="LT118">
                  <Shape>
                     <Polygon POINTS="76 1787 66 1743 104 1724 107 1724 111 1724 298 1730 415 1733 555 1717 570 1765 570 1793 76 1803"/>
                  </Shape>
                  <String CONTENT="Sy celle quest morte"
                          HPOS="66"
                          VPOS="1717"
                          WIDTH="504"
                          HEIGHT="86"/>
               </TextLine>
               <TextLine ID="eSc_line_03e243db"
                         BASELINE="101 1838 585 1834"
                         HPOS="91"
                         VPOS="1777"
                         WIDTH="492"
                         HEIGHT="86"
                         TAGREFS="LT118">
                  <Shape>
                     <Polygon POINTS="98 1834 91 1793 574 1777 583 1831 577 1857 161 1847 101 1863"/>
                  </Shape>
                  <String CONTENT="ou non et ce parce que"
                          HPOS="91"
                          VPOS="1777"
                          WIDTH="492"
                          HEIGHT="86"/>
               </TextLine>
               <TextLine ID="eSc_line_b114f5c5"
                         BASELINE="101 1882 570 1888"
                         HPOS="95"
                         VPOS="1825"
                         WIDTH="475"
                         HEIGHT="89"
                         TAGREFS="LT118">
                  <Shape>
                     <Polygon POINTS="101 1882 98 1834 564 1825 570 1888 564 1914 95 1904"/>
                  </Shape>
                  <String CONTENT="quelle ne lui avoit"
                          HPOS="95"
                          VPOS="1825"
                          WIDTH="475"
                          HEIGHT="89"/>
               </TextLine>
               <TextLine ID="eSc_line_419ad2fd"
                         BASELINE="91 1942 542 1936"
                         HPOS="85"
                         VPOS="1882"
                         WIDTH="457"
                         HEIGHT="89"
                         TAGREFS="LT118">
                  <Shape>
                     <Polygon POINTS="91 1942 85 1888 532 1882 542 1936 539 1968 91 1971"/>
                  </Shape>
                  <String CONTENT="voulus donner des"
                          HPOS="85"
                          VPOS="1882"
                          WIDTH="457"
                          HEIGHT="89"/>
               </TextLine>
               <TextLine ID="eSc_line_dbc0aa7b"
                         BASELINE="101 2009 371 1996"
                         HPOS="91"
                         VPOS="1939"
                         WIDTH="280"
                         HEIGHT="139"
                         TAGREFS="LT118">
                  <Shape>
                     <Polygon POINTS="98 2006 91 1952 358 1939 367 1993 371 2040 234 2078 231 2078 228 2078 98 2053"/>
                  </Shape>
                  <String CONTENT="Blaisons"
                          HPOS="91"
                          VPOS="1939"
                          WIDTH="280"
                          HEIGHT="139"/>
               </TextLine>
            </TextBlock>
            <TextBlock HPOS="2331"
                       VPOS="3612"
                       WIDTH="60"
                       HEIGHT="73"
                       ID="eSc_textblock_5f942a43"
                       TAGREFS="BT371">
               <Shape>
                  <Polygon POINTS="2391 3625 2378 3685 2331 3685 2331 3612"/>
               </Shape>
               <TextLine ID="eSc_line_c8fcdd0d"
                         BASELINE="2331 3679 2375 3673"
                         HPOS="2308"
                         VPOS="3562"
                         WIDTH="76"
                         HEIGHT="196"
                         TAGREFS="LT118">
                  <Shape>
                     <Polygon POINTS="2331 3679 2308 3577 2350 3562 2375 3673 2384 3752 2337 3758"/>
                  </Shape>
                  <String CONTENT="2" HPOS="2308" VPOS="3562" WIDTH="76" HEIGHT="196"/>
               </TextLine>
            </TextBlock>
         </PrintSpace>
      </Page>
   </Layout>
</alto>
