<alto xmlns:xsi="http://www.w3.org/2001/XMLSchema-instance"
      xmlns="http://www.loc.gov/standards/alto/ns-v4#"
      xsi:schemaLocation="http://www.loc.gov/standards/alto/ns-v4# http://www.loc.gov/standards/alto/v4/alto-4-2.xsd">
   <Description>
      <MeasurementUnit>pixel</MeasurementUnit>
      <sourceImageInformation>
         <fileName>B_168_15-2-2_0004.jpg</fileName>
      </sourceImageInformation>
   </Description>
   <Tags>
      <OtherTag ID="BT365"
                LABEL="MainZone:column"
                DESCRIPTION="block type MainZone:column"/>
      <OtherTag ID="BT367" LABEL="MainZone" DESCRIPTION="block type MainZone"/>
      <OtherTag ID="BT368"
                LABEL="MarginTextZone"
                DESCRIPTION="block type MarginTextZone"/>
      <OtherTag ID="BT369"
                LABEL="MarginTextZone:note"
                DESCRIPTION="block type MarginTextZone:note"/>
      <OtherTag ID="BT370"
                LABEL="NumberingZone:other"
                DESCRIPTION="block type NumberingZone:other"/>
      <OtherTag ID="BT371"
                LABEL="NumberingZone:page"
                DESCRIPTION="block type NumberingZone:page"/>
      <OtherTag ID="BT379"
                LABEL="DecorationZone"
                DESCRIPTION="block type DecorationZone"/>
      <OtherTag ID="BT380"
                LABEL="CustomZone:signature"
                DESCRIPTION="block type CustomZone:signature"/>
      <OtherTag ID="LT118" LABEL="DefaultLine" DESCRIPTION="line type DefaultLine"/>
      <OtherTag ID="LT119" LABEL="HeadingLine" DESCRIPTION="line type HeadingLine"/>
      <OtherTag ID="LT120"
                LABEL="InterlinearLine"
                DESCRIPTION="line type InterlinearLine"/>
   </Tags>
   <Layout>
      <Page WIDTH="2549"
            HEIGHT="3736"
            PHYSICAL_IMG_NR="6"
            ID="eSc_dummypage_">
         <PrintSpace HPOS="0" VPOS="0" WIDTH="2549" HEIGHT="3736">
            <TextBlock HPOS="137"
                       VPOS="697"
                       WIDTH="501"
                       HEIGHT="171"
                       ID="eSc_textblock_9c5a20ea"
                       TAGREFS="BT369">
               <Shape>
                  <Polygon POINTS="186 868 137 734 174 697 638 697 638 833"/>
               </Shape>
               <TextLine ID="eSc_line_803e05d2"
                         BASELINE="152 775 540 770 626 765"
                         HPOS="143"
                         VPOS="678"
                         WIDTH="480"
                         HEIGHT="125"
                         TAGREFS="LT118">
                  <Shape>
                     <Polygon POINTS="149 772 143 700 380 700 389 694 420 678 423 678 426 678 616 691 623 762 613 797 554 781 324 800 320 800 317 800 190 784 152 803"/>
                  </Shape>
                  <String CONTENT="+ ladite Annelin et"
                          HPOS="143"
                          VPOS="678"
                          WIDTH="480"
                          HEIGHT="125"/>
               </TextLine>
               <TextLine ID="eSc_line_3ae24f8f"
                         BASELINE="177 840 514 826"
                         HPOS="165"
                         VPOS="765"
                         WIDTH="380"
                         HEIGHT="125"
                         TAGREFS="LT118">
                  <Shape>
                     <Polygon POINTS="174 837 165 793 249 768 252 768 255 768 258 768 305 781 317 784 324 778 336 768 336 765 339 765 342 765 345 765 349 765 380 775 405 781 545 788 511 825 504 874 423 859 364 862 355 874 349 884 345 884 345 887 342 887 339 887 211 890 208 890 205 890 168 871"/>
                  </Shape>
                  <String CONTENT="ledit homme"
                          HPOS="165"
                          VPOS="765"
                          WIDTH="380"
                          HEIGHT="125"/>
               </TextLine>
            </TextBlock>
            <TextBlock HPOS="635"
                       VPOS="199"
                       WIDTH="1751"
                       HEIGHT="2574"
                       ID="eSc_textblock_37f2b105"
                       TAGREFS="BT367">
               <Shape>
                  <Polygon POINTS="2374 544 2237 1245 2287 1603 2386 1830 2386 2039 2287 2316 2362 2528 2324 2686 1280 2686 844 2773 698 2736 648 2465 710 1556 698 1307 635 1207 722 884 700 862 700 688 735 632 747 224 785 199 2100 199 2349 236"/>
               </Shape>
               <TextLine ID="eSc_line_5ca67056"
                         BASELINE="757 289 1274 277 2324 280"
                         HPOS="750"
                         VPOS="183"
                         WIDTH="1574"
                         HEIGHT="137"
                         TAGREFS="LT118">
                  <Shape>
                     <Polygon POINTS="757 289 750 189 819 186 822 186 825 186 828 186 828 189 856 214 1103 214 1131 189 1134 186 1137 186 1140 186 1143 186 1290 186 1293 186 1305 193 1355 214 1642 214 1676 193 1692 186 1695 186 1698 186 1916 189 1919 189 1935 196 1984 211 2044 196 2090 183 2094 183 2097 183 2100 183 2150 196 2199 208 2318 199 2324 280 2321 286 1947 317 1947 320 1816 320 1813 317 1810 317 1766 295 1757 292 1741 295 1670 317 1667 317 1664 317 1533 301 1492 295 1486 301 1473 311 1473 314 1470 314 1467 314 1464 314 1461 314 1458 314 1458 311 1445 301 1433 292 757 311"/>
                  </Shape>
                  <String CONTENT="te donnera de largent pour payer lemende"
                          HPOS="750"
                          VPOS="183"
                          WIDTH="1574"
                          HEIGHT="137"/>
               </TextLine>
               <TextLine ID="eSc_line_fda9f4da"
                         BASELINE="757 376 2249 358"
                         HPOS="744"
                         VPOS="286"
                         WIDTH="1505"
                         HEIGHT="124"
                         TAGREFS="LT118">
                  <Shape>
                     <Polygon POINTS="757 376 744 320 772 298 775 298 779 298 782 298 972 317 994 317 1009 314 1109 295 1112 295 1268 311 1296 311 1311 308 1377 292 1380 292 1383 292 1386 292 1436 305 1458 311 1483 305 1533 289 1536 289 1539 289 1698 298 1741 301 1748 298 1773 286 1776 286 1779 286 1782 286 1804 298 1819 305 2240 289 2249 358 2249 373 2178 395 2175 395 2175 398 2171 395 2168 395 2106 376 2103 376 2097 376 2041 395 2037 395 2034 395 2031 395 2028 395 2000 379 1997 376 1972 379 1838 398 1835 398 1763 386 1754 398 1751 398 1751 401 1748 401 1745 401 1745 404 1589 404 1586 401 1582 401 1579 401 1554 386 1548 382 1533 386 1489 398 1486 398 1483 398 1336 389 1255 386 1233 392 1187 407 1184 407 1181 407 1177 407 1128 392 1109 389 1093 395 1056 407 1053 407 1050 407 1047 407 1009 395 994 392 978 395 922 410 919 410 916 410 754 398"/>
                  </Shape>
                  <String CONTENT="des quatre channes de vin que tu as faut."
                          HPOS="744"
                          VPOS="286"
                          WIDTH="1505"
                          HEIGHT="124"/>
               </TextLine>
               <TextLine ID="eSc_line_a95ae087"
                         BASELINE="754 460 2309 448"
                         HPOS="747"
                         VPOS="370"
                         WIDTH="1562"
                         HEIGHT="137"
                         TAGREFS="LT118">
                  <Shape>
                     <Polygon POINTS="754 460 747 389 903 401 941 386 950 382 953 382 956 382 959 382 975 386 1031 401 1071 386 1081 382 1084 382 1087 382 1124 386 1230 398 1268 386 1286 379 1290 379 1293 379 1296 379 1315 386 1336 392 1424 386 1558 373 1561 373 1564 373 1586 382 1611 398 1813 398 1850 382 1879 373 1882 373 1885 373 1888 373 1891 373 1891 376 1900 382 1910 392 1978 382 2072 370 2075 370 2078 370 2103 382 2125 392 2162 382 2196 373 2199 373 2203 373 2206 373 2209 373 2221 382 2240 392 2299 382 2309 448 2302 463 2072 463 2062 470 2031 498 2028 498 2025 498 2022 498 1854 476 1822 473 1785 476 1642 501 1639 501 1635 501 1632 501 1611 482 1592 467 1530 467 1473 467 1449 485 1427 504 1424 504 1420 504 1420 507 1318 507 1315 504 1311 504 1280 488 1237 470 1193 488 1190 488 1187 488 1062 473 1028 495 1022 501 1018 501 1015 501 1012 501 1009 501 1006 501 1000 498 978 482 962 498 953 504 953 507 950 507 947 507 944 507 897 498 841 488 754 501"/>
                  </Shape>
                  <String CONTENT="Surquoi elle respondit quelle ny voulut"
                          HPOS="747"
                          VPOS="370"
                          WIDTH="1562"
                          HEIGHT="137"/>
               </TextLine>
               <TextLine ID="eSc_line_7b4b7a7e"
                         BASELINE="757 566 2352 538"
                         HPOS="747"
                         VPOS="467"
                         WIDTH="1611"
                         HEIGHT="140"
                         TAGREFS="LT118">
                  <Shape>
                     <Polygon POINTS="757 566 747 516 813 485 816 485 819 485 928 510 969 482 972 482 975 482 978 482 1090 482 1093 482 1096 482 1124 501 1156 479 1159 479 1162 479 1165 479 1168 479 1171 479 1202 504 1265 485 1268 485 1271 485 1436 495 1480 476 1483 476 1486 476 1489 476 1530 498 1692 498 1819 467 1822 467 1903 482 1963 467 1966 467 1969 467 2112 488 2118 488 2125 488 2299 470 2302 470 2305 470 2349 485 2352 538 2358 557 2312 588 2309 588 2305 588 2175 591 2171 591 2168 591 2134 575 1997 594 1994 594 1879 566 1860 563 1847 569 1810 585 1807 585 1804 585 1716 569 1664 563 1551 575 1449 585 1445 585 1442 585 1439 585 1430 579 1424 572 1399 579 1286 607 1283 607 1280 607 1277 607 1230 582 1209 572 1118 572 1093 585 1056 603 1053 603 1050 603 1047 603 1012 588 994 579 757 591"/>
                  </Shape>
                  <String CONTENT="aller. Que son mari nestoit en la maison,"
                          HPOS="747"
                          VPOS="467"
                          WIDTH="1611"
                          HEIGHT="140"/>
               </TextLine>
               <TextLine ID="eSc_line_1001d376"
                         BASELINE="747 660 2212 632"
                         HPOS="741"
                         VPOS="551"
                         WIDTH="1471"
                         HEIGHT="155"
                         TAGREFS="LT118">
                  <Shape>
                     <Polygon POINTS="747 660 741 588 891 600 944 585 1003 566 1006 566 1009 566 1012 566 1062 585 1093 594 1106 585 1124 566 1128 566 1131 566 1224 560 1227 560 1230 560 1233 560 1233 563 1255 582 1265 588 1274 582 1286 572 1290 572 1293 572 1296 572 1299 572 1324 582 1355 591 1464 585 1467 582 1492 560 1492 557 1495 557 1498 557 1501 557 1667 566 1707 551 1710 551 1713 551 1841 575 1854 579 1866 575 1935 560 1938 560 1941 560 1944 560 1947 560 1969 575 1975 579 2069 579 2072 575 2103 554 2106 554 2109 554 2112 554 2115 554 2118 554 2118 557 2140 575 2143 575 2203 575 2212 632 2212 678 1938 684 1935 684 1932 684 1919 678 1888 669 1847 678 1816 688 1813 688 1810 688 1807 688 1773 678 1695 660 1664 678 1657 684 1654 684 1651 684 1648 684 1645 684 1629 678 1595 669 1576 678 1548 694 1545 694 1542 694 1539 694 1511 678 1470 660 1346 675 1343 675 1233 663 1084 666 1071 678 1068 681 1068 684 1065 684 1062 684 1059 684 1025 678 972 669 928 678 825 706 822 706 819 706 816 706 741 678"/>
                  </Shape>
                  <String CONTENT="et quil ne vouloit rien faire que par lui"
                          HPOS="741"
                          VPOS="551"
                          WIDTH="1471"
                          HEIGHT="155"/>
               </TextLine>
               <TextLine ID="eSc_line_0a8455d0"
                         BASELINE="723 764 1435 749"
                         HPOS="716"
                         VPOS="650"
                         WIDTH="717"
                         HEIGHT="153"
                         TAGREFS="LT118">
                  <Shape>
                     <Polygon POINTS="722 762 716 672 850 694 1165 656 1181 656 1184 656 1187 656 1190 656 1224 688 1265 688 1280 666 1283 666 1283 663 1286 663 1290 663 1293 663 1296 663 1299 663 1324 678 1420 650 1433 747 1433 765 1346 765 1339 768 1268 797 1265 797 1140 800 1137 800 1134 800 1131 800 1131 797 1109 778 1103 772 972 775 966 781 947 800 947 803 944 803 941 803 937 803 934 803 872 787 866 784 866 787 847 803 844 803 841 803 838 803 835 803 797 787 772 781 722 790"/>
                  </Shape>
                  <String CONTENT="Et sestant departis  + ."
                          HPOS="716"
                          VPOS="650"
                          WIDTH="717"
                          HEIGHT="153"/>
               </TextLine>
               <TextLine ID="eSc_line_096bda75"
                         BASELINE="1445 749 2305 731"
                         HPOS="1436"
                         VPOS="663"
                         WIDTH="866"
                         HEIGHT="127"
                         TAGREFS="LT118">
                  <Shape>
                     <Polygon POINTS="1442 747 1436 691 1582 669 1586 669 1589 669 1657 684 1667 688 1673 684 1720 666 1723 666 1726 666 1844 684 1860 684 1863 684 1891 663 1894 663 1897 663 1900 663 2296 678 2302 728 2299 753 2090 753 2041 765 1991 778 1988 778 1984 778 1981 778 1956 768 1922 756 1798 775 1729 784 1726 784 1723 784 1720 784 1713 778 1688 762 1632 762 1595 784 1589 787 1586 787 1582 787 1582 790 1442 790"/>
                  </Shape>
                  <String CONTENT="Ledit deposant arriva"
                          HPOS="1436"
                          VPOS="663"
                          WIDTH="866"
                          HEIGHT="127"/>
               </TextLine>
               <TextLine ID="eSc_line_903f27f1"
                         BASELINE="741 849 2246 834"
                         HPOS="732"
                         VPOS="759"
                         WIDTH="1514"
                         HEIGHT="134"
                         TAGREFS="LT118">
                  <Shape>
                     <Polygon POINTS="741 849 732 793 782 772 785 772 788 772 966 787 997 790 1006 787 1059 768 1062 768 1065 768 1187 784 1218 787 1262 784 1389 765 1392 765 1455 778 1483 784 1676 784 1685 775 1701 762 1704 762 1707 762 1710 762 1713 762 1741 775 1763 781 1801 772 1841 762 1844 762 1847 762 1850 762 1882 772 1900 775 1947 768 2034 759 2037 759 2041 759 2044 759 2056 768 2072 778 2237 765 2246 834 2243 868 1963 856 1900 874 1872 881 1869 881 1866 881 1863 881 1841 874 1798 859 1679 874 1654 877 1651 877 1611 874 1402 862 1358 877 1352 881 1349 881 1346 881 1330 877 1271 865 1221 881 1215 881 1212 881 1209 881 1205 881 1202 881 1168 865 1152 881 1146 884 1146 887 1143 887 1140 887 1140 890 1075 890 1071 887 1068 887 1065 887 1059 881 1040 865 1000 881 978 890 975 890 975 893 819 893 816 890 813 890 810 890 803 884 785 868 744 884"/>
                  </Shape>
                  <String CONTENT="bien tost apres en la maison, auquel sadite"
                          HPOS="732"
                          VPOS="759"
                          WIDTH="1514"
                          HEIGHT="134"/>
               </TextLine>
               <TextLine ID="eSc_line_562a8d1e"
                         BASELINE="750 943 1492 924 2277 927"
                         HPOS="741"
                         VPOS="849"
                         WIDTH="1536"
                         HEIGHT="128"
                         TAGREFS="LT118">
                  <Shape>
                     <Polygon POINTS="750 943 741 890 822 865 825 865 828 865 832 865 869 884 1003 884 1043 862 1047 862 1050 862 1184 881 1187 881 1212 859 1212 856 1215 856 1218 856 1380 853 1383 853 1386 853 1467 871 1567 853 1570 853 1573 853 1576 853 1604 874 1614 877 1682 877 1692 871 1723 849 1726 849 1729 849 1732 849 1854 849 1857 849 1860 849 1882 868 1888 871 1894 868 1919 849 1922 849 1925 849 1928 849 2022 865 2065 871 2271 862 2277 927 2277 958 2128 965 2125 965 2122 965 2118 965 2112 958 2090 946 2062 958 2056 962 2053 962 2050 962 2047 962 2034 958 1969 940 1872 958 1813 968 1810 968 1807 968 1804 968 1791 958 1769 940 1707 940 1648 955 1595 971 1592 971 1589 971 1586 971 1554 955 1526 943 1414 943 1389 955 1349 974 1346 974 1343 974 1339 974 1299 955 1293 952 1268 955 1103 974 1099 974 1096 974 1059 952 1047 949 972 949 944 952 782 977 779 977 775 977 772 977 741 952"/>
                  </Shape>
                  <String CONTENT="femme lui compta ce que dessus Et en,"
                          HPOS="741"
                          VPOS="849"
                          WIDTH="1536"
                          HEIGHT="128"/>
               </TextLine>
               <TextLine ID="eSc_line_0b9b2d13"
                         BASELINE="729 1039 1551 1024 2268 1030"
                         HPOS="716"
                         VPOS="943"
                         WIDTH="1555"
                         HEIGHT="134"
                         TAGREFS="LT118">
                  <Shape>
                     <Polygon POINTS="729 1039 716 983 747 955 747 952 750 952 754 952 757 952 760 952 832 977 959 977 1162 977 1177 971 1237 949 1240 949 1243 949 1246 949 1290 968 1293 968 1321 949 1324 949 1327 949 1330 949 1533 962 1611 965 1617 958 1629 949 1629 946 1632 946 1635 946 1639 946 1695 955 1735 965 1754 955 1773 946 1776 946 1779 946 1875 952 2056 965 2087 946 2090 946 2094 946 2097 946 2100 946 2103 946 2178 965 2259 943 2268 1030 2271 1046 2187 1067 2184 1067 2181 1067 2178 1067 2112 1049 2094 1042 2075 1049 2013 1070 2009 1070 2006 1070 2003 1070 1925 1052 1888 1070 1885 1070 1885 1074 1763 1074 1760 1070 1757 1070 1754 1070 1726 1052 1716 1046 1664 1052 1589 1061 1586 1061 1545 1052 1523 1049 1514 1052 1473 1074 1470 1074 1467 1074 1336 1055 1290 1049 1230 1049 1215 1055 1174 1077 1171 1077 1168 1077 1084 1058 1059 1052 1034 1058 975 1070 972 1070 969 1070 937 1058 925 1052 916 1058 891 1077 888 1077 884 1077 881 1077 726 1058"/>
                  </Shape>
                  <String CONTENT="lui racomptant elle devint Impotente"
                          HPOS="716"
                          VPOS="943"
                          WIDTH="1555"
                          HEIGHT="134"/>
               </TextLine>
               <TextLine ID="eSc_line_d98e7dc1"
                         BASELINE="698 1148 2237 1127"
                         HPOS="685"
                         VPOS="1046"
                         WIDTH="1555"
                         HEIGHT="137"
                         TAGREFS="LT118">
                  <Shape>
                     <Polygon POINTS="698 1148 685 1086 760 1061 763 1061 766 1061 769 1061 819 1083 847 1064 850 1064 853 1064 856 1064 1096 1080 1121 1080 1128 1080 1162 1055 1165 1055 1168 1055 1171 1055 1174 1055 1224 1067 1352 1052 1355 1052 1477 1070 1530 1052 1533 1052 1536 1052 1660 1070 1664 1070 1670 1070 1804 1046 1807 1046 1916 1067 1919 1067 1925 1067 1994 1049 1997 1049 2000 1049 2090 1064 2094 1064 2134 1046 2137 1046 2140 1046 2231 1064 2237 1127 2240 1139 2215 1158 2212 1158 2209 1158 2206 1158 2125 1145 2103 1164 2100 1164 2097 1164 2094 1164 1994 1148 1963 1167 1960 1167 1956 1167 1953 1167 1813 1145 1794 1145 1539 1148 1536 1151 1508 1173 1505 1173 1501 1173 1221 1176 1218 1176 1215 1176 1181 1158 1171 1155 1093 1155 1087 1161 1062 1179 1059 1179 1056 1179 1053 1179 981 1164 953 1158 922 1164 838 1183 835 1183 694 1167"/>
                  </Shape>
                  <String CONTENT="des bras et des Jambes, de mode qu'il lui"
                          HPOS="685"
                          VPOS="1046"
                          WIDTH="1555"
                          HEIGHT="137"/>
               </TextLine>
               <TextLine ID="eSc_line_a4149584"
                         BASELINE="673 1248 2168 1229"
                         HPOS="663"
                         VPOS="1148"
                         WIDTH="1505"
                         HEIGHT="122"
                         TAGREFS="LT118">
                  <Shape>
                     <Polygon POINTS="673 1248 663 1183 732 1167 735 1167 738 1167 772 1179 794 1186 1009 1186 1087 1173 1162 1161 1165 1161 1255 1167 1392 1179 1417 1164 1427 1158 1430 1158 1433 1158 1436 1158 1489 1164 1611 1176 1648 1158 1657 1155 1660 1155 1664 1155 1745 1158 2081 1170 2156 1148 2168 1229 2168 1251 673 1270"/>
                  </Shape>
                  <String CONTENT="vindrent tout tord et avoit les mains"
                          HPOS="663"
                          VPOS="1148"
                          WIDTH="1505"
                          HEIGHT="122"/>
               </TextLine>
               <TextLine ID="eSc_line_8ee05a1a"
                         BASELINE="729 1338 2181 1332"
                         HPOS="722"
                         VPOS="1254"
                         WIDTH="1459"
                         HEIGHT="147"
                         TAGREFS="LT118">
                  <Shape>
                     <Polygon POINTS="729 1338 722 1260 863 1257 866 1257 869 1257 878 1260 931 1282 981 1264 997 1257 1000 1257 1003 1257 1006 1257 1022 1264 1071 1282 1184 1267 1209 1264 1212 1264 1215 1264 1224 1267 1258 1282 1277 1267 1286 1257 1290 1257 1293 1257 1296 1257 1352 1270 1405 1279 1420 1270 1445 1254 1449 1254 1452 1254 1455 1254 1533 1270 1561 1276 1607 1273 1782 1254 1785 1254 1788 1254 1791 1254 1791 1257 1813 1276 1819 1282 2175 1282 2181 1332 2178 1351 2028 1376 2025 1376 2022 1376 1984 1357 1963 1348 1841 1348 1822 1363 1819 1363 1816 1363 1813 1363 1810 1363 1670 1348 1611 1369 1607 1369 1604 1369 1601 1369 1576 1357 1542 1372 1505 1391 1501 1391 1498 1391 1495 1391 1442 1376 1355 1351 1299 1372 1296 1372 1293 1372 1290 1372 1221 1351 1168 1385 1149 1397 1146 1397 1143 1397 1140 1397 1137 1397 1106 1388 1078 1376 1068 1388 1059 1394 1059 1397 1056 1397 1053 1397 1053 1401 987 1401 984 1397 981 1397 978 1397 972 1391 931 1363 900 1394 897 1394 897 1397 894 1397 891 1397 891 1401 729 1401"/>
                  </Shape>
                  <String CONTENT="closes quon ne lui pouvoit ouvrir."
                          HPOS="722"
                          VPOS="1254"
                          WIDTH="1459"
                          HEIGHT="147"/>
               </TextLine>
               <TextLine ID="eSc_line_f86d32b6"
                         BASELINE="707 1450 1137 1432 2212 1432"
                         HPOS="701"
                         VPOS="1351"
                         WIDTH="1511"
                         HEIGHT="127"
                         TAGREFS="LT118">
                  <Shape>
                     <Polygon POINTS="707 1450 701 1366 800 1357 803 1357 807 1357 828 1363 866 1376 903 1363 925 1357 928 1357 931 1357 975 1363 1047 1376 1062 1363 1068 1357 1071 1357 1075 1357 1078 1357 1121 1363 1212 1376 1230 1360 1237 1357 1237 1354 1240 1354 1243 1354 1246 1354 1371 1354 1374 1354 1377 1354 1383 1360 1399 1372 1458 1360 1477 1357 1480 1357 1483 1357 1486 1357 1489 1360 1508 1372 1545 1360 1554 1357 1558 1357 1561 1357 1589 1360 1695 1372 1720 1357 1735 1351 1738 1351 1741 1351 1745 1351 1769 1357 1810 1369 2206 1357 2212 1432 2212 1450 2153 1466 2150 1466 2147 1466 2143 1466 2140 1466 2140 1463 2128 1453 2125 1447 1922 1444 1860 1453 1741 1475 1741 1478 1586 1478 1582 1475 1579 1475 1539 1457 1517 1447 1215 1460 1121 1463 1118 1463 1084 1460 959 1450 937 1463 916 1478 913 1478 909 1478 906 1478 704 1463"/>
                  </Shape>
                  <String CONTENT="Et estant conseillee de s prendre des"
                          HPOS="701"
                          VPOS="1351"
                          WIDTH="1511"
                          HEIGHT="127"/>
               </TextLine>
               <TextLine ID="eSc_line_9671aaec"
                         BASELINE="729 1544 1224 1531 2234 1541"
                         HPOS="726"
                         VPOS="1450"
                         WIDTH="1508"
                         HEIGHT="137"
                         TAGREFS="LT118">
                  <Shape>
                     <Polygon POINTS="729 1544 732 1450 763 1469 1031 1457 1034 1457 1037 1457 1040 1457 1087 1472 1103 1457 1106 1453 1109 1453 1112 1453 1115 1453 1118 1453 1128 1457 1159 1472 1187 1457 1196 1453 1199 1453 1202 1453 1227 1460 1286 1472 1302 1460 1308 1453 1311 1453 1315 1453 1318 1453 1477 1453 1480 1453 1483 1453 1495 1463 1514 1475 1757 1475 1769 1466 1798 1453 1801 1453 1804 1453 1807 1453 1863 1469 1882 1472 1891 1469 1928 1453 1932 1453 1935 1453 2118 1453 2231 1475 2234 1541 2231 1587 2118 1587 2115 1584 2112 1584 1991 1553 1975 1566 1972 1566 1969 1566 1966 1566 1963 1566 1922 1547 1710 1559 1667 1584 1664 1584 1660 1584 1657 1584 1508 1547 1121 1569 1118 1569 913 1547 878 1575 875 1575 872 1575 726 1581"/>
                  </Shape>
                  <String CONTENT="herbes au curtil de ladite Annelon et den"
                          HPOS="726"
                          VPOS="1450"
                          WIDTH="1508"
                          HEIGHT="137"/>
               </TextLine>
               <TextLine ID="eSc_line_59b1256f"
                         BASELINE="738 1659 2252 1631"
                         HPOS="732"
                         VPOS="1556"
                         WIDTH="1524"
                         HEIGHT="162"
                         TAGREFS="LT118">
                  <Shape>
                     <Polygon POINTS="738 1659 732 1606 872 1600 900 1578 903 1578 906 1578 909 1578 1065 1597 1068 1597 1071 1597 1240 1566 1243 1566 1246 1566 1283 1581 1408 1562 1411 1562 1611 1566 1614 1566 1651 1584 1854 1562 1857 1562 1860 1562 1907 1581 1913 1581 1916 1581 1981 1556 1984 1556 1988 1556 1991 1556 2034 1578 2037 1578 2243 1575 2252 1631 2256 1662 2206 1678 2203 1678 2199 1678 2196 1678 2165 1665 2153 1659 2140 1665 2084 1696 2081 1696 2081 1699 1935 1699 1932 1696 1928 1696 1857 1671 1794 1650 1726 1656 1701 1674 1664 1702 1660 1702 1657 1702 1517 1706 1514 1706 1511 1706 1508 1706 1508 1702 1480 1678 1458 1656 1399 1678 1396 1678 1392 1678 1243 1659 1075 1687 1068 1687 1065 1687 1062 1687 987 1665 950 1690 909 1718 906 1718 903 1718 900 1718 897 1718 894 1718 860 1693 825 1668 741 1693"/>
                  </Shape>
                  <String CONTENT="menger, elle en fust prendre dequoi"
                          HPOS="732"
                          VPOS="1556"
                          WIDTH="1524"
                          HEIGHT="162"/>
               </TextLine>
               <TextLine ID="eSc_line_01031b25"
                         BASELINE="738 1765 1685 1749 2333 1762"
                         HPOS="738"
                         VPOS="1671"
                         WIDTH="1595"
                         HEIGHT="131"
                         TAGREFS="LT118">
                  <Shape>
                     <Polygon POINTS="738 1765 738 1681 816 1702 928 1702 956 1681 962 1678 966 1678 969 1678 972 1678 975 1678 987 1684 1022 1699 1205 1687 1209 1687 1302 1702 1455 1702 1470 1687 1483 1678 1483 1674 1486 1674 1489 1674 1492 1674 1558 1674 1561 1674 1564 1674 1582 1690 1601 1699 1667 1699 1676 1690 1692 1678 1692 1674 1695 1674 1698 1674 1701 1674 2031 1693 2075 1696 2078 1696 2106 1674 2109 1674 2112 1674 2187 1671 2190 1671 2193 1671 2196 1671 2196 1674 2215 1693 2243 1681 2246 1681 2249 1681 2330 1699 2333 1762 2327 1780 1975 1768 1804 1790 1741 1796 1738 1796 1735 1796 1723 1790 1682 1771 1548 1790 1545 1790 1352 1771 1277 1796 1268 1799 1265 1799 1262 1799 1258 1799 1246 1796 1168 1774 1134 1799 1131 1799 1128 1799 1128 1802 1018 1802 1015 1799 1012 1799 962 1774 931 1799 928 1799 925 1799 922 1799 919 1799 850 1780 738 1802"/>
                  </Shape>
                  <String CONTENT="en ayant mange les mains se ouvrirent"
                          HPOS="738"
                          VPOS="1671"
                          WIDTH="1595"
                          HEIGHT="131"/>
               </TextLine>
               <TextLine ID="eSc_line_d2d84f20"
                         BASELINE="716 1886 1424 1883 2333 1902"
                         HPOS="713"
                         VPOS="1793"
                         WIDTH="1620"
                         HEIGHT="149"
                         TAGREFS="LT118">
                  <Shape>
                     <Polygon POINTS="716 1886 713 1818 856 1818 863 1818 925 1793 928 1793 931 1793 934 1793 978 1811 1040 1799 1043 1799 1047 1799 1050 1799 1050 1802 1065 1818 1071 1821 1096 1818 1190 1799 1193 1799 1492 1799 1495 1799 1498 1799 1520 1815 1607 1802 1611 1802 1692 1818 1776 1833 1922 1833 1950 1818 1972 1805 1975 1805 1978 1805 2028 1818 2103 1833 2327 1818 2333 1902 2327 1927 2187 1911 2156 1927 2131 1939 2128 1939 2128 1942 2056 1942 2053 1939 2050 1939 2047 1939 2028 1927 2003 1911 1941 1927 1928 1927 1925 1927 1910 1924 1835 1911 1810 1924 1785 1936 1782 1936 1779 1936 1776 1936 1773 1936 1773 1933 1760 1924 1748 1914 1617 1924 1586 1924 1582 1924 1579 1924 1576 1924 1551 1905 1445 1905 1420 1920 1411 1930 1408 1930 1405 1930 1405 1933 1252 1933 1249 1930 1246 1930 1243 1930 1230 1920 1196 1899 1131 1917 1128 1917 1124 1917 1121 1917 1084 1899 713 1914"/>
                  </Shape>
                  <String CONTENT="Mais surce elle perdit la parolle, estant"
                          HPOS="713"
                          VPOS="1793"
                          WIDTH="1620"
                          HEIGHT="149"/>
               </TextLine>
               <TextLine ID="eSc_line_605f54a1"
                         BASELINE="698 2004 2371 2011"
                         HPOS="688"
                         VPOS="1905"
                         WIDTH="1683"
                         HEIGHT="146"
                         TAGREFS="LT118">
                  <Shape>
                     <Polygon POINTS="698 2004 698 1942 741 1942 747 1942 779 1917 782 1917 785 1917 788 1917 791 1917 835 1939 897 1905 900 1905 903 1905 1106 1905 1109 1905 1184 1942 1184 1945 1321 1945 1324 1942 1392 1905 1396 1905 1399 1905 1402 1905 1536 1942 1642 1917 1645 1917 1938 1945 1947 1945 1950 1945 2047 1911 2050 1911 2053 1911 2056 1911 2059 1911 2059 1914 2081 1933 2277 1920 2281 1920 2284 1920 2371 1948 2371 2011 2362 2039 2290 2020 2150 2036 2147 2036 2143 2036 2084 2020 2025 2036 1984 2045 1981 2045 1978 2045 1975 2045 1972 2045 1956 2036 1950 2029 1944 2036 1925 2048 1922 2048 1919 2048 1919 2051 1798 2051 1794 2048 1791 2048 1788 2048 1769 2033 1760 2023 1726 2033 1695 2039 1692 2039 1688 2039 1614 2029 1517 2017 1498 2029 1483 2042 1480 2042 1477 2042 1402 2045 1399 2045 1396 2045 1392 2045 1361 2026 1358 2026 1318 2039 1315 2039 1311 2039 1308 2039 1280 2026 1262 2017 1090 2017 1078 2023 1047 2042 1043 2042 1040 2042 872 2045 869 2045 866 2045 816 2020 769 2045 766 2045 763 2045 760 2045 688 2017"/>
                  </Shape>
                  <String CONTENT="derechieff conseillee daller prendre de la"
                          HPOS="688"
                          VPOS="1905"
                          WIDTH="1683"
                          HEIGHT="146"/>
               </TextLine>
               <TextLine ID="eSc_line_47d77cb4"
                         BASELINE="738 2117 2327 2126"
                         HPOS="729"
                         VPOS="2020"
                         WIDTH="1598"
                         HEIGHT="162"
                         TAGREFS="LT118">
                  <Shape>
                     <Polygon POINTS="738 2117 738 2026 800 2029 803 2029 807 2029 807 2033 835 2057 944 2057 990 2029 1012 2020 1015 2020 1018 2020 1193 2020 1196 2020 1230 2036 1265 2054 1311 2039 1361 2023 1364 2023 1367 2023 1623 2023 1626 2023 1629 2023 1664 2048 1667 2048 1704 2036 1707 2036 1710 2036 1713 2036 1760 2051 1801 2064 2053 2064 2059 2057 2078 2042 2078 2039 2081 2039 2084 2039 2087 2039 2090 2039 2131 2057 2134 2061 2143 2061 2265 2033 2268 2033 2271 2033 2327 2064 2327 2126 2324 2138 2240 2145 2206 2176 2206 2179 2203 2179 2199 2179 2199 2182 2072 2182 2069 2179 2065 2179 1956 2151 1888 2163 1885 2163 1785 2141 1766 2138 1748 2141 1667 2160 1664 2160 1660 2160 1657 2160 1629 2141 1620 2138 1427 2138 1411 2141 1333 2173 1330 2173 1327 2173 1324 2173 1321 2173 1293 2151 1249 2173 1246 2173 1243 2173 1115 2157 997 2173 994 2173 990 2173 934 2145 919 2135 832 2135 822 2145 797 2166 797 2169 794 2169 791 2169 788 2169 785 2169 729 2145"/>
                  </Shape>
                  <String CONTENT="terre desoubs le seuille de la maison de"
                          HPOS="729"
                          VPOS="2020"
                          WIDTH="1598"
                          HEIGHT="162"/>
               </TextLine>
               <TextLine ID="eSc_line_54bb20bb"
                         BASELINE="688 2250 1043 2232 2281 2244"
                         HPOS="685"
                         VPOS="2157"
                         WIDTH="1596"
                         HEIGHT="125"
                         TAGREFS="LT118">
                  <Shape>
                     <Polygon POINTS="688 2250 685 2166 760 2179 775 2166 785 2160 785 2157 788 2157 791 2157 794 2157 850 2157 853 2157 888 2166 925 2179 947 2169 966 2160 969 2160 972 2160 975 2160 997 2169 1022 2179 1053 2169 1096 2157 1099 2157 1103 2157 1168 2169 1218 2182 1230 2173 1240 2163 1240 2160 1243 2160 1246 2160 1249 2160 1392 2160 1396 2160 1399 2160 1420 2173 1436 2185 1505 2185 1517 2176 1536 2160 1539 2160 1542 2160 1545 2160 1548 2160 1589 2176 1607 2185 1760 2185 1794 2179 1860 2163 1863 2163 2078 2163 2081 2163 2131 2182 2137 2185 2147 2182 2193 2163 2196 2163 2199 2163 2203 2163 2281 2185 2281 2244 2271 2278 2203 2254 2125 2278 2122 2278 2122 2282 2044 2282 2041 2278 2037 2278 2034 2278 2034 2275 2009 2254 1869 2254 1754 2278 1741 2278 1738 2278 1735 2278 1729 2278 1645 2254 1579 2275 1576 2275 1576 2278 1352 2278 1349 2275 1346 2275 1343 2275 1311 2250 1184 2269 1181 2269 1177 2269 1093 2247 685 2272"/>
                  </Shape>
                  <String CONTENT="Ladite Annelin et den menger ; elle Layant"
                          HPOS="685"
                          VPOS="2157"
                          WIDTH="1596"
                          HEIGHT="125"/>
               </TextLine>
               <TextLine ID="eSc_line_6bc94f69"
                         BASELINE="710 2335 2231 2344"
                         HPOS="707"
                         VPOS="2266"
                         WIDTH="1524"
                         HEIGHT="121"
                         TAGREFS="LT118">
                  <Shape>
                     <Polygon POINTS="710 2335 710 2266 2228 2275 2231 2344 2228 2375 2137 2387 2134 2387 2131 2387 2128 2387 2128 2384 2118 2378 2097 2353 2044 2375 2041 2375 2037 2375 2034 2375 2031 2375 2000 2353 1754 2372 1751 2372 1601 2350 1548 2378 1545 2378 1542 2378 1539 2378 1536 2378 1533 2378 1505 2366 1455 2378 1427 2384 1424 2384 1420 2384 1389 2378 1315 2359 1283 2375 1280 2375 1277 2375 1274 2375 1224 2350 1121 2378 1109 2381 1106 2381 1103 2381 1099 2381 1093 2378 1031 2347 966 2347 931 2375 928 2375 925 2375 922 2375 919 2375 872 2350 847 2375 847 2378 844 2378 841 2378 841 2381 707 2381"/>
                  </Shape>
                  <String CONTENT="faict La parolle Lui revint. Mais non"
                          HPOS="707"
                          VPOS="2266"
                          WIDTH="1524"
                          HEIGHT="121"/>
               </TextLine>
               <TextLine ID="eSc_line_7cdc10ce"
                         BASELINE="685 2443 1536 2434 2221 2462"
                         HPOS="682"
                         VPOS="2353"
                         WIDTH="1539"
                         HEIGHT="147"
                         TAGREFS="LT118">
                  <Shape>
                     <Polygon POINTS="685 2443 682 2363 841 2372 860 2363 881 2353 884 2353 888 2353 891 2353 934 2366 969 2375 1000 2366 1031 2356 1034 2356 1037 2356 1040 2356 1065 2369 1081 2375 1096 2369 1118 2356 1121 2356 1124 2356 1283 2372 1308 2372 1318 2372 1364 2359 1367 2359 1371 2359 1467 2375 1501 2378 1511 2375 1539 2359 1542 2359 1545 2359 1632 2375 1660 2381 1685 2378 1760 2363 1763 2363 1869 2381 1900 2387 2221 2387 2221 2462 2218 2500 2081 2500 2078 2496 2075 2496 2072 2496 2072 2493 2034 2462 1972 2462 1900 2496 1897 2496 1894 2496 1891 2496 1810 2493 1589 2484 1586 2484 1582 2484 1542 2456 1246 2468 1243 2468 1156 2453 1043 2481 1040 2481 1037 2481 1034 2481 1031 2481 987 2453 916 2475 913 2475 909 2475 906 2475 903 2475 863 2450 682 2484"/>
                  </Shape>
                  <String CONTENT="pourtant ladite femme dudit deposant est"
                          HPOS="682"
                          VPOS="2353"
                          WIDTH="1539"
                          HEIGHT="147"/>
               </TextLine>
               <TextLine ID="eSc_line_4e827301"
                         BASELINE="654 2540 1710 2540 2340 2571"
                         HPOS="651"
                         VPOS="2453"
                         WIDTH="1689"
                         HEIGHT="149"
                         TAGREFS="LT118">
                  <Shape>
                     <Polygon POINTS="654 2540 651 2471 900 2453 903 2453 906 2453 950 2471 959 2475 1031 2471 1367 2459 1371 2459 1374 2459 1377 2459 1377 2462 1380 2462 1389 2475 1396 2481 1417 2475 1483 2462 1486 2462 1754 2465 1819 2478 1863 2487 1925 2481 2013 2468 2016 2468 2019 2468 2022 2468 2034 2481 2044 2487 2337 2484 2340 2571 2337 2602 2118 2602 2115 2599 2112 2599 2109 2599 2090 2584 2028 2596 2025 2596 2022 2596 2019 2596 1947 2562 1891 2587 1888 2587 1885 2587 1882 2587 1879 2587 1854 2568 1813 2580 1810 2580 1807 2580 1804 2580 1801 2580 1773 2556 1623 2556 1558 2590 1554 2590 1551 2590 1548 2590 1371 2552 651 2577"/>
                  </Shape>
                  <String CONTENT="tousjour malade. Laquelle mantient que ladite"
                          HPOS="651"
                          VPOS="2453"
                          WIDTH="1689"
                          HEIGHT="149"/>
               </TextLine>
               <TextLine ID="eSc_line_eb3ef500"
                         BASELINE="694 2640 2309 2658"
                         HPOS="688"
                         VPOS="2562"
                         WIDTH="1621"
                         HEIGHT="143"
                         TAGREFS="LT118">
                  <Shape>
                     <Polygon POINTS="694 2640 691 2574 909 2562 913 2562 916 2562 919 2562 937 2574 966 2590 1062 2574 1065 2574 1068 2574 1071 2574 1187 2590 1209 2574 1221 2565 1224 2565 1227 2565 1230 2565 1233 2565 1258 2574 1311 2596 1467 2596 1505 2574 1511 2571 1514 2571 1517 2571 1601 2571 1604 2571 1607 2571 1607 2574 1611 2574 1629 2596 1685 2596 1726 2574 1735 2571 1738 2571 1741 2571 1788 2574 2041 2602 2302 2577 2309 2658 2305 2674 2147 2702 2143 2702 2140 2702 2081 2677 2069 2671 1932 2671 1888 2680 1773 2705 1769 2705 1766 2705 1716 2689 1554 2702 1551 2702 1548 2702 1545 2702 1517 2683 1492 2665 1274 2665 1196 2686 1162 2696 1159 2696 1156 2696 1090 2686 1034 2680 1006 2689 978 2696 975 2696 972 2696 969 2696 947 2689 863 2658 791 2689 785 2693 782 2693 779 2693 688 2689"/>
                  </Shape>
                  <String CONTENT="Annelin lui a donne telle maladie et plus"
                          HPOS="688"
                          VPOS="2562"
                          WIDTH="1621"
                          HEIGHT="143"/>
               </TextLine>
               <TextLine ID="eSc_line_cffbfcf9"
                         BASELINE="719 2736 1031 2730"
                         HPOS="713"
                         VPOS="2658"
                         WIDTH="318"
                         HEIGHT="140"
                         TAGREFS="LT118">
                  <Shape>
                     <Polygon POINTS="719 2736 713 2680 863 2677 881 2658 884 2658 888 2658 891 2658 1025 2677 1031 2730 1025 2792 884 2770 875 2783 872 2783 872 2786 869 2786 866 2786 863 2786 775 2773 722 2798"/>
                  </Shape>
                  <String CONTENT="nen dit."
                          HPOS="713"
                          VPOS="2658"
                          WIDTH="318"
                          HEIGHT="140"/>
               </TextLine>
            </TextBlock>
            <TextBlock HPOS="2315"
                       VPOS="3499"
                       WIDTH="59"
                       HEIGHT="84"
                       ID="eSc_textblock_0f3c9f4c"
                       TAGREFS="BT371">
               <Shape>
                  <Polygon POINTS="2315 3570 2315 3499 2374 3511 2362 3583"/>
               </Shape>
               <TextLine ID="eSc_line_a6e00958"
                         BASELINE="2325 3566 2357 3567"
                         HPOS="2321"
                         VPOS="3486"
                         WIDTH="34"
                         HEIGHT="215"
                         TAGREFS="LT118">
                  <Shape>
                     <Polygon POINTS="2324 3564 2324 3486 2355 3490 2355 3564 2352 3701 2321 3698"/>
                  </Shape>
                  <String CONTENT="4" HPOS="2321" VPOS="3486" WIDTH="34" HEIGHT="215"/>
               </TextLine>
            </TextBlock>
         </PrintSpace>
      </Page>
   </Layout>
</alto>
