<alto xmlns:xsi="http://www.w3.org/2001/XMLSchema-instance"
      xmlns="http://www.loc.gov/standards/alto/ns-v4#"
      xsi:schemaLocation="http://www.loc.gov/standards/alto/ns-v4# http://www.loc.gov/standards/alto/v4/alto-4-2.xsd">
   <Description>
      <MeasurementUnit>pixel</MeasurementUnit>
      <sourceImageInformation>
         <fileName>B_168_15-23-5_0001.jpg</fileName>
      </sourceImageInformation>
   </Description>
   <Tags>
      <OtherTag ID="BT365"
                LABEL="MainZone:column"
                DESCRIPTION="block type MainZone:column"/>
      <OtherTag ID="BT367" LABEL="MainZone" DESCRIPTION="block type MainZone"/>
      <OtherTag ID="BT368"
                LABEL="MarginTextZone"
                DESCRIPTION="block type MarginTextZone"/>
      <OtherTag ID="BT369"
                LABEL="MarginTextZone:note"
                DESCRIPTION="block type MarginTextZone:note"/>
      <OtherTag ID="BT370"
                LABEL="NumberingZone:other"
                DESCRIPTION="block type NumberingZone:other"/>
      <OtherTag ID="BT371"
                LABEL="NumberingZone:page"
                DESCRIPTION="block type NumberingZone:page"/>
      <OtherTag ID="BT379"
                LABEL="DecorationZone"
                DESCRIPTION="block type DecorationZone"/>
      <OtherTag ID="BT380"
                LABEL="CustomZone:signature"
                DESCRIPTION="block type CustomZone:signature"/>
      <OtherTag ID="LT118" LABEL="DefaultLine" DESCRIPTION="line type DefaultLine"/>
      <OtherTag ID="LT119" LABEL="HeadingLine" DESCRIPTION="line type HeadingLine"/>
      <OtherTag ID="LT120"
                LABEL="InterlinearLine"
                DESCRIPTION="line type InterlinearLine"/>
   </Tags>
   <Layout>
      <Page WIDTH="2549"
            HEIGHT="3822"
            PHYSICAL_IMG_NR="54"
            ID="eSc_dummypage_">
         <PrintSpace HPOS="0" VPOS="0" WIDTH="2549" HEIGHT="3822">
            <TextBlock HPOS="152"
                       VPOS="191"
                       WIDTH="294"
                       HEIGHT="267"
                       ID="eSc_textblock_bd52287a"
                       TAGREFS="BT370">
               <Shape>
                  <Polygon POINTS="186 458 152 289 203 191 446 201 446 303"/>
               </Shape>
               <TextLine ID="eSc_line_6d8bfb5f"
                         BASELINE="191 369 383 253"
                         HPOS="101"
                         VPOS="98"
                         WIDTH="338"
                         HEIGHT="331"
                         TAGREFS="LT118">
                  <Shape>
                     <Polygon POINTS="187 366 101 229 286 98 382 251 439 347 360 398 356 398 353 398 350 398 315 394 280 388 223 429"/>
                  </Shape>
                  <String CONTENT="139" HPOS="101" VPOS="98" WIDTH="338" HEIGHT="331"/>
               </TextLine>
            </TextBlock>
            <TextBlock HPOS="495"
                       VPOS="76"
                       WIDTH="522"
                       HEIGHT="163"
                       ID="eSc_textblock_d1e231e8"
                       TAGREFS="BT369">
               <Shape>
                  <Polygon POINTS="509 89 586 76 1017 82 1017 239 495 239 495 146"/>
               </Shape>
               <TextLine ID="eSc_line_ecc8ae8b"
                         BASELINE="506 156 987 162"
                         HPOS="503"
                         VPOS="95"
                         WIDTH="484"
                         HEIGHT="83"
                         TAGREFS="LT118">
                  <Shape>
                     <Polygon POINTS="506 156 506 95 987 101 987 162 984 168 503 178"/>
                  </Shape>
                  <String CONTENT="1620. 17. may."
                          HPOS="503"
                          VPOS="95"
                          WIDTH="484"
                          HEIGHT="83"/>
               </TextLine>
               <TextLine ID="eSc_line_35f068c0"
                         BASELINE="512 232 707 222"
                         HPOS="503"
                         VPOS="152"
                         WIDTH="204"
                         HEIGHT="90"
                         TAGREFS="LT118">
                  <Shape>
                     <Polygon POINTS="512 232 503 156 697 152 707 222 707 232 512 242"/>
                  </Shape>
                  <String CONTENT="1610"
                          HPOS="503"
                          VPOS="152"
                          WIDTH="204"
                          HEIGHT="90"/>
               </TextLine>
            </TextBlock>
            <TextBlock HPOS="305"
                       VPOS="445"
                       WIDTH="469"
                       HEIGHT="316"
                       ID="eSc_textblock_47c60ecc"
                       TAGREFS="BT369">
               <Shape>
                  <Polygon POINTS="318 761 305 649 382 484 458 445 659 445 774 488 774 705 697 705 697 711 626 711 626 716 541 716 541 761"/>
               </Shape>
               <TextLine ID="eSc_line_0ff23361"
                         BASELINE="395 544 669 544"
                         HPOS="391"
                         VPOS="442"
                         WIDTH="278"
                         HEIGHT="153"
                         TAGREFS="LT118">
                  <Shape>
                     <Polygon POINTS="395 544 391 465 500 442 503 442 669 465 669 544 669 570 548 595 544 595 541 595 538 595 500 570 490 566 395 570"/>
                  </Shape>
                  <String CONTENT="alix"
                          HPOS="391"
                          VPOS="442"
                          WIDTH="278"
                          HEIGHT="153"/>
               </TextLine>
               <TextLine ID="eSc_line_7af875f0"
                         BASELINE="328 729 430 713 503 697 758 678"
                         HPOS="302"
                         VPOS="573"
                         WIDTH="453"
                         HEIGHT="207"
                         TAGREFS="LT118">
                  <Shape>
                     <Polygon POINTS="324 726 302 630 375 582 379 582 382 582 446 576 449 576 452 576 519 605 592 573 595 573 599 573 745 589 755 675 755 707 634 729 602 761 602 764 599 764 595 764 452 780 449 780 446 780 401 767 379 758 331 777"/>
                  </Shape>
                  <String CONTENT="Rossel"
                          HPOS="302"
                          VPOS="573"
                          WIDTH="453"
                          HEIGHT="207"/>
               </TextLine>
            </TextBlock>
            <TextBlock HPOS="573"
                       VPOS="119"
                       WIDTH="1934"
                       HEIGHT="3139"
                       ID="eSc_textblock_f18ee6e8"
                       TAGREFS="BT367">
               <Shape>
                  <Polygon POINTS="2418 586 2418 799 2494 1003 2405 1410 2418 1512 2494 1567 2494 1958 2405 2140 2418 2417 2367 2649 2431 2850 2329 2904 2494 2968 2494 3207 2456 3245 943 3258 662 3220 662 3019 573 2700 624 2595 624 2153 739 1996 726 1681 637 1653 637 1592 739 1512 739 802 719 783 719 722 711 722 711 719 790 719 790 711 1080 711 1080 482 1083 480 1096 382 1041 328 601 338 621 245 1003 207 1019 130 2483 119 2507 417"/>
               </Shape>
               <TextLine ID="eSc_line_8e860688"
                         TAGREFS="LT119"
                         BASELINE="1032 181 2491 191"
                         HPOS="1025"
                         VPOS="101"
                         WIDTH="1466"
                         HEIGHT="128">
                  <Shape>
                     <Polygon POINTS="1032 181 1029 105 1166 101 1169 101 1172 101 1182 105 1255 124 1280 105 1280 101 1284 101 1287 101 1290 101 1293 101 1296 101 1299 105 1328 121 1357 105 1363 101 1366 101 1370 101 1373 101 1379 105 1417 124 1503 111 1507 111 1510 111 1513 111 1513 114 1529 130 1781 130 1844 108 1848 108 1851 108 1854 108 1857 108 1889 130 2026 133 2131 133 2157 111 2157 108 2160 108 2163 108 2166 108 2274 108 2278 108 2281 108 2310 130 2485 108 2491 191 2488 210 2144 229 2141 229 1991 210 1969 210 1953 210 1870 226 1867 226 1025 210"/>
                  </Shape>
                  <String CONTENT="Reconfessions des actes crimes et delicts de"
                          HPOS="1025"
                          VPOS="101"
                          WIDTH="1466"
                          HEIGHT="128"/>
               </TextLine>
               <TextLine ID="eSc_line_a7546cdb"
                         BASELINE="643 296 1554 278 2491 270"
                         HPOS="634"
                         VPOS="194"
                         WIDTH="1857"
                         HEIGHT="140"
                         TAGREFS="LT118">
                  <Shape>
                     <Polygon POINTS="640 293 634 232 911 210 914 210 917 210 920 210 943 229 946 232 1041 232 1051 226 1096 207 1099 207 1102 207 1233 226 1252 226 1261 222 1325 203 1328 203 1331 203 1538 203 1542 203 1570 219 1599 200 1602 200 1605 200 1609 200 1774 219 1790 219 1800 219 1876 197 1879 197 1883 197 1988 216 1991 216 1994 216 2074 194 2077 194 2080 194 2083 194 2153 213 2255 197 2259 197 2482 213 2488 267 2491 283 2411 308 2408 308 2405 308 2402 308 2325 286 2313 283 2300 286 2239 312 2236 312 2233 312 2230 312 2227 312 2208 296 2192 308 2192 312 2188 312 2185 312 2029 315 2026 315 2023 315 2020 315 1991 293 1860 315 1857 315 1854 315 1851 315 1825 293 1816 286 1761 296 1682 305 1679 305 1675 305 1672 305 1672 302 1663 296 1656 289 1507 289 1494 299 1462 315 1459 315 1456 315 1452 315 1421 299 1408 293 1392 299 1366 308 1363 308 1360 308 1258 302 1175 296 1162 302 1131 324 1127 324 1124 324 1121 324 1118 324 1070 305 1057 299 1048 305 1003 328 1000 328 1000 331 997 328 994 328 968 315 869 331 869 334 799 334 796 331 793 331 790 331 755 308 745 305 640 308"/>
                  </Shape>
                  <String CONTENT="Sortilege - Commis et perpetres par Alix vefve George"
                          HPOS="634"
                          VPOS="194"
                          WIDTH="1857"
                          HEIGHT="140"/>
               </TextLine>
               <TextLine ID="eSc_line_f0501457"
                         TAGREFS="LT119"
                         BASELINE="1112 379 1714 343 2491 337"
                         HPOS="1099"
                         VPOS="261"
                         WIDTH="1392"
                         HEIGHT="153">
                  <Shape>
                     <Polygon POINTS="1112 379 1099 318 1121 296 1121 293 1124 293 1127 293 1131 293 1213 308 1357 286 1360 286 1752 293 1930 293 1953 283 1981 270 1985 270 1988 270 1991 270 2023 280 2051 289 2163 289 2182 273 2195 264 2198 264 2201 264 2204 264 2208 264 2211 264 2220 273 2230 283 2268 270 2303 261 2306 261 2310 261 2313 261 2341 267 2389 280 2482 264 2491 337 2491 353 2179 353 2141 369 2122 375 2118 375 2115 375 2112 375 2096 369 2064 356 2032 372 2007 385 2004 385 2000 385 1997 385 1994 385 1981 375 1956 359 1835 359 1803 382 1793 391 1790 391 1787 391 1784 391 1739 385 1701 382 1644 391 1580 401 1577 401 1500 398 1497 398 1494 398 1462 372 1411 401 1405 404 1401 404 1112 414"/>
                  </Shape>
                  <String CONTENT="Rossel de Boncourt. Selon quicelle les"
                          HPOS="1099"
                          VPOS="261"
                          WIDTH="1392"
                          HEIGHT="153"/>
               </TextLine>
               <TextLine ID="eSc_line_d30f34c8"
                         TAGREFS="LT119"
                         BASELINE="1118 449 2491 401"
                         HPOS="1112"
                         VPOS="331"
                         WIDTH="1379"
                         HEIGHT="149">
                  <Shape>
                     <Polygon POINTS="1118 449 1112 404 1236 379 1239 379 1242 379 1245 379 1268 394 1271 394 1656 385 1663 379 1685 359 1685 356 1688 356 1691 356 1695 356 1793 369 1918 350 1921 350 1924 350 1959 363 1975 369 1994 363 2039 343 2042 343 2045 343 2109 356 2141 363 2173 353 2224 337 2227 337 2230 337 2233 337 2236 337 2249 350 2265 359 2364 359 2383 343 2396 331 2399 331 2402 331 2405 331 2485 340 2491 401 2491 420 1940 458 1937 458 1934 458 1905 449 1883 439 1848 449 1819 458 1816 458 1812 458 1768 452 1701 445 1666 458 1640 468 1637 468 1634 468 1570 461 1529 458 1510 465 1484 474 1481 474 1478 474 1475 474 1456 468 1427 455 1386 471 1373 474 1370 474 1366 474 1363 474 1350 471 1303 458 1255 477 1249 477 1245 477 1242 477 1239 477 1236 477 1217 461 1118 480"/>
                  </Shape>
                  <String CONTENT="a heu recongnus et reconfesses librement"
                          HPOS="1112"
                          VPOS="331"
                          WIDTH="1379"
                          HEIGHT="149"/>
               </TextLine>
               <TextLine ID="eSc_line_02937886"
                         TAGREFS="LT119"
                         BASELINE="1118 538 1994 512 2437 480"
                         HPOS="1112"
                         VPOS="417"
                         WIDTH="1325"
                         HEIGHT="165">
                  <Shape>
                     <Polygon POINTS="1118 538 1112 461 1344 477 1379 455 1382 455 1386 455 1389 455 1392 455 1443 474 1774 458 1793 439 1797 436 1800 436 1803 436 1806 436 1832 439 1940 455 2023 455 2055 433 2061 426 2064 426 2067 426 2071 426 2106 429 2198 445 2268 426 2303 417 2306 417 2310 417 2431 423 2437 480 2437 541 2153 554 2150 554 2147 554 2128 544 2061 515 1994 547 1981 551 1978 551 1975 551 1972 551 1962 547 1914 525 1707 547 1698 547 1695 547 1691 547 1631 531 1567 547 1558 551 1554 551 1551 551 1538 551 1491 538 1478 551 1446 579 1446 582 1443 582 1440 582 1436 582 1433 582 1430 582 1389 554 1118 554"/>
                  </Shape>
                  <String CONTENT="les 17. 19. 21. 25 et 27. de mai an"
                          HPOS="1112"
                          VPOS="417"
                          WIDTH="1325"
                          HEIGHT="165"/>
               </TextLine>
               <TextLine ID="eSc_line_ccdcb5b7"
                         TAGREFS="LT119"
                         BASELINE="1121 614 1503 605"
                         HPOS="1108"
                         VPOS="525"
                         WIDTH="395"
                         HEIGHT="140">
                  <Shape>
                     <Polygon POINTS="1121 614 1108 560 1143 531 1147 531 1150 531 1255 525 1258 525 1261 525 1344 551 1360 531 1363 531 1363 528 1366 528 1370 528 1373 528 1497 551 1503 605 1497 633 1287 621 1258 646 1258 649 1255 649 1252 649 1249 649 1245 649 1207 637 1185 659 1185 662 1182 662 1178 662 1121 665"/>
                  </Shape>
                  <String CONTENT="présent 1610."
                          HPOS="1108"
                          VPOS="525"
                          WIDTH="395"
                          HEIGHT="140"/>
               </TextLine>
               <TextLine ID="eSc_line_087437c4"
                         BASELINE="751 777 2408 732"
                         HPOS="745"
                         VPOS="640"
                         WIDTH="1663"
                         HEIGHT="168"
                         TAGREFS="LT118">
                  <Shape>
                     <Polygon POINTS="751 777 745 684 1086 700 1194 678 1233 672 1236 672 1239 672 1255 678 1290 694 1303 681 1303 678 1306 678 1309 678 1312 678 1319 678 1417 691 1440 675 1452 665 1456 665 1459 665 1462 665 1465 665 1507 675 1545 684 1564 675 1596 659 1599 659 1602 659 1605 659 1640 675 1663 684 1704 675 1736 665 1739 665 1742 665 1746 665 1774 672 1806 681 1841 672 1924 649 1927 649 1930 649 2131 668 2160 672 2173 668 2281 640 2284 640 2287 640 2402 668 2408 732 2405 761 1911 758 1640 783 1609 786 1605 786 1602 786 1599 786 1599 783 1577 764 1456 789 1436 793 1433 793 1392 793 1112 777 751 808"/>
                  </Shape>
                  <String CONTENT="Premierement confesse que sont environ dix"
                          HPOS="745"
                          VPOS="640"
                          WIDTH="1663"
                          HEIGHT="168"/>
               </TextLine>
               <TextLine ID="eSc_line_a01cbf5e"
                         BASELINE="755 863 1487 828 2262 815"
                         HPOS="748"
                         VPOS="735"
                         WIDTH="1514"
                         HEIGHT="159"
                         TAGREFS="LT118">
                  <Shape>
                     <Polygon POINTS="755 863 748 799 1064 767 1067 767 1070 767 1115 789 1124 793 1131 786 1162 764 1166 764 1169 764 1268 761 1271 761 1411 780 1436 783 1519 780 1519 777 1558 751 1561 751 1564 751 1567 751 1570 751 1634 777 1637 777 1640 773 1679 748 1682 748 1685 748 1688 748 1691 748 1695 748 1723 767 1758 748 1761 748 1765 748 1860 770 1870 770 1886 767 2045 745 2048 745 2051 745 2055 745 2074 761 2102 735 2106 735 2109 735 2112 735 2255 761 2262 815 2259 844 2153 828 2115 850 2112 853 2109 853 2106 853 2010 856 2007 856 2004 856 2000 856 2000 853 1975 831 1790 859 1752 866 1749 866 1746 866 1736 863 1682 840 1640 856 1637 856 1634 856 1468 847 1290 879 1261 882 1258 882 1229 879 1061 859 997 882 994 882 990 882 987 882 984 882 955 863 755 894"/>
                  </Shape>
                  <String CONTENT="ans, Qung homme entre nuict et Jour"
                          HPOS="748"
                          VPOS="735"
                          WIDTH="1514"
                          HEIGHT="159"/>
               </TextLine>
               <TextLine ID="eSc_line_1bbf5ff5"
                         BASELINE="758 939 2373 898"
                         HPOS="748"
                         VPOS="824"
                         WIDTH="1628"
                         HEIGHT="153"
                         TAGREFS="LT118">
                  <Shape>
                     <Polygon POINTS="758 939 748 888 853 859 857 859 860 859 1080 875 1137 850 1140 850 1143 850 1249 869 1644 837 1647 837 1803 856 1927 834 1930 834 2093 850 2115 828 2115 824 2118 824 2122 824 2125 824 2128 824 2192 847 2364 847 2373 898 2376 907 2294 933 2290 933 2287 933 2188 917 2182 917 2173 917 2013 939 2010 939 2007 939 1972 926 1934 945 1930 945 1927 945 1924 945 1921 945 1921 942 1905 930 1905 926 1752 926 1685 939 1596 955 1593 955 1589 955 1586 955 1570 942 1558 933 1513 945 1459 961 1456 961 1452 961 1449 961 1446 961 1430 949 1411 936 1382 952 1354 965 1350 965 1347 965 1344 965 1319 955 1284 942 1194 958 1150 968 1147 968 1105 965 1013 952 984 968 978 974 974 974 971 974 758 977"/>
                  </Shape>
                  <String CONTENT="sadressa a elle la sollicitant de se donner"
                          HPOS="748"
                          VPOS="824"
                          WIDTH="1628"
                          HEIGHT="153"/>
               </TextLine>
               <TextLine ID="eSc_line_a1fbebb6"
                         BASELINE="748 1022 1867 993 2475 996"
                         HPOS="742"
                         VPOS="914"
                         WIDTH="1736"
                         HEIGHT="143"
                         TAGREFS="LT118">
                  <Shape>
                     <Polygon POINTS="748 1022 742 936 904 965 1073 965 1127 939 1131 939 1134 939 1245 958 1366 936 1427 923 1430 923 1433 923 1436 923 1449 936 1465 945 1532 936 1621 920 1624 920 1790 920 1793 920 1832 936 1848 939 1863 936 1930 914 1934 914 1937 914 2074 936 2109 939 2128 936 2192 914 2195 914 2198 914 2284 936 2294 936 2306 936 2364 920 2367 920 2370 920 2472 936 2475 996 2478 1003 2427 1031 2424 1031 2421 1031 2176 1009 2122 1006 2106 1012 2042 1038 2039 1038 2036 1038 2032 1038 1994 1019 1949 1041 1946 1041 1943 1041 1812 1019 1777 1012 1752 1019 1717 1031 1714 1031 1711 1031 1647 1022 1609 1016 1596 1022 1577 1041 1574 1041 1570 1041 1567 1041 1564 1041 1523 1025 1503 1019 1459 1025 1392 1038 1389 1038 1341 1028 1306 1022 1284 1031 1252 1044 1249 1044 1245 1044 1188 1031 1178 1031 1166 1031 1057 1057 1054 1057 745 1041"/>
                  </Shape>
                  <String CONTENT="a lui quil ne la laisseroit jamais et lui"
                          HPOS="742"
                          VPOS="914"
                          WIDTH="1736"
                          HEIGHT="143"/>
               </TextLine>
               <TextLine ID="eSc_line_9f181b02"
                         BASELINE="767 1114 1695 1079 2456 1082"
                         HPOS="755"
                         VPOS="996"
                         WIDTH="1701"
                         HEIGHT="147"
                         TAGREFS="LT118">
                  <Shape>
                     <Polygon POINTS="767 1114 755 1054 783 1031 787 1031 790 1031 793 1031 1064 1044 1118 1016 1121 1016 1124 1016 1386 1028 1523 1006 1526 1006 1822 1019 1883 1000 1886 1000 1889 1000 1892 1000 1895 1000 1895 1003 1921 1025 1994 1003 1997 1003 2000 1003 2090 1019 2294 996 2297 996 2453 1016 2456 1082 2450 1105 2058 1092 1940 1117 1934 1117 1930 1117 1927 1117 1835 1095 1746 1121 1742 1121 1739 1121 1736 1121 1679 1102 1503 1117 1500 1117 1373 1105 1306 1105 1284 1127 1284 1130 1280 1130 1277 1130 1274 1130 1124 1111 1064 1137 1061 1137 1057 1137 962 1117 767 1143"/>
                  </Shape>
                  <String CONTENT="donneroit de lor et de largent pour rebastir"
                          HPOS="755"
                          VPOS="996"
                          WIDTH="1701"
                          HEIGHT="147"/>
               </TextLine>
               <TextLine ID="eSc_line_b15d471f"
                         BASELINE="771 1203 2392 1162"
                         HPOS="764"
                         VPOS="1076"
                         WIDTH="1628"
                         HEIGHT="169"
                         TAGREFS="LT118">
                  <Shape>
                     <Polygon POINTS="771 1203 764 1146 949 1140 1051 1108 1054 1108 1057 1108 1061 1108 1112 1133 1134 1114 1134 1111 1137 1111 1140 1111 1143 1111 1233 1117 1280 1098 1284 1098 1287 1098 1421 1117 1475 1095 1478 1095 1481 1095 1577 1105 1637 1089 1640 1089 1644 1089 1647 1089 1682 1105 1717 1089 1720 1089 1723 1089 1726 1089 1730 1089 1758 1114 1761 1114 1765 1114 1777 1102 1781 1102 1784 1102 1787 1102 1972 1108 2051 1108 2061 1105 2093 1079 2096 1079 2099 1079 2173 1076 2176 1076 2179 1076 2262 1098 2281 1102 2383 1095 2392 1162 2392 1175 2265 1207 2262 1207 2259 1207 2198 1184 2185 1181 2157 1188 2036 1210 2032 1210 1959 1194 1924 1188 1911 1197 1886 1216 1883 1216 1879 1216 1876 1216 1873 1216 1832 1200 1797 1188 1752 1203 1733 1210 1730 1210 1726 1210 1723 1210 1711 1207 1675 1191 1519 1191 1436 1216 1395 1229 1392 1229 1389 1229 1319 1223 1201 1210 1156 1229 1143 1235 1140 1235 1016 1238 1013 1238 1010 1238 1000 1235 924 1210 771 1245"/>
                  </Shape>
                  <String CONTENT="sa maison ; ce quelle feist, et receut dicelui"
                          HPOS="764"
                          VPOS="1076"
                          WIDTH="1628"
                          HEIGHT="169"/>
               </TextLine>
               <TextLine ID="eSc_line_00a55a68"
                         BASELINE="751 1309 2364 1280"
                         HPOS="742"
                         VPOS="1194"
                         WIDTH="1625"
                         HEIGHT="150"
                         TAGREFS="LT118">
                  <Shape>
                     <Polygon POINTS="751 1309 742 1245 974 1219 978 1219 981 1219 1038 1235 1051 1238 1061 1235 1105 1213 1108 1213 1112 1213 1465 1226 1618 1229 1644 1219 1691 1203 1695 1203 1698 1203 1816 1203 1819 1203 1822 1203 1838 1216 1851 1226 1975 1226 1988 1210 1997 1203 1997 1200 2000 1200 2004 1200 2007 1200 2010 1200 2013 1200 2029 1210 2032 1213 2036 1210 2064 1197 2067 1197 2071 1197 2125 1207 2150 1213 2160 1207 2179 1194 2182 1194 2185 1194 2188 1194 2192 1194 2220 1207 2249 1216 2354 1203 2364 1280 2367 1296 2335 1315 2332 1315 2329 1315 2325 1315 2249 1299 2230 1296 2220 1299 2185 1318 2182 1318 2179 1318 2176 1318 2141 1302 2131 1299 2099 1302 1997 1321 1994 1321 1991 1321 1962 1309 1943 1299 1892 1309 1822 1324 1819 1324 1758 1315 1688 1302 1551 1321 1535 1321 1532 1321 1529 1321 1526 1321 1510 1305 1484 1321 1472 1331 1468 1331 1465 1331 1462 1331 1459 1331 1436 1324 1382 1309 1166 1309 1057 1331 1054 1331 1051 1331 1048 1331 1032 1318 1013 1337 1010 1337 1006 1337 1003 1337 1000 1337 943 1315 751 1344"/>
                  </Shape>
                  <String CONTENT="de largent comme lui sembloit mais quayant"
                          HPOS="742"
                          VPOS="1194"
                          WIDTH="1625"
                          HEIGHT="150"/>
               </TextLine>
               <TextLine ID="eSc_line_6d7f8788"
                         BASELINE="777 1401 2386 1375"
                         HPOS="764"
                         VPOS="1293"
                         WIDTH="1622"
                         HEIGHT="149"
                         TAGREFS="LT118">
                  <Shape>
                     <Polygon POINTS="777 1401 764 1340 806 1312 809 1312 812 1312 815 1312 1137 1331 1172 1331 1299 1331 1309 1324 1373 1302 1376 1302 1379 1302 1382 1302 1452 1321 1465 1324 1472 1321 1491 1305 1491 1302 1494 1302 1497 1302 1500 1302 1660 1315 1739 1321 1752 1312 1771 1296 1774 1296 1777 1296 1781 1296 1784 1296 1825 1312 1848 1318 1857 1309 1863 1302 1867 1302 1870 1302 1873 1302 1949 1305 2064 1315 2080 1302 2093 1293 2096 1293 2099 1293 2102 1293 2150 1302 2208 1312 2227 1299 2233 1293 2236 1293 2239 1293 2243 1293 2380 1296 2386 1375 2383 1395 2230 1395 2224 1398 2188 1423 2185 1423 2182 1423 2179 1423 1902 1407 1784 1401 1771 1410 1755 1426 1755 1430 1752 1430 1749 1430 1749 1433 1653 1433 1650 1430 1647 1430 1612 1417 1580 1404 1481 1420 1379 1436 1376 1436 1303 1426 1207 1410 1182 1430 1178 1430 1175 1430 1172 1430 1169 1430 1166 1430 1166 1426 1150 1414 994 1414 943 1436 927 1442 924 1442 920 1442 774 1439"/>
                  </Shape>
                  <String CONTENT="regarde ce ne fust que du pous de la poulsiere"
                          HPOS="764"
                          VPOS="1293"
                          WIDTH="1622"
                          HEIGHT="149"/>
               </TextLine>
               <TextLine ID="eSc_line_a8c4173b"
                         BASELINE="751 1560 1019 1547 2329 1547"
                         HPOS="739"
                         VPOS="1458"
                         WIDTH="1590"
                         HEIGHT="128"
                         TAGREFS="LT118">
                  <Shape>
                     <Polygon POINTS="751 1560 739 1490 793 1458 796 1458 799 1458 802 1458 806 1458 898 1484 1019 1484 1064 1458 1067 1458 1070 1458 1169 1458 1172 1458 1175 1458 1213 1484 1405 1458 1408 1458 1656 1474 1825 1458 1828 1458 1832 1458 1835 1458 1863 1484 1883 1468 1886 1468 1889 1468 1892 1468 2125 1484 2192 1458 2195 1458 2198 1458 2322 1487 2329 1547 2322 1570 2262 1563 2249 1573 2236 1582 2233 1582 2230 1582 2227 1582 2224 1582 2182 1573 2150 1563 2118 1573 2086 1582 2083 1582 2080 1582 2077 1582 2058 1573 2036 1563 1908 1563 1889 1573 1879 1582 1876 1582 1873 1582 1873 1586 1777 1586 1774 1582 1771 1582 1768 1582 1755 1576 1733 1563 1430 1563 1408 1576 1401 1582 1398 1582 1395 1582 1392 1582 1389 1582 1366 1576 1319 1563 1290 1576 1277 1582 1274 1582 1271 1582 1245 1579 1182 1563 1162 1579 1159 1582 1156 1582 1153 1582 1153 1586 1019 1586 1016 1582 1013 1582 1000 1579 952 1563 936 1579 933 1579 933 1582 930 1582 927 1582 924 1582 748 1579"/>
                  </Shape>
                  <String CONTENT="Item confesse qualors elle fust de mesme"
                          HPOS="739"
                          VPOS="1458"
                          WIDTH="1590"
                          HEIGHT="128"/>
               </TextLine>
               <TextLine ID="eSc_line_7a9b99b9"
                         BASELINE="649 1640 2488 1627"
                         HPOS="643"
                         VPOS="1551"
                         WIDTH="1848"
                         HEIGHT="127"
                         TAGREFS="LT118">
                  <Shape>
                     <Polygon POINTS="649 1640 643 1582 815 1582 815 1579 860 1557 863 1557 866 1557 1067 1579 1092 1579 1108 1576 1220 1554 1223 1554 1558 1567 1599 1551 1602 1551 1605 1551 1609 1551 1679 1570 1752 1551 1755 1551 1758 1551 1761 1551 1765 1551 1765 1554 1787 1573 1790 1573 1793 1573 1946 1551 1949 1551 2102 1570 2141 1551 2144 1551 2147 1551 2482 1570 2488 1627 2491 1637 2383 1672 2380 1672 2376 1672 2137 1653 2118 1668 2118 1672 2115 1672 2112 1672 2026 1675 2026 1678 1857 1678 1854 1675 1851 1675 1848 1675 1809 1649 1720 1675 1717 1675 1714 1675 1711 1675 1612 1643 1605 1643 1599 1643 1532 1659 1529 1659 1185 1646 1124 1646 1102 1646 962 1665 959 1665 646 1649"/>
                  </Shape>
                  <String CONTENT="sollicitee de Renuncer Dieu Cresme et baptesme"
                          HPOS="643"
                          VPOS="1551"
                          WIDTH="1848"
                          HEIGHT="127"/>
               </TextLine>
               <TextLine ID="eSc_line_3022b748"
                         BASELINE="739 1716 1666 1723 2475 1748"
                         HPOS="732"
                         VPOS="1637"
                         WIDTH="1743"
                         HEIGHT="143"
                         TAGREFS="LT118">
                  <Shape>
                     <Polygon POINTS="739 1716 739 1637 920 1653 1022 1643 1080 1640 1083 1640 1086 1640 1089 1640 1099 1646 1131 1665 1207 1649 1249 1643 1252 1643 1255 1643 1258 1643 1268 1653 1290 1672 1382 1672 1494 1659 1503 1659 1507 1659 1542 1659 1733 1675 1761 1668 1812 1653 1816 1653 1819 1653 1822 1653 1854 1672 1873 1681 2074 1681 2093 1678 2173 1659 2176 1659 2179 1659 2182 1659 2208 1681 2211 1684 2217 1681 2246 1672 2249 1672 2252 1672 2255 1672 2284 1684 2294 1688 2303 1684 2348 1662 2351 1662 2354 1662 2472 1691 2475 1748 2472 1770 2351 1780 2348 1780 2345 1780 2313 1767 2278 1754 2249 1767 2227 1777 2224 1777 2224 1780 2112 1780 2109 1777 2106 1777 2074 1761 2045 1751 2020 1761 1985 1774 1981 1774 1978 1774 1899 1758 1889 1758 1879 1758 1784 1770 1781 1770 1777 1770 1733 1754 1704 1742 1538 1742 1523 1748 1510 1758 1507 1758 1503 1758 1500 1758 1433 1748 1379 1739 1331 1745 1217 1761 1213 1761 1210 1761 1207 1761 1207 1758 1188 1742 1182 1735 1150 1742 1045 1758 1041 1758 1038 1758 1035 1758 1006 1735 1000 1732 981 1735 911 1751 908 1751 904 1751 901 1751 873 1732 869 1732 866 1732 828 1748 825 1748 822 1748 732 1729"/>
                  </Shape>
                  <String CONTENT="et de le recepvoir pour son maître ce quelle"
                          HPOS="732"
                          VPOS="1637"
                          WIDTH="1743"
                          HEIGHT="143"/>
               </TextLine>
               <TextLine ID="eSc_line_d5a82b9a"
                         BASELINE="758 1805 1704 1812 2478 1847"
                         HPOS="751"
                         VPOS="1716"
                         WIDTH="1727"
                         HEIGHT="159"
                         TAGREFS="LT118">
                  <Shape>
                     <Polygon POINTS="758 1805 755 1742 895 1716 898 1716 901 1716 904 1716 904 1719 930 1742 936 1745 946 1742 1025 1719 1029 1719 1032 1719 1035 1719 1089 1742 1102 1748 1115 1742 1150 1729 1153 1729 1156 1729 1159 1729 1162 1729 1182 1745 1194 1754 1296 1754 1306 1745 1322 1732 1322 1729 1325 1729 1328 1729 1331 1729 1335 1729 1338 1729 1338 1732 1354 1745 1366 1754 1465 1745 1615 1732 1618 1732 1765 1735 1768 1735 1771 1735 1790 1748 1809 1761 1822 1748 1832 1742 1832 1739 1835 1739 1838 1739 1841 1739 1899 1739 1902 1739 1924 1748 1962 1767 2020 1748 2045 1742 2048 1742 2051 1742 2055 1742 2077 1751 2128 1774 2335 1777 2396 1751 2399 1751 2402 1751 2405 1751 2478 1754 2478 1847 2478 1853 2437 1872 2434 1872 2431 1872 2427 1872 2373 1853 2367 1850 2361 1853 2313 1872 2310 1872 2310 1875 2192 1875 2188 1872 2071 1847 2032 1840 2004 1847 1930 1866 1927 1866 1924 1866 1758 1863 1755 1863 1752 1863 1730 1844 1717 1831 751 1828"/>
                  </Shape>
                  <String CONTENT="feist Renuncea dieu Cresme et baptesme"
                          HPOS="751"
                          VPOS="1716"
                          WIDTH="1727"
                          HEIGHT="159"/>
               </TextLine>
               <TextLine ID="eSc_line_c5b68fc5"
                         BASELINE="739 1895 2472 1939"
                         HPOS="729"
                         VPOS="1815"
                         WIDTH="1743"
                         HEIGHT="143"
                         TAGREFS="LT118">
                  <Shape>
                     <Polygon POINTS="739 1895 729 1840 767 1815 771 1815 774 1815 777 1815 780 1815 783 1815 783 1818 806 1837 914 1818 917 1818 920 1818 1029 1847 1029 1850 1032 1850 1156 1850 1226 1825 1229 1825 1233 1825 1236 1825 1319 1853 1379 1840 1382 1840 1472 1860 1481 1863 1554 1863 1854 1863 1969 1844 1972 1844 2469 1885 2472 1939 2469 1955 1758 1958 1755 1958 1752 1958 1749 1958 1736 1946 1723 1936 1698 1946 1672 1955 1669 1955 1666 1955 1481 1952 1478 1952 1449 1942 1421 1930 1401 1942 1389 1949 1386 1949 1382 1949 1379 1949 1239 1946 1236 1946 1210 1939 1162 1920 860 1914 736 1930"/>
                  </Shape>
                  <String CONTENT="et receut Icelui pour son maître lequel"
                          HPOS="729"
                          VPOS="1815"
                          WIDTH="1743"
                          HEIGHT="143"/>
               </TextLine>
               <TextLine ID="eSc_line_6a8d9eac"
                         BASELINE="764 2000 1112 1996 1210 2016 2408 2003"
                         HPOS="758"
                         VPOS="1920"
                         WIDTH="1650"
                         HEIGHT="140"
                         TAGREFS="LT118">
                  <Shape>
                     <Polygon POINTS="764 2000 758 1933 799 1926 802 1926 806 1926 809 1926 815 1933 860 1958 904 1933 917 1926 920 1926 1127 1923 1131 1923 1134 1923 1182 1936 1271 1958 1315 1936 1325 1933 1328 1933 1331 1933 1335 1933 1347 1936 1411 1958 1491 1958 1510 1939 1526 1926 1526 1923 1529 1923 1532 1923 1535 1923 1538 1923 1542 1923 1564 1939 1593 1958 1790 1958 1822 1942 1854 1926 1857 1926 1860 1926 1863 1926 1899 1942 1918 1952 1927 1942 1953 1920 1956 1920 1959 1920 1962 1920 2115 1946 2147 1949 2160 1946 2195 1933 2198 1933 2201 1933 2402 1949 2408 2003 2405 2035 2265 2051 2262 2051 2259 2051 2217 2038 2141 2009 2061 2038 2055 2038 2051 2038 2048 2038 2045 2038 2039 2038 1994 2019 1969 2038 1949 2051 1946 2051 1943 2051 1940 2051 1937 2051 1934 2051 1914 2038 1892 2022 1832 2035 1828 2035 1825 2035 1822 2035 1822 2032 1809 2019 1774 2038 1730 2057 1726 2057 1401 2060 1398 2060 1395 2060 1322 2038 1293 2028 1271 2038 1223 2060 1220 2060 1217 2060 1213 2060 1172 2038 1134 2019 802 2019 767 2038"/>
                  </Shape>
                  <String CONTENT="disoit sappeller charbon. Et heust alors sa"
                          HPOS="758"
                          VPOS="1920"
                          WIDTH="1650"
                          HEIGHT="140"/>
               </TextLine>
               <TextLine ID="eSc_line_ff97e1d4"
                         BASELINE="761 2054 1213 2041"
                         HPOS="751"
                         VPOS="1996"
                         WIDTH="462"
                         HEIGHT="93"
                         TAGREFS="LT118">
                  <Shape>
                     <Polygon POINTS="761 2054 751 2009 1201 1996 1213 2041 1210 2057 1054 2060 1051 2063 990 2089 987 2089 984 2089 758 2073"/>
                  </Shape>
                  <String CONTENT="compagnie"
                          HPOS="751"
                          VPOS="1996"
                          WIDTH="462"
                          HEIGHT="93"/>
               </TextLine>
               <TextLine ID="eSc_line_b7a604bc"
                         BASELINE="675 2149 1529 2191 2370 2207"
                         HPOS="672"
                         VPOS="2057"
                         WIDTH="1698"
                         HEIGHT="188"
                         TAGREFS="LT118">
                  <Shape>
                     <Polygon POINTS="675 2149 675 2092 713 2092 716 2092 764 2057 767 2057 771 2057 774 2057 841 2063 844 2063 847 2063 898 2098 901 2098 939 2086 943 2086 946 2086 1054 2102 1073 2105 1076 2105 1115 2076 1118 2076 1121 2076 1124 2076 1127 2076 1191 2108 1194 2108 1204 2108 1357 2079 1360 2079 1363 2079 1443 2114 1456 2114 1711 2108 1714 2108 1717 2108 1720 2108 1749 2124 1749 2127 1752 2124 1787 2095 1790 2095 1793 2095 1797 2095 1899 2095 1902 2095 1905 2095 1934 2114 1972 2098 1975 2098 1978 2098 1981 2098 2029 2118 2224 2108 2227 2108 2230 2108 2233 2108 2281 2143 2290 2146 2364 2146 2370 2207 2370 2219 2281 2245 2278 2245 2274 2245 2093 2239 2090 2239 2086 2239 2086 2235 2061 2213 2055 2213 1930 2223 1927 2223 1822 2207 1803 2204 1797 2207 1777 2223 1774 2223 1771 2223 1768 2223 1765 2223 1761 2223 1739 2204 1736 2200 1593 2200 1589 2200 1529 2219 1526 2219 1523 2219 1280 2210 1277 2210 1274 2210 1249 2191 1236 2184 1213 2191 1156 2207 1153 2207 1150 2207 997 2200 994 2200 949 2184 924 2175 901 2181 876 2191 873 2191 869 2191 866 2191 863 2191 863 2188 853 2181 844 2172 672 2175"/>
                  </Shape>
                  <String CONTENT="Item confesse que alors sondit maitre Charbon"
                          HPOS="672"
                          VPOS="2057"
                          WIDTH="1698"
                          HEIGHT="188"/>
               </TextLine>
               <TextLine ID="eSc_line_ee61083d"
                         BASELINE="665 2242 1147 2248 2345 2293"
                         HPOS="662"
                         VPOS="2162"
                         WIDTH="1683"
                         HEIGHT="159"
                         TAGREFS="LT118">
                  <Shape>
                     <Polygon POINTS="665 2242 665 2162 1019 2197 1166 2184 1261 2178 1264 2178 1268 2178 1271 2178 1287 2191 1309 2207 1465 2200 1675 2191 1679 2191 1682 2191 1685 2191 1711 2213 1717 2219 1816 2223 1835 2219 1905 2200 1908 2200 1911 2200 2055 2204 2341 2245 2345 2293 2341 2309 2252 2321 2249 2321 2090 2305 2020 2299 2007 2305 1994 2315 1991 2315 1988 2315 1985 2315 1981 2315 1978 2315 1978 2312 1969 2302 1959 2296 1940 2302 1886 2321 1883 2321 1879 2321 1771 2299 1682 2283 1609 2299 1548 2309 1545 2309 1405 2305 1325 2302 1322 2302 1299 2293 1252 2267 1019 2261 978 2280 974 2280 971 2280 968 2280 888 2261 853 2283 853 2286 850 2286 847 2286 844 2286 841 2286 834 2283 771 2264 662 2280"/>
                  </Shape>
                  <String CONTENT="lui donnat du poulsat pour nuire a"
                          HPOS="662"
                          VPOS="2162"
                          WIDTH="1683"
                          HEIGHT="159"/>
               </TextLine>
               <TextLine ID="eSc_line_32552c1e"
                         BASELINE="729 2340 1191 2350 1899 2395 2386 2401"
                         HPOS="726"
                         VPOS="2258"
                         WIDTH="1660"
                         HEIGHT="181"
                         TAGREFS="LT118">
                  <Shape>
                     <Polygon POINTS="729 2340 729 2274 857 2286 869 2277 892 2258 895 2258 898 2258 901 2258 1019 2280 1022 2280 1061 2264 1064 2264 1067 2264 1070 2264 1108 2283 1118 2283 1226 2270 1229 2270 1233 2270 1271 2286 1312 2305 1360 2293 1363 2293 1366 2293 1503 2312 1523 2296 1529 2293 1529 2290 1532 2290 1535 2290 1538 2290 1542 2290 1561 2296 1621 2318 1679 2299 1701 2293 1704 2293 1707 2293 1711 2293 1733 2302 1793 2328 2004 2334 2077 2312 2086 2309 2090 2309 2093 2309 2303 2315 2306 2315 2310 2315 2310 2318 2313 2318 2325 2334 2383 2321 2386 2401 2380 2417 2227 2414 2224 2414 2160 2439 2157 2439 2153 2439 2029 2420 1844 2426 1841 2426 1838 2426 1835 2426 1806 2407 1784 2423 1781 2423 1777 2423 1774 2423 1771 2423 1768 2423 1736 2401 1730 2398 1695 2401 1538 2414 1535 2414 1532 2414 1529 2414 1500 2395 1497 2391 1296 2372 1115 2369 1089 2385 1076 2395 1073 2395 1070 2395 1067 2395 994 2382 895 2363 726 2372"/>
                  </Shape>
                  <String CONTENT="gens et bestes. Mais quelle nen a use a"
                          HPOS="726"
                          VPOS="2258"
                          WIDTH="1660"
                          HEIGHT="181"/>
               </TextLine>
               <TextLine ID="eSc_line_c5c6a71a"
                         BASELINE="685 2462 815 2449 1312 2452 1675 2474 1892 2503 2303 2519"
                         HPOS="681"
                         VPOS="2360"
                         WIDTH="1622"
                         HEIGHT="178"
                         TAGREFS="LT118">
                  <Shape>
                     <Polygon POINTS="685 2462 681 2395 748 2395 751 2395 796 2360 799 2360 802 2360 806 2360 809 2360 812 2360 831 2376 1255 2376 1258 2376 1261 2376 1264 2376 1296 2395 1325 2385 1328 2385 1331 2385 1335 2385 1338 2385 1338 2388 1360 2407 1392 2382 1395 2382 1398 2382 1401 2382 1405 2382 1468 2414 1551 2401 1554 2401 1558 2401 1561 2401 1583 2420 1679 2395 1682 2395 1685 2395 1688 2395 1761 2430 1765 2430 1768 2430 1828 2411 1832 2411 1835 2411 1838 2411 1934 2436 1943 2439 2300 2449 2303 2519 2297 2538 1873 2525 1870 2525 1867 2525 1828 2503 1765 2512 1761 2512 1758 2512 1698 2487 1656 2503 1653 2503 1650 2503 1647 2503 1644 2503 1644 2500 1624 2484 1554 2497 1551 2497 1456 2477 1299 2506 1287 2506 1284 2506 1280 2506 1277 2506 1277 2503 1255 2487 1226 2500 1223 2500 1220 2500 1217 2500 1213 2500 1169 2468 853 2477 850 2477 847 2477 793 2462 774 2481 771 2481 767 2481 764 2481 761 2481 726 2465 685 2484"/>
                  </Shape>
                  <String CONTENT="Lendroit des personnes. Ains seulement"
                          HPOS="681"
                          VPOS="2360"
                          WIDTH="1622"
                          HEIGHT="178"/>
               </TextLine>
               <TextLine ID="eSc_line_b5638bcc"
                         BASELINE="707 2548 1334 2560"
                         HPOS="700"
                         VPOS="2462"
                         WIDTH="631"
                         HEIGHT="127"
                         TAGREFS="LT118">
                  <Shape>
                     <Polygon POINTS="704 2548 700 2481 1118 2462 1121 2462 1156 2468 1249 2487 1322 2465 1331 2557 1328 2570 1124 2589 1121 2589 1118 2589 1064 2570 1041 2563 1013 2570 965 2579 962 2579 959 2579 917 2570 879 2560 700 2567"/>
                  </Shape>
                  <String CONTENT="envers les bestes."
                          HPOS="700"
                          VPOS="2462"
                          WIDTH="631"
                          HEIGHT="127"/>
               </TextLine>
               <TextLine ID="eSc_line_01248ba3"
                         BASELINE="691 2681 1500 2688 2310 2713"
                         HPOS="688"
                         VPOS="2586"
                         WIDTH="1622"
                         HEIGHT="156"
                         TAGREFS="LT118">
                  <Shape>
                     <Polygon POINTS="691 2681 688 2605 818 2586 822 2586 825 2586 828 2586 860 2608 879 2618 939 2608 974 2605 978 2605 1016 2611 1076 2621 1096 2611 1137 2592 1140 2592 1143 2592 1303 2614 1325 2595 1328 2595 1331 2595 1335 2595 1338 2595 1341 2595 1370 2618 1395 2598 1398 2598 1401 2598 1405 2598 1500 2598 1503 2598 1554 2621 1574 2630 1653 2624 1774 2614 1777 2614 1781 2614 1822 2627 1854 2637 1879 2630 1953 2608 1956 2608 1959 2608 1962 2608 2058 2633 2090 2640 2306 2640 2310 2713 2306 2719 2188 2735 2185 2735 2093 2719 2083 2719 2077 2719 2020 2742 2016 2742 2013 2742 2010 2742 1953 2719 1949 2719 1934 2719 1717 2735 1714 2735 1711 2735 1675 2719 1656 2710 1580 2719 1475 2729 1472 2729 1468 2729 1465 2729 1449 2716 1430 2707 1331 2716 1245 2726 1242 2726 1239 2726 1220 2716 1194 2704 1108 2716 1061 2723 1057 2723 1054 2723 1038 2716 997 2697 917 2716 895 2719 892 2719 888 2719 873 2716 793 2694 688 2713"/>
                  </Shape>
                  <String CONTENT="Item confesse que dudit poulsat elle en avoit"
                          HPOS="688"
                          VPOS="2586"
                          WIDTH="1622"
                          HEIGHT="156"/>
               </TextLine>
               <TextLine ID="eSc_line_2cea2ff5"
                         BASELINE="630 2790 2239 2786 2392 2802"
                         HPOS="624"
                         VPOS="2697"
                         WIDTH="1768"
                         HEIGHT="147"
                         TAGREFS="LT118">
                  <Shape>
                     <Polygon POINTS="630 2790 624 2732 685 2729 713 2700 713 2697 716 2697 720 2697 723 2697 898 2719 939 2697 943 2697 946 2697 1045 2697 1048 2697 1051 2697 1102 2729 1143 2729 1185 2697 1188 2697 1191 2697 1194 2697 1198 2697 1255 2726 1322 2697 1325 2697 1328 2697 1411 2697 1414 2697 1417 2697 1462 2726 1516 2697 1519 2697 1523 2697 1526 2697 1602 2726 1660 2697 1663 2697 1666 2697 1669 2697 1733 2723 1812 2700 1816 2700 1819 2700 1822 2700 1825 2700 1825 2704 1841 2716 1972 2704 1975 2704 1978 2704 2039 2726 2080 2700 2083 2700 2086 2700 2090 2700 2173 2700 2176 2700 2179 2700 2179 2704 2208 2729 2389 2729 2392 2802 2389 2844 2163 2844 2160 2841 2157 2841 2153 2841 2153 2837 2112 2799 1816 2799 1669 2841 1666 2841 1663 2841 1660 2841 1656 2841 1618 2805 1538 2799 1335 2815 1331 2815 1264 2802 1175 2831 1172 2831 1169 2831 1166 2831 1162 2831 1124 2799 1070 2799 936 2841 933 2841 930 2841 927 2841 806 2805 630 2844"/>
                  </Shape>
                  <String CONTENT="Jecté sur lune des vaches de Nicolas guyon"
                          HPOS="624"
                          VPOS="2697"
                          WIDTH="1768"
                          HEIGHT="147"/>
               </TextLine>
               <TextLine ID="eSc_line_0a4dc7b0"
                         BASELINE="653 2891 774 2879 1523 2882"
                         HPOS="649"
                         VPOS="2802"
                         WIDTH="877"
                         HEIGHT="118"
                         TAGREFS="LT118">
                  <Shape>
                     <Polygon POINTS="653 2891 649 2831 710 2831 755 2802 758 2802 761 2802 764 2802 885 2802 888 2802 892 2802 892 2805 914 2825 965 2802 968 2802 971 2802 1131 2802 1134 2802 1191 2828 1226 2812 1229 2812 1233 2812 1344 2828 1484 2812 1487 2812 1491 2812 1494 2812 1526 2831 1523 2882 1519 2895 1370 2911 1366 2911 1363 2911 1335 2901 1306 2891 1284 2901 1268 2911 1264 2911 1261 2911 1258 2911 1239 2904 1207 2891 1172 2904 1137 2917 1134 2917 1131 2917 1127 2917 1124 2917 1124 2914 1115 2907 1099 2891 974 2891 917 2911 901 2917 898 2917 898 2920 783 2920 780 2917 777 2917 774 2917 774 2914 736 2891 653 2917"/>
                  </Shape>
                  <String CONTENT="Laquelle en mourut"
                          HPOS="649"
                          VPOS="2802"
                          WIDTH="877"
                          HEIGHT="118"/>
               </TextLine>
               <TextLine ID="eSc_line_7691b990"
                         BASELINE="745 3038 1472 3028 2482 3073"
                         HPOS="739"
                         VPOS="2939"
                         WIDTH="1743"
                         HEIGHT="160"
                         TAGREFS="LT118">
                  <Shape>
                     <Polygon POINTS="745 3038 742 2946 1000 2962 1035 2949 1061 2939 1064 2939 1067 2939 1124 2949 1194 2965 1213 2952 1229 2939 1233 2939 1236 2939 1239 2939 1325 2939 1328 2939 1366 2955 1389 2965 1411 2955 1427 2949 1430 2949 1433 2949 1436 2949 1440 2949 1449 2955 1478 2974 1631 2958 1647 2958 1650 2958 1653 2958 1656 2958 1698 2981 1870 2987 1997 2987 2048 2965 2067 2958 2071 2958 2074 2958 2077 2958 2093 2968 2144 2993 2204 2993 2227 2968 2233 2965 2233 2962 2236 2962 2239 2962 2243 2962 2246 2962 2271 2968 2306 2981 2322 2971 2329 2965 2332 2965 2335 2965 2338 2965 2482 2974 2482 3073 2478 3089 2335 3099 2332 3099 2274 3086 2220 3076 2192 3086 2166 3095 2163 3095 2160 3095 1965 3092 1962 3092 1937 3083 1899 3063 1860 3079 1841 3089 1838 3089 1835 3089 1832 3089 1793 3079 1758 3070 1733 3079 1720 3083 1717 3083 1714 3083 1711 3083 1707 3083 1707 3079 1704 3076 1685 3057 1615 3073 1612 3073 1609 3073 1532 3054 1472 3073 1452 3079 1449 3079 1446 3079 1443 3079 1440 3079 1433 3073 1401 3051 1258 3070 1229 3073 1226 3073 1223 3073 1220 3073 1217 3070 1178 3044 1061 3057 1057 3057 1054 3057 1016 3041 904 3063 901 3063 898 3063 739 3060"/>
                  </Shape>
                  <String CONTENT="De plus confesse quelle en avoit jecté sur lung"
                          HPOS="739"
                          VPOS="2939"
                          WIDTH="1743"
                          HEIGHT="160"/>
               </TextLine>
               <TextLine ID="eSc_line_1135d301"
                         BASELINE="713 3118 1446 3118 2453 3149"
                         HPOS="707"
                         VPOS="3032"
                         WIDTH="1746"
                         HEIGHT="143"
                         TAGREFS="LT118">
                  <Shape>
                     <Polygon POINTS="713 3118 710 3057 850 3032 853 3032 1073 3063 1080 3063 1083 3063 1108 3041 1108 3038 1112 3038 1115 3038 1118 3038 1217 3038 1220 3038 1223 3038 1249 3057 1370 3041 1373 3041 1376 3041 1379 3041 1411 3060 1523 3054 1526 3054 1529 3054 1532 3054 1558 3073 1561 3073 1634 3051 1637 3051 1640 3051 1644 3051 1647 3051 1682 3076 1685 3076 1723 3054 1726 3054 1730 3054 1733 3054 1828 3079 1838 3083 2144 3086 2147 3086 2169 3063 2169 3060 2173 3060 2176 3060 2179 3060 2239 3060 2243 3060 2246 3060 2281 3086 2310 3067 2313 3067 2316 3067 2319 3067 2450 3092 2453 3149 2450 3156 2300 3175 2297 3175 2195 3156 2166 3169 2163 3169 2160 3169 2157 3169 2153 3169 2153 3165 2150 3165 2141 3153 2137 3149 2131 3153 2083 3169 2080 3169 2077 3169 2074 3169 2016 3149 2010 3149 1994 3149 1838 3165 1835 3165 1714 3146 1679 3140 1660 3143 1612 3159 1609 3159 1605 3159 1532 3143 1503 3134 1016 3130 994 3134 924 3146 920 3146 707 3127"/>
                  </Shape>
                  <String CONTENT="des chevaulx de Pierrat Bourquenei Questoit"
                          HPOS="707"
                          VPOS="3032"
                          WIDTH="1746"
                          HEIGHT="143"/>
               </TextLine>
               <TextLine ID="eSc_line_5faf2bdb"
                         BASELINE="675 3197 1341 3191 2443 3223"
                         HPOS="672"
                         VPOS="3111"
                         WIDTH="1775"
                         HEIGHT="150"
                         TAGREFS="LT118">
                  <Shape>
                     <Polygon POINTS="675 3197 672 3118 780 3130 841 3121 898 3111 901 3111 965 3124 1013 3134 1032 3127 1057 3114 1061 3114 1064 3114 1201 3118 1204 3118 1233 3130 1252 3140 1299 3134 1386 3121 1389 3121 1392 3121 1395 3121 1414 3137 1421 3143 1440 3137 1481 3124 1484 3124 1487 3124 1561 3140 1589 3146 1624 3143 1733 3127 1736 3127 1739 3127 1781 3146 1787 3153 1930 3156 2010 3156 2013 3153 2039 3134 2042 3134 2045 3134 2048 3134 2051 3134 2109 3156 2112 3156 2118 3156 2208 3137 2211 3137 2214 3137 2274 3159 2278 3159 2389 3146 2392 3146 2396 3146 2447 3165 2443 3223 2437 3248 2134 3232 2106 3245 2067 3261 2064 3261 2061 3261 1975 3242 1905 3226 1848 3239 1761 3258 1758 3258 1755 3258 1685 3235 1653 3226 1634 3235 1593 3255 1589 3255 1586 3255 1147 3245 1143 3245 1102 3226 1070 3210 672 3216"/>
                  </Shape>
                  <String CONTENT="devant sa maison, lequel en mourut. Et ce a"
                          HPOS="672"
                          VPOS="3111"
                          WIDTH="1775"
                          HEIGHT="150"/>
               </TextLine>
            </TextBlock>
            <TextBlock HPOS="1338"
                       VPOS="3579"
                       WIDTH="124"
                       HEIGHT="112"
                       ID="eSc_textblock_7d22dde0"
                       TAGREFS="BT370">
               <Shape>
                  <Polygon POINTS="1338 3691 1363 3579 1462 3605 1462 3691"/>
               </Shape>
               <TextLine ID="eSc_line_7ad75d78"
                         BASELINE="1353 3677 1423 3677"
                         HPOS="1344"
                         VPOS="3573"
                         WIDTH="77"
                         HEIGHT="124"
                         TAGREFS="LT118">
                  <Shape>
                     <Polygon POINTS="1350 3675 1344 3592 1414 3573 1421 3675 1421 3694 1350 3697"/>
                  </Shape>
                  <String CONTENT="5" HPOS="1344" VPOS="3573" WIDTH="77" HEIGHT="124"/>
               </TextLine>
            </TextBlock>
            <TextBlock HPOS="2311"
                       VPOS="3641"
                       WIDTH="118"
                       HEIGHT="91"
                       ID="eSc_textblock_e74f0ce9"
                       TAGREFS="BT371">
               <Shape>
                  <Polygon POINTS="2311 3641 2311 3732 2429 3732 2429 3641"/>
               </Shape>
               <TextLine ID="eSc_line_8082e359"
                         BASELINE="2340 3708 2405 3708"
                         HPOS="2335"
                         VPOS="3634"
                         WIDTH="67"
                         HEIGHT="92"
                         TAGREFS="LT118">
                  <Shape>
                     <Polygon POINTS="2338 3707 2338 3634 2402 3637 2402 3707 2399 3726 2335 3723"/>
                  </Shape>
                  <String CONTENT="1" HPOS="2335" VPOS="3634" WIDTH="67" HEIGHT="92"/>
               </TextLine>
            </TextBlock>
            <TextBlock HPOS="1293"
                       VPOS="66"
                       WIDTH="104"
                       HEIGHT="71"
                       ID="eSc_textblock_dcd8b1e6"
                       TAGREFS="BT379">
               <Shape>
                  <Polygon POINTS="1293 66 1293 137 1397 137 1397 66"/>
               </Shape>
            </TextBlock>
         </PrintSpace>
      </Page>
   </Layout>
</alto>
