<alto xmlns:xsi="http://www.w3.org/2001/XMLSchema-instance"
      xmlns="http://www.loc.gov/standards/alto/ns-v4#"
      xsi:schemaLocation="http://www.loc.gov/standards/alto/ns-v4# http://www.loc.gov/standards/alto/v4/alto-4-2.xsd">
   <Description>
      <MeasurementUnit>pixel</MeasurementUnit>
      <sourceImageInformation>
         <fileName>B_168_15-2-2_0008.jpg</fileName>
      </sourceImageInformation>
   </Description>
   <Tags>
      <OtherTag ID="BT365"
                LABEL="MainZone:column"
                DESCRIPTION="block type MainZone:column"/>
      <OtherTag ID="BT367" LABEL="MainZone" DESCRIPTION="block type MainZone"/>
      <OtherTag ID="BT368"
                LABEL="MarginTextZone"
                DESCRIPTION="block type MarginTextZone"/>
      <OtherTag ID="BT369"
                LABEL="MarginTextZone:note"
                DESCRIPTION="block type MarginTextZone:note"/>
      <OtherTag ID="BT370"
                LABEL="NumberingZone:other"
                DESCRIPTION="block type NumberingZone:other"/>
      <OtherTag ID="BT371"
                LABEL="NumberingZone:page"
                DESCRIPTION="block type NumberingZone:page"/>
      <OtherTag ID="BT379"
                LABEL="DecorationZone"
                DESCRIPTION="block type DecorationZone"/>
      <OtherTag ID="BT380"
                LABEL="CustomZone:signature"
                DESCRIPTION="block type CustomZone:signature"/>
      <OtherTag ID="LT118" LABEL="DefaultLine" DESCRIPTION="line type DefaultLine"/>
      <OtherTag ID="LT119" LABEL="HeadingLine" DESCRIPTION="line type HeadingLine"/>
      <OtherTag ID="LT120"
                LABEL="InterlinearLine"
                DESCRIPTION="line type InterlinearLine"/>
   </Tags>
   <Layout>
      <Page WIDTH="2565"
            HEIGHT="3746"
            PHYSICAL_IMG_NR="10"
            ID="eSc_dummypage_">
         <PrintSpace HPOS="0" VPOS="0" WIDTH="2565" HEIGHT="3746">
            <TextBlock HPOS="662"
                       VPOS="187"
                       WIDTH="1790"
                       HEIGHT="2844"
                       ID="eSc_textblock_e1102b20"
                       TAGREFS="BT367">
               <Shape>
                  <Polygon POINTS="2290 524 2340 696 2240 758 2415 824 2402 1070 2252 1133 1890 1136 1905 1173 2152 1161 2180 1198 2327 1198 2365 1148 2402 1261 2352 1523 2365 1807 2452 1860 2452 2057 2427 2331 2365 2469 2427 2768 2327 3018 749 3031 674 2244 737 1794 699 1445 737 774 662 721 662 661 724 583 774 187 2215 199 2365 299"/>
               </Shape>
               <TextLine ID="eSc_line_25e05d15"
                         BASELINE="756 271 1662 265 2246 277"
                         HPOS="743"
                         VPOS="177"
                         WIDTH="1503"
                         HEIGHT="144"
                         TAGREFS="LT118">
                  <Shape>
                     <Polygon POINTS="756 271 743 199 762 181 762 177 765 177 768 177 771 177 946 177 1143 202 1209 209 1221 202 1249 184 1252 184 1255 184 1259 184 1359 202 1387 209 1393 202 1418 184 1421 184 1424 184 1427 184 1430 184 1462 199 1558 181 1562 181 1565 181 1568 181 1602 202 1668 177 1671 177 1674 177 1677 177 1680 177 1680 181 1699 196 1777 190 1780 190 1783 190 1818 206 1824 212 1937 212 1943 209 1987 184 1990 184 1993 184 1996 184 1999 184 2030 209 2105 187 2108 187 2111 187 2243 212 2246 277 2240 315 2049 287 1980 299 1977 299 1974 299 1971 299 1952 284 1865 302 1862 302 1858 302 1818 284 1640 318 1630 318 1627 318 1624 318 1621 318 1621 315 1590 287 1434 284 1374 318 1371 318 1368 318 1368 321 1290 321 1287 318 1284 318 1280 318 1280 315 1246 284 1212 284 1174 315 1171 315 1168 315 1059 318 1021 318 1018 318 1015 318 959 296 943 312 943 315 940 315 937 315 934 315 859 302 752 318"/>
                  </Shape>
                  <String CONTENT="faschee de sorte que tout Instamment ladite"
                          HPOS="743"
                          VPOS="177"
                          WIDTH="1503"
                          HEIGHT="144"/>
               </TextLine>
               <TextLine ID="eSc_line_809256d2"
                         BASELINE="743 365 2008 358 2355 374"
                         HPOS="737"
                         VPOS="290"
                         WIDTH="1618"
                         HEIGHT="103"
                         TAGREFS="LT118">
                  <Shape>
                     <Polygon POINTS="743 365 743 293 774 309 834 293 837 293 840 293 852 293 1021 309 1040 293 1040 290 1043 290 1046 290 1049 290 1221 290 1224 290 1227 290 1227 293 1252 309 1371 293 1374 293 1446 309 1471 290 1474 290 1477 290 1480 290 1496 290 1618 309 1649 293 1652 293 1655 293 1787 309 1843 290 1846 290 1849 290 1852 290 1899 309 1921 290 1924 290 1927 290 1930 290 1933 290 1937 290 1958 305 2165 293 2168 293 2171 293 2227 309 2246 293 2246 290 2249 290 2252 290 2255 290 2352 290 2355 374 2349 387 1296 371 1287 377 1268 393 1265 393 1262 393 1259 393 931 374 912 374 906 374 809 393 806 393 802 393 737 371"/>
                  </Shape>
                  <String CONTENT="seure dudit deposant devint malade, et disoit"
                          HPOS="737"
                          VPOS="290"
                          WIDTH="1618"
                          HEIGHT="103"/>
               </TextLine>
               <TextLine ID="eSc_line_7c238b9d"
                         BASELINE="740 468 2268 449"
                         HPOS="734"
                         VPOS="380"
                         WIDTH="1534"
                         HEIGHT="128"
                         TAGREFS="LT118">
                  <Shape>
                     <Polygon POINTS="740 468 737 393 774 412 946 393 987 390 990 390 1080 390 1084 390 1087 390 1090 393 1112 408 1137 393 1140 390 1143 390 1146 390 1149 390 1177 393 1249 405 1271 393 1280 387 1284 387 1287 387 1290 387 1343 393 1427 405 1465 393 1493 383 1496 383 1499 383 1583 393 1655 402 1715 393 1805 380 1808 380 1812 380 1815 380 1833 393 1840 399 1874 393 1943 383 1946 383 1949 383 1971 393 1980 399 2258 396 2268 449 2265 490 1758 468 1671 486 1655 490 1652 490 1649 490 1643 486 1612 471 1558 486 1505 502 1502 502 1502 505 1430 505 1427 502 1424 502 1421 502 1402 486 1393 477 1371 486 1324 502 1321 502 1318 502 1315 502 1277 483 1252 474 1093 474 1087 483 1065 502 1065 505 1062 505 1059 505 1055 505 915 483 799 508 796 508 793 508 734 480"/>
                  </Shape>
                  <String CONTENT="que ladite Annelin lui avoit donne le mal"
                          HPOS="734"
                          VPOS="380"
                          WIDTH="1534"
                          HEIGHT="128"/>
               </TextLine>
               <TextLine ID="eSc_line_078120a9"
                         BASELINE="743 568 2202 549"
                         HPOS="740"
                         VPOS="477"
                         WIDTH="1462"
                         HEIGHT="144"
                         TAGREFS="LT118">
                  <Shape>
                     <Polygon POINTS="743 568 740 493 818 505 884 490 893 490 896 490 899 490 902 490 956 511 1052 490 1074 486 1077 486 1112 490 1240 505 1602 490 1605 490 1665 502 1721 486 1755 477 1758 477 1762 477 1824 486 1899 499 1930 486 1937 483 1940 483 1943 483 2196 486 2202 549 2202 558 2012 599 2008 599 1915 583 1868 608 1865 608 1862 608 1858 608 1855 608 1796 574 1783 568 1674 568 1668 577 1633 608 1633 611 1630 611 1627 611 1418 614 1415 614 1412 614 1346 586 1315 574 1068 574 1027 599 987 621 984 621 981 621 740 605"/>
                  </Shape>
                  <String CONTENT="dequoi elle morut quelque temps apres."
                          HPOS="740"
                          VPOS="477"
                          WIDTH="1462"
                          HEIGHT="144"/>
               </TextLine>
               <TextLine ID="eSc_line_d30c9e2b"
                         BASELINE="696 705 974 686 2311 671"
                         HPOS="684"
                         VPOS="593"
                         WIDTH="1627"
                         HEIGHT="165"
                         TAGREFS="LT118">
                  <Shape>
                     <Polygon POINTS="696 705 684 636 746 611 749 611 752 611 968 630 987 630 990 630 1009 611 1009 608 1012 608 1015 608 1018 608 1021 608 1065 627 1127 605 1130 605 1134 605 1427 621 1537 624 1568 618 1630 599 1633 599 1637 599 1640 599 1696 614 1727 621 1852 611 1990 599 1993 599 2030 605 2065 614 2077 605 2090 596 2090 593 2093 593 2096 593 2099 593 2102 593 2130 605 2158 614 2302 602 2311 671 2311 696 2077 699 2071 705 2024 739 2021 739 2018 739 2018 742 1958 742 1955 739 1952 739 1949 739 1905 708 1902 705 1896 708 1812 742 1808 742 1808 746 1627 746 1624 742 1621 742 1618 742 1596 727 1430 746 1427 746 1424 746 1365 724 1343 714 1318 724 1262 749 1259 749 1255 749 1252 749 1249 749 1221 727 1218 724 1215 727 1184 742 1180 742 1177 742 1118 730 1062 717 949 717 924 733 896 755 893 755 890 755 890 758 837 758 834 755 831 755 827 755 827 752 812 736 793 721 696 739"/>
                  </Shape>
                  <String CONTENT="Dit quil a tousjours ouys appeller sorciere"
                          HPOS="684"
                          VPOS="593"
                          WIDTH="1627"
                          HEIGHT="165"/>
               </TextLine>
               <TextLine ID="eSc_line_4a692aa9"
                         BASELINE="734 902 2399 880"
                         HPOS="731"
                         VPOS="796"
                         WIDTH="1668"
                         HEIGHT="156"
                         TAGREFS="LT118">
                  <Shape>
                     <Polygon POINTS="734 902 731 814 956 836 996 811 1002 808 1006 808 1009 808 1012 808 1015 808 1024 811 1062 833 1290 814 1293 814 1296 814 1327 830 1409 811 1455 802 1459 802 1462 802 1465 802 1477 811 1502 827 1527 811 1530 808 1534 808 1537 808 1540 808 1571 811 1680 827 1718 811 1746 799 1749 799 1752 799 1855 811 1943 820 1971 811 2008 796 2012 796 2015 796 2018 796 2021 796 2043 811 2061 820 2155 811 2258 799 2261 799 2393 811 2399 880 2399 902 2330 930 2327 930 2327 933 2252 933 2249 930 2246 930 2205 908 2196 905 2180 908 2136 920 2133 920 2130 920 2021 914 1924 908 1874 917 1805 933 1802 933 1799 933 1768 920 1743 911 1718 924 1683 939 1680 939 1677 939 1605 927 1552 917 1537 930 1521 939 1518 939 1515 939 1512 939 1509 939 1487 930 1459 920 1412 933 1374 942 1371 942 1368 942 1312 936 1227 924 1212 939 1209 939 1209 942 1205 942 1202 942 1199 942 1196 942 1184 939 1143 930 1127 942 1124 945 1121 945 1118 945 1115 945 1080 942 949 927 734 952"/>
                  </Shape>
                  <String CONTENT="Jehan Jordain dudit Courthedoubs Pas serement depose"
                          HPOS="731"
                          VPOS="796"
                          WIDTH="1668"
                          HEIGHT="156"/>
               </TextLine>
               <TextLine ID="eSc_line_e8a54111"
                         BASELINE="731 1005 1680 977 2318 977"
                         HPOS="721"
                         VPOS="895"
                         WIDTH="1597"
                         HEIGHT="153"
                         TAGREFS="LT118">
                  <Shape>
                     <Polygon POINTS="731 1005 721 945 1055 914 1059 914 1305 933 1327 933 1355 933 1524 914 1527 914 1530 914 1534 914 1546 927 1624 905 1627 905 1630 905 1740 924 1765 905 1765 902 1768 902 1771 902 1943 895 1946 895 1949 895 2018 914 2058 895 2061 895 2065 895 2315 914 2318 977 2308 1005 2274 989 2211 1008 2208 1008 2205 1008 2202 1008 2199 1008 2196 1008 2174 989 2080 1005 2077 1005 1971 989 1946 1008 1946 1011 1943 1011 1940 1011 1937 1011 1933 1011 1865 992 1833 1017 1830 1017 1827 1017 1824 1017 1821 1017 1818 1017 1818 1014 1790 992 1749 992 1715 1014 1712 1014 1708 1014 1705 1014 1702 1014 1699 1014 1680 1002 1596 1027 1577 1030 1574 1030 1571 1030 1568 1030 1558 1027 1518 1005 1434 1023 1430 1023 1427 1023 1355 998 1215 1036 1212 1036 1209 1036 1205 1036 1202 1036 1077 1005 977 1005 921 1042 918 1042 915 1042 731 1048"/>
                  </Shape>
                  <String CONTENT="quil a de long temps ouys suspitionner ladite"
                          HPOS="721"
                          VPOS="895"
                          WIDTH="1597"
                          HEIGHT="153"/>
               </TextLine>
               <TextLine ID="eSc_line_d5138af0"
                         BASELINE="768 1095 2327 1048"
                         HPOS="765"
                         VPOS="970"
                         WIDTH="1562"
                         HEIGHT="166"
                         TAGREFS="LT118">
                  <Shape>
                     <Polygon POINTS="768 1095 765 1033 890 1033 896 1027 924 1008 927 1008 931 1008 934 1008 937 1008 968 1023 999 1008 1002 1008 1006 1008 1121 1023 1143 1023 1149 1020 1190 1005 1193 1005 1196 1005 1259 1017 1271 1020 1274 1017 1296 998 1299 998 1302 998 1305 998 1309 998 1362 1014 1384 995 1384 992 1387 992 1390 992 1493 989 1496 989 1499 989 1574 1008 1718 983 1721 983 1977 998 1980 998 1983 998 2118 970 2121 970 2124 970 2202 992 2318 992 2327 1048 2324 1086 2155 1070 2124 1095 2121 1095 2118 1095 2115 1095 2086 1095 1808 1080 1724 1083 1708 1105 1705 1105 1705 1108 1702 1108 1699 1108 1696 1108 1693 1108 1690 1108 1605 1086 1449 1105 1446 1105 1287 1095 1227 1120 1224 1120 993 1126 990 1126 987 1126 937 1108 768 1136"/>
                  </Shape>
                  <String CONTENT="Annelin estre une sorciere aultre chose nen"
                          HPOS="765"
                          VPOS="970"
                          WIDTH="1562"
                          HEIGHT="166"/>
               </TextLine>
               <TextLine ID="eSc_line_ce9432a5"
                         BASELINE="768 1167 974 1155"
                         HPOS="756"
                         VPOS="1095"
                         WIDTH="218"
                         HEIGHT="134"
                         TAGREFS="LT118">
                  <Shape>
                     <Polygon POINTS="768 1167 756 1117 818 1095 821 1095 824 1095 968 1101 974 1155 974 1173 771 1229"/>
                  </Shape>
                  <String CONTENT="scait."
                          HPOS="756"
                          VPOS="1095"
                          WIDTH="218"
                          HEIGHT="134"/>
               </TextLine>
               <TextLine ID="eSc_line_c18cee81"
                         BASELINE="718 1339 2371 1307"
                         HPOS="709"
                         VPOS="1223"
                         WIDTH="1662"
                         HEIGHT="153"
                         TAGREFS="LT118">
                  <Shape>
                     <Polygon POINTS="718 1339 709 1273 815 1251 818 1251 821 1251 824 1251 824 1254 843 1270 852 1279 884 1267 902 1261 906 1261 909 1261 912 1261 924 1267 940 1273 956 1267 999 1245 1002 1245 1006 1245 1115 1261 1190 1273 1412 1270 1434 1254 1446 1245 1449 1245 1452 1245 1455 1245 1499 1251 1555 1264 1571 1251 1590 1236 1590 1233 1593 1233 1596 1233 1777 1229 1780 1229 1783 1229 1818 1245 1855 1261 1905 1242 1949 1226 1952 1226 2061 1223 2065 1223 2068 1223 2071 1223 2090 1239 2118 1254 2361 1233 2371 1307 2371 1345 2118 1351 2115 1351 2108 1351 2021 1332 1999 1351 1996 1351 1993 1351 1990 1351 1880 1342 1780 1357 1774 1357 1771 1357 1768 1357 1765 1357 1737 1336 1384 1339 1340 1364 1337 1364 1334 1364 1215 1345 1043 1364 1040 1364 896 1351 718 1376"/>
                  </Shape>
                  <String CONTENT="Nicolas torel dudit Courthedoubs depose que lui"
                          HPOS="709"
                          VPOS="1223"
                          WIDTH="1662"
                          HEIGHT="153"/>
               </TextLine>
               <TextLine ID="eSc_line_bab658b6"
                         BASELINE="712 1414 1293 1398 2308 1401"
                         HPOS="702"
                         VPOS="1329"
                         WIDTH="1606"
                         HEIGHT="116"
                         TAGREFS="LT118">
                  <Shape>
                     <Polygon POINTS="712 1414 702 1357 774 1336 777 1336 781 1336 927 1351 946 1336 946 1332 949 1332 952 1332 956 1332 1049 1351 1109 1336 1112 1336 1115 1336 1118 1336 1155 1351 1171 1336 1171 1332 1174 1332 1177 1332 1180 1332 1184 1332 1230 1351 1365 1332 1368 1332 1371 1332 1409 1351 1434 1329 1437 1329 1440 1329 1443 1329 1540 1348 1577 1329 1580 1329 1583 1329 1671 1348 1677 1351 1915 1351 1921 1348 1955 1329 1958 1329 1962 1329 2043 1345 2058 1348 2061 1345 2086 1329 2090 1329 2093 1329 2096 1329 2099 1329 2130 1345 2140 1348 2302 1345 2308 1401 2299 1426 2230 1410 2152 1426 2149 1426 1830 1414 1615 1432 1540 1439 1537 1439 1534 1439 1530 1439 1524 1432 1490 1414 1446 1435 1434 1439 1430 1439 1427 1439 1424 1439 1421 1439 1421 1435 1418 1435 1396 1417 1309 1435 1299 1435 1296 1435 1293 1435 1290 1435 1246 1417 1215 1435 1209 1442 1205 1442 1202 1442 1202 1445 1127 1445 1124 1442 1121 1442 1118 1442 1118 1439 1115 1435 1093 1417 952 1417 915 1439 912 1442 909 1442 906 1442 902 1442 709 1439"/>
                  </Shape>
                  <String CONTENT="deposant a heu des chievres que ne vouloyent"
                          HPOS="702"
                          VPOS="1329"
                          WIDTH="1606"
                          HEIGHT="116"/>
               </TextLine>
               <TextLine ID="eSc_line_f4817db5"
                         BASELINE="749 1492 1224 1473 2336 1467"
                         HPOS="743"
                         VPOS="1395"
                         WIDTH="1593"
                         HEIGHT="112"
                         TAGREFS="LT118">
                  <Shape>
                     <Polygon POINTS="749 1492 743 1426 1090 1407 1093 1407 1155 1417 1218 1426 1271 1414 1318 1404 1321 1404 1427 1410 1593 1423 1608 1407 1615 1404 1615 1401 1618 1401 1621 1401 1624 1401 1627 1401 1630 1401 1637 1407 1662 1423 1887 1423 1918 1401 1921 1401 1924 1401 1927 1401 1937 1401 2055 1417 2083 1398 2086 1398 2090 1398 2093 1398 2099 1398 2183 1417 2327 1395 2336 1467 2330 1495 2261 1479 2065 1498 2052 1498 1787 1501 1783 1501 1780 1501 1777 1501 1743 1485 1637 1501 1612 1504 1608 1504 1605 1504 1602 1504 1599 1501 1574 1489 1337 1489 1315 1504 1312 1504 1309 1504 1305 1504 1284 1504 1040 1492 749 1507"/>
                  </Shape>
                  <String CONTENT="donner leur laict, et questant este advertis"
                          HPOS="743"
                          VPOS="1395"
                          WIDTH="1593"
                          HEIGHT="112"/>
               </TextLine>
               <TextLine ID="eSc_line_2fdff7a0"
                         BASELINE="752 1576 1143 1557 2265 1548"
                         HPOS="746"
                         VPOS="1470"
                         WIDTH="1519"
                         HEIGHT="137"
                         TAGREFS="LT118">
                  <Shape>
                     <Polygon POINTS="752 1576 746 1514 1009 1482 1012 1482 1109 1498 1302 1479 1305 1479 1309 1479 1312 1479 1334 1498 1337 1498 1409 1479 1412 1479 1415 1479 1418 1479 1465 1495 1487 1501 1708 1501 1724 1489 1737 1479 1740 1479 1743 1479 1746 1479 1749 1479 1752 1479 1762 1489 1768 1495 1796 1485 1818 1479 1821 1479 1824 1479 1827 1479 1830 1479 1837 1485 1852 1498 1977 1498 2015 1482 2046 1470 2049 1470 2052 1470 2055 1470 2058 1470 2058 1473 2068 1479 2077 1492 2193 1492 2252 1476 2265 1548 2261 1588 2080 1560 1949 1592 1933 1595 1699 1598 1696 1598 1693 1598 1690 1598 1687 1595 1646 1567 1571 1567 1505 1595 1493 1601 1490 1601 1487 1601 1449 1598 1271 1570 1199 1592 1196 1592 1193 1592 1040 1573 1018 1588 1015 1588 1012 1588 1009 1588 890 1579 834 1601 821 1607 818 1607 815 1607 749 1601"/>
                  </Shape>
                  <String CONTENT="de leur voisins de prendre des herbes au"
                          HPOS="746"
                          VPOS="1470"
                          WIDTH="1519"
                          HEIGHT="137"/>
               </TextLine>
               <TextLine ID="eSc_line_28a8b284"
                         BASELINE="762 1651 2324 1635"
                         HPOS="752"
                         VPOS="1567"
                         WIDTH="1572"
                         HEIGHT="112"
                         TAGREFS="LT118">
                  <Shape>
                     <Polygon POINTS="762 1651 752 1604 812 1582 815 1582 818 1582 899 1598 990 1579 993 1579 996 1579 1030 1595 1062 1576 1065 1576 1068 1576 1071 1576 1296 1576 1299 1576 1380 1595 1509 1573 1512 1573 1646 1592 1690 1576 1693 1576 1696 1576 1908 1588 1933 1570 1937 1570 1940 1570 1943 1570 2065 1585 2215 1567 2218 1567 2318 1588 2324 1635 2318 1670 2130 1651 1940 1670 1896 1673 1893 1673 1833 1670 1712 1660 1705 1670 1702 1673 1699 1673 1699 1676 1696 1676 1693 1676 1690 1676 1687 1676 1662 1670 1621 1657 1543 1666 1484 1676 1480 1676 1418 1666 1365 1660 1349 1666 1327 1679 1324 1679 1321 1679 759 1663"/>
                  </Shape>
                  <String CONTENT="curtil de ceulx quil se mefioyent et en"
                          HPOS="752"
                          VPOS="1567"
                          WIDTH="1572"
                          HEIGHT="112"/>
               </TextLine>
               <TextLine ID="eSc_line_5d909352"
                         BASELINE="749 1745 1630 1729 2336 1735"
                         HPOS="743"
                         VPOS="1663"
                         WIDTH="1593"
                         HEIGHT="103"
                         TAGREFS="LT118">
                  <Shape>
                     <Polygon POINTS="749 1745 743 1673 2330 1663 2336 1735 2333 1757 1852 1741 1618 1763 1599 1763 1596 1763 1568 1763 1246 1745 1209 1760 1205 1760 1202 1760 1199 1760 1196 1760 1171 1745 1096 1763 1093 1763 1090 1763 1087 1763 1034 1748 965 1766 962 1766 959 1766 956 1766 952 1766 949 1766 921 1748 749 1766"/>
                  </Shape>
                  <String CONTENT="leur en donner, a manger quelles guairiroyent"
                          HPOS="743"
                          VPOS="1663"
                          WIDTH="1593"
                          HEIGHT="103"/>
               </TextLine>
               <TextLine ID="eSc_line_29d24b17"
                         BASELINE="759 1835 1262 1819 2265 1823"
                         HPOS="743"
                         VPOS="1748"
                         WIDTH="1522"
                         HEIGHT="118"
                         TAGREFS="LT118">
                  <Shape>
                     <Polygon POINTS="759 1835 743 1773 759 1754 762 1754 762 1751 765 1751 768 1751 771 1751 859 1751 862 1751 902 1773 921 1773 1165 1751 1168 1751 1274 1773 1277 1773 1280 1773 1302 1754 1302 1751 1305 1751 1309 1751 1312 1751 1315 1751 1368 1769 1452 1751 1455 1751 1459 1751 1515 1773 1518 1773 1537 1754 1537 1751 1540 1751 1543 1751 1730 1748 1733 1748 1737 1748 1815 1773 2055 1773 2118 1751 2121 1751 2124 1751 2127 1751 2130 1751 2155 1773 2261 1773 2265 1823 2261 1844 2058 1863 2055 1863 2052 1863 2021 1848 1999 1838 1896 1838 1871 1851 1843 1863 1840 1863 1840 1866 1715 1866 1712 1863 1708 1863 1687 1854 1652 1835 1612 1854 1590 1863 1587 1863 1583 1863 1580 1863 1577 1863 1568 1854 1543 1838 1337 1838 1274 1857 1249 1866 1246 1866 1243 1866 1240 1866 1237 1866 1227 1857 1193 1838 1074 1838 1009 1860 993 1866 990 1866 987 1866 940 1863 815 1848 762 1863"/>
                  </Shape>
                  <String CONTENT="Ce que la femme dudit deposant a heu"
                          HPOS="743"
                          VPOS="1748"
                          WIDTH="1522"
                          HEIGHT="118"/>
               </TextLine>
               <TextLine ID="eSc_line_953b8d23"
                         BASELINE="777 1938 1287 1916 2443 1926"
                         HPOS="768"
                         VPOS="1829"
                         WIDTH="1675"
                         HEIGHT="131"
                         TAGREFS="LT118">
                  <Shape>
                     <Polygon POINTS="777 1938 768 1863 815 1841 818 1841 821 1841 824 1841 827 1841 856 1860 968 1860 1171 1860 1184 1854 1221 1841 1224 1841 1227 1841 1290 1851 1321 1857 1337 1851 1380 1829 1384 1829 1387 1829 1577 1829 1580 1829 1633 1844 1677 1857 1874 1838 1996 1829 1999 1829 2043 1835 2155 1857 2186 1838 2190 1838 2193 1838 2436 1829 2443 1926 2436 1938 2293 1935 2277 1941 2240 1957 2236 1957 2233 1957 2143 1941 2093 1935 2058 1944 2005 1957 2002 1957 2002 1960 1827 1960 1824 1957 1821 1957 1818 1957 1818 1954 1805 1944 1793 1935 1640 1935 1615 1947 1596 1957 1593 1957 1593 1960 1484 1960 1480 1957 1477 1957 1462 1947 1437 1935 1402 1951 1384 1957 1380 1957 1377 1957 1374 1957 1371 1957 1365 1951 1343 1935 1130 1935 1084 1954 1071 1957 1068 1957 1065 1957 1062 1957 1049 1954 996 1935 777 1954"/>
                  </Shape>
                  <String CONTENT="execute Que tousjour lesdites chievres rendoyent"
                          HPOS="768"
                          VPOS="1829"
                          WIDTH="1675"
                          HEIGHT="131"/>
               </TextLine>
               <TextLine ID="eSc_line_28a53606"
                         BASELINE="718 2025 2440 2010"
                         HPOS="706"
                         VPOS="1929"
                         WIDTH="1734"
                         HEIGHT="146"
                         TAGREFS="LT118">
                  <Shape>
                     <Polygon POINTS="718 2025 706 1966 771 1938 774 1938 777 1938 949 1960 977 1963 990 1960 1052 1935 1055 1935 1059 1935 1240 1938 1243 1938 1277 1954 1284 1957 1290 1954 1318 1935 1321 1935 1324 1935 1327 1935 1330 1935 1384 1951 1405 1957 1440 1951 1493 1941 1496 1941 1577 1947 1680 1957 1705 1944 1740 1929 1743 1929 1746 1929 1824 1941 1890 1954 2430 1932 2440 2010 2440 2038 2308 2066 2305 2066 2302 2066 2299 2066 2299 2063 2274 2041 2268 2032 2211 2032 2177 2041 2096 2069 2093 2069 2090 2069 2086 2069 2043 2044 2024 2035 1990 2044 1940 2060 1937 2060 1933 2060 1930 2060 1927 2060 1905 2047 1883 2035 1727 2035 1702 2047 1655 2072 1652 2072 1293 2075 1290 2075 1287 2075 1284 2075 1252 2054 1234 2041 1199 2054 1184 2060 1180 2060 1177 2060 1149 2057 1068 2041 1009 2057 999 2060 996 2060 993 2060 959 2057 796 2044 718 2060"/>
                  </Shape>
                  <String CONTENT="Leur laict Et dit avoir fait cela a reyterrees fois."
                          HPOS="706"
                          VPOS="1929"
                          WIDTH="1734"
                          HEIGHT="146"/>
               </TextLine>
               <TextLine ID="eSc_line_47551e5b"
                         BASELINE="699 2216 1243 2207 2358 2216"
                         HPOS="693"
                         VPOS="2119"
                         WIDTH="1665"
                         HEIGHT="134"
                         TAGREFS="LT118">
                  <Shape>
                     <Polygon POINTS="699 2216 693 2125 893 2119 896 2119 899 2119 915 2125 971 2144 1018 2125 1030 2119 1034 2119 1037 2119 1162 2119 1165 2119 1168 2119 1171 2125 1196 2141 1499 2132 1502 2132 1580 2150 1777 2150 1805 2125 1808 2125 1812 2125 1815 2125 1818 2125 1902 2150 2227 2150 2274 2125 2277 2122 2280 2122 2283 2122 2358 2125 2358 2216 2355 2235 2021 2250 2018 2250 2015 2250 1990 2238 1977 2231 1971 2238 1958 2250 1955 2250 1952 2250 1952 2253 1780 2253 1777 2250 1774 2250 1771 2250 1771 2247 1762 2241 1752 2231 1702 2241 1652 2247 1649 2247 1596 2241 1534 2231 1465 2241 1418 2247 1415 2247 1412 2247 1409 2247 1402 2241 1390 2228 1362 2241 1349 2247 1346 2247 1346 2250 1187 2250 1184 2247 1180 2247 1165 2244 1115 2228 1084 2244 1080 2244 1077 2244 1074 2244 1059 2244 931 2228 856 2244 837 2247 834 2247 831 2247 827 2247 824 2244 796 2228 696 2244"/>
                  </Shape>
                  <String CONTENT="Dedie villain par serement depose, que par une fois"
                          HPOS="693"
                          VPOS="2119"
                          WIDTH="1665"
                          HEIGHT="134"/>
               </TextLine>
               <TextLine ID="eSc_line_62972539"
                         BASELINE="752 2281 2405 2300"
                         HPOS="749"
                         VPOS="2210"
                         WIDTH="1656"
                         HEIGHT="128"
                         TAGREFS="LT118">
                  <Shape>
                     <Polygon POINTS="752 2281 752 2213 927 2231 999 2213 1018 2210 1021 2210 1024 2210 1027 2210 1030 2210 1037 2216 1065 2235 1121 2216 1124 2216 1127 2216 1130 2216 1134 2216 1165 2235 1287 2219 1290 2219 1293 2219 1296 2219 1296 2222 1299 2222 1312 2238 1434 2238 1452 2219 1455 2216 1459 2216 1462 2216 1465 2216 1577 2216 1580 2216 1583 2216 1590 2222 1624 2241 1671 2222 1680 2219 1683 2219 1687 2219 1690 2219 1696 2222 1740 2241 1802 2228 1805 2228 1899 2247 2046 2247 2108 2225 2124 2222 2127 2222 2130 2222 2405 2231 2405 2300 2405 2313 2340 2338 2336 2338 2333 2338 2149 2313 2124 2310 2096 2313 1855 2335 1852 2335 1680 2310 1580 2331 1577 2331 1446 2310 1305 2328 1302 2328 1299 2328 1215 2306 1193 2300 749 2300"/>
                  </Shape>
                  <String CONTENT="la mere de deposant ayant apporte au marche"
                          HPOS="749"
                          VPOS="2210"
                          WIDTH="1656"
                          HEIGHT="128"/>
               </TextLine>
               <TextLine ID="eSc_line_49b8da3a"
                         BASELINE="706 2381 1374 2381 2336 2406"
                         HPOS="696"
                         VPOS="2297"
                         WIDTH="1640"
                         HEIGHT="134"
                         TAGREFS="LT118">
                  <Shape>
                     <Polygon POINTS="706 2381 696 2316 727 2297 731 2297 734 2297 737 2297 740 2297 743 2297 765 2316 765 2319 996 2319 1040 2297 1043 2297 1046 2297 1049 2297 1052 2297 1077 2316 1246 2300 1249 2300 1252 2300 1255 2300 1290 2322 1296 2325 1337 2322 1521 2306 1524 2306 1527 2306 1530 2306 1558 2325 1571 2325 1724 2310 1727 2310 1730 2310 1802 2328 1833 2338 1937 2338 1946 2328 1962 2316 1962 2313 1965 2313 1968 2313 1971 2313 1974 2313 2018 2328 2040 2338 2055 2331 2080 2316 2083 2316 2086 2316 2090 2316 2130 2331 2158 2341 2174 2331 2190 2322 2193 2322 2196 2322 2199 2322 2202 2322 2205 2322 2221 2331 2230 2338 2333 2335 2336 2406 2327 2431 2261 2413 2124 2428 2108 2428 2105 2428 2090 2428 1974 2406 1849 2422 1812 2425 1808 2425 1805 2425 1790 2419 1743 2403 1683 2419 1665 2422 1662 2422 1658 2422 1655 2422 1643 2416 1615 2403 1521 2413 1471 2419 1468 2419 1465 2419 1462 2419 1455 2413 1434 2397 1162 2397 1152 2406 1146 2409 1146 2413 1143 2413 1140 2413 1137 2413 1093 2403 1037 2394 993 2403 949 2409 946 2409 699 2394"/>
                  </Shape>
                  <String CONTENT="vendre du beurre Ladite Annelin le tint et"
                          HPOS="696"
                          VPOS="2297"
                          WIDTH="1640"
                          HEIGHT="134"/>
               </TextLine>
               <TextLine ID="eSc_line_4509eb16"
                         BASELINE="740 2475 2280 2487"
                         HPOS="734"
                         VPOS="2394"
                         WIDTH="1546"
                         HEIGHT="128"
                         TAGREFS="LT118">
                  <Shape>
                     <Polygon POINTS="740 2475 740 2416 906 2416 909 2416 934 2394 937 2394 940 2394 943 2394 1071 2416 1077 2416 1118 2394 1121 2394 1124 2394 1305 2416 1334 2419 1349 2416 1415 2403 1418 2403 1527 2419 1546 2419 1555 2419 1618 2400 1621 2400 1624 2400 1721 2419 1730 2419 1743 2419 1883 2400 1887 2400 2018 2419 2061 2425 2083 2419 2140 2403 2143 2403 2146 2403 2277 2422 2280 2487 2277 2497 2115 2516 2111 2516 2108 2516 2061 2500 1980 2522 1977 2522 1974 2522 1862 2497 1846 2497 1812 2497 1624 2512 1621 2512 1477 2497 1427 2494 1421 2497 1409 2509 1409 2512 1405 2512 1402 2512 1399 2512 1396 2512 1346 2497 1330 2494 1318 2497 1280 2516 1277 2516 1274 2516 734 2497"/>
                  </Shape>
                  <String CONTENT="mania. Et estant retour, les vaches dudit"
                          HPOS="734"
                          VPOS="2394"
                          WIDTH="1546"
                          HEIGHT="128"/>
               </TextLine>
               <TextLine ID="eSc_line_437e7db7"
                         BASELINE="731 2594 1524 2575 2318 2587"
                         HPOS="724"
                         VPOS="2494"
                         WIDTH="1594"
                         HEIGHT="140"
                         TAGREFS="LT118">
                  <Shape>
                     <Polygon POINTS="731 2594 724 2512 1190 2497 1193 2497 1196 2497 1199 2497 1215 2512 1230 2525 1380 2525 1402 2512 1421 2497 1424 2497 1427 2497 1546 2494 1549 2494 1552 2494 1618 2512 1633 2516 1640 2512 1655 2497 1655 2494 1658 2494 1662 2494 1665 2494 1774 2509 1815 2494 1818 2494 1821 2494 1824 2494 1877 2512 1902 2522 2052 2522 2068 2512 2096 2494 2099 2494 2102 2494 2105 2494 2108 2494 2149 2512 2168 2519 2311 2512 2318 2587 2318 2597 2243 2628 2240 2628 2236 2628 1958 2612 1802 2628 1799 2628 1796 2628 1749 2609 1718 2600 1555 2600 1534 2615 1527 2622 1524 2622 1521 2622 1518 2622 1515 2622 1512 2622 1505 2615 1477 2603 1380 2603 1359 2619 1346 2631 1343 2631 1340 2631 1340 2634 1271 2634 1268 2631 1265 2631 1262 2631 1262 2628 1252 2622 1234 2603 1184 2622 1180 2622 1177 2622 1024 2603 965 2622 962 2622 959 2622 956 2622 912 2603 852 2628 849 2628 846 2628 843 2628 793 2603 734 2634"/>
                  </Shape>
                  <String CONTENT="deposant donnoyent du laict quon heust"
                          HPOS="724"
                          VPOS="2494"
                          WIDTH="1594"
                          HEIGHT="140"/>
               </TextLine>
               <TextLine ID="eSc_line_eec5dd67"
                         BASELINE="759 2687 1546 2684 2396 2706"
                         HPOS="752"
                         VPOS="2597"
                         WIDTH="1644"
                         HEIGHT="153"
                         TAGREFS="LT118">
                  <Shape>
                     <Polygon POINTS="759 2687 752 2619 834 2603 837 2603 840 2603 843 2603 843 2606 846 2606 856 2619 862 2628 943 2628 952 2622 1002 2597 1006 2597 1009 2597 1012 2597 1015 2597 1052 2622 1062 2628 1318 2628 1324 2625 1371 2606 1374 2606 1377 2606 1380 2606 1384 2606 1412 2628 1415 2631 1424 2628 1484 2603 1487 2603 1490 2603 1755 2606 1758 2606 1762 2606 1762 2609 1777 2622 1874 2606 1877 2606 2049 2609 2052 2609 2105 2637 2149 2622 2152 2622 2155 2622 2393 2644 2396 2706 2386 2740 2340 2718 2236 2718 2215 2737 2202 2747 2202 2750 2199 2750 2196 2750 2193 2750 2018 2747 2015 2747 2012 2747 1996 2731 1974 2712 1874 2712 1852 2728 1840 2740 1837 2740 1833 2740 1655 2743 1652 2743 1649 2743 1646 2743 1621 2722 1602 2709 1530 2718 1493 2725 1490 2725 1421 2718 1349 2709 1337 2715 1293 2737 1290 2737 1287 2737 1168 2712 1102 2737 1099 2737 1096 2737 1037 2734 1034 2734 1030 2734 999 2706 993 2703 924 2703 918 2706 884 2734 881 2734 877 2734 874 2734 871 2734 868 2734 834 2703 827 2700 756 2700"/>
                  </Shape>
                  <String CONTENT="bien trayne partout le villaige. Sur quoi estant"
                          HPOS="752"
                          VPOS="2597"
                          WIDTH="1644"
                          HEIGHT="153"/>
               </TextLine>
               <TextLine ID="eSc_line_0b0ae571"
                         BASELINE="718 2803 2402 2793"
                         HPOS="709"
                         VPOS="2715"
                         WIDTH="1693"
                         HEIGHT="135"
                         TAGREFS="LT118">
                  <Shape>
                     <Polygon POINTS="718 2803 709 2747 787 2722 790 2722 793 2722 946 2725 949 2725 952 2725 971 2740 1052 2722 1055 2722 1059 2722 1109 2740 1112 2740 1124 2728 1124 2725 1127 2725 1130 2725 1134 2725 1205 2737 1209 2737 1212 2737 1315 2718 1318 2718 1321 2718 1387 2734 1399 2737 1405 2734 1430 2718 1434 2718 1437 2718 1440 2718 1530 2718 1534 2718 1537 2718 1555 2731 1562 2737 1577 2731 1618 2718 1621 2718 1624 2718 1693 2731 1740 2737 1893 2728 2071 2715 2074 2715 2077 2715 2080 2715 2090 2725 2105 2737 2249 2737 2280 2722 2293 2715 2296 2715 2299 2715 2302 2715 2321 2722 2368 2734 2386 2718 2402 2793 2399 2828 2165 2815 2130 2831 2127 2831 2124 2831 2121 2831 2058 2815 1918 2834 1868 2840 1865 2840 1862 2840 1858 2840 1852 2834 1821 2815 1693 2815 1643 2837 1630 2843 1627 2843 1624 2843 1593 2837 1480 2815 1455 2840 1452 2840 1452 2843 1449 2843 1446 2843 1443 2843 1412 2840 1318 2828 1209 2843 1174 2846 1171 2846 1168 2846 1159 2843 1099 2818 1065 2843 1062 2846 1059 2846 1055 2846 1052 2846 1049 2846 1046 2846 1046 2843 1012 2818 862 2818 843 2834 843 2837 840 2837 837 2837 834 2837 831 2837 802 2821 774 2846 771 2846 768 2846 768 2850 718 2850"/>
                  </Shape>
                  <String CONTENT="La mere dudit deposant estee conseillee elle"
                          HPOS="709"
                          VPOS="2715"
                          WIDTH="1693"
                          HEIGHT="135"/>
               </TextLine>
               <TextLine ID="eSc_line_b61cf2af"
                         BASELINE="793 2900 2290 2893"
                         HPOS="784"
                         VPOS="2815"
                         WIDTH="1506"
                         HEIGHT="138"
                         TAGREFS="LT118">
                  <Shape>
                     <Polygon POINTS="793 2900 784 2846 834 2818 837 2818 840 2818 993 2840 1162 2821 1165 2821 1168 2821 1224 2840 1355 2821 1359 2821 1440 2840 1443 2840 1446 2840 1530 2815 1534 2815 1537 2815 1655 2815 1658 2815 1662 2815 1690 2837 1774 2815 1777 2815 1780 2815 1783 2815 1862 2837 1868 2837 1877 2837 1993 2815 1996 2815 2283 2834 2290 2893 2283 2934 2127 2921 2102 2934 2080 2943 2077 2943 2074 2943 2071 2943 2052 2934 2021 2915 2002 2934 1996 2937 1996 2940 1993 2940 1990 2940 1987 2940 1983 2940 1965 2931 1924 2915 1705 2915 1674 2928 1633 2946 1630 2946 1430 2949 1427 2949 1424 2949 1421 2949 1393 2925 1380 2918 1227 2918 1215 2925 1174 2949 1171 2949 1168 2949 1168 2953 865 2953 862 2949 859 2949 856 2949 856 2946 827 2921 824 2918 793 2918"/>
                  </Shape>
                  <String CONTENT="fust prendre des herbes au curtil delle"
                          HPOS="784"
                          VPOS="2815"
                          WIDTH="1506"
                          HEIGHT="138"/>
               </TextLine>
               <TextLine ID="eSc_line_a18d5202"
                         BASELINE="756 3012 2318 2981"
                         HPOS="749"
                         VPOS="2893"
                         WIDTH="1569"
                         HEIGHT="181"
                         TAGREFS="LT118">
                  <Shape>
                     <Polygon POINTS="756 3012 749 2925 852 2925 856 2925 859 2925 915 2959 962 2959 1012 2921 1015 2921 1018 2921 1021 2921 1024 2921 1027 2921 1049 2937 1065 2925 1068 2925 1071 2925 1074 2925 1212 2953 1268 2931 1271 2931 1274 2931 1380 2946 1427 2925 1430 2925 1434 2925 1437 2925 1524 2946 1577 2921 1580 2921 1583 2921 1587 2921 1655 2943 1815 2943 1908 2912 1912 2912 1915 2912 2083 2925 2115 2900 2118 2900 2121 2900 2308 2893 2318 2981 2318 3043 2255 3046 2252 3046 2249 3046 2243 3046 2158 3012 1999 3046 1958 3052 1955 3052 1952 3052 1933 3046 1877 3024 1840 3046 1824 3056 1821 3056 1818 3056 1815 3056 1643 3049 1640 3049 1637 3049 1633 3046 1593 3024 1452 3024 1415 3046 1380 3065 1377 3065 1374 3065 1371 3065 1302 3046 1255 3034 1234 3046 1202 3065 1199 3065 1196 3065 1193 3065 1190 3065 1143 3046 1109 3034 1046 3046 1027 3049 1024 3049 1021 3049 1015 3046 987 3037 962 3046 896 3074 893 3074 890 3074 752 3046"/>
                  </Shape>
                  <String CONTENT="ladite Annelin, et en donna a manger aux vaches"
                          HPOS="749"
                          VPOS="2893"
                          WIDTH="1569"
                          HEIGHT="181"/>
               </TextLine>
            </TextBlock>
            <TextBlock HPOS="2343"
                       VPOS="3496"
                       WIDTH="59"
                       HEIGHT="84"
                       ID="eSc_textblock_b9e302b1"
                       TAGREFS="BT371">
               <Shape>
                  <Polygon POINTS="2343 3580 2355 3496 2402 3508 2390 3580"/>
               </Shape>
               <TextLine ID="eSc_line_bb9baa0a"
                         BASELINE="2353 3568 2388 3574"
                         HPOS="2324"
                         VPOS="3490"
                         WIDTH="72"
                         HEIGHT="218"
                         TAGREFS="LT118">
                  <Shape>
                     <Polygon POINTS="2352 3564 2358 3490 2396 3493 2386 3571 2358 3708 2324 3705"/>
                  </Shape>
                  <String CONTENT="8" HPOS="2324" VPOS="3490" WIDTH="72" HEIGHT="218"/>
               </TextLine>
            </TextBlock>
         </PrintSpace>
      </Page>
   </Layout>
</alto>
