<alto xmlns:xsi="http://www.w3.org/2001/XMLSchema-instance"
      xmlns="http://www.loc.gov/standards/alto/ns-v4#"
      xsi:schemaLocation="http://www.loc.gov/standards/alto/ns-v4# http://www.loc.gov/standards/alto/v4/alto-4-2.xsd">
   <Description>
      <MeasurementUnit>pixel</MeasurementUnit>
      <sourceImageInformation>
         <fileName>B_168_15-2-2_0002.jpg</fileName>
      </sourceImageInformation>
   </Description>
   <Tags>
      <OtherTag ID="BT365"
                LABEL="MainZone:column"
                DESCRIPTION="block type MainZone:column"/>
      <OtherTag ID="BT367" LABEL="MainZone" DESCRIPTION="block type MainZone"/>
      <OtherTag ID="BT368"
                LABEL="MarginTextZone"
                DESCRIPTION="block type MarginTextZone"/>
      <OtherTag ID="BT369"
                LABEL="MarginTextZone:note"
                DESCRIPTION="block type MarginTextZone:note"/>
      <OtherTag ID="BT370"
                LABEL="NumberingZone:other"
                DESCRIPTION="block type NumberingZone:other"/>
      <OtherTag ID="BT371"
                LABEL="NumberingZone:page"
                DESCRIPTION="block type NumberingZone:page"/>
      <OtherTag ID="BT379"
                LABEL="DecorationZone"
                DESCRIPTION="block type DecorationZone"/>
      <OtherTag ID="BT380"
                LABEL="CustomZone:signature"
                DESCRIPTION="block type CustomZone:signature"/>
      <OtherTag ID="LT118" LABEL="DefaultLine" DESCRIPTION="line type DefaultLine"/>
      <OtherTag ID="LT119" LABEL="HeadingLine" DESCRIPTION="line type HeadingLine"/>
      <OtherTag ID="LT120"
                LABEL="InterlinearLine"
                DESCRIPTION="line type InterlinearLine"/>
   </Tags>
   <Layout>
      <Page WIDTH="2544"
            HEIGHT="3751"
            PHYSICAL_IMG_NR="4"
            ID="eSc_dummypage_">
         <PrintSpace HPOS="0" VPOS="0" WIDTH="2544" HEIGHT="3751">
            <TextBlock HPOS="575"
                       VPOS="250"
                       WIDTH="1831"
                       HEIGHT="922"
                       ID="eSc_textblock_dd1555c6"
                       TAGREFS="BT367">
               <Shape>
                  <Polygon POINTS="2318 500 2381 637 2318 997 2243 1047 1198 1072 1082 1134 760 1172 663 1134 713 1047 675 662 725 462 575 359 613 250 2393 262 2406 346"/>
               </Shape>
               <TextLine ID="eSc_line_1356e11e"
                         BASELINE="735 346 1298 325 2384 321"
                         HPOS="729"
                         VPOS="225"
                         WIDTH="1655"
                         HEIGHT="146"
                         TAGREFS="LT118">
                  <Shape>
                     <Polygon POINTS="735 346 729 240 1020 271 1198 243 1201 243 1204 243 1207 243 1207 246 1232 268 1311 268 1323 250 1326 250 1326 246 1329 246 1333 246 1336 246 1339 246 1392 265 1458 250 1461 250 1464 250 1533 265 1564 240 1564 237 1567 237 1570 237 1573 237 1577 237 1580 237 1617 265 1780 237 1783 237 1786 237 1839 262 1940 240 1943 240 2093 259 2149 231 2152 231 2155 231 2249 243 2274 225 2278 225 2281 225 2284 225 2378 225 2384 321 2384 334 2155 356 2152 356 2149 356 2112 340 2096 334 2084 343 2058 359 2055 359 2052 359 1921 362 1918 362 1915 362 1877 346 1849 334 1755 337 1746 350 1733 359 1733 362 1730 362 1727 362 1724 362 1664 350 1611 340 1561 353 1514 365 1511 365 1508 365 1505 365 1473 356 1420 337 1051 362 1048 362 1045 362 985 343 857 368 832 371 829 371 826 371 816 368 763 353 741 371"/>
                  </Shape>
                  <String CONTENT="Vernier perrial dudit Courthedoubs par serment"
                          HPOS="729"
                          VPOS="225"
                          WIDTH="1655"
                          HEIGHT="146"/>
               </TextLine>
               <TextLine ID="eSc_line_6a02b721"
                         BASELINE="757 425 1436 400 2324 393"
                         HPOS="750"
                         VPOS="312"
                         WIDTH="1574"
                         HEIGHT="144"
                         TAGREFS="LT118">
                  <Shape>
                     <Polygon POINTS="757 425 750 365 832 346 835 346 957 356 960 356 988 337 991 337 995 337 998 337 1192 350 1267 353 1282 346 1307 334 1311 334 1314 334 1317 334 1336 343 1348 350 1379 343 1445 328 1448 328 1451 328 1473 340 1489 346 1545 337 1617 325 1620 325 1624 325 1642 334 1664 343 1783 328 1827 325 1830 325 1871 325 2043 337 2062 321 2062 318 2065 318 2068 318 2071 318 2084 318 2215 334 2315 312 2324 393 2324 406 2071 431 2068 431 2065 431 2027 415 2015 412 1846 412 1821 421 1786 437 1783 437 1780 437 1708 425 1658 418 1558 431 1448 443 1445 443 1442 443 1439 443 1439 440 1430 434 1414 421 1254 437 1251 437 1042 428 1020 443 1016 443 1013 443 1010 443 1007 443 963 428 932 450 929 453 926 453 923 453 923 456 757 456"/>
                  </Shape>
                  <String CONTENT="a depose Que deposant avoit la fille de"
                          HPOS="750"
                          VPOS="312"
                          WIDTH="1574"
                          HEIGHT="144"/>
               </TextLine>
               <TextLine ID="eSc_line_e619b326"
                         BASELINE="735 509 2268 475"
                         HPOS="729"
                         VPOS="393"
                         WIDTH="1539"
                         HEIGHT="160"
                         TAGREFS="LT118">
                  <Shape>
                     <Polygon POINTS="735 509 729 425 838 450 998 418 1004 418 1007 418 1010 418 1070 443 1223 443 1254 415 1257 415 1261 415 1436 412 1439 412 1442 412 1445 412 1476 437 1558 437 1708 403 1717 403 1721 403 1733 403 1899 425 2018 396 2027 396 2030 396 2033 396 2037 396 2090 421 2112 403 2112 400 2115 400 2118 400 2121 400 2237 406 2252 393 2268 475 2268 497 2215 518 2212 518 2209 518 2206 518 2168 500 2152 493 2143 503 2130 512 2127 512 2124 512 1987 525 1983 525 1777 515 1573 506 1548 525 1539 534 1536 534 1533 534 1530 534 1439 528 1276 515 1182 537 1151 543 1148 543 1145 543 1129 540 1054 518 876 518 735 553"/>
                  </Shape>
                  <String CONTENT="Pierre Broingne pour servande Laquelle"
                          HPOS="729"
                          VPOS="393"
                          WIDTH="1539"
                          HEIGHT="160"/>
               </TextLine>
               <TextLine ID="eSc_line_f0ea7e79"
                         BASELINE="738 587 2234 575"
                         HPOS="732"
                         VPOS="497"
                         WIDTH="1502"
                         HEIGHT="125"
                         TAGREFS="LT118">
                  <Shape>
                     <Polygon POINTS="738 587 732 531 1104 509 1107 509 1251 522 1276 522 1292 522 1379 503 1383 503 1448 518 1461 522 1620 522 1630 515 1649 500 1652 500 1655 500 1658 500 1739 512 1761 515 1783 512 1852 497 1855 497 1936 509 1983 515 2224 506 2234 575 2224 612 2174 590 2084 612 2074 612 1855 615 1852 615 1802 609 1696 597 1655 609 1633 615 1630 615 1627 615 1624 615 1620 615 1620 612 1614 609 1595 590 1395 609 1261 618 1257 618 1254 618 1251 618 1251 615 1239 606 1226 593 1142 593 882 593 851 603 791 622 788 622 785 622 782 622 732 603"/>
                  </Shape>
                  <String CONTENT="estant alle au Louvre, fust frappee p ladite"
                          HPOS="732"
                          VPOS="497"
                          WIDTH="1502"
                          HEIGHT="125"/>
               </TextLine>
               <TextLine ID="eSc_line_f1a6a476"
                         BASELINE="725 640 916 640 982 659 1132 665 2356 681"
                         HPOS="719"
                         VPOS="575"
                         WIDTH="1640"
                         HEIGHT="140"
                         TAGREFS="LT118">
                  <Shape>
                     <Polygon POINTS="725 640 729 581 788 600 841 584 866 575 869 575 873 575 954 575 957 575 979 587 998 597 1016 587 1029 581 1032 581 1035 581 1038 581 1054 587 1092 603 1242 590 1279 590 1282 590 1307 593 1389 606 1420 597 1436 590 1439 590 1442 590 1445 590 1464 597 1495 609 1545 600 1620 584 1624 584 1627 584 1630 584 1655 603 1674 612 1702 603 1746 587 1749 587 1752 587 1755 587 1758 587 1758 590 1777 603 1786 612 1818 606 1871 593 1874 593 1877 593 1905 606 1924 618 2049 618 2058 609 2084 590 2087 590 2090 590 2093 590 2231 606 2274 593 2278 593 2281 593 2284 593 2359 618 2356 681 2353 700 2209 712 2206 712 2202 712 2199 712 2184 700 2177 693 2168 700 2152 712 2149 712 2146 712 2143 712 2140 712 2137 712 2137 709 2134 709 2127 700 2121 690 2102 700 2077 712 2074 712 2074 715 1924 715 1921 712 1918 712 1915 712 1902 700 1880 684 1786 684 1733 700 1696 709 1692 709 1689 709 1686 709 1667 700 1630 678 1320 678 1261 697 1251 700 1248 700 1248 703 1098 703 1095 700 1076 697 970 672 926 697 923 697 919 697 916 697 719 693"/>
                  </Shape>
                  <String CONTENT="Annelin laquelle servande depuis vint inpotente"
                          HPOS="719"
                          VPOS="575"
                          WIDTH="1640"
                          HEIGHT="140"/>
               </TextLine>
               <TextLine ID="eSc_line_4d3e700f"
                         BASELINE="757 762 1548 753 2252 765"
                         HPOS="747"
                         VPOS="665"
                         WIDTH="1505"
                         HEIGHT="132"
                         TAGREFS="LT118">
                  <Shape>
                     <Polygon POINTS="757 762 750 703 901 668 904 668 907 668 963 684 985 665 988 665 991 665 995 665 1088 668 1092 668 1095 668 1095 672 1113 687 1292 665 1295 665 1373 665 1376 665 1379 665 1401 684 1661 665 1664 665 1667 665 1670 665 1717 697 1777 684 1780 684 1783 684 1786 684 1814 703 2249 703 2252 765 2249 784 1824 790 1821 790 1746 781 1686 772 1674 778 1655 793 1652 793 1649 793 1649 797 1536 797 1533 793 1530 793 1527 793 1505 778 1498 772 1470 778 1404 790 1401 790 1257 775 1229 772 1223 775 1198 793 1195 793 1192 793 1189 793 1185 793 1182 793 1157 772 1154 772 954 772 951 772 910 793 907 793 907 797 797 797 794 793 791 793 747 768"/>
                  </Shape>
                  <String CONTENT="et disoit ladite servande que telle maladie"
                          HPOS="747"
                          VPOS="665"
                          WIDTH="1505"
                          HEIGHT="132"/>
               </TextLine>
               <TextLine ID="eSc_line_57d1292e"
                         BASELINE="700 856 1217 837 2296 853"
                         HPOS="697"
                         VPOS="762"
                         WIDTH="1599"
                         HEIGHT="119"
                         TAGREFS="LT118">
                  <Shape>
                     <Polygon POINTS="700 856 697 775 769 784 788 775 810 762 813 762 816 762 819 762 822 762 822 765 835 775 844 784 910 775 954 772 957 772 991 778 1048 787 1085 778 1110 772 1113 772 1117 772 1120 772 1123 772 1123 775 1129 778 1135 784 1145 778 1164 765 1167 765 1170 765 1173 765 1261 765 1264 765 1292 781 1304 787 1348 781 1451 765 1455 765 1458 765 1461 765 1483 781 1492 790 1561 790 1570 784 1595 768 1598 768 1602 768 1605 768 1692 784 1696 784 1755 768 1758 768 1761 768 2102 768 2293 793 2296 853 2290 881 2149 862 2062 862 2030 881 2027 881 2024 881 2021 881 2008 881 1777 859 1683 881 1674 881 1670 881 1652 881 1495 859 1445 872 1442 872 1439 872 1436 872 1433 872 1433 868 1417 856 966 868 963 868 960 868 929 853 697 875"/>
                  </Shape>
                  <String CONTENT="Lui estoit derivee du coup quelle avoit receu"
                          HPOS="697"
                          VPOS="762"
                          WIDTH="1599"
                          HEIGHT="119"/>
               </TextLine>
               <TextLine ID="eSc_line_7d99ccc0"
                         BASELINE="741 928 1423 915 2296 937"
                         HPOS="735"
                         VPOS="840"
                         WIDTH="1561"
                         HEIGHT="113"
                         TAGREFS="LT118">
                  <Shape>
                     <Polygon POINTS="741 928 735 847 829 840 832 840 835 840 838 840 848 847 876 865 985 850 1020 847 1023 847 1026 847 1042 850 1082 865 1117 853 1135 847 1139 847 1142 847 1145 847 1167 853 1207 868 1236 856 1254 847 1257 847 1261 847 1336 847 1339 847 1342 847 1354 856 1370 868 1430 859 1511 847 1514 847 1517 847 1548 862 1573 872 1699 865 1930 850 1933 850 1936 850 1990 872 2005 878 2293 878 2296 937 2290 953 735 937"/>
                  </Shape>
                  <String CONTENT="de ladite Luc Annelin. Et dit encore"
                          HPOS="735"
                          VPOS="840"
                          WIDTH="1561"
                          HEIGHT="113"/>
               </TextLine>
               <TextLine ID="eSc_line_494ada0f"
                         BASELINE="732 1003 2259 1003"
                         HPOS="732"
                         VPOS="925"
                         WIDTH="1527"
                         HEIGHT="140"
                         TAGREFS="LT118">
                  <Shape>
                     <Polygon POINTS="732 1003 732 925 810 925 813 925 816 925 816 928 835 944 891 925 894 925 898 925 901 925 976 925 979 925 982 925 982 928 1001 947 1189 947 1204 931 1207 928 1207 925 1210 925 1214 925 1217 925 1295 925 1298 925 1301 925 1301 928 1307 931 1317 944 1342 931 1351 928 1354 928 1358 928 1383 934 1433 944 1451 934 1464 925 1467 925 1470 925 1473 925 1573 934 1649 944 1689 937 1755 925 1758 925 2021 940 2065 944 2074 944 2152 925 2155 925 2259 947 2259 1003 2256 1044 2084 1025 1999 1047 1993 1050 1990 1050 1987 1050 1974 1050 1896 1034 1861 1050 1858 1050 1855 1050 1852 1050 1849 1050 1758 1025 1739 1040 1739 1044 1736 1044 1733 1044 1624 1053 1470 1062 1467 1062 1464 1062 1461 1062 1451 1056 1404 1025 1220 1025 1189 1050 1185 1050 1182 1050 1117 1059 1079 1062 1076 1062 1073 1062 1070 1062 1067 1059 1010 1025 951 1025 910 1059 910 1062 907 1062 904 1062 904 1065 732 1065"/>
                  </Shape>
                  <String CONTENT="tousjour ouys dire que ladite Annelin estoit une"
                          HPOS="732"
                          VPOS="925"
                          WIDTH="1527"
                          HEIGHT="140"/>
               </TextLine>
               <TextLine ID="eSc_line_520e596a"
                         BASELINE="741 1115 1063 1103"
                         HPOS="732"
                         VPOS="1040"
                         WIDTH="331"
                         HEIGHT="125"
                         TAGREFS="LT118">
                  <Shape>
                     <Polygon POINTS="741 1115 732 1065 1054 1040 1063 1103 1057 1147 829 1137 744 1165"/>
                  </Shape>
                  <String CONTENT="sorciere"
                          HPOS="732"
                          VPOS="1040"
                          WIDTH="331"
                          HEIGHT="125"/>
               </TextLine>
            </TextBlock>
            <TextBlock HPOS="550"
                       VPOS="1287"
                       WIDTH="1893"
                       HEIGHT="1860"
                       ID="eSc_textblock_f2b7e297"
                       TAGREFS="BT367">
               <Shape>
                  <Polygon POINTS="2443 2975 2356 3110 738 3147 672 3010 550 2985 550 2925 700 2810 688 2450 650 2422 688 1812 638 1437 675 1312 1261 1287 2356 1325 2384 1958 2393 2172 2318 2810 2406 2863"/>
               </Shape>
               <TextLine ID="eSc_line_bf64b3dc"
                         BASELINE="685 1394 1182 1369 2328 1362"
                         HPOS="675"
                         VPOS="1262"
                         WIDTH="1653"
                         HEIGHT="160"
                         TAGREFS="LT118">
                  <Shape>
                     <Polygon POINTS="685 1394 675 1309 804 1287 807 1287 810 1287 854 1306 857 1306 935 1306 1029 1303 1054 1278 1054 1275 1057 1275 1060 1275 1176 1272 1179 1272 1182 1272 1239 1290 1295 1272 1298 1272 1301 1272 1467 1294 1558 1269 1561 1269 1564 1269 1567 1269 1627 1287 1670 1265 1674 1265 1677 1265 1880 1294 1886 1294 1933 1262 1936 1262 1940 1262 1943 1262 2321 1290 2328 1362 2328 1397 2105 1406 2102 1406 2099 1406 2084 1400 2046 1384 2021 1400 2012 1406 2008 1406 2005 1406 2002 1406 1949 1400 1824 1384 1793 1400 1777 1409 1774 1409 1771 1409 1767 1409 1749 1403 1705 1384 1667 1403 1645 1412 1642 1412 1642 1416 1570 1416 1567 1412 1564 1412 1561 1412 1561 1409 1552 1403 1536 1387 1451 1403 1383 1416 1379 1416 1376 1416 1345 1403 1304 1390 1207 1406 1110 1419 1107 1419 1104 1419 1079 1406 1057 1394 1001 1406 929 1422 926 1422 923 1422 919 1422 894 1406 879 1397 851 1406 826 1416 822 1416 819 1416 682 1406"/>
                  </Shape>
                  <String CONTENT="Henri Coinson dudi Courthedoubs depose que"
                          HPOS="675"
                          VPOS="1262"
                          WIDTH="1653"
                          HEIGHT="160"/>
               </TextLine>
               <TextLine ID="eSc_line_9668faed"
                         BASELINE="650 1506 1142 1456 2293 1459"
                         HPOS="638"
                         VPOS="1365"
                         WIDTH="1655"
                         HEIGHT="141"
                         TAGREFS="LT118">
                  <Shape>
                     <Polygon POINTS="650 1506 638 1416 713 1384 716 1384 719 1384 916 1409 929 1409 932 1409 957 1384 957 1381 960 1381 963 1381 966 1381 1239 1394 1351 1375 1354 1375 1358 1375 1401 1397 1411 1403 1420 1397 1448 1375 1451 1375 1455 1375 1458 1375 1620 1390 1702 1403 1758 1403 1780 1387 1808 1369 1811 1369 1814 1369 1818 1369 1821 1369 1861 1387 1886 1397 1943 1384 2030 1365 2033 1365 2090 1365 2093 1365 2096 1365 2096 1369 2109 1381 2124 1394 2287 1378 2293 1459 2290 1481 2055 1469 1930 1487 1921 1487 1918 1487 1915 1487 1874 1469 1764 1469 1598 1487 1595 1487 1345 1469 650 1503"/>
                  </Shape>
                  <String CONTENT="Lui deposant avoit ung enffant que devint"
                          HPOS="638"
                          VPOS="1365"
                          WIDTH="1655"
                          HEIGHT="141"/>
               </TextLine>
               <TextLine ID="eSc_line_8aafcde6"
                         BASELINE="722 1566 1248 1537 2368 1531"
                         HPOS="719"
                         VPOS="1453"
                         WIDTH="1649"
                         HEIGHT="134"
                         TAGREFS="LT118">
                  <Shape>
                     <Polygon POINTS="722 1566 719 1491 869 1494 901 1484 948 1472 951 1472 954 1472 1020 1484 1063 1491 1095 1481 1157 1462 1160 1462 1164 1462 1282 1478 1292 1478 1320 1478 1664 1456 1667 1456 1670 1456 1674 1456 1689 1472 1705 1484 1749 1484 1777 1469 1814 1453 1818 1453 1821 1453 1958 1466 2068 1475 2359 1459 2368 1531 2365 1547 2259 1569 2259 1572 2256 1569 2171 1553 2152 1550 2146 1553 2115 1569 2112 1569 2109 1569 1921 1559 1818 1553 1727 1562 1592 1578 1589 1578 1517 1569 1461 1559 1451 1569 1448 1575 1445 1575 1445 1578 1442 1578 1439 1578 1436 1578 1433 1578 1401 1572 1364 1562 1307 1572 1254 1581 1251 1581 1173 1575 1054 1566 982 1581 941 1587 938 1587 719 1584"/>
                  </Shape>
                  <String CONTENT="malade et layant interrogue dou venoit ceste"
                          HPOS="719"
                          VPOS="1453"
                          WIDTH="1649"
                          HEIGHT="134"/>
               </TextLine>
               <TextLine ID="eSc_line_b278b087"
                         BASELINE="704 1656 1379 1631 2290 1641"
                         HPOS="697"
                         VPOS="1544"
                         WIDTH="1593"
                         HEIGHT="140"
                         TAGREFS="LT118">
                  <Shape>
                     <Polygon POINTS="704 1656 697 1587 782 1584 816 1556 819 1556 822 1556 826 1556 829 1556 888 1578 960 1550 963 1550 966 1550 1139 1550 1142 1550 1145 1550 1176 1572 1354 1547 1358 1547 1361 1547 1364 1547 1364 1550 1389 1569 1398 1581 1492 1581 1505 1566 1508 1566 1508 1562 1511 1562 1514 1562 1517 1562 1520 1562 1523 1562 1523 1566 1527 1566 1539 1578 1639 1578 1655 1562 1677 1544 1680 1544 1683 1544 1686 1544 1864 1544 1868 1544 1918 1556 1961 1569 2012 1556 2043 1547 2046 1547 2049 1547 2052 1547 2077 1553 2143 1572 2284 1550 2290 1641 2287 1650 2065 1675 2062 1675 2058 1675 2021 1656 2002 1650 1896 1659 1796 1669 1793 1669 1761 1662 1708 1650 1677 1666 1645 1678 1642 1678 1639 1678 1636 1678 1614 1666 1586 1653 1523 1653 1436 1669 1389 1678 1386 1678 1383 1678 1367 1672 1326 1653 1248 1653 1198 1675 1182 1681 1179 1681 1179 1684 1107 1684 1104 1681 1101 1681 1098 1681 1092 1678 1057 1656 941 1675 938 1675 791 1659 707 1684"/>
                  </Shape>
                  <String CONTENT="maladie respondit que sestoit Annelin que"
                          HPOS="697"
                          VPOS="1544"
                          WIDTH="1593"
                          HEIGHT="140"/>
               </TextLine>
               <TextLine ID="eSc_line_992c9edc"
                         BASELINE="700 1753 1148 1728 2284 1709"
                         HPOS="694"
                         VPOS="1637"
                         WIDTH="1590"
                         HEIGHT="138"
                         TAGREFS="LT118">
                  <Shape>
                     <Polygon POINTS="700 1753 694 1691 741 1691 741 1687 772 1662 776 1662 779 1662 782 1662 891 1684 894 1684 898 1684 976 1656 979 1656 982 1656 1207 1656 1210 1656 1214 1656 1214 1659 1229 1672 1286 1653 1289 1653 1292 1653 1295 1653 1342 1675 1367 1675 1505 1669 1555 1644 1558 1644 1561 1644 1564 1644 1655 1669 1696 1644 1699 1644 1702 1644 1705 1644 1708 1644 1711 1644 1711 1647 1736 1666 1971 1641 1974 1641 1977 1641 2033 1659 2112 1659 2206 1659 2206 1656 2231 1637 2234 1637 2237 1637 2240 1637 2243 1637 2281 1656 2284 1709 2281 1741 1902 1731 1824 1753 1818 1753 1814 1753 1811 1753 1802 1753 1705 1734 1661 1756 1658 1756 1655 1756 1652 1756 1642 1756 1536 1741 1451 1756 1448 1756 1445 1756 1442 1756 1417 1741 1267 1762 1264 1762 888 1753 700 1775"/>
                  </Shape>
                  <String CONTENT="Lavoit frappe, et depuis sestant estoit"
                          HPOS="694"
                          VPOS="1637"
                          WIDTH="1590"
                          HEIGHT="138"/>
               </TextLine>
               <TextLine ID="eSc_line_3255c3d7"
                         BASELINE="732 1822 2312 1806"
                         HPOS="725"
                         VPOS="1731"
                         WIDTH="1587"
                         HEIGHT="141"
                         TAGREFS="LT118">
                  <Shape>
                     <Polygon POINTS="732 1822 725 1775 848 1772 888 1741 891 1741 894 1741 1054 1737 1057 1737 1060 1737 1110 1766 1117 1769 1217 1769 1229 1762 1295 1737 1298 1737 1301 1737 1470 1756 1523 1766 1655 1766 1670 1753 1699 1731 1702 1731 1705 1731 1708 1731 1905 1747 1908 1747 1933 1734 1936 1734 1940 1734 1943 1734 1946 1734 1961 1747 1971 1753 1999 1747 2049 1731 2052 1731 2055 1731 2058 1731 2102 1744 2152 1756 2303 1741 2312 1806 2312 1853 1977 1862 1974 1862 1971 1862 1968 1862 1958 1856 1918 1828 1833 1847 1830 1847 1827 1847 1824 1847 1802 1828 1683 1828 1627 1856 1605 1866 1602 1866 1602 1869 1514 1869 1511 1866 1508 1866 1505 1866 1492 1856 1458 1834 1358 1856 1351 1856 1348 1856 1345 1856 1342 1856 1261 1834 1204 1856 1189 1862 1185 1862 1182 1862 1179 1862 1157 1856 1073 1834 919 1834 876 1856 844 1872 841 1872 838 1872 729 1856"/>
                  </Shape>
                  <String CONTENT="revenue en quelque peu de convalescence"
                          HPOS="725"
                          VPOS="1731"
                          WIDTH="1587"
                          HEIGHT="141"/>
               </TextLine>
               <TextLine ID="eSc_line_0ce4e7c1"
                         BASELINE="729 1897 1404 1903"
                         HPOS="722"
                         VPOS="1828"
                         WIDTH="682"
                         HEIGHT="122"
                         TAGREFS="LT118">
                  <Shape>
                     <Polygon POINTS="729 1897 729 1837 863 1850 888 1841 916 1828 919 1828 923 1828 926 1828 957 1844 960 1844 963 1844 1007 1828 1010 1828 1013 1828 1261 1831 1401 1856 1404 1903 1401 1931 1329 1947 1326 1947 1323 1947 1295 1934 1270 1925 1207 1938 1126 1950 1123 1950 1120 1950 1095 1938 1079 1931 1060 1938 1042 1947 1038 1947 1035 1947 1032 1947 1016 1941 979 1922 885 1922 854 1944 851 1947 848 1947 844 1947 841 1947 722 1944"/>
                  </Shape>
                  <String CONTENT="morut tos apres."
                          HPOS="722"
                          VPOS="1828"
                          WIDTH="682"
                          HEIGHT="122"/>
               </TextLine>
               <TextLine ID="eSc_line_f7969003"
                         BASELINE="704 2019 769 2003 1785 1985"
                         HPOS="691"
                         VPOS="1947"
                         WIDTH="1092"
                         HEIGHT="103"
                         TAGREFS="LT118">
                  <Shape>
                     <Polygon POINTS="700 2016 691 1972 973 1950 976 1950 1060 1963 1082 1947 1085 1947 1088 1947 1092 1947 1777 1953 1783 1984 1780 2009 1667 2009 1661 2013 1611 2038 1608 2038 1448 2041 1445 2041 1442 2041 1439 2041 1439 2038 1420 2022 1411 2016 1326 2016 1307 2025 1279 2044 1276 2044 1273 2044 1270 2044 1267 2044 1214 2028 1179 2019 1132 2031 1082 2047 1079 2047 1076 2047 1073 2047 1038 2034 1007 2025 938 2041 882 2050 879 2050 876 2050 847 2044 785 2025 704 2047"/>
                  </Shape>
                  <String CONTENT="Dit que de plus que la femme"
                          HPOS="691"
                          VPOS="1947"
                          WIDTH="1092"
                          HEIGHT="103"/>
               </TextLine>
               <TextLine ID="eSc_line_2b414c34"
                         TAGREFS="LT120"
                         BASELINE="1714 1913 1911 1913"
                         HPOS="1708"
                         VPOS="1834"
                         WIDTH="203"
                         HEIGHT="122">
                  <Shape>
                     <Polygon POINTS="1714 1913 1708 1859 1786 1834 1789 1834 1793 1834 1796 1834 1843 1850 1864 1856 1905 1847 1911 1913 1911 1941 1846 1956 1843 1956 1839 1956 1836 1956 1836 1953 1818 1938 1811 1931 1714 1931"/>
                  </Shape>
                  <String CONTENT="de lui"
                          HPOS="1708"
                          VPOS="1834"
                          WIDTH="203"
                          HEIGHT="122"/>
               </TextLine>
               <TextLine ID="eSc_line_ee2ba6f8"
                         BASELINE="1809 1987 2326 1997"
                         HPOS="1802"
                         VPOS="1900"
                         WIDTH="526"
                         HEIGHT="116"
                         TAGREFS="LT118">
                  <Shape>
                     <Polygon POINTS="1808 1984 1808 1909 2002 1919 2021 1916 2102 1900 2105 1900 2109 1900 2112 1900 2112 1903 2134 1919 2134 1922 2137 1919 2165 1906 2168 1906 2171 1906 2174 1906 2177 1906 2202 1922 2209 1925 2212 1922 2252 1903 2256 1903 2259 1903 2262 1903 2328 1928 2324 1994 2318 2016 1802 2006"/>
                  </Shape>
                  <String CONTENT="du deposant par"
                          HPOS="1802"
                          VPOS="1900"
                          WIDTH="526"
                          HEIGHT="116"/>
               </TextLine>
               <TextLine ID="eSc_line_d28d5c3a"
                         BASELINE="675 2091 2315 2066"
                         HPOS="663"
                         VPOS="1991"
                         WIDTH="1652"
                         HEIGHT="140"
                         TAGREFS="LT118">
                  <Shape>
                     <Polygon POINTS="675 2091 663 2041 769 2013 772 2013 776 2013 779 2013 838 2038 841 2038 851 2038 995 2009 998 2009 1001 2009 1048 2031 1298 2031 1480 2031 1489 2028 1558 2003 1561 2003 1564 2003 1567 2003 1570 2003 1595 2022 1617 2003 1617 2000 1620 2000 1624 2000 1627 2000 1796 2009 1893 1994 1896 1994 1899 1994 1980 2019 1983 2022 2077 2022 2084 2019 2143 1991 2146 1991 2149 1991 2152 1991 2202 2016 2206 2016 2306 2016 2315 2066 2309 2084 1987 2084 1927 2097 1893 2103 1890 2103 1852 2100 1767 2088 1749 2103 1739 2109 1739 2113 1736 2113 1733 2113 1730 2113 1677 2103 1598 2091 1567 2106 1552 2116 1548 2116 1548 2119 1545 2116 1542 2116 1527 2109 1498 2091 1483 2109 1473 2116 1473 2119 1470 2119 1467 2119 1286 2122 1282 2122 1107 2119 1104 2119 1101 2119 1082 2103 1060 2122 1057 2125 1054 2125 1051 2125 1048 2125 1029 2122 919 2100 675 2131"/>
                  </Shape>
                  <String CONTENT="une fois estant en son curtil travaillant"
                          HPOS="663"
                          VPOS="1991"
                          WIDTH="1652"
                          HEIGHT="140"/>
               </TextLine>
               <TextLine ID="eSc_line_80dc2d84"
                         BASELINE="713 2191 1182 2172 2365 2159"
                         HPOS="707"
                         VPOS="2081"
                         WIDTH="1658"
                         HEIGHT="138"
                         TAGREFS="LT118">
                  <Shape>
                     <Polygon POINTS="713 2191 707 2116 819 2100 822 2100 882 2113 923 2122 932 2113 948 2100 951 2100 954 2100 957 2100 960 2100 963 2100 982 2113 998 2113 1167 2094 1170 2094 1173 2094 1176 2094 1176 2097 1192 2109 1242 2094 1245 2094 1248 2094 1320 2109 1354 2116 1395 2109 1501 2091 1505 2091 1705 2106 1755 2109 1796 2106 1996 2081 1999 2081 2359 2103 2365 2159 2362 2197 2040 2178 2002 2200 1999 2203 1996 2203 1993 2203 1990 2203 1958 2200 1821 2181 1793 2200 1789 2203 1786 2203 1783 2203 1780 2203 1777 2203 1771 2200 1752 2191 1721 2200 1702 2206 1699 2206 1699 2209 1548 2209 1545 2206 1542 2206 1539 2206 1533 2200 1511 2188 1464 2203 1436 2209 1433 2209 1430 2209 1426 2209 1401 2203 1358 2191 1176 2191 1157 2203 1145 2216 1142 2216 1139 2216 1135 2216 1132 2216 1101 2203 1076 2194 932 2194 910 2203 882 2219 879 2219 876 2219 873 2219 841 2203 826 2197 713 2203"/>
                  </Shape>
                  <String CONTENT="ladite Annelin la rescria quelle travaillioit"
                          HPOS="707"
                          VPOS="2081"
                          WIDTH="1658"
                          HEIGHT="138"/>
               </TextLine>
               <TextLine ID="eSc_line_51b6e0e0"
                         BASELINE="732 2275 1852 2256 2331 2263"
                         HPOS="722"
                         VPOS="2169"
                         WIDTH="1609"
                         HEIGHT="137"
                         TAGREFS="LT118">
                  <Shape>
                     <Polygon POINTS="732 2275 722 2219 810 2191 813 2191 816 2191 819 2191 876 2213 901 2188 901 2184 904 2184 907 2184 982 2181 985 2181 988 2181 1088 2209 1151 2181 1154 2181 1157 2181 1348 2206 1436 2181 1439 2181 1442 2181 1445 2181 1520 2203 1548 2178 1552 2178 1555 2178 1558 2178 1561 2178 1652 2203 1752 2172 1755 2172 1758 2172 1836 2175 1839 2175 1843 2175 1843 2178 1871 2200 1955 2200 2005 2169 2008 2169 2012 2169 2015 2169 2018 2169 2021 2169 2071 2197 2324 2197 2331 2263 2328 2269 2184 2291 2181 2291 2099 2272 2080 2269 2062 2272 1993 2294 1990 2294 1987 2294 1739 2275 1708 2275 1705 2275 1674 2297 1670 2297 1667 2297 1664 2297 1539 2278 1511 2275 1473 2278 1298 2300 1295 2300 1101 2281 1079 2281 1070 2281 1004 2303 1001 2303 998 2303 923 2288 898 2306 894 2306 891 2306 888 2306 729 2284"/>
                  </Shape>
                  <String CONTENT="bien a la certer  Et le soir dudit jour venu"
                          HPOS="722"
                          VPOS="2169"
                          WIDTH="1609"
                          HEIGHT="137"/>
               </TextLine>
               <TextLine ID="eSc_line_76a902ab"
                         BASELINE="663 2388 1333 2363 2340 2369"
                         HPOS="653"
                         VPOS="2266"
                         WIDTH="1687"
                         HEIGHT="150"
                         TAGREFS="LT118">
                  <Shape>
                     <Polygon POINTS="663 2388 653 2309 763 2288 766 2288 894 2303 916 2306 926 2303 1010 2275 1013 2275 1016 2275 1020 2275 1023 2275 1060 2303 1082 2284 1085 2284 1088 2284 1092 2284 1508 2294 1583 2269 1586 2269 1589 2269 1592 2269 1652 2291 1670 2275 1670 2272 1674 2272 1677 2272 1680 2272 1839 2272 1843 2272 1846 2272 1846 2275 1861 2291 1874 2300 2027 2297 2037 2288 2058 2269 2058 2266 2062 2266 2065 2266 2068 2266 2337 2284 2340 2369 2334 2397 1974 2378 1927 2403 1921 2406 1918 2406 1918 2410 1799 2410 1796 2406 1793 2406 1786 2403 1733 2381 1558 2381 1455 2410 1448 2410 1445 2410 1445 2413 1251 2413 1248 2410 1245 2410 1242 2410 1198 2385 1107 2385 976 2413 973 2413 970 2413 966 2413 763 2391 666 2416"/>
                  </Shape>
                  <String CONTENT="ladite femme dudit deposant vint malade Et"
                          HPOS="653"
                          VPOS="2266"
                          WIDTH="1687"
                          HEIGHT="150"/>
               </TextLine>
               <TextLine ID="eSc_line_8709fd7a"
                         BASELINE="735 2460 2293 2466"
                         HPOS="722"
                         VPOS="2385"
                         WIDTH="1571"
                         HEIGHT="115"
                         TAGREFS="LT118">
                  <Shape>
                     <Polygon POINTS="735 2460 744 2391 750 2403 782 2391 804 2385 807 2385 810 2385 982 2385 985 2385 988 2385 998 2391 1016 2403 1135 2391 1204 2385 1207 2385 1245 2391 1317 2403 1348 2391 1364 2385 1367 2385 1370 2385 1373 2385 1386 2391 1414 2403 1473 2391 1501 2385 1505 2385 1508 2385 1520 2391 1558 2410 1780 2410 1811 2391 1811 2388 1814 2388 1818 2388 1821 2388 1833 2391 1908 2406 1980 2388 1993 2388 1996 2388 2027 2388 2252 2406 2281 2388 2293 2466 2290 2472 1993 2497 1990 2497 1987 2497 1915 2475 1890 2497 1890 2500 1886 2500 1883 2500 1880 2500 1877 2500 1827 2475 1777 2500 1774 2500 1771 2500 1614 2478 1530 2500 1527 2500 1523 2500 1520 2500 1470 2475 1286 2497 1282 2497 1279 2497 1276 2497 1276 2494 1254 2475 1198 2491 1195 2491 1192 2491 1101 2472 1076 2494 1076 2497 1073 2497 1070 2497 1070 2500 973 2500 970 2497 813 2472 754 2488 750 2488 747 2488 744 2488 741 2488 741 2485 722 2466"/>
                  </Shape>
                  <String CONTENT="ayant deposant Interrogue sadite femme"
                          HPOS="722"
                          VPOS="2385"
                          WIDTH="1571"
                          HEIGHT="115"/>
               </TextLine>
               <TextLine ID="eSc_line_150f42a3"
                         BASELINE="713 2572 1267 2560 2287 2566"
                         HPOS="710"
                         VPOS="2478"
                         WIDTH="1577"
                         HEIGHT="122"
                         TAGREFS="LT118">
                  <Shape>
                     <Polygon POINTS="713 2572 710 2485 982 2503 1029 2488 1057 2478 1060 2478 1063 2478 1067 2478 1101 2488 1142 2500 1179 2491 1217 2478 1220 2478 1223 2478 1226 2478 1270 2491 1301 2500 1326 2491 1339 2488 1342 2488 1345 2488 1348 2488 1358 2491 1383 2506 1592 2506 1608 2497 1630 2481 1633 2481 1636 2481 1639 2481 1717 2497 1752 2503 1774 2497 1814 2485 1818 2485 1821 2485 1965 2497 1987 2478 1990 2478 1993 2478 1996 2478 2177 2478 2181 2478 2184 2478 2215 2503 2218 2506 2284 2506 2287 2566 2284 2578 1877 2597 1874 2597 1871 2597 1843 2585 1818 2575 1749 2588 1686 2597 1683 2597 1680 2597 1661 2588 1645 2578 1489 2575 1442 2591 1439 2591 1436 2591 1433 2591 1389 2575 1370 2591 1364 2597 1361 2597 1358 2597 1354 2597 1351 2597 1333 2594 1270 2575 1170 2594 1151 2597 1148 2597 1145 2597 1139 2594 1076 2575 945 2575 894 2597 891 2597 888 2597 785 2575 716 2600"/>
                  </Shape>
                  <String CONTENT="dou procedoit telle maladie, elle respondit"
                          HPOS="710"
                          VPOS="2478"
                          WIDTH="1577"
                          HEIGHT="122"/>
               </TextLine>
               <TextLine ID="eSc_line_9b9a29d6"
                         BASELINE="732 2650 2227 2656"
                         HPOS="725"
                         VPOS="2572"
                         WIDTH="1502"
                         HEIGHT="131"
                         TAGREFS="LT118">
                  <Shape>
                     <Polygon POINTS="732 2650 729 2578 882 2572 885 2572 888 2572 901 2578 941 2597 1480 2597 1498 2581 1501 2575 1505 2575 1508 2575 1511 2575 1683 2575 1686 2575 1699 2581 1730 2597 1846 2581 1877 2578 1880 2578 1883 2578 1886 2578 1890 2581 1902 2588 1908 2581 1915 2578 1915 2575 1918 2575 1921 2575 1924 2575 2090 2575 2093 2575 2109 2581 2134 2597 2221 2585 2227 2656 2224 2697 2121 2703 2118 2703 2115 2703 2102 2697 2043 2675 1996 2694 1993 2694 1990 2694 1896 2672 1871 2688 1868 2688 1864 2688 1861 2688 1761 2678 1705 2697 1692 2703 1689 2703 1686 2703 1683 2703 1670 2697 1602 2672 1505 2697 1486 2703 1483 2703 1480 2703 1476 2703 1461 2697 1370 2669 1198 2697 1182 2700 1179 2700 1117 2697 1113 2697 1110 2697 1070 2669 838 2669 801 2697 801 2700 797 2700 794 2700 791 2700 725 2697"/>
                  </Shape>
                  <String CONTENT="quelle avoit opinion que ladite Annelin lui"
                          HPOS="725"
                          VPOS="2572"
                          WIDTH="1502"
                          HEIGHT="131"/>
               </TextLine>
               <TextLine ID="eSc_line_81a3eac7"
                         BASELINE="722 2738 1455 2735 2296 2753"
                         HPOS="719"
                         VPOS="2660"
                         WIDTH="1577"
                         HEIGHT="128"
                         TAGREFS="LT118">
                  <Shape>
                     <Polygon POINTS="722 2738 719 2681 891 2681 898 2681 929 2660 932 2660 935 2660 938 2660 1045 2678 1142 2666 1145 2666 1148 2666 1179 2681 1192 2685 1314 2685 1317 2681 1336 2663 1336 2660 1339 2660 1342 2660 1345 2660 1445 2681 1486 2688 1514 2681 1567 2663 1570 2663 1573 2663 1667 2681 1699 2685 1742 2681 1858 2666 1861 2666 1864 2666 1868 2666 1868 2669 1883 2681 1893 2688 1921 2681 1974 2666 1977 2666 1980 2666 1983 2666 2018 2681 2055 2697 2152 2697 2181 2681 2202 2669 2206 2669 2209 2669 2293 2681 2296 2753 2290 2785 2099 2772 2033 2785 2008 2788 2005 2788 1980 2785 1890 2763 1818 2781 1814 2781 1811 2781 1805 2781 1714 2760 1480 2778 1433 2781 1430 2781 1426 2781 1417 2778 1367 2756 1067 2775 1045 2775 1042 2775 1038 2775 1035 2775 1035 2772 1010 2753 860 2769 857 2769 754 2756 722 2772"/>
                  </Shape>
                  <String CONTENT="avoit donne ladite maladie, de laquelle"
                          HPOS="719"
                          VPOS="2660"
                          WIDTH="1577"
                          HEIGHT="128"/>
               </TextLine>
               <TextLine ID="eSc_line_bc9265f9"
                         BASELINE="716 2819 2168 2828"
                         HPOS="710"
                         VPOS="2741"
                         WIDTH="1458"
                         HEIGHT="125"
                         TAGREFS="LT118">
                  <Shape>
                     <Polygon POINTS="716 2819 716 2760 1048 2766 1110 2756 1195 2741 1198 2741 1201 2741 1236 2753 1270 2769 1286 2753 1298 2744 1301 2744 1304 2744 1307 2744 1373 2744 1376 2744 1379 2744 1392 2753 1417 2769 1558 2753 1642 2744 1645 2744 1649 2744 1664 2753 1702 2772 1746 2750 1755 2747 1758 2747 1761 2747 1764 2747 1777 2750 1830 2775 2065 2775 2090 2750 2090 2747 2093 2747 2096 2747 2099 2747 2165 2750 2168 2828 2162 2844 1786 2844 1780 2844 1749 2866 1746 2866 1742 2866 1739 2866 1736 2866 1670 2844 1655 2841 1642 2844 1605 2863 1602 2863 1598 2863 1511 2844 1483 2841 1404 2841 1392 2844 1367 2863 1364 2863 1361 2863 1358 2863 1354 2863 1304 2844 1289 2841 1273 2844 1229 2863 1226 2863 1223 2863 1135 2860 1132 2860 1129 2860 1129 2857 1117 2844 1110 2841 1104 2844 1085 2860 1082 2860 1079 2860 1076 2860 710 2844"/>
                  </Shape>
                  <String CONTENT="environ quinze jours apres elle morut."
                          HPOS="710"
                          VPOS="2741"
                          WIDTH="1458"
                          HEIGHT="125"/>
               </TextLine>
               <TextLine ID="eSc_line_23feb76f"
                         BASELINE="578 2975 797 2947 1214 2938 2378 2941"
                         HPOS="569"
                         VPOS="2844"
                         WIDTH="1809"
                         HEIGHT="144"
                         TAGREFS="LT118">
                  <Shape>
                     <Polygon POINTS="578 2975 569 2891 738 2891 738 2888 782 2853 785 2853 788 2853 791 2853 991 2885 1054 2853 1057 2853 1060 2853 1063 2853 1126 2869 1185 2847 1189 2847 1329 2844 1333 2844 1633 2850 1636 2850 1639 2850 1680 2878 1742 2853 1746 2853 1749 2853 1752 2853 1755 2853 1796 2878 1849 2860 1852 2860 1855 2860 2037 2882 2046 2885 2221 2885 2224 2882 2243 2866 2246 2866 2249 2866 2252 2866 2375 2882 2378 2941 2375 2969 2262 2978 2259 2978 2221 2972 2140 2957 2087 2972 2062 2982 2058 2982 2055 2982 2005 2975 1905 2960 1780 2975 1736 2982 1733 2982 1730 2982 1721 2978 1680 2957 1633 2972 1630 2972 1627 2972 1624 2972 1583 2957 1339 2957 1192 2957 1135 2985 1132 2985 1129 2985 1126 2985 1117 2985 1020 2963 976 2985 973 2985 973 2988 885 2988 882 2985 879 2985 807 2960 785 2978 785 2982 782 2982 779 2982 578 2988"/>
                  </Shape>
                  <String CONTENT="Dit de plus que la maison, et vergier de ladite Annelin"
                          HPOS="569"
                          VPOS="2844"
                          WIDTH="1809"
                          HEIGHT="144"/>
               </TextLine>
               <TextLine ID="eSc_line_503437f6"
                         BASELINE="713 3028 1261 3013 2368 3019"
                         HPOS="710"
                         VPOS="2941"
                         WIDTH="1658"
                         HEIGHT="116"
                         TAGREFS="LT118">
                  <Shape>
                     <Polygon POINTS="713 3028 710 2953 998 2966 1013 2953 1023 2947 1023 2944 1026 2944 1029 2944 1032 2944 1035 2944 1073 2957 1098 2963 1120 2957 1151 2944 1154 2944 1157 2944 1217 2957 1220 2957 1245 2941 1248 2941 1251 2941 1254 2941 1455 2941 1458 2941 1461 2941 1486 2957 1586 2941 1589 2941 1592 2941 1595 2941 1595 2944 1617 2960 1624 2969 1877 2969 1883 2963 1915 2941 1918 2941 1921 2941 1924 2941 2058 2957 2168 2941 2171 2941 2365 2969 2368 3019 2362 3047 2043 3035 1987 3050 1977 3053 1974 3053 1971 3053 1940 3050 1764 3032 1608 3053 1595 3053 1592 3053 1589 3053 1586 3053 1558 3032 1067 3032 1032 3053 1029 3053 1026 3053 1023 3053 919 3035 894 3053 891 3053 888 3053 713 3057"/>
                  </Shape>
                  <String CONTENT="est proche de celle du deposant. Et avoir veu"
                          HPOS="710"
                          VPOS="2941"
                          WIDTH="1658"
                          HEIGHT="116"/>
               </TextLine>
               <TextLine ID="eSc_line_55288459"
                         BASELINE="713 3110 2328 3091"
                         HPOS="707"
                         VPOS="3019"
                         WIDTH="1621"
                         HEIGHT="134"
                         TAGREFS="LT118">
                  <Shape>
                     <Polygon POINTS="713 3110 707 3057 797 3053 826 3028 829 3028 832 3028 835 3028 838 3028 894 3050 916 3035 919 3035 923 3035 1245 3022 1248 3022 1473 3035 1530 3019 1533 3019 1536 3019 1539 3019 1542 3019 1567 3038 1639 3019 1642 3019 1645 3019 1649 3019 1730 3041 1733 3041 1739 3041 1880 3022 1883 3022 1886 3022 1949 3038 1952 3038 2190 3038 2190 3035 2224 3019 2227 3019 2231 3019 2321 3035 2328 3091 2321 3135 2206 3113 2162 3138 2159 3138 2155 3138 2055 3141 2052 3141 2049 3141 2046 3141 2043 3138 2005 3116 1958 3138 1952 3141 1949 3141 1946 3141 1927 3138 1871 3128 1736 3141 1670 3144 1667 3144 1664 3144 1655 3141 1633 3128 1580 3141 1558 3144 1555 3144 1552 3144 1548 3144 1548 3141 1545 3141 1527 3122 1408 3138 1404 3138 1251 3119 1214 3135 1210 3135 1207 3135 1001 3122 888 3144 841 3153 838 3153 710 3144"/>
                  </Shape>
                  <String CONTENT="en hiver lors des neiges des passees comme"
                          HPOS="707"
                          VPOS="3019"
                          WIDTH="1621"
                          HEIGHT="134"/>
               </TextLine>
            </TextBlock>
            <TextBlock HPOS="2340"
                       VPOS="3513"
                       WIDTH="47"
                       HEIGHT="71"
                       ID="eSc_textblock_acdb2b38"
                       TAGREFS="BT371">
               <Shape>
                  <Polygon POINTS="2368 3525 2387 3584 2340 3583 2346 3513"/>
               </Shape>
               <TextLine ID="eSc_line_3e25c992"
                         BASELINE="2348 3568 2380 3568"
                         HPOS="2343"
                         VPOS="3500"
                         WIDTH="35"
                         HEIGHT="104"
                         TAGREFS="LT118">
                  <Shape>
                     <Polygon POINTS="2346 3566 2346 3500 2378 3504 2378 3566 2375 3604 2343 3600"/>
                  </Shape>
                  <String CONTENT="2" HPOS="2343" VPOS="3500" WIDTH="35" HEIGHT="104"/>
               </TextLine>
            </TextBlock>
         </PrintSpace>
      </Page>
   </Layout>
</alto>
