<alto xmlns:xsi="http://www.w3.org/2001/XMLSchema-instance"
      xmlns="http://www.loc.gov/standards/alto/ns-v4#"
      xsi:schemaLocation="http://www.loc.gov/standards/alto/ns-v4# http://www.loc.gov/standards/alto/v4/alto-4-2.xsd">
   <Description>
      <MeasurementUnit>pixel</MeasurementUnit>
      <sourceImageInformation>
         <fileName>B_168_15-23-3_0004.jpg</fileName>
      </sourceImageInformation>
   </Description>
   <Tags>
      <OtherTag ID="BT365"
                LABEL="MainZone:column"
                DESCRIPTION="block type MainZone:column"/>
      <OtherTag ID="BT367" LABEL="MainZone" DESCRIPTION="block type MainZone"/>
      <OtherTag ID="BT368"
                LABEL="MarginTextZone"
                DESCRIPTION="block type MarginTextZone"/>
      <OtherTag ID="BT369"
                LABEL="MarginTextZone:note"
                DESCRIPTION="block type MarginTextZone:note"/>
      <OtherTag ID="BT370"
                LABEL="NumberingZone:other"
                DESCRIPTION="block type NumberingZone:other"/>
      <OtherTag ID="BT371"
                LABEL="NumberingZone:page"
                DESCRIPTION="block type NumberingZone:page"/>
      <OtherTag ID="BT379"
                LABEL="DecorationZone"
                DESCRIPTION="block type DecorationZone"/>
      <OtherTag ID="BT380"
                LABEL="CustomZone:signature"
                DESCRIPTION="block type CustomZone:signature"/>
      <OtherTag ID="LT118" LABEL="DefaultLine" DESCRIPTION="line type DefaultLine"/>
      <OtherTag ID="LT119" LABEL="HeadingLine" DESCRIPTION="line type HeadingLine"/>
      <OtherTag ID="LT120"
                LABEL="InterlinearLine"
                DESCRIPTION="line type InterlinearLine"/>
   </Tags>
   <Layout>
      <Page WIDTH="2604"
            HEIGHT="3923"
            PHYSICAL_IMG_NR="49"
            ID="eSc_dummypage_">
         <PrintSpace HPOS="0" VPOS="0" WIDTH="2604" HEIGHT="3923">
            <TextBlock HPOS="1373"
                       VPOS="2066"
                       WIDTH="1123"
                       HEIGHT="467"
                       ID="eSc_textblock_50f14a9a"
                       TAGREFS="BT367">
               <Shape>
                  <Polygon POINTS="2146 2209 2417 2223 2496 2340 2482 2402 2430 2494 2352 2507 1583 2533 1387 2494 1373 2249 1606 2223 1674 2066 2064 2092 2129 2118"/>
               </Shape>
               <TextLine ID="eSc_line_07dd90d5"
                         BASELINE="1645 2193 2110 2180"
                         HPOS="1629"
                         VPOS="2049"
                         WIDTH="481"
                         HEIGHT="180"
                         TAGREFS="LT118">
                  <Shape>
                     <Polygon POINTS="1645 2193 1629 2085 1668 2062 1671 2062 1674 2062 1678 2062 1782 2072 1838 2079 1966 2059 1992 2056 1995 2056 1998 2056 2002 2056 2034 2072 2096 2049 2110 2180 2106 2203 2018 2196 1917 2216 1858 2226 1854 2226 1851 2226 1828 2219 1759 2203 1645 2229"/>
                  </Shape>
                  <String CONTENT="Reconfessions"
                          HPOS="1629"
                          VPOS="2049"
                          WIDTH="481"
                          HEIGHT="180"/>
               </TextLine>
               <TextLine ID="eSc_line_ce859878"
                         BASELINE="1380 2324 1756 2301 2424 2294"
                         HPOS="1370"
                         VPOS="2203"
                         WIDTH="1054"
                         HEIGHT="137"
                         TAGREFS="LT118">
                  <Shape>
                     <Polygon POINTS="1380 2324 1370 2245 1498 2219 1501 2219 1504 2219 1573 2239 1576 2239 1740 2239 1740 2236 1759 2219 1759 2216 1763 2216 1766 2216 1769 2216 1900 2232 1910 2232 1939 2213 1943 2213 1946 2213 1949 2213 1953 2213 1979 2226 2087 2206 2090 2206 2168 2206 2172 2206 2175 2206 2195 2226 2247 2203 2250 2203 2253 2203 2417 2223 2424 2294 2424 2308 1380 2340"/>
                  </Shape>
                  <String CONTENT="Des actes crimes et delictz de"
                          HPOS="1370"
                          VPOS="2203"
                          WIDTH="1054"
                          HEIGHT="137"/>
               </TextLine>
               <TextLine ID="eSc_line_d6885316"
                         BASELINE="1432 2396 2476 2373"
                         HPOS="1419"
                         VPOS="2298"
                         WIDTH="1057"
                         HEIGHT="134"
                         TAGREFS="LT118">
                  <Shape>
                     <Polygon POINTS="1432 2396 1419 2334 1459 2308 1462 2308 1465 2308 1468 2308 1544 2321 1596 2304 1599 2304 1602 2304 1730 2324 1910 2298 1913 2298 2469 2311 2476 2373 2473 2386 2175 2415 2175 2419 2074 2419 2070 2415 2067 2415 2064 2415 2064 2412 2054 2406 2044 2396 1799 2412 1795 2412 1792 2412 1759 2399 1717 2422 1707 2425 1704 2425 1701 2425 1697 2425 1688 2422 1625 2402 1596 2422 1593 2422 1589 2422 1432 2432"/>
                  </Shape>
                  <String CONTENT="Sortilege de Adelheit vefve"
                          HPOS="1419"
                          VPOS="2298"
                          WIDTH="1057"
                          HEIGHT="134"/>
               </TextLine>
               <TextLine ID="eSc_line_ec41e3e0"
                         BASELINE="1419 2474 2427 2461"
                         HPOS="1416"
                         VPOS="2389"
                         WIDTH="1011"
                         HEIGHT="138"
                         TAGREFS="LT118">
                  <Shape>
                     <Polygon POINTS="1419 2474 1416 2419 1763 2419 1766 2415 1789 2396 1792 2396 1795 2396 1799 2396 1962 2412 1966 2412 1969 2412 1995 2393 1998 2393 2002 2393 2005 2393 2110 2409 2172 2389 2175 2389 2178 2389 2296 2409 2299 2409 2378 2389 2381 2389 2384 2389 2388 2389 2424 2409 2427 2461 2424 2497 2237 2487 2198 2500 2175 2510 2172 2510 2168 2510 2165 2510 2132 2504 2087 2491 2057 2504 2018 2520 2015 2520 1920 2523 1920 2527 1828 2527 1825 2523 1822 2523 1818 2523 1818 2520 1802 2507 1792 2500 1763 2507 1717 2517 1714 2517 1710 2517 1688 2507 1671 2500 1658 2507 1632 2527 1629 2527 1625 2527 1622 2527 1547 2510 1488 2497 1419 2510"/>
                  </Shape>
                  <String CONTENT="Borquin Betteny de Boncourt"
                          HPOS="1416"
                          VPOS="2389"
                          WIDTH="1011"
                          HEIGHT="138"/>
               </TextLine>
            </TextBlock>
            <TextBlock HPOS="1256"
                       VPOS="2903"
                       WIDTH="428"
                       HEIGHT="899"
                       ID="eSc_textblock_19b4364d"
                       TAGREFS="BT367">
               <Shape>
                  <Polygon POINTS="1684 3605 1658 3775 1606 3802 1413 3802 1256 3736 1308 3383 1282 2903 1593 2903 1658 2968"/>
               </Shape>
               <TextLine ID="eSc_line_d981b474"
                         BASELINE="1472 3736 1472 3730 1472 3698 1465 3647 1459 3608 1459 3602 1452 3551 1452 3461 1452 3442 1446 3436 1446 3385 1446 3250 1452 3237 1452 3193 1459 3141 1465 3129 1465 3103 1472 3084 1472 3020 1478 3013 1478 2975 1491 2943"
                         HPOS="1341"
                         VPOS="2922"
                         WIDTH="180"
                         HEIGHT="811"
                         TAGREFS="LT118">
                  <Shape>
                     <Polygon POINTS="1468 3733 1396 3733 1396 3618 1393 3615 1364 3569 1364 3566 1364 3563 1364 3560 1377 3452 1357 3429 1357 3426 1357 3422 1357 3419 1357 3416 1377 3370 1360 3259 1360 3256 1360 3252 1360 3249 1380 3220 1370 3148 1344 3122 1341 3122 1341 3118 1341 3115 1341 3112 1347 2978 1347 2974 1347 2971 1380 2922 1488 2942 1501 2942 1478 3046 1498 3269 1498 3272 1498 3275 1481 3334 1498 3471 1498 3475 1498 3478 1498 3481 1495 3481 1481 3498 1517 3599 1517 3605 1517 3609 1521 3612 1521 3733"/>
                  </Shape>
                  <String CONTENT="Criminalia"
                          HPOS="1341"
                          VPOS="2922"
                          WIDTH="180"
                          HEIGHT="811"/>
               </TextLine>
               <TextLine ID="eSc_line_3752c682"
                         BASELINE="1644 3768 1644 3762 1644 3743 1644 3679 1644 3608 1651 3596 1651 3545 1657 3506 1657 3353 1657 3308 1651 3301 1651 3282 1644 3269 1644 3173 1644 2962"
                         HPOS="1508"
                         VPOS="2961"
                         WIDTH="183"
                         HEIGHT="808"
                         TAGREFS="LT118">
                  <Shape>
                     <Polygon POINTS="1642 3766 1557 3769 1527 3677 1527 3674 1527 3671 1527 3668 1527 3664 1530 3664 1547 3645 1560 3635 1560 3471 1537 3448 1524 3435 1521 3435 1521 3432 1521 3429 1508 3360 1508 3357 1508 3354 1527 3292 1540 3243 1517 3171 1508 3131 1508 3128 1508 3125 1508 3122 1514 3095 1524 3053 1508 2961 1642 2961 1665 2961 1661 3030 1668 3043 1684 3073 1684 3076 1684 3079 1684 3082 1671 3135 1661 3177 1674 3262 1684 3324 1684 3328 1684 3331 1684 3334 1678 3344 1661 3370 1661 3488 1681 3514 1688 3520 1688 3524 1688 3527 1691 3530 1691 3766"/>
                  </Shape>
                  <String CONTENT="zu Boncourt"
                          HPOS="1508"
                          VPOS="2961"
                          WIDTH="183"
                          HEIGHT="808"/>
               </TextLine>
            </TextBlock>
            <TextBlock HPOS="2346"
                       VPOS="3693"
                       WIDTH="114"
                       HEIGHT="104"
                       ID="eSc_textblock_faeddc4f"
                       TAGREFS="BT371">
               <Shape>
                  <Polygon POINTS="2346 3693 2346 3797 2460 3797 2460 3693"/>
               </Shape>
               <TextLine ID="eSc_line_74ee9464"
                         BASELINE="2376 3768 2440 3773"
                         HPOS="2365"
                         VPOS="3684"
                         WIDTH="75"
                         HEIGHT="180"
                         TAGREFS="LT118">
                  <Shape>
                     <Polygon POINTS="2375 3766 2375 3684 2440 3690 2437 3772 2427 3854 2365 3864"/>
                  </Shape>
                  <String CONTENT="4" HPOS="2365" VPOS="3684" WIDTH="75" HEIGHT="180"/>
               </TextLine>
            </TextBlock>
         </PrintSpace>
      </Page>
   </Layout>
</alto>
