<alto xmlns:xsi="http://www.w3.org/2001/XMLSchema-instance"
      xmlns="http://www.loc.gov/standards/alto/ns-v4#"
      xsi:schemaLocation="http://www.loc.gov/standards/alto/ns-v4# http://www.loc.gov/standards/alto/v4/alto-4-2.xsd">
   <Description>
      <MeasurementUnit>pixel</MeasurementUnit>
      <sourceImageInformation>
         <fileName>B_168_15-23-2_0003.jpg</fileName>
      </sourceImageInformation>
   </Description>
   <Tags>
      <OtherTag ID="BT365"
                LABEL="MainZone:column"
                DESCRIPTION="block type MainZone:column"/>
      <OtherTag ID="BT367" LABEL="MainZone" DESCRIPTION="block type MainZone"/>
      <OtherTag ID="BT368"
                LABEL="MarginTextZone"
                DESCRIPTION="block type MarginTextZone"/>
      <OtherTag ID="BT369"
                LABEL="MarginTextZone:note"
                DESCRIPTION="block type MarginTextZone:note"/>
      <OtherTag ID="BT370"
                LABEL="NumberingZone:other"
                DESCRIPTION="block type NumberingZone:other"/>
      <OtherTag ID="BT371"
                LABEL="NumberingZone:page"
                DESCRIPTION="block type NumberingZone:page"/>
      <OtherTag ID="BT379"
                LABEL="DecorationZone"
                DESCRIPTION="block type DecorationZone"/>
      <OtherTag ID="BT380"
                LABEL="CustomZone:signature"
                DESCRIPTION="block type CustomZone:signature"/>
      <OtherTag ID="LT118" LABEL="DefaultLine" DESCRIPTION="line type DefaultLine"/>
      <OtherTag ID="LT119" LABEL="HeadingLine" DESCRIPTION="line type HeadingLine"/>
      <OtherTag ID="LT120"
                LABEL="InterlinearLine"
                DESCRIPTION="line type InterlinearLine"/>
   </Tags>
   <Layout>
      <Page WIDTH="2596"
            HEIGHT="3801"
            PHYSICAL_IMG_NR="44"
            ID="eSc_dummypage_">
         <PrintSpace HPOS="0" VPOS="0" WIDTH="2596" HEIGHT="3801">
            <TextBlock HPOS="190"
                       VPOS="162"
                       WIDTH="391"
                       HEIGHT="262"
                       ID="eSc_textblock_a054aeef"
                       TAGREFS="BT370">
               <Shape>
                  <Polygon POINTS="190 402 228 240 329 177 581 162 581 424"/>
               </Shape>
               <TextLine ID="eSc_line_cf799978"
                         BASELINE="196 386 514 379"
                         HPOS="183"
                         VPOS="177"
                         WIDTH="333"
                         HEIGHT="431"
                         TAGREFS="LT118">
                  <Shape>
                     <Polygon POINTS="193 383 183 218 313 212 335 196 361 180 364 180 367 180 370 180 374 180 377 180 389 190 415 205 497 177 513 376 516 604 446 608 443 608 440 608 323 560 247 528 193 528"/>
                  </Shape>
                  <String CONTENT="184"
                          HPOS="183"
                          VPOS="177"
                          WIDTH="333"
                          HEIGHT="431"/>
               </TextLine>
            </TextBlock>
            <TextBlock HPOS="681"
                       VPOS="63"
                       WIDTH="1864"
                       HEIGHT="960"
                       ID="eSc_textblock_41adf207"
                       TAGREFS="BT367">
               <Shape>
                  <Polygon POINTS="1949 76 2142 215 2507 215 2545 503 2380 655 2431 820 2519 861 2519 972 1911 1023 748 997 684 430 681 430 681 156 757 152 836 202 1074 202 1128 88 1204 63"/>
               </Shape>
               <TextLine ID="eSc_line_f0c0483f"
                         BASELINE="1137 171 1968 186"
                         HPOS="1131"
                         VPOS="91"
                         WIDTH="840"
                         HEIGHT="130"
                         TAGREFS="LT118">
                  <Shape>
                     <Polygon POINTS="1137 171 1134 107 1467 91 1470 91 1473 91 1511 114 1515 114 1534 114 1749 98 1752 98 1756 98 1759 98 1759 101 1778 117 1889 101 1892 101 1895 101 1971 123 1968 186 1965 196 1470 221 1467 221 1318 190 1299 186 1290 190 1248 205 1245 205 1242 205 1131 186"/>
                  </Shape>
                  <String CONTENT="Le 25 dudit mois 1610"
                          HPOS="1131"
                          VPOS="91"
                          WIDTH="840"
                          HEIGHT="130"/>
               </TextLine>
               <TextLine ID="eSc_line_57249587"
                         BASELINE="690 300 1492 294 2507 319"
                         HPOS="684"
                         VPOS="205"
                         WIDTH="1826"
                         HEIGHT="152"
                         TAGREFS="LT118">
                  <Shape>
                     <Polygon POINTS="690 300 684 221 897 205 900 205 903 205 941 221 966 231 1026 221 1042 221 1046 221 1049 221 1052 221 1087 237 1122 221 1134 218 1137 218 1141 218 1169 224 1207 231 1290 224 1426 212 1429 212 1432 212 1435 212 1454 224 1489 247 1619 231 1622 231 1746 253 1962 253 2025 228 2041 224 2044 224 2047 224 2050 224 2063 231 2114 253 2164 234 2168 234 2171 234 2174 234 2250 259 2342 259 2399 231 2418 224 2421 224 2424 224 2507 234 2507 319 2510 335 2485 357 2481 357 2478 357 2475 357 2145 342 2117 354 2114 354 2111 354 2107 354 2104 354 2104 351 2088 338 2015 354 2012 354 1892 335 1876 332 1860 335 1765 351 1762 351 1759 351 1708 332 1667 319 1622 332 1616 335 1613 335 1610 335 1607 335 1603 335 1603 332 1588 319 1530 332 1505 338 1502 338 1499 338 1496 338 1496 335 1492 332 1470 316 1359 316 1207 332 1182 335 1179 335 1175 335 1169 332 1103 313 1065 332 1061 335 1058 335 1055 335 1052 335 1042 332 947 310 687 332"/>
                  </Shape>
                  <String CONTENT="Ladite Adelheit librement recognut les faictz predits"
                          HPOS="684"
                          VPOS="205"
                          WIDTH="1826"
                          HEIGHT="152"/>
               </TextLine>
               <TextLine ID="eSc_line_de508481"
                         BASELINE="735 380 1290 373 2437 405"
                         HPOS="729"
                         VPOS="300"
                         WIDTH="1708"
                         HEIGHT="140"
                         TAGREFS="LT118">
                  <Shape>
                     <Polygon POINTS="735 380 732 300 1182 329 1236 310 1239 310 1242 310 1407 313 1410 313 1413 313 1445 332 1683 319 1689 319 1692 319 1695 319 1781 338 1936 323 1962 323 1965 323 2003 326 2282 354 2402 354 2424 332 2437 405 2434 433 2307 440 2304 440 2301 440 2298 440 2288 430 2263 414 2234 430 2221 437 2218 437 2215 437 2060 433 2057 433 2053 433 2041 424 2009 405 1936 405 1854 421 1841 421 1838 421 1835 421 1828 421 1781 402 1765 418 1756 424 1756 427 1752 427 1749 427 1749 430 1683 430 1679 427 1597 414 1499 395 1477 411 1473 414 1470 414 1467 414 1464 414 1461 414 1458 414 1451 408 1432 392 1248 392 1223 405 1201 414 1198 414 1194 414 1191 414 1141 402 1115 395 1093 399 1042 414 1039 414 1036 414 1033 414 992 399 963 386 950 395 944 402 941 402 938 402 935 402 729 389"/>
                  </Shape>
                  <String CONTENT="les avoir Commis et perpetres Priant quon lui"
                          HPOS="729"
                          VPOS="300"
                          WIDTH="1708"
                          HEIGHT="140"/>
               </TextLine>
               <TextLine ID="eSc_line_6e0cfea9"
                         BASELINE="748 468 1401 459 2526 497"
                         HPOS="741"
                         VPOS="386"
                         WIDTH="1785"
                         HEIGHT="136"
                         TAGREFS="LT118">
                  <Shape>
                     <Polygon POINTS="748 468 744 402 1052 405 1055 405 1074 386 1077 386 1080 386 1084 386 1210 386 1214 386 1280 408 1290 411 1299 408 1350 389 1353 389 1356 389 1359 389 1439 411 1445 411 1448 411 1470 395 1473 395 1477 395 1480 395 1483 395 1486 395 1508 411 1521 418 1556 411 1645 395 1648 395 1778 414 1841 424 1879 418 1936 405 1939 405 1943 405 1946 405 1946 408 1958 418 1965 427 1984 418 2015 405 2019 405 2022 405 2107 421 2171 430 2196 421 2228 408 2231 408 2234 408 2355 414 2358 414 2361 414 2370 424 2389 437 2523 427 2526 497 2519 522 2437 506 2336 519 2310 522 2307 522 2304 522 2298 519 2253 497 2038 513 2000 516 1996 516 1993 516 1987 513 1933 487 1879 509 1876 509 1873 509 1870 509 1825 490 1790 509 1787 509 1784 509 1784 513 1648 513 1645 509 1641 509 1632 506 1578 478 1496 478 1423 478 1378 500 1375 500 1372 500 1369 500 1366 500 1366 497 1362 497 1347 475 1242 490 1239 490 1236 490 1191 471 1036 471 979 494 976 494 973 494 969 494 741 487"/>
                  </Shape>
                  <String CONTENT="heust a faire bonne et brieve justice, Criant"
                          HPOS="741"
                          VPOS="386"
                          WIDTH="1785"
                          HEIGHT="136"/>
               </TextLine>
               <TextLine ID="eSc_line_77bf16a8"
                         BASELINE="719 544 2428 563"
                         HPOS="716"
                         VPOS="497"
                         WIDTH="1712"
                         HEIGHT="111"
                         TAGREFS="LT118">
                  <Shape>
                     <Polygon POINTS="719 544 716 500 1179 497 1182 497 1185 497 1214 506 1274 532 1381 532 2424 528 2428 563 2424 576 2253 585 2231 608 2228 608 2225 608 2221 608 2126 604 2123 604 2120 604 2085 579 2082 579 2063 579 1914 598 1911 598 1908 598 1873 582 1854 573 1787 582 1660 601 1657 601 1394 595 1391 595 1388 595 1375 585 1353 570 1271 582 1267 582 1264 582 1233 566 928 589 865 592 862 592 858 592 855 592 852 589 824 566 716 589"/>
                  </Shape>
                  <String CONTENT="merci a Dieu a mon Seigneur et a la Justice."
                          HPOS="716"
                          VPOS="497"
                          WIDTH="1712"
                          HEIGHT="111"/>
               </TextLine>
               <TextLine ID="eSc_line_4c5a6407"
                         BASELINE="1188 681 1835 668"
                         HPOS="1182"
                         VPOS="589"
                         WIDTH="653"
                         HEIGHT="114"
                         TAGREFS="LT118">
                  <Shape>
                     <Polygon POINTS="1188 681 1182 592 1290 589 1293 589 1296 589 1299 589 1305 595 1340 617 1473 601 1572 589 1575 589 1578 589 1581 589 1600 604 1610 614 1641 604 1670 598 1673 598 1676 598 1828 614 1835 668 1835 681 1188 703"/>
                  </Shape>
                  <String CONTENT="Le 26. dudit mois"
                          HPOS="1182"
                          VPOS="589"
                          WIDTH="653"
                          HEIGHT="114"/>
               </TextLine>
               <TextLine ID="eSc_line_821377d0"
                         BASELINE="735 766 1163 757 2386 769"
                         HPOS="729"
                         VPOS="677"
                         WIDTH="1657"
                         HEIGHT="130"
                         TAGREFS="LT118">
                  <Shape>
                     <Polygon POINTS="735 766 729 700 824 677 827 677 830 677 906 696 982 681 985 681 988 681 992 681 992 684 995 684 1007 700 1026 700 1451 681 1454 681 1575 703 1594 687 1594 684 1597 684 1600 684 1603 684 1607 684 1679 703 1683 703 1686 703 1832 684 1835 684 1838 684 1898 703 2139 687 2142 687 2145 687 2196 706 2250 690 2253 690 2256 690 2383 709 2386 769 2383 785 2028 807 2025 807 2022 807 2019 807 2019 804 2000 788 1990 782 1943 791 1908 795 1905 795 1901 795 1889 791 1860 779 1492 779 1461 795 1448 801 1445 801 1445 804 1353 804 1350 801 1347 801 1343 801 1343 798 1337 795 1315 776 1207 795 1204 795 1201 795 1198 795 1074 776 1033 798 1023 801 1020 801 1017 801 1014 801 1011 801 1007 798 973 776 890 798 887 798 887 801 732 801"/>
                  </Shape>
                  <String CONTENT="Elle cougnut derechieff avoir commis lesdits actes."
                          HPOS="729"
                          VPOS="677"
                          WIDTH="1657"
                          HEIGHT="130"/>
               </TextLine>
               <TextLine ID="eSc_line_a447ee35"
                         BASELINE="1207 864 1889 852"
                         HPOS="1201"
                         VPOS="769"
                         WIDTH="688"
                         HEIGHT="127"
                         TAGREFS="LT118">
                  <Shape>
                     <Polygon POINTS="1207 864 1204 791 1534 801 1578 779 1584 772 1588 772 1591 772 1594 772 1689 772 1705 776 1809 795 1876 769 1889 852 1885 867 1721 867 1711 871 1676 893 1673 893 1670 893 1543 896 1540 896 1334 880 1252 893 1248 893 1245 893 1201 874"/>
                  </Shape>
                  <String CONTENT="Le 27 dudit mois"
                          HPOS="1201"
                          VPOS="769"
                          WIDTH="688"
                          HEIGHT="127"/>
               </TextLine>
               <TextLine ID="eSc_line_8670a430"
                         BASELINE="738 966 1885 943 2510 947"
                         HPOS="729"
                         VPOS="852"
                         WIDTH="1781"
                         HEIGHT="167"
                         TAGREFS="LT118">
                  <Shape>
                     <Polygon POINTS="738 966 729 874 1125 867 1128 867 1131 867 1150 874 1191 883 1242 874 1267 867 1271 867 1299 874 1372 886 1410 874 1432 864 1435 864 1439 864 1442 864 1470 874 1511 883 1540 874 1569 861 1572 861 1575 861 1578 861 1613 874 1651 883 1857 883 1870 874 1879 864 1882 864 1885 864 1889 864 2164 871 2190 855 2193 855 2196 855 2199 855 2202 855 2253 874 2260 874 2263 874 2294 852 2298 852 2301 852 2304 852 2307 852 2310 852 2332 874 2507 874 2510 947 2497 997 2459 972 2348 997 2310 1004 2307 1004 2304 1004 2301 1004 2301 1000 2294 997 2266 969 2158 969 2114 997 2101 1007 2098 1007 2095 1007 2092 1007 2088 1007 2063 997 2019 978 1990 997 1977 1007 1974 1007 1971 1007 1885 1010 1635 1013 1632 1013 1629 1013 1626 1013 1600 997 1569 978 1502 997 1429 1016 1426 1016 1426 1019 1286 1019 1283 1016 1280 1016 1233 997 1198 981 1147 997 1099 1010 1096 1010 1093 1010 1090 1010 1058 997 1030 985 979 997 941 1004 938 1004 735 994"/>
                  </Shape>
                  <String CONTENT="En presentce des .7. hommes elle feist le semblable"
                          HPOS="729"
                          VPOS="852"
                          WIDTH="1781"
                          HEIGHT="167"/>
               </TextLine>
            </TextBlock>
            <TextBlock HPOS="2370"
                       VPOS="3604"
                       WIDTH="110"
                       HEIGHT="100"
                       ID="eSc_textblock_c933af2a"
                       TAGREFS="BT371">
               <Shape>
                  <Polygon POINTS="2370 3604 2370 3704 2480 3704 2480 3604"/>
               </Shape>
               <TextLine ID="eSc_line_9baba413"
                         BASELINE="2392 3682 2461 3680"
                         HPOS="2383"
                         VPOS="3591"
                         WIDTH="79"
                         HEIGHT="121"
                         TAGREFS="LT118">
                  <Shape>
                     <Polygon POINTS="2389 3680 2383 3591 2453 3595 2459 3677 2462 3690 2393 3712"/>
                  </Shape>
                  <String CONTENT="3" HPOS="2383" VPOS="3591" WIDTH="79" HEIGHT="121"/>
               </TextLine>
            </TextBlock>
         </PrintSpace>
      </Page>
   </Layout>
</alto>
