<alto xmlns:xsi="http://www.w3.org/2001/XMLSchema-instance"
      xmlns="http://www.loc.gov/standards/alto/ns-v4#"
      xsi:schemaLocation="http://www.loc.gov/standards/alto/ns-v4# http://www.loc.gov/standards/alto/v4/alto-4-2.xsd">
   <Description>
      <MeasurementUnit>pixel</MeasurementUnit>
      <sourceImageInformation>
         <fileName>B_168_15-2-2_0007.jpg</fileName>
      </sourceImageInformation>
   </Description>
   <Tags>
      <OtherTag ID="BT365"
                LABEL="MainZone:column"
                DESCRIPTION="block type MainZone:column"/>
      <OtherTag ID="BT367" LABEL="MainZone" DESCRIPTION="block type MainZone"/>
      <OtherTag ID="BT368"
                LABEL="MarginTextZone"
                DESCRIPTION="block type MarginTextZone"/>
      <OtherTag ID="BT369"
                LABEL="MarginTextZone:note"
                DESCRIPTION="block type MarginTextZone:note"/>
      <OtherTag ID="BT370"
                LABEL="NumberingZone:other"
                DESCRIPTION="block type NumberingZone:other"/>
      <OtherTag ID="BT371"
                LABEL="NumberingZone:page"
                DESCRIPTION="block type NumberingZone:page"/>
      <OtherTag ID="BT379"
                LABEL="DecorationZone"
                DESCRIPTION="block type DecorationZone"/>
      <OtherTag ID="BT380"
                LABEL="CustomZone:signature"
                DESCRIPTION="block type CustomZone:signature"/>
      <OtherTag ID="LT118" LABEL="DefaultLine" DESCRIPTION="line type DefaultLine"/>
      <OtherTag ID="LT119" LABEL="HeadingLine" DESCRIPTION="line type HeadingLine"/>
      <OtherTag ID="LT120"
                LABEL="InterlinearLine"
                DESCRIPTION="line type InterlinearLine"/>
   </Tags>
   <Layout>
      <Page WIDTH="2501"
            HEIGHT="3744"
            PHYSICAL_IMG_NR="9"
            ID="eSc_dummypage_">
         <PrintSpace HPOS="0" VPOS="0" WIDTH="2501" HEIGHT="3744">
            <TextBlock HPOS="279"
                       VPOS="211"
                       WIDTH="205"
                       HEIGHT="621"
                       ID="eSc_textblock_46d7105f"
                       TAGREFS="BT370">
               <Shape>
                  <Polygon POINTS="279 211 279 832 484 832 484 211"/>
               </Shape>
               <TextLine ID="eSc_line_b9f1c35a"
                         BASELINE="305 491 463 502"
                         HPOS="281"
                         VPOS="308"
                         WIDTH="181"
                         HEIGHT="481"
                         TAGREFS="LT118">
                  <Shape>
                     <Polygon POINTS="302 489 309 327 399 330 462 308 462 499 440 789 281 770"/>
                  </Shape>
                  <String CONTENT="69" HPOS="281" VPOS="308" WIDTH="181" HEIGHT="481"/>
               </TextLine>
            </TextBlock>
            <TextBlock HPOS="686"
                       VPOS="249"
                       WIDTH="1727"
                       HEIGHT="621"
                       ID="eSc_textblock_e1aec02a"
                       TAGREFS="BT367">
               <Shape>
                  <Polygon POINTS="686 870 749 262 1033 249 2351 274 2388 299 2413 733 1913 858"/>
               </Shape>
               <TextLine ID="eSc_line_18e992bb"
                         BASELINE="743 327 1586 324 2363 352"
                         HPOS="736"
                         VPOS="227"
                         WIDTH="1627"
                         HEIGHT="159"
                         TAGREFS="LT118">
                  <Shape>
                     <Polygon POINTS="743 327 736 255 989 240 992 240 996 240 1027 255 1133 227 1136 227 1139 227 1142 227 1202 258 1242 237 1245 237 1248 237 1252 237 1255 237 1283 262 1317 262 1345 262 1348 262 1392 227 1395 227 1398 227 1401 227 1504 227 1508 227 1586 255 1636 230 1639 230 1642 230 1792 246 1920 234 1923 234 1926 234 1929 234 1929 237 1948 255 1995 237 1998 237 2001 237 2004 237 2088 271 2088 274 2160 274 2166 274 2204 249 2207 249 2210 249 2213 249 2360 277 2363 352 2360 368 2151 386 2148 386 2004 365 1948 355 1929 361 1892 380 1889 380 1885 380 1882 380 1879 380 1879 377 1860 361 1854 355 1839 361 1785 380 1782 380 1779 380 1776 380 1739 358 1714 346 1261 346 1242 352 1192 371 1189 371 1186 371 1183 371 1145 349 1133 343 1120 349 1089 371 1086 371 1083 371 1080 371 1077 371 986 349 952 340 924 346 864 365 861 365 858 365 736 343"/>
                  </Shape>
                  <String CONTENT="lequel a son lieu domicille desoubs ung mesme"
                          HPOS="736"
                          VPOS="227"
                          WIDTH="1627"
                          HEIGHT="159"/>
               </TextLine>
               <TextLine ID="eSc_line_61d72a32"
                         BASELINE="755 414 2291 430"
                         HPOS="752"
                         VPOS="340"
                         WIDTH="1539"
                         HEIGHT="121"
                         TAGREFS="LT118">
                  <Shape>
                     <Polygon POINTS="755 414 755 349 849 361 946 352 1055 340 1058 340 1192 355 1270 365 1289 358 1317 346 1320 346 1323 346 1326 346 1364 358 1389 368 1411 358 1445 346 1448 346 1451 346 1455 346 1501 361 1520 368 1533 361 1564 346 1567 346 1570 346 1667 346 1670 346 1673 346 1673 349 1692 365 1698 371 1732 365 1832 349 1835 349 1954 371 1982 374 1998 371 2057 352 2060 352 2063 352 2288 377 2291 430 2285 461 2107 446 2048 458 2032 461 2029 461 2026 461 2017 458 1979 443 1848 455 1810 458 1807 458 1782 455 1695 439 1611 452 1583 455 1579 455 1576 455 1573 455 1570 452 1554 439 1536 452 1533 455 1529 455 1526 455 1523 455 1479 449 1364 433 1248 433 1236 446 1230 449 1230 452 1227 452 1223 452 1223 455 1092 455 1089 452 1086 452 1067 443 1042 430 752 436"/>
                  </Shape>
                  <String CONTENT="toict avec Ladite Annelin. Icelle estant proche"
                          HPOS="752"
                          VPOS="340"
                          WIDTH="1539"
                          HEIGHT="121"/>
               </TextLine>
               <TextLine ID="eSc_line_03318cc1"
                         BASELINE="730 521 1860 511 2382 530"
                         HPOS="724"
                         VPOS="433"
                         WIDTH="1658"
                         HEIGHT="119"
                         TAGREFS="LT118">
                  <Shape>
                     <Polygon POINTS="730 521 724 455 936 433 939 433 942 433 996 455 1008 458 1024 455 1114 433 1117 433 1120 433 1124 433 1145 452 1174 436 1177 436 1180 436 1183 436 1186 436 1208 455 1286 443 1289 443 1292 443 1295 443 1314 455 1320 458 1351 455 1583 433 1586 433 1589 433 1592 433 1620 458 1623 461 1673 461 1676 458 1698 436 1698 433 1701 433 1704 433 1707 433 1789 433 1792 433 1795 433 1829 458 1857 433 1860 433 1864 433 1867 433 1920 433 1923 433 1926 433 1926 436 1951 458 1954 461 2379 461 2382 530 2376 549 2195 546 2191 546 2188 546 2163 527 2135 549 2132 549 2129 549 2126 549 2123 549 2120 549 2091 527 2020 546 2017 546 2013 546 1910 527 1892 546 1889 546 1889 549 1885 549 1882 549 1882 552 1773 552 1770 549 1767 549 1764 549 1761 546 1736 527 1548 542 1533 542 1529 542 1526 542 1523 542 1473 527 1448 542 1445 542 1442 542 1439 542 1426 542 1361 527 1314 539 1283 549 1280 549 1277 549 1233 539 1202 533 1174 539 1127 549 1124 549 1042 536 980 530 730 533"/>
                  </Shape>
                  <String CONTENT="de leurs chevaulx, le soir dudit Jour Lung diceulx"
                          HPOS="724"
                          VPOS="433"
                          WIDTH="1658"
                          HEIGHT="119"/>
               </TextLine>
               <TextLine ID="eSc_line_e0dc4822"
                         BASELINE="727 617 2376 617"
                         HPOS="724"
                         VPOS="536"
                         WIDTH="1652"
                         HEIGHT="122"
                         TAGREFS="LT118">
                  <Shape>
                     <Polygon POINTS="727 617 724 564 939 546 942 546 1064 561 1095 536 1099 536 1102 536 1105 536 1292 542 1295 542 1298 542 1326 561 1495 546 1498 546 1601 561 1636 536 1639 536 1642 536 1645 536 1785 536 1789 536 1792 536 1823 555 1885 536 1889 536 1892 536 1895 536 1898 536 1929 558 2088 536 2091 536 2095 536 2098 536 2141 564 2376 564 2376 617 2369 655 2298 630 2226 655 2223 655 2219 655 2216 655 2113 630 1761 630 1739 652 1739 655 1736 655 1732 655 1732 658 1639 658 1636 655 1632 655 1629 655 1608 636 1501 655 1492 655 1489 655 1486 655 1483 655 1408 633 1323 655 1314 655 1311 655 1308 655 1305 655 1305 652 1277 630 727 652"/>
                  </Shape>
                  <String CONTENT="devint malade de sorte quil mourut. Et a opinion"
                          HPOS="724"
                          VPOS="536"
                          WIDTH="1652"
                          HEIGHT="122"/>
               </TextLine>
               <TextLine ID="eSc_line_5d2318d7"
                         BASELINE="705 726 2397 705"
                         HPOS="696"
                         VPOS="633"
                         WIDTH="1701"
                         HEIGHT="137"
                         TAGREFS="LT118">
                  <Shape>
                     <Polygon POINTS="705 726 696 667 933 642 936 642 1174 655 1211 639 1214 639 1217 639 1220 639 1258 655 1305 639 1308 639 1311 639 1389 658 1395 658 1414 642 1417 642 1420 642 1423 642 1536 655 1542 655 1561 639 1561 636 1564 636 1567 636 1570 636 1698 652 1717 636 1717 633 1720 633 1723 633 1726 633 1807 652 1810 652 1814 652 1867 633 1870 633 1873 633 1876 633 1920 648 2388 645 2397 705 2397 736 2326 751 2323 751 2319 751 2316 751 2301 739 2294 733 2279 739 2235 755 2232 755 2229 755 2226 755 2195 739 2176 726 2157 739 2129 758 2126 758 2123 758 2123 761 2004 761 2001 758 1998 758 1995 758 1995 755 1979 739 1970 733 1957 739 1942 751 1938 751 1935 751 1795 761 1792 761 1789 761 1729 742 1698 733 1679 742 1636 764 1632 764 1632 767 1473 767 1470 764 1467 764 1464 764 1436 745 1420 758 1420 761 1417 761 1414 761 1411 761 1408 761 1380 745 1364 739 1189 739 1170 745 1117 770 1114 770 1111 770 1008 748 977 742 927 748 827 761 824 761 702 748"/>
                  </Shape>
                  <String CONTENT="deposant que pour avoir refuse de charrier pour elle"
                          HPOS="696"
                          VPOS="633"
                          WIDTH="1701"
                          HEIGHT="137"/>
               </TextLine>
               <TextLine ID="eSc_line_967de0fb"
                         BASELINE="690 808 2073 792"
                         HPOS="680"
                         VPOS="723"
                         WIDTH="1396"
                         HEIGHT="125"
                         TAGREFS="LT118">
                  <Shape>
                     <Polygon POINTS="690 808 680 755 883 736 886 736 889 736 892 736 908 751 911 755 917 751 955 733 958 733 961 733 1045 748 1058 751 1074 748 1149 733 1152 733 1261 748 1270 748 1273 748 1320 730 1323 730 1326 730 1330 730 1333 730 1333 733 1348 748 1351 751 1508 751 1608 748 1611 745 1636 726 1639 726 1642 726 1645 726 1835 742 1845 742 1889 723 1892 723 1895 723 2066 742 2073 792 2076 808 2026 836 2023 836 2020 836 2017 836 1979 817 1954 836 1951 836 1948 836 1732 839 1729 839 1645 820 1614 814 1573 823 1489 842 1486 842 1383 829 1292 817 967 817 871 845 852 848 849 848 846 848 843 848 830 845 768 826 693 848"/>
                  </Shape>
                  <String CONTENT="quelle avoit donne le mal audit cheval."
                          HPOS="680"
                          VPOS="723"
                          WIDTH="1396"
                          HEIGHT="125"/>
               </TextLine>
            </TextBlock>
            <TextBlock HPOS="611"
                       VPOS="973"
                       WIDTH="1827"
                       HEIGHT="2181"
                       ID="eSc_textblock_4fe4b850"
                       TAGREFS="BT367">
               <Shape>
                  <Polygon POINTS="1804 1556 1330 1684 2388 1747 2388 2031 2438 2143 2363 2208 2326 2455 2151 2496 2166 2558 2288 2570 2338 2633 2376 3129 711 3154 692 3122 692 3001 724 2954 674 2742 724 1859 611 1806 624 1722 749 1694 686 1482 724 1382 699 973 2388 1010 2363 1519"/>
               </Shape>
               <TextLine ID="eSc_line_ee419882"
                         BASELINE="693 1073 1604 1054 2369 1060"
                         HPOS="686"
                         VPOS="964"
                         WIDTH="1683"
                         HEIGHT="137"
                         TAGREFS="LT118">
                  <Shape>
                     <Polygon POINTS="693 1073 686 976 874 973 877 973 880 973 883 973 889 979 958 1017 1033 1017 1067 985 1070 985 1074 985 1077 985 1080 985 1127 1001 1145 982 1155 976 1155 973 1158 973 1161 973 1164 973 1167 973 1192 985 1255 1014 1280 995 1283 995 1286 995 1289 995 1292 995 1345 1014 1386 989 1389 989 1392 989 1395 989 1401 989 1498 1001 1517 989 1526 982 1529 982 1533 982 1536 982 1539 982 1570 992 1639 1010 1692 995 1732 979 1736 979 1739 979 1742 979 1804 995 1826 1001 1832 995 1870 964 1873 964 1876 964 1879 964 1882 964 1885 964 1935 998 1951 1007 2082 1004 2085 1001 2151 973 2154 973 2157 973 2160 973 2163 973 2198 998 2244 985 2248 985 2251 985 2366 1007 2369 1060 2366 1088 2154 1073 2098 1092 2095 1092 2095 1095 1942 1095 1910 1095 1907 1092 1823 1073 1776 1095 1773 1095 1770 1095 1767 1095 1764 1095 1761 1095 1732 1079 1664 1092 1661 1092 1589 1076 1558 1095 1554 1095 1551 1095 1548 1095 1545 1095 1473 1076 1401 1098 1398 1098 1395 1098 1392 1098 1383 1098 1320 1082 1264 1098 1261 1098 1258 1098 1245 1098 1052 1085 1024 1101 1021 1101 1017 1101 1014 1101 1011 1101 1008 1101 980 1082 905 1082 886 1098 883 1098 880 1098 693 1101"/>
                  </Shape>
                  <String CONTENT="Germain torel par serement ; depose que lannee"
                          HPOS="686"
                          VPOS="964"
                          WIDTH="1683"
                          HEIGHT="137"/>
               </TextLine>
               <TextLine ID="eSc_line_10f18541"
                         BASELINE="774 1135 2363 1120"
                         HPOS="771"
                         VPOS="1070"
                         WIDTH="1592"
                         HEIGHT="96"
                         TAGREFS="LT118">
                  <Shape>
                     <Polygon POINTS="774 1135 771 1070 2357 1070 2363 1120 2363 1135 2310 1154 2307 1154 2304 1154 2301 1154 2238 1138 2232 1138 2201 1138 1954 1157 1951 1157 1810 1148 1723 1141 774 1166"/>
                  </Shape>
                  <String CONTENT="passee deposant avoit une vache que ne vouloit"
                          HPOS="771"
                          VPOS="1070"
                          WIDTH="1592"
                          HEIGHT="96"/>
               </TextLine>
               <TextLine ID="eSc_line_49931661"
                         BASELINE="743 1210 2363 1188"
                         HPOS="733"
                         VPOS="1120"
                         WIDTH="1630"
                         HEIGHT="121"
                         TAGREFS="LT118">
                  <Shape>
                     <Polygon POINTS="743 1210 733 1163 777 1145 780 1145 783 1145 964 1157 1027 1132 1030 1132 1033 1132 1145 1154 1230 1129 1233 1129 1430 1126 1433 1126 1436 1126 1439 1126 1473 1151 1579 1151 1595 1151 1595 1148 1657 1123 1661 1123 1664 1123 1776 1123 1779 1123 1820 1145 1913 1120 1917 1120 1920 1120 2085 1141 2095 1141 2110 1141 2238 1123 2241 1123 2357 1138 2363 1188 2360 1219 1901 1210 1779 1223 1736 1226 1732 1226 1729 1226 1720 1223 1701 1213 1686 1223 1673 1232 1670 1232 1667 1232 1295 1235 1292 1235 1289 1235 1264 1223 1255 1219 1208 1223 1049 1238 1045 1238 1042 1238 1039 1238 1039 1235 1027 1226 1014 1238 1011 1238 1008 1238 861 1241 858 1241 739 1223"/>
                  </Shape>
                  <String CONTENT="donner son laict, et que ayant fait a prendre"
                          HPOS="733"
                          VPOS="1120"
                          WIDTH="1630"
                          HEIGHT="121"/>
               </TextLine>
               <TextLine ID="eSc_line_7e5b3d54"
                         BASELINE="752 1301 2369 1266"
                         HPOS="749"
                         VPOS="1188"
                         WIDTH="1620"
                         HEIGHT="144"
                         TAGREFS="LT118">
                  <Shape>
                     <Polygon POINTS="752 1301 749 1238 880 1241 886 1232 902 1219 902 1216 905 1216 908 1216 911 1216 1086 1229 1186 1235 1317 1235 1336 1223 1348 1213 1351 1213 1355 1213 1358 1213 1408 1223 1448 1229 1461 1219 1479 1204 1483 1204 1486 1204 1489 1204 1561 1216 1604 1226 1679 1216 1798 1198 1801 1198 1998 1207 2123 1216 2198 1216 2213 1204 2232 1188 2235 1188 2238 1188 2241 1188 2363 1201 2369 1266 2369 1282 2219 1304 2216 1304 2113 1291 2076 1285 2066 1291 2042 1307 2038 1307 2035 1307 2032 1307 1960 1294 1926 1288 1829 1297 1632 1316 1629 1316 1626 1316 1623 1316 1601 1304 1592 1297 1570 1304 1526 1316 1523 1316 1520 1316 1342 1310 1198 1304 1108 1316 1002 1329 999 1329 996 1329 992 1329 977 1319 961 1310 936 1319 899 1332 896 1332 892 1332 749 1322"/>
                  </Shape>
                  <String CONTENT="des herbes au curtil de ladite Annelin (laquelle"
                          HPOS="749"
                          VPOS="1188"
                          WIDTH="1620"
                          HEIGHT="144"/>
               </TextLine>
               <TextLine ID="eSc_line_a671bbc1"
                         BASELINE="739 1372 2348 1341"
                         HPOS="730"
                         VPOS="1294"
                         WIDTH="1618"
                         HEIGHT="106"
                         TAGREFS="LT118">
                  <Shape>
                     <Polygon POINTS="739 1372 730 1313 2338 1294 2348 1341 2344 1369 1776 1369 1739 1379 1701 1388 1698 1388 1695 1388 1614 1379 1545 1372 1467 1382 1358 1394 1355 1394 1267 1385 1248 1382 1242 1385 1227 1397 1223 1397 1220 1397 1217 1397 1102 1385 1064 1382 1055 1385 1036 1400 1033 1400 1030 1400 1027 1400 736 1388"/>
                  </Shape>
                  <String CONTENT="avoit heu quelque dificulte avec la femme"
                          HPOS="730"
                          VPOS="1294"
                          WIDTH="1618"
                          HEIGHT="106"/>
               </TextLine>
               <TextLine ID="eSc_line_77349050"
                         BASELINE="749 1457 1923 1422 2357 1435"
                         HPOS="733"
                         VPOS="1344"
                         WIDTH="1624"
                         HEIGHT="144"
                         TAGREFS="LT118">
                  <Shape>
                     <Polygon POINTS="749 1457 733 1404 746 1385 749 1385 749 1382 752 1382 755 1382 889 1369 892 1369 1024 1391 1145 1372 1149 1372 1302 1385 1445 1357 1448 1357 1611 1357 1614 1357 1664 1375 1667 1375 1761 1350 1764 1350 1767 1350 1770 1350 1810 1372 1814 1372 1829 1372 2007 1344 2010 1344 2354 1357 2357 1435 2357 1447 2073 1460 2070 1460 2038 1457 1938 1444 1860 1460 1832 1466 1829 1466 1826 1466 1823 1466 1823 1463 1820 1463 1807 1450 1608 1450 1545 1469 1533 1472 1529 1472 1526 1472 1495 1469 1361 1457 1317 1475 1305 1478 1302 1478 1298 1478 1273 1475 1170 1460 1052 1482 1024 1485 1021 1485 989 1482 886 1472 871 1485 871 1488 868 1488 864 1488 861 1488 858 1488 852 1485 799 1469 752 1488"/>
                  </Shape>
                  <String CONTENT="dudit deposant pour huit deniers) et les ayant"
                          HPOS="733"
                          VPOS="1344"
                          WIDTH="1624"
                          HEIGHT="144"/>
               </TextLine>
               <TextLine ID="eSc_line_300c5b45"
                         BASELINE="752 1535 2273 1500"
                         HPOS="746"
                         VPOS="1428"
                         WIDTH="1527"
                         HEIGHT="147"
                         TAGREFS="LT118">
                  <Shape>
                     <Polygon POINTS="752 1535 749 1472 1017 1475 1055 1463 1080 1453 1083 1453 1086 1453 1089 1453 1105 1460 1130 1472 1198 1457 1223 1453 1227 1453 1230 1453 1242 1457 1295 1469 1314 1453 1323 1447 1326 1447 1330 1447 1333 1447 1414 1450 1504 1457 1545 1447 1573 1441 1576 1441 1579 1441 1629 1444 1745 1457 1773 1441 1776 1438 1779 1438 1782 1438 1785 1438 1789 1438 1792 1438 1795 1441 1823 1457 1879 1438 1882 1438 1885 1438 1889 1438 1895 1438 1985 1453 2263 1428 2273 1500 2269 1522 2135 1519 2120 1525 2088 1544 2085 1544 2082 1544 1979 1528 1948 1525 1929 1528 1860 1553 1857 1553 1854 1553 1767 1531 1745 1528 1739 1535 1704 1556 1701 1556 1698 1556 1579 1560 1576 1560 1383 1541 1351 1538 1326 1541 1164 1569 1161 1569 939 1547 921 1547 914 1547 849 1575 846 1575 843 1575 839 1575 746 1550"/>
                  </Shape>
                  <String CONTENT="fait a manger a ladite vache, elle rendit"
                          HPOS="746"
                          VPOS="1428"
                          WIDTH="1527"
                          HEIGHT="147"/>
               </TextLine>
               <TextLine ID="eSc_line_ea9b3ea2"
                         BASELINE="743 1616 1508 1594"
                         HPOS="736"
                         VPOS="1519"
                         WIDTH="772"
                         HEIGHT="153"
                         TAGREFS="LT118">
                  <Shape>
                     <Polygon POINTS="743 1616 736 1535 830 1553 858 1535 861 1535 864 1535 868 1535 877 1535 946 1547 1014 1538 1092 1525 1095 1525 1099 1525 1130 1538 1164 1553 1248 1547 1258 1541 1286 1519 1289 1519 1292 1519 1295 1519 1298 1519 1302 1519 1336 1541 1345 1547 1373 1541 1430 1528 1433 1528 1501 1544 1508 1594 1508 1609 1248 1616 1230 1634 1208 1653 1208 1656 1205 1656 1202 1656 1198 1656 1195 1656 1192 1656 1167 1638 1155 1631 1142 1641 1120 1659 1120 1662 1117 1662 1114 1662 1111 1662 971 1656 874 1650 743 1672"/>
                  </Shape>
                  <String CONTENT="tost apres son laict"
                          HPOS="736"
                          VPOS="1519"
                          WIDTH="772"
                          HEIGHT="153"/>
               </TextLine>
               <TextLine ID="eSc_line_37af5f7a"
                         BASELINE="646 1800 1854 1790 2354 1803"
                         HPOS="640"
                         VPOS="1716"
                         WIDTH="1714"
                         HEIGHT="124"
                         TAGREFS="LT118">
                  <Shape>
                     <Polygon POINTS="646 1800 640 1728 733 1737 808 1728 880 1719 883 1719 886 1719 889 1719 899 1728 917 1744 1139 1744 1161 1731 1180 1722 1183 1722 1186 1722 1248 1731 1311 1740 1345 1731 1380 1722 1383 1722 1386 1722 1436 1731 1470 1740 1489 1734 1517 1719 1520 1719 1835 1716 1839 1716 1842 1716 1910 1734 1920 1740 2098 1740 2101 1737 2126 1716 2129 1716 2132 1716 2135 1716 2138 1716 2201 1737 2204 1740 2351 1740 2354 1803 2354 1831 2070 1831 2066 1828 2063 1828 1998 1806 1957 1822 1954 1822 1951 1822 1867 1806 1845 1825 1842 1825 1839 1825 1835 1825 1832 1825 1829 1825 1829 1822 1810 1806 1701 1806 1670 1828 1661 1837 1657 1837 1654 1837 1654 1840 1611 1840 1608 1837 1604 1837 1601 1837 1592 1828 1567 1809 1277 1809 1198 1828 1164 1834 1161 1834 1158 1834 1136 1828 1083 1809 1017 1828 977 1837 974 1837 971 1837 643 1825"/>
                  </Shape>
                  <String CONTENT="Thennat maillat de Courthedoubs par serement,"
                          HPOS="640"
                          VPOS="1716"
                          WIDTH="1714"
                          HEIGHT="124"/>
               </TextLine>
               <TextLine ID="eSc_line_093756fd"
                         BASELINE="752 1878 2244 1862"
                         HPOS="743"
                         VPOS="1790"
                         WIDTH="1501"
                         HEIGHT="122"
                         TAGREFS="LT118">
                  <Shape>
                     <Polygon POINTS="752 1878 743 1834 852 1803 855 1803 858 1803 861 1803 914 1825 1036 1806 1039 1806 1161 1825 1186 1806 1189 1806 1192 1806 1342 1797 1345 1797 1348 1797 1414 1822 1704 1822 1736 1794 1739 1794 1742 1794 1745 1794 1826 1809 1970 1790 1973 1790 1976 1790 2066 1818 2238 1818 2244 1862 2241 1884 2070 1896 2066 1896 2063 1896 2048 1890 2023 1878 2004 1890 1998 1896 1995 1896 1992 1896 1804 1900 1801 1900 1798 1900 1776 1893 1720 1881 1558 1881 1448 1900 1426 1903 1423 1903 1389 1903 1189 1887 1127 1906 1124 1906 1120 1906 1117 1906 1058 1887 1036 1903 1033 1903 1030 1903 752 1912"/>
                  </Shape>
                  <String CONTENT="depose, que lan passe, ladite Catherine"
                          HPOS="743"
                          VPOS="1790"
                          WIDTH="1501"
                          HEIGHT="122"/>
               </TextLine>
               <TextLine ID="eSc_line_6737b931"
                         BASELINE="755 1974 1848 1940 2354 1940"
                         HPOS="746"
                         VPOS="1862"
                         WIDTH="1608"
                         HEIGHT="147"
                         TAGREFS="LT118">
                  <Shape>
                     <Polygon POINTS="755 1974 746 1912 783 1893 786 1893 789 1893 880 1909 883 1909 886 1909 902 1893 902 1890 905 1890 908 1890 911 1890 914 1890 980 1906 983 1906 989 1906 1111 1884 1114 1884 1220 1900 1223 1900 1273 1881 1277 1881 1280 1881 1283 1881 1336 1896 1345 1900 1348 1896 1370 1878 1373 1878 1376 1878 1380 1878 1383 1878 1442 1896 1451 1896 1461 1893 1529 1878 1533 1878 1536 1878 1645 1890 1651 1890 1670 1875 1670 1872 1673 1872 1676 1872 1679 1872 1682 1872 1732 1887 1732 1890 1829 1890 1832 1884 1854 1868 1857 1868 1860 1868 1864 1868 1945 1884 1954 1884 1960 1884 2007 1862 2010 1862 2013 1862 2017 1862 2073 1878 2348 1875 2354 1940 2351 1953 2163 1953 2157 1956 2132 1978 2129 1978 2126 1978 2123 1978 2038 1959 2010 1956 1963 1962 1879 1974 1876 1974 1873 1974 1854 1965 1842 1959 1832 1965 1804 1987 1801 1987 1798 1987 1717 1990 1714 1990 1711 1990 1673 1971 1664 1981 1664 1984 1661 1984 1657 1984 1654 1984 1551 1974 1479 1968 1439 1978 1358 1999 1355 1999 1351 1999 1217 1984 1208 1984 1205 1984 1186 2003 1183 2003 1180 2003 1086 2006 1083 2006 1080 2006 1036 1990 1014 1981 996 1990 967 2009 964 2009 961 2009 958 2009 955 2009 908 1993 877 1984 755 1996"/>
                  </Shape>
                  <String CONTENT="Annelin fust interpeller deposant de lui aller"
                          HPOS="746"
                          VPOS="1862"
                          WIDTH="1608"
                          HEIGHT="147"/>
               </TextLine>
               <TextLine ID="eSc_line_64f5d1ec"
                         BASELINE="758 2059 2241 2040"
                         HPOS="752"
                         VPOS="1962"
                         WIDTH="1489"
                         HEIGHT="131"
                         TAGREFS="LT118">
                  <Shape>
                     <Polygon POINTS="758 2059 752 2006 1011 1974 1014 1974 1198 1996 1227 1978 1230 1978 1233 1978 1236 1978 1380 1993 1401 1974 1401 1971 1405 1971 1408 1971 1411 1971 1414 1971 1417 1971 1439 1987 1458 1971 1461 1971 1464 1971 1467 1971 1470 1971 1542 1990 1595 1968 1598 1968 1601 1968 1736 1990 1801 1965 1804 1965 1807 1965 1810 1965 1857 1990 1963 1990 2010 1965 2013 1965 2163 1962 2166 1962 2170 1962 2238 1987 2241 2040 2235 2059 2101 2052 2082 2065 2079 2068 2076 2068 2073 2068 2070 2068 2066 2068 2051 2065 2007 2052 1951 2068 1910 2077 1907 2077 1904 2077 1901 2077 1898 2077 1898 2074 1889 2068 1870 2052 1748 2052 1679 2074 1654 2081 1651 2081 1651 2084 1548 2084 1545 2081 1542 2081 1539 2081 1536 2077 1504 2056 1479 2077 1476 2077 1473 2077 1470 2077 1461 2077 1273 2062 1177 2084 1161 2087 1158 2087 1155 2087 1152 2087 1120 2062 1058 2062 977 2087 974 2087 971 2087 967 2087 936 2071 758 2093"/>
                  </Shape>
                  <String CONTENT="querir une charree de gerbes, ce que ayant"
                          HPOS="752"
                          VPOS="1962"
                          WIDTH="1489"
                          HEIGHT="131"/>
               </TextLine>
               <TextLine ID="eSc_line_b0ee415c"
                         BASELINE="733 2171 1779 2137 2416 2143"
                         HPOS="721"
                         VPOS="2043"
                         WIDTH="1695"
                         HEIGHT="172"
                         TAGREFS="LT118">
                  <Shape>
                     <Polygon POINTS="733 2171 721 2109 799 2087 802 2087 805 2087 808 2087 849 2099 908 2074 911 2074 914 2074 1170 2096 1242 2071 1245 2071 1248 2071 1252 2071 1308 2090 1604 2090 1611 2090 1611 2087 1757 2062 2123 2049 2126 2049 2129 2049 2201 2074 2348 2043 2351 2043 2354 2043 2416 2071 2416 2143 2413 2168 2335 2155 2301 2171 2291 2177 2288 2177 2288 2180 2176 2180 2173 2177 2170 2177 2166 2177 2135 2155 2079 2177 2051 2190 2048 2190 2045 2190 1976 2180 1920 2174 1910 2184 1901 2190 1901 2193 1898 2193 1895 2193 1895 2196 1829 2196 1826 2193 1823 2193 1820 2193 1814 2187 1782 2162 1539 2165 1483 2196 1467 2202 1464 2202 1461 2202 1458 2202 1445 2196 1389 2171 1292 2193 1289 2193 1286 2193 1248 2180 1214 2202 1211 2202 1208 2202 1205 2202 1202 2202 1036 2177 924 2212 921 2212 917 2212 733 2215"/>
                  </Shape>
                  <String CONTENT="deposant refuse, Incontinenti lui devindrent"
                          HPOS="721"
                          VPOS="2043"
                          WIDTH="1695"
                          HEIGHT="172"/>
               </TextLine>
               <TextLine ID="eSc_line_251005b5"
                         BASELINE="743 2274 1261 2246 2285 2224"
                         HPOS="739"
                         VPOS="2152"
                         WIDTH="1546"
                         HEIGHT="156"
                         TAGREFS="LT118">
                  <Shape>
                     <Polygon POINTS="743 2274 739 2202 955 2202 999 2193 1067 2174 1070 2174 1270 2171 1273 2171 1277 2171 1320 2180 1351 2190 1364 2180 1376 2171 1376 2168 1380 2168 1383 2168 1386 2168 1451 2177 1514 2187 1592 2174 1673 2159 1676 2159 1679 2159 1704 2168 1717 2174 1742 2168 1795 2155 1798 2155 1801 2155 1804 2155 1826 2165 1851 2177 1879 2165 1904 2152 1907 2152 1910 2152 1957 2162 2010 2171 2276 2152 2285 2224 2282 2249 2207 2240 2185 2252 2163 2271 2160 2271 2157 2271 1854 2280 1851 2280 1848 2280 1845 2280 1829 2265 1810 2252 1570 2252 1495 2277 1479 2280 1476 2280 1473 2280 1470 2280 1461 2277 1433 2265 1401 2280 1370 2293 1367 2293 1364 2293 1361 2293 1326 2280 1277 2265 1239 2283 1227 2290 1223 2290 1220 2290 1167 2286 967 2271 892 2296 855 2308 852 2308 849 2308 846 2308 821 2299 799 2290 743 2299"/>
                  </Shape>
                  <String CONTENT="deux de ses chevaulx malades de sorte que"
                          HPOS="739"
                          VPOS="2152"
                          WIDTH="1546"
                          HEIGHT="156"/>
               </TextLine>
               <TextLine ID="eSc_line_9e750e87"
                         BASELINE="755 2374 2294 2321"
                         HPOS="746"
                         VPOS="2240"
                         WIDTH="1548"
                         HEIGHT="187"
                         TAGREFS="LT118">
                  <Shape>
                     <Polygon POINTS="755 2374 746 2311 839 2293 843 2293 936 2302 1017 2308 1055 2296 1108 2277 1111 2277 1114 2277 1270 2277 1273 2277 1277 2277 1286 2283 1305 2296 1339 2283 1380 2268 1383 2268 1386 2268 1389 2268 1417 2280 1451 2293 1489 2274 1492 2274 1495 2274 1498 2274 1501 2274 1504 2274 1548 2290 1614 2271 1651 2258 1654 2258 1657 2258 1695 2265 1757 2280 1832 2262 1835 2262 1839 2262 1985 2274 2020 2249 2026 2246 2029 2246 2032 2246 2035 2246 2038 2246 2048 2249 2107 2271 2185 2243 2195 2240 2198 2240 2201 2240 2288 2240 2294 2321 2294 2340 2091 2355 2023 2383 2020 2383 2017 2383 1835 2368 1761 2361 1723 2374 1661 2396 1657 2396 1498 2399 1495 2399 1492 2399 1451 2389 1389 2374 1289 2399 1255 2405 1252 2405 1223 2402 1120 2383 1086 2408 1083 2414 1080 2414 1077 2414 1074 2414 1049 2411 964 2399 942 2418 939 2418 939 2421 936 2421 933 2421 930 2421 914 2421 852 2408 755 2427"/>
                  </Shape>
                  <String CONTENT="environ huit jours apres ses deux chevaulx"
                          HPOS="746"
                          VPOS="2240"
                          WIDTH="1548"
                          HEIGHT="187"/>
               </TextLine>
               <TextLine ID="eSc_line_c60d9c21"
                         BASELINE="749 2480 2291 2411"
                         HPOS="743"
                         VPOS="2340"
                         WIDTH="1548"
                         HEIGHT="180"
                         TAGREFS="LT118">
                  <Shape>
                     <Polygon POINTS="749 2480 743 2405 946 2418 1074 2396 1077 2396 1149 2408 1214 2386 1227 2383 1230 2383 1233 2383 1270 2383 1439 2396 1533 2374 1558 2371 1561 2371 1579 2374 1648 2386 1745 2368 1792 2358 1795 2358 1873 2361 2001 2371 2101 2355 2157 2346 2160 2346 2163 2346 2166 2346 2173 2352 2182 2358 2191 2352 2204 2340 2207 2340 2210 2340 2213 2340 2288 2349 2291 2411 2291 2430 2226 2455 2223 2455 2219 2455 1954 2452 1801 2449 1748 2461 1698 2477 1695 2477 1692 2477 1573 2474 1492 2471 1473 2480 1448 2489 1445 2489 1442 2489 1408 2483 1351 2471 1208 2496 1174 2499 1170 2499 1142 2499 961 2486 892 2514 886 2514 883 2514 880 2514 871 2514 802 2502 752 2520"/>
                  </Shape>
                  <String CONTENT="morurent Et a opinion que ladite Annelin"
                          HPOS="743"
                          VPOS="2340"
                          WIDTH="1548"
                          HEIGHT="180"/>
               </TextLine>
               <TextLine ID="eSc_line_ad4ce4fd"
                         BASELINE="733 2586 836 2570 1598 2542 1985 2508"
                         HPOS="721"
                         VPOS="2452"
                         WIDTH="1267"
                         HEIGHT="178"
                         TAGREFS="LT118">
                  <Shape>
                     <Polygon POINTS="733 2586 721 2527 836 2502 839 2502 927 2517 936 2517 946 2517 1027 2492 1030 2492 1033 2492 1036 2492 1089 2508 1152 2486 1155 2486 1158 2486 1236 2505 1245 2505 1529 2496 1539 2492 1617 2471 1620 2471 1623 2471 1626 2471 1657 2486 1673 2464 1676 2464 1676 2461 1679 2461 1682 2461 1686 2461 1785 2480 1789 2480 1870 2452 1873 2452 1876 2452 1982 2474 1985 2508 1988 2539 1882 2574 1879 2574 1876 2574 1873 2574 1801 2555 1770 2545 1751 2558 1720 2580 1717 2580 1714 2580 1626 2586 1623 2586 1620 2586 1617 2586 1595 2567 1579 2555 1536 2574 1526 2577 1523 2577 1520 2577 1508 2574 1448 2561 1433 2580 1430 2580 1430 2583 1426 2583 1423 2583 1420 2583 1417 2583 1414 2583 1367 2564 1308 2586 1305 2586 1302 2586 955 2586 908 2617 908 2620 905 2620 902 2620 733 2630"/>
                  </Shape>
                  <String CONTENT="Lui a fait mourir ses chevaulx."
                          HPOS="721"
                          VPOS="2452"
                          WIDTH="1267"
                          HEIGHT="178"/>
               </TextLine>
               <TextLine ID="eSc_line_e0d9ad29"
                         BASELINE="743 2711 2313 2676"
                         HPOS="733"
                         VPOS="2586"
                         WIDTH="1580"
                         HEIGHT="162"
                         TAGREFS="LT118">
                  <Shape>
                     <Polygon POINTS="743 2711 733 2627 786 2611 789 2611 793 2611 796 2611 833 2623 877 2642 914 2623 942 2611 946 2611 949 2611 952 2611 980 2623 1014 2639 1058 2623 1061 2623 1064 2623 1070 2623 1164 2636 1183 2620 1208 2602 1211 2602 1214 2602 1314 2598 1317 2598 1573 2617 1648 2623 1692 2617 1885 2586 1889 2586 2057 2614 2063 2614 2304 2614 2313 2676 2310 2689 2213 2708 2210 2708 2116 2698 2060 2692 2007 2701 1945 2714 1942 2714 1938 2714 1913 2705 1889 2698 1739 2711 1673 2717 1670 2717 1648 2714 1570 2705 1554 2720 1545 2726 1545 2730 1542 2730 1539 2730 1451 2733 1451 2736 1308 2736 1305 2733 1302 2733 1289 2730 1236 2711 1189 2714 1174 2733 1174 2736 1170 2736 1170 2739 1167 2739 1164 2739 1161 2739 1136 2736 1030 2714 971 2714 946 2739 946 2742 942 2742 939 2742 743 2748"/>
                  </Shape>
                  <String CONTENT="Dit que de plus que lui deposant, avoit une seure"
                          HPOS="733"
                          VPOS="2586"
                          WIDTH="1580"
                          HEIGHT="162"/>
               </TextLine>
               <TextLine ID="eSc_line_253db78f"
                         BASELINE="739 2786 2298 2754"
                         HPOS="730"
                         VPOS="2686"
                         WIDTH="1568"
                         HEIGHT="143"
                         TAGREFS="LT118">
                  <Shape>
                     <Polygon POINTS="739 2786 730 2733 955 2730 964 2726 1039 2705 1042 2705 1045 2705 1124 2720 1139 2723 1149 2720 1195 2701 1198 2701 1202 2701 1283 2717 1308 2720 1364 2714 1486 2701 1489 2701 1592 2708 1632 2711 1639 2708 1661 2692 1664 2692 1667 2692 1670 2692 1673 2692 1720 2705 1742 2711 1767 2705 1804 2692 1807 2692 1810 2692 1814 2692 1835 2701 1848 2708 1879 2701 1923 2692 1926 2692 1995 2698 2035 2701 2042 2698 2054 2686 2057 2686 2060 2686 2063 2686 2291 2692 2298 2754 2298 2783 1851 2783 1823 2795 1795 2811 1792 2811 1792 2814 1673 2814 1670 2811 1667 2811 1642 2801 1601 2789 1558 2804 1520 2817 1517 2817 1514 2817 1511 2817 1473 2808 1414 2792 1317 2808 1314 2808 1311 2808 1261 2795 1105 2820 1049 2826 1045 2826 1042 2826 1024 2820 971 2804 939 2823 939 2826 936 2826 933 2826 930 2826 908 2826 805 2814 743 2829"/>
                  </Shape>
                  <String CONTENT="sont passe six ans Laquelle estant au Lovre"
                          HPOS="730"
                          VPOS="2686"
                          WIDTH="1568"
                          HEIGHT="143"/>
               </TextLine>
               <TextLine ID="eSc_line_4bc34ebf"
                         BASELINE="715 2879 1392 2851 2282 2839"
                         HPOS="705"
                         VPOS="2764"
                         WIDTH="1577"
                         HEIGHT="150"
                         TAGREFS="LT118">
                  <Shape>
                     <Polygon POINTS="715 2879 705 2820 905 2817 908 2814 946 2795 949 2795 952 2795 1027 2811 1036 2811 1042 2811 1083 2789 1086 2789 1089 2789 1092 2789 1095 2789 1095 2792 1114 2808 1114 2811 1192 2811 1217 2804 1342 2783 1345 2783 1445 2798 1470 2801 1504 2795 1601 2779 1604 2779 1695 2792 1729 2795 1757 2789 1820 2773 1823 2773 1826 2773 1926 2786 1963 2789 1973 2783 1988 2770 1988 2767 1992 2767 1995 2767 1998 2767 2066 2779 2095 2786 2113 2779 2154 2764 2157 2764 2160 2764 2276 2776 2282 2839 2279 2864 2188 2857 2141 2870 2095 2882 2091 2882 2088 2882 2085 2882 2063 2873 2035 2857 2013 2873 2001 2886 1998 2886 1995 2886 1995 2889 1932 2889 1929 2886 1926 2886 1923 2886 1913 2876 1895 2861 1864 2879 1860 2879 1857 2879 1854 2879 1845 2879 1751 2861 1698 2882 1679 2892 1676 2892 1673 2892 1670 2892 1667 2892 1657 2886 1629 2864 1604 2886 1595 2895 1592 2895 1589 2895 1586 2895 1501 2889 1258 2873 1208 2898 1198 2904 1195 2904 1192 2904 1158 2901 983 2879 936 2898 933 2898 930 2898 927 2898 905 2886 880 2907 880 2910 877 2910 874 2910 715 2914"/>
                  </Shape>
                  <String CONTENT="Le soir et assis entre ladite Annelin et sa fille"
                          HPOS="705"
                          VPOS="2764"
                          WIDTH="1577"
                          HEIGHT="150"/>
               </TextLine>
               <TextLine ID="eSc_line_e6d5491b"
                         BASELINE="743 2957 2307 2917"
                         HPOS="739"
                         VPOS="2839"
                         WIDTH="1574"
                         HEIGHT="146"
                         TAGREFS="LT118">
                  <Shape>
                     <Polygon POINTS="743 2957 739 2886 852 2895 868 2882 883 2870 883 2867 886 2867 889 2867 1036 2864 1039 2864 1130 2879 1180 2886 1198 2876 1239 2857 1242 2857 1342 2854 1345 2854 1504 2857 1508 2857 1511 2857 1511 2861 1523 2873 1529 2876 1682 2873 1689 2870 1717 2851 1720 2851 1723 2851 1726 2851 1729 2851 1776 2867 1785 2870 1938 2870 1945 2867 2020 2839 2023 2839 2026 2839 2029 2839 2088 2854 2248 2839 2251 2839 2254 2839 2304 2861 2307 2917 2313 2926 2276 2954 2273 2954 2269 2954 2266 2954 2263 2954 2201 2935 2063 2960 2060 2960 1867 2942 1845 2942 1842 2945 1829 2960 1826 2960 1826 2964 1823 2964 1820 2964 1817 2964 1814 2964 1761 2948 1748 2945 1723 2948 1583 2973 1579 2973 1495 2957 1479 2954 1473 2957 1458 2973 1455 2973 1451 2973 1302 2979 1298 2979 1295 2979 1270 2967 1258 2957 1242 2967 1227 2979 1223 2979 1220 2979 1217 2979 1170 2970 1120 2960 743 2985"/>
                  </Shape>
                  <String CONTENT="et en Riant, sa coiffe Lui tomba, laquelle"
                          HPOS="739"
                          VPOS="2839"
                          WIDTH="1574"
                          HEIGHT="146"/>
               </TextLine>
               <TextLine ID="eSc_line_40026fbc"
                         BASELINE="739 3038 1192 3023 2360 3017"
                         HPOS="736"
                         VPOS="2932"
                         WIDTH="1624"
                         HEIGHT="131"
                         TAGREFS="LT118">
                  <Shape>
                     <Polygon POINTS="739 3038 736 2960 971 2973 1005 2960 1042 2945 1045 2945 1174 2942 1177 2942 1180 2942 1183 2942 1202 2960 1205 2960 1270 2942 1273 2942 1277 2942 1280 2942 1314 2960 1333 2970 1389 2960 1479 2945 1483 2945 1486 2945 1514 2960 1529 2970 1742 2970 1748 2960 1770 2942 1770 2939 1773 2939 1776 2939 1779 2939 1782 2939 1848 2957 1910 2935 1913 2935 1917 2935 2045 2935 2048 2935 2091 2954 2110 2935 2110 2932 2113 2932 2116 2932 2120 2932 2123 2932 2185 2954 2216 2932 2219 2932 2223 2932 2226 2932 2354 2964 2360 3017 2357 3029 2263 3045 2260 3045 2182 3032 2163 3029 2154 3032 2116 3048 2113 3048 2110 3048 1998 3032 1982 3032 1976 3032 1923 3054 1920 3054 1917 3054 1814 3035 1795 3032 1782 3035 1714 3057 1711 3057 1707 3057 1461 3038 1420 3035 1414 3038 1383 3054 1380 3054 1376 3054 1373 3054 1370 3054 1370 3051 1355 3038 1248 3038 1242 3038 1192 3057 1189 3057 1186 3057 1183 3057 1180 3057 1180 3054 1164 3038 1161 3038 1105 3038 1089 3042 980 3063 977 3063 736 3042"/>
                  </Shape>
                  <String CONTENT="fust perdue Et surce quon disoit que la fille de"
                          HPOS="736"
                          VPOS="2932"
                          WIDTH="1624"
                          HEIGHT="131"/>
               </TextLine>
               <TextLine ID="eSc_line_df8e5ade"
                         BASELINE="699 3123 1239 3104 2376 3095"
                         HPOS="686"
                         VPOS="3017"
                         WIDTH="1690"
                         HEIGHT="159"
                         TAGREFS="LT118">
                  <Shape>
                     <Polygon POINTS="699 3123 686 3066 749 3045 752 3045 755 3045 871 3060 902 3063 980 3057 1117 3045 1120 3045 1124 3045 1127 3045 1136 3051 1145 3057 1152 3051 1189 3032 1192 3032 1195 3032 1298 3035 1302 3035 1323 3048 1342 3057 1364 3045 1395 3029 1398 3029 1401 3029 1405 3029 1442 3042 1473 3054 1529 3042 1539 3038 1542 3038 1545 3038 1554 3038 1617 3054 1682 3035 1717 3026 1720 3026 1723 3026 1726 3026 1754 3032 1820 3051 1929 3035 1932 3035 2045 3048 2082 3029 2085 3029 2088 3029 2091 3029 2095 3029 2113 3048 2176 3020 2179 3020 2182 3020 2366 3017 2376 3095 2376 3154 2191 3157 2188 3157 2185 3157 2057 3135 2013 3154 2010 3154 1923 3160 1913 3160 1910 3160 1907 3160 1904 3160 1885 3144 1779 3163 1770 3163 1767 3163 1764 3163 1761 3163 1676 3135 1639 3163 1639 3166 1636 3166 1632 3166 1629 3166 1626 3166 1620 3166 1526 3138 1439 3166 1436 3166 1433 3166 1426 3166 1174 3138 942 3138 861 3176 855 3176 852 3176 849 3176 846 3176 843 3176 774 3144 702 3176"/>
                  </Shape>
                  <String CONTENT="Ladite Annelin avoit ladite coiffe ladite Annelin en fust"
                          HPOS="686"
                          VPOS="3017"
                          WIDTH="1690"
                          HEIGHT="159"/>
               </TextLine>
            </TextBlock>
            <TextBlock HPOS="399"
                       VPOS="2970"
                       WIDTH="231"
                       HEIGHT="96"
                       ID="eSc_textblock_66b68639"
                       TAGREFS="BT369">
               <Shape>
                  <Polygon POINTS="399 3066 437 2970 630 3021 630 3044"/>
               </Shape>
               <TextLine ID="eSc_line_add6e94d"
                         BASELINE="418 3054 499 3042"
                         HPOS="405"
                         VPOS="2957"
                         WIDTH="94"
                         HEIGHT="122"
                         TAGREFS="LT118">
                  <Shape>
                     <Polygon POINTS="415 3051 405 2988 477 2957 496 3041 499 3066 415 3079"/>
                  </Shape>
                  <String CONTENT="NB" HPOS="405" VPOS="2957" WIDTH="94" HEIGHT="122"/>
               </TextLine>
            </TextBlock>
            <TextBlock HPOS="2304"
                       VPOS="3517"
                       WIDTH="82"
                       HEIGHT="88"
                       ID="eSc_textblock_fe40077b"
                       TAGREFS="BT371">
               <Shape>
                  <Polygon POINTS="2386 3517 2384 3605 2306 3603 2304 3519"/>
               </Shape>
               <TextLine ID="eSc_line_912ae438"
                         BASELINE="2315 3573 2367 3575"
                         HPOS="2313"
                         VPOS="3522"
                         WIDTH="53"
                         HEIGHT="184"
                         TAGREFS="LT118">
                  <Shape>
                     <Polygon POINTS="2313 3572 2313 3522 2366 3522 2366 3572 2366 3703 2313 3706"/>
                  </Shape>
                  <String CONTENT="7" HPOS="2313" VPOS="3522" WIDTH="53" HEIGHT="184"/>
               </TextLine>
            </TextBlock>
         </PrintSpace>
      </Page>
   </Layout>
</alto>
