<alto xmlns:xsi="http://www.w3.org/2001/XMLSchema-instance"
      xmlns="http://www.loc.gov/standards/alto/ns-v4#"
      xsi:schemaLocation="http://www.loc.gov/standards/alto/ns-v4# http://www.loc.gov/standards/alto/v4/alto-4-2.xsd">
   <Description>
      <MeasurementUnit>pixel</MeasurementUnit>
      <sourceImageInformation>
         <fileName>B_168_15-10-3_0004.jpg</fileName>
      </sourceImageInformation>
   </Description>
   <Tags>
      <OtherTag ID="BT365"
                LABEL="MainZone:column"
                DESCRIPTION="block type MainZone:column"/>
      <OtherTag ID="BT367" LABEL="MainZone" DESCRIPTION="block type MainZone"/>
      <OtherTag ID="BT368"
                LABEL="MarginTextZone"
                DESCRIPTION="block type MarginTextZone"/>
      <OtherTag ID="BT369"
                LABEL="MarginTextZone:note"
                DESCRIPTION="block type MarginTextZone:note"/>
      <OtherTag ID="BT370"
                LABEL="NumberingZone:other"
                DESCRIPTION="block type NumberingZone:other"/>
      <OtherTag ID="BT371"
                LABEL="NumberingZone:page"
                DESCRIPTION="block type NumberingZone:page"/>
      <OtherTag ID="BT379"
                LABEL="DecorationZone"
                DESCRIPTION="block type DecorationZone"/>
      <OtherTag ID="BT380"
                LABEL="CustomZone:signature"
                DESCRIPTION="block type CustomZone:signature"/>
      <OtherTag ID="LT118" LABEL="DefaultLine" DESCRIPTION="line type DefaultLine"/>
      <OtherTag ID="LT119" LABEL="HeadingLine" DESCRIPTION="line type HeadingLine"/>
      <OtherTag ID="LT120"
                LABEL="InterlinearLine"
                DESCRIPTION="line type InterlinearLine"/>
   </Tags>
   <Layout>
      <Page WIDTH="2754"
            HEIGHT="3743"
            PHYSICAL_IMG_NR="40"
            ID="eSc_dummypage_">
         <PrintSpace HPOS="0" VPOS="0" WIDTH="2754" HEIGHT="3743">
            <TextBlock HPOS="799"
                       VPOS="1921"
                       WIDTH="1542"
                       HEIGHT="671"
                       ID="eSc_textblock_5f15bdd3"
                       TAGREFS="BT367">
               <Shape>
                  <Polygon POINTS="1704 1946 1795 2058 2254 2071 2341 2354 2241 2492 1745 2517 1617 2567 1373 2529 1195 2592 874 2579 799 2096 849 2058 1120 2058 1124 1946 1186 1921"/>
               </Shape>
               <TextLine ID="eSc_line_798fd6c6"
                         BASELINE="1177 2030 1683 2008"
                         HPOS="1158"
                         VPOS="1890"
                         WIDTH="525"
                         HEIGHT="199"
                         TAGREFS="LT118">
                  <Shape>
                     <Polygon POINTS="1177 2030 1158 1915 1189 1893 1192 1893 1195 1893 1308 1890 1311 1890 1314 1890 1386 1927 1423 1949 1451 1930 1467 1921 1470 1921 1473 1921 1476 1921 1676 1946 1683 2008 1683 2036 1629 2036 1595 2071 1595 2074 1592 2074 1589 2074 1586 2074 1480 2061 1395 2089 1392 2089 1389 2089 1174 2055"/>
                  </Shape>
                  <String CONTENT="Reconfession"
                          HPOS="1158"
                          VPOS="1890"
                          WIDTH="525"
                          HEIGHT="199"/>
               </TextLine>
               <TextLine ID="eSc_line_ce2301d2"
                         BASELINE="836 2139 2248 2130"
                         HPOS="821"
                         VPOS="2039"
                         WIDTH="1427"
                         HEIGHT="128"
                         TAGREFS="LT118">
                  <Shape>
                     <Polygon POINTS="836 2139 821 2071 852 2052 855 2052 858 2052 861 2052 864 2052 918 2068 958 2046 961 2046 964 2046 1192 2064 1252 2046 1255 2046 1258 2046 1420 2064 1426 2064 1458 2043 1461 2043 1464 2043 1467 2043 1539 2043 1542 2043 1545 2043 1545 2046 1564 2064 1567 2064 1608 2046 1611 2046 1614 2046 1617 2046 1661 2061 1667 2064 1807 2064 1811 2061 1832 2043 1832 2039 1836 2039 1839 2039 1842 2039 1951 2058 1967 2061 1979 2058 2045 2039 2048 2039 2051 2039 2241 2058 2248 2130 2245 2145 2017 2158 2013 2158 2010 2158 1982 2152 1942 2142 1898 2152 1867 2158 1864 2158 1836 2155 1773 2142 1551 2158 1486 2161 1483 2161 1455 2158 1330 2145 1136 2164 1120 2164 1117 2164 1108 2164 958 2149 836 2167"/>
                  </Shape>
                  <String CONTENT="Des Actes Crimes et delitz de Aignelate"
                          HPOS="821"
                          VPOS="2039"
                          WIDTH="1427"
                          HEIGHT="128"/>
               </TextLine>
               <TextLine ID="eSc_line_bda90838"
                         BASELINE="836 2205 2238 2205"
                         HPOS="836"
                         VPOS="2149"
                         WIDTH="1402"
                         HEIGHT="90"
                         TAGREFS="LT118">
                  <Shape>
                     <Polygon POINTS="836 2205 836 2149 2238 2152 2238 2205 2238 2220 2160 2239 2157 2239 2088 2223 2082 2223 836 2236"/>
                  </Shape>
                  <String CONTENT="vefve de feu Thiebault fouvent de"
                          HPOS="836"
                          VPOS="2149"
                          WIDTH="1402"
                          HEIGHT="90"/>
               </TextLine>
               <TextLine ID="eSc_line_708e3668"
                         BASELINE="833 2305 2298 2286"
                         HPOS="821"
                         VPOS="2205"
                         WIDTH="1477"
                         HEIGHT="134"
                         TAGREFS="LT118">
                  <Shape>
                     <Polygon POINTS="833 2305 821 2248 886 2220 889 2220 893 2220 958 2220 961 2220 964 2220 996 2245 1061 2217 1064 2217 1067 2217 1071 2217 1127 2230 1370 2214 1373 2214 1377 2214 1380 2214 1380 2217 1401 2236 1405 2242 1467 2242 1473 2236 1492 2217 1492 2214 1495 2214 1498 2214 1501 2214 1505 2214 1548 2233 1558 2236 1573 2233 1648 2217 1651 2217 1654 2217 1701 2230 1726 2236 1761 2230 1807 2220 1811 2220 1907 2227 2001 2233 2013 2223 2038 2205 2042 2205 2045 2205 2048 2205 2107 2205 2110 2205 2113 2205 2113 2208 2129 2223 2135 2227 2145 2220 2157 2211 2160 2211 2163 2211 2166 2211 2170 2211 2173 2211 2185 2220 2198 2230 2288 2220 2298 2286 2298 2298 2029 2326 2029 2330 1882 2330 1879 2326 1876 2326 1873 2326 1851 2311 1848 2308 1842 2311 1789 2330 1786 2330 1782 2330 1651 2314 1620 2311 1611 2314 1567 2333 1564 2333 1564 2336 1489 2336 1486 2333 1483 2333 1480 2333 1480 2330 1467 2317 1464 2314 1455 2317 1414 2333 1411 2333 1408 2333 1405 2333 1401 2333 1383 2320 1370 2314 1255 2314 1248 2323 1236 2333 1236 2336 1233 2336 1230 2336 1230 2339 1117 2339 1114 2336 1111 2336 1108 2336 1108 2333 1099 2326 1092 2317 1074 2326 1042 2339 1039 2339 1036 2339 1033 2339 1030 2339 1017 2326 1008 2320 996 2326 980 2336 977 2336 974 2336 830 2330"/>
                  </Shape>
                  <String CONTENT="Bonfols Que fust condempne destre"
                          HPOS="821"
                          VPOS="2205"
                          WIDTH="1477"
                          HEIGHT="134"/>
               </TextLine>
               <TextLine ID="eSc_line_baffddc4"
                         BASELINE="868 2383 2291 2364"
                         HPOS="861"
                         VPOS="2301"
                         WIDTH="1430"
                         HEIGHT="122"
                         TAGREFS="LT118">
                  <Shape>
                     <Polygon POINTS="868 2383 861 2336 1099 2311 1102 2311 1252 2326 1267 2326 1270 2326 1289 2311 1292 2311 1295 2311 1298 2311 1492 2320 1564 2323 1570 2320 1586 2305 1589 2305 1592 2305 1595 2305 1679 2317 1714 2320 1745 2314 1811 2301 1814 2301 1817 2301 1820 2301 1839 2314 1848 2317 2282 2305 2291 2364 2291 2398 2188 2407 2185 2407 2182 2407 2179 2407 2179 2404 2173 2401 2151 2383 2067 2383 1967 2389 1951 2404 1948 2407 1948 2411 1945 2411 1942 2411 1757 2414 1754 2414 1751 2414 1736 2411 1676 2389 1645 2411 1642 2411 1639 2411 1514 2417 1511 2417 1508 2417 1505 2417 1505 2414 1501 2414 1480 2392 1339 2407 1336 2407 1111 2395 1055 2420 1052 2420 1049 2420 1046 2420 980 2404 868 2423"/>
                  </Shape>
                  <String CONTENT="executee par le feug. Mais par grace fust"
                          HPOS="861"
                          VPOS="2301"
                          WIDTH="1430"
                          HEIGHT="122"/>
               </TextLine>
               <TextLine ID="eSc_line_8663fd0e"
                         BASELINE="868 2464 2226 2457"
                         HPOS="858"
                         VPOS="2386"
                         WIDTH="1368"
                         HEIGHT="153"
                         TAGREFS="LT118">
                  <Shape>
                     <Polygon POINTS="868 2464 858 2417 902 2398 905 2398 908 2398 1099 2411 1133 2395 1136 2395 1139 2395 1142 2395 1145 2395 1167 2414 1298 2414 1370 2392 1373 2392 1377 2392 1380 2392 1383 2392 1383 2395 1395 2404 1408 2392 1408 2389 1411 2389 1414 2389 1417 2389 1592 2407 1645 2386 1648 2386 1651 2386 1701 2386 1704 2386 1707 2386 1707 2389 1729 2407 1814 2386 1817 2386 1820 2386 1823 2386 1826 2386 1860 2407 1942 2386 1945 2386 1948 2386 2160 2386 2163 2386 2223 2411 2226 2457 2226 2473 2054 2492 2023 2520 2020 2520 2017 2520 2013 2520 1920 2510 1857 2535 1854 2535 1451 2539 1448 2539 1445 2539 1370 2498 1336 2482 1170 2482 1120 2507 1105 2514 1102 2514 1099 2514 1095 2514 1092 2514 1092 2510 1086 2507 1067 2489 1036 2504 1033 2504 1030 2504 1027 2504 1024 2504 992 2482 921 2482 874 2514"/>
                  </Shape>
                  <String CONTENT="decapitee et dela son corps jecte"
                          HPOS="858"
                          VPOS="2386"
                          WIDTH="1368"
                          HEIGHT="153"/>
               </TextLine>
               <TextLine ID="eSc_line_0ea9c14c"
                         BASELINE="864 2557 1221 2555"
                         HPOS="855"
                         VPOS="2485"
                         WIDTH="365"
                         HEIGHT="125"
                         TAGREFS="LT118">
                  <Shape>
                     <Polygon POINTS="861 2554 855 2507 911 2485 914 2485 918 2485 921 2485 961 2504 1027 2485 1030 2485 1033 2485 1220 2507 1220 2554 1220 2610 1114 2610 1111 2607 1108 2607 1105 2607 1089 2595 1061 2573 1033 2588 1027 2592 1024 2592 1021 2592 1017 2592 1008 2585 980 2570 967 2582 958 2588 958 2592 955 2592 952 2592 949 2592 858 2570"/>
                  </Shape>
                  <String CONTENT="au feug."
                          HPOS="855"
                          VPOS="2485"
                          WIDTH="365"
                          HEIGHT="125"/>
               </TextLine>
            </TextBlock>
            <TextBlock HPOS="2353"
                       VPOS="3421"
                       WIDTH="108"
                       HEIGHT="112"
                       ID="eSc_textblock_0be80759"
                       TAGREFS="BT371">
               <Shape>
                  <Polygon POINTS="2353 3421 2353 3533 2461 3533 2461 3421"/>
               </Shape>
               <TextLine ID="eSc_line_2e13e4cb"
                         BASELINE="2377 3507 2439 3507"
                         HPOS="2373"
                         VPOS="3424"
                         WIDTH="65"
                         HEIGHT="113"
                         TAGREFS="LT118">
                  <Shape>
                     <Polygon POINTS="2376 3505 2373 3431 2435 3424 2438 3505 2438 3530 2376 3537"/>
                  </Shape>
                  <String CONTENT="4" HPOS="2373" VPOS="3424" WIDTH="65" HEIGHT="113"/>
               </TextLine>
            </TextBlock>
         </PrintSpace>
      </Page>
   </Layout>
</alto>
