<alto xmlns:xsi="http://www.w3.org/2001/XMLSchema-instance"
      xmlns="http://www.loc.gov/standards/alto/ns-v4#"
      xsi:schemaLocation="http://www.loc.gov/standards/alto/ns-v4# http://www.loc.gov/standards/alto/v4/alto-4-2.xsd">
   <Description>
      <MeasurementUnit>pixel</MeasurementUnit>
      <sourceImageInformation>
         <fileName>B_168_15-9-2_0001.jpg</fileName>
      </sourceImageInformation>
   </Description>
   <Tags>
      <OtherTag ID="BT365"
                LABEL="MainZone:column"
                DESCRIPTION="block type MainZone:column"/>
      <OtherTag ID="BT367" LABEL="MainZone" DESCRIPTION="block type MainZone"/>
      <OtherTag ID="BT368"
                LABEL="MarginTextZone"
                DESCRIPTION="block type MarginTextZone"/>
      <OtherTag ID="BT369"
                LABEL="MarginTextZone:note"
                DESCRIPTION="block type MarginTextZone:note"/>
      <OtherTag ID="BT370"
                LABEL="NumberingZone:other"
                DESCRIPTION="block type NumberingZone:other"/>
      <OtherTag ID="BT371"
                LABEL="NumberingZone:page"
                DESCRIPTION="block type NumberingZone:page"/>
      <OtherTag ID="BT379"
                LABEL="DecorationZone"
                DESCRIPTION="block type DecorationZone"/>
      <OtherTag ID="BT380"
                LABEL="CustomZone:signature"
                DESCRIPTION="block type CustomZone:signature"/>
      <OtherTag ID="LT118" LABEL="DefaultLine" DESCRIPTION="line type DefaultLine"/>
      <OtherTag ID="LT119" LABEL="HeadingLine" DESCRIPTION="line type HeadingLine"/>
      <OtherTag ID="LT120"
                LABEL="InterlinearLine"
                DESCRIPTION="line type InterlinearLine"/>
   </Tags>
   <Layout>
      <Page WIDTH="2754"
            HEIGHT="3743"
            PHYSICAL_IMG_NR="22"
            ID="eSc_dummypage_">
         <PrintSpace HPOS="0" VPOS="0" WIDTH="2754" HEIGHT="3743">
            <TextBlock HPOS="368"
                       VPOS="403"
                       WIDTH="351"
                       HEIGHT="262"
                       ID="eSc_textblock_8e84b95d"
                       TAGREFS="BT370">
               <Shape>
                  <Polygon POINTS="368 403 368 665 719 665 719 403"/>
               </Shape>
               <TextLine ID="eSc_line_394f1218"
                         BASELINE="425 609 694 617"
                         HPOS="415"
                         VPOS="402"
                         WIDTH="278"
                         HEIGHT="362"
                         TAGREFS="LT118">
                  <Shape>
                     <Polygon POINTS="424 608 421 411 690 402 693 614 690 667 624 667 555 714 483 764 480 764 477 764 474 764 415 761"/>
                  </Shape>
                  <String CONTENT="73" HPOS="415" VPOS="402" WIDTH="278" HEIGHT="362"/>
               </TextLine>
            </TextBlock>
            <TextBlock HPOS="1569"
                       VPOS="122"
                       WIDTH="676"
                       HEIGHT="112"
                       ID="eSc_textblock_beaf8204"
                       TAGREFS="BT369">
               <Shape>
                  <Polygon POINTS="1569 122 1569 234 2245 234 2245 122"/>
               </Shape>
               <TextLine ID="eSc_line_cbd9ed10"
                         BASELINE="1608 199 2026 184 2207 221"
                         HPOS="1601"
                         VPOS="99"
                         WIDTH="606"
                         HEIGHT="138"
                         TAGREFS="LT118">
                  <Shape>
                     <Polygon POINTS="1608 199 1601 118 1676 99 1679 99 1764 112 1795 115 2204 99 2207 221 2204 237 2073 237 2070 233 2067 233 2063 233 1998 199 1848 199 1751 230 1736 233 1732 233 1729 233 1726 233 1707 227 1639 208 1611 227"/>
                  </Shape>
                  <String CONTENT="1609.15.Augusti"
                          HPOS="1601"
                          VPOS="99"
                          WIDTH="606"
                          HEIGHT="138"/>
               </TextLine>
            </TextBlock>
            <TextBlock HPOS="299"
                       VPOS="112"
                       WIDTH="2230"
                       HEIGHT="3178"
                       ID="eSc_textblock_0b700dd3"
                       TAGREFS="BT367">
               <Shape>
                  <Polygon POINTS="1948 231 2053 265 2166 333 2329 511 2404 723 2416 1269 2529 1347 2529 1431 2404 1547 2466 1846 2404 2105 2504 2370 2454 3141 1907 3141 1380 3290 774 3240 736 2220 686 2192 749 1955 711 1247 761 436 658 358 324 346 299 162 437 112 1145 124 1311 187 1542 174 1607 230"/>
               </Shape>
               <TextLine ID="eSc_line_0eb4a5b4"
                         TAGREFS="LT119"
                         BASELINE="315 193 1139 184"
                         HPOS="306"
                         VPOS="109"
                         WIDTH="833"
                         HEIGHT="118">
                  <Shape>
                     <Polygon POINTS="315 193 306 134 343 118 346 118 349 118 352 118 399 134 415 137 430 134 490 115 493 115 496 115 499 115 502 115 502 118 518 134 521 137 711 137 718 134 746 112 749 112 752 112 755 112 846 134 855 134 861 134 921 109 924 109 927 109 1133 134 1139 184 1139 218 1033 221 1030 221 1027 221 1024 221 971 199 930 218 927 218 924 218 921 218 918 218 899 202 736 221 733 221 730 221 727 221 705 205 512 205 452 227 449 227 446 227 443 227 440 227 437 227 393 212 315 227"/>
                  </Shape>
                  <String CONTENT="Informations levees contre"
                          HPOS="306"
                          VPOS="109"
                          WIDTH="833"
                          HEIGHT="118"/>
               </TextLine>
               <TextLine ID="eSc_line_aceda019"
                         TAGREFS="LT119"
                         BASELINE="321 265 811 246 1099 252"
                         HPOS="315"
                         VPOS="180"
                         WIDTH="784"
                         HEIGHT="119">
                  <Shape>
                     <Polygon POINTS="321 265 315 218 533 190 537 190 540 190 583 208 624 187 627 187 630 187 721 205 724 205 861 180 864 180 1095 199 1099 252 1095 280 1039 286 1036 286 1033 286 1030 286 1027 280 999 258 958 274 955 274 952 274 949 274 946 274 924 258 736 258 699 280 668 296 665 296 593 299 590 299 587 299 530 280 499 268 483 280 455 299 452 299 449 299 446 299 443 299 390 280 368 271 321 277"/>
                  </Shape>
                  <String CONTENT="Agatte femme de henri"
                          HPOS="315"
                          VPOS="180"
                          WIDTH="784"
                          HEIGHT="119"/>
               </TextLine>
               <TextLine ID="eSc_line_8f68f7e6"
                         TAGREFS="LT119"
                         BASELINE="324 324 1067 299"
                         HPOS="321"
                         VPOS="237"
                         WIDTH="746"
                         HEIGHT="156">
                  <Shape>
                     <Polygon POINTS="324 324 321 255 409 268 493 249 502 249 505 249 515 249 593 262 615 246 618 243 621 243 624 243 627 243 630 243 636 246 665 258 693 246 705 240 708 240 1058 237 1067 299 1067 364 980 374 977 374 974 374 971 374 967 371 902 321 699 324 677 346 674 346 671 346 668 346 665 346 618 330 549 386 546 389 543 389 540 389 324 393"/>
                  </Shape>
                  <String CONTENT="Vouelin de Beurnevesain"
                          HPOS="321"
                          VPOS="237"
                          WIDTH="746"
                          HEIGHT="156"/>
               </TextLine>
               <TextLine ID="eSc_line_781a8246"
                         TAGREFS="LT119"
                         BASELINE="1139 255 1907 274"
                         HPOS="1133"
                         VPOS="177"
                         WIDTH="774"
                         HEIGHT="150">
                  <Shape>
                     <Polygon POINTS="1139 255 1136 199 1261 177 1264 177 1442 205 1501 184 1505 184 1508 184 1645 212 1651 212 1654 212 1798 193 1801 193 1804 193 1807 193 1807 196 1832 218 1907 221 1907 274 1907 293 1842 327 1839 327 1836 327 1832 327 1767 299 1732 296 1683 293 1670 299 1639 321 1636 321 1633 321 1629 321 1508 302 1392 283 1348 302 1345 302 1342 302 1339 302 1280 283 1239 308 1236 311 1233 311 1230 311 1227 311 1133 308"/>
                  </Shape>
                  <String CONTENT="Du 15 daougst 1609"
                          HPOS="1133"
                          VPOS="177"
                          WIDTH="774"
                          HEIGHT="150"/>
               </TextLine>
               <TextLine ID="eSc_line_e582a622"
                         BASELINE="783 430 2201 424"
                         HPOS="777"
                         VPOS="349"
                         WIDTH="1427"
                         HEIGHT="118"
                         TAGREFS="LT118">
                  <Shape>
                     <Polygon POINTS="783 430 777 361 908 352 911 352 914 352 952 361 996 374 1008 364 1017 355 1021 355 1024 355 1027 355 1030 355 1033 355 1046 364 1074 383 1248 383 1277 368 1298 355 1302 355 1305 355 1361 368 1411 380 1439 368 1486 349 1489 349 1492 349 1633 349 1636 349 1679 371 1686 377 1695 374 1720 355 1723 355 1726 355 1729 355 1814 374 1832 380 2032 380 2038 377 2113 355 2117 355 2120 355 2123 355 2198 380 2201 424 2204 442 2179 461 2176 461 2173 461 2170 461 1954 446 1926 446 1901 449 1795 461 1792 461 1789 461 1786 461 1773 449 1764 442 1742 452 1717 458 1714 458 1711 458 1707 458 1704 458 1704 455 1698 452 1689 439 1386 436 1305 458 1302 458 1298 458 1295 458 1186 436 1120 458 1117 458 1114 458 1111 458 1108 458 1108 455 1089 436 1049 455 1046 455 1042 455 946 436 783 467"/>
                  </Shape>
                  <String CONTENT="Henneman Lacovatte de Beurnevesain"
                          HPOS="777"
                          VPOS="349"
                          WIDTH="1427"
                          HEIGHT="118"/>
               </TextLine>
               <TextLine ID="eSc_line_d96e5a3e"
                         BASELINE="780 511 2288 520"
                         HPOS="774"
                         VPOS="446"
                         WIDTH="1514"
                         HEIGHT="106"
                         TAGREFS="LT118">
                  <Shape>
                     <Polygon POINTS="780 511 777 464 1280 446 1283 446 1414 449 1417 449 1420 449 1420 452 1436 464 1439 467 1445 464 1492 449 1495 449 1498 449 1717 449 1720 449 1773 464 1795 470 1829 464 1904 452 1907 452 1910 452 1935 464 1951 474 2026 474 2035 464 2051 452 2054 452 2057 452 2060 452 2063 452 2117 464 2138 470 2282 467 2288 520 2282 552 2063 530 1989 548 1976 552 1973 552 1970 552 1967 552 1954 548 1907 536 1851 545 1823 552 1820 552 1817 552 1795 545 1717 527 1536 527 1473 542 1439 548 1436 548 1380 539 1277 524 1114 536 989 545 986 545 983 545 980 545 980 542 967 533 955 524 914 533 858 545 855 545 774 530"/>
                  </Shape>
                  <String CONTENT="par serement depose Que sont environ"
                          HPOS="774"
                          VPOS="446"
                          WIDTH="1514"
                          HEIGHT="106"/>
               </TextLine>
               <TextLine ID="eSc_line_31928e30"
                         BASELINE="789 614 2310 595"
                         HPOS="789"
                         VPOS="524"
                         WIDTH="1521"
                         HEIGHT="131"
                         TAGREFS="LT118">
                  <Shape>
                     <Polygon POINTS="789 614 789 539 833 558 861 539 864 536 868 536 871 536 874 536 905 539 1024 555 1049 539 1055 533 1058 533 1061 533 1064 533 1120 539 1252 558 1273 539 1283 533 1283 530 1286 530 1289 530 1292 530 1348 530 1352 530 1355 530 1355 533 1364 539 1380 555 1417 542 1448 530 1451 530 1455 530 1458 530 1495 542 1539 555 1564 542 1586 527 1589 527 1592 527 1595 527 1598 527 1601 527 1623 542 1645 552 1836 552 1857 542 1910 524 1914 524 1917 524 2042 542 2067 545 2301 545 2310 595 2304 620 2017 611 1932 626 1929 626 1926 626 1923 626 1895 608 1870 630 1867 630 1864 630 1860 630 1795 620 1776 633 1764 645 1761 645 1757 645 1757 648 1683 648 1679 645 1676 645 1658 636 1617 614 1526 639 1489 648 1486 648 1483 648 1480 648 1476 648 1476 645 1470 639 1455 623 1348 614 1286 620 1261 645 1255 648 1255 651 1252 651 1248 651 1248 655 1124 655 1120 651 1117 651 1114 651 1111 648 1064 617 992 639 989 639 986 639 983 639 949 620 921 645 918 645 914 645 911 645 908 645 858 620 793 655"/>
                  </Shape>
                  <String CONTENT="Seize ans quil servoit aupres du voueble"
                          HPOS="789"
                          VPOS="524"
                          WIDTH="1521"
                          HEIGHT="131"/>
               </TextLine>
               <TextLine ID="eSc_line_625c832b"
                         BASELINE="774 692 2323 704"
                         HPOS="771"
                         VPOS="617"
                         WIDTH="1558"
                         HEIGHT="128"
                         TAGREFS="LT118">
                  <Shape>
                     <Polygon POINTS="774 692 771 642 902 620 905 620 908 620 911 620 936 639 1033 623 1036 623 1108 639 1152 617 1155 617 1158 617 1161 617 1230 642 1327 623 1330 623 1333 623 1398 639 1430 620 1433 620 1436 620 1439 620 1442 620 1508 639 1604 623 1608 623 1611 623 1614 623 1614 626 1639 645 1639 648 1811 648 1811 645 1839 623 1842 623 1845 623 1848 623 1851 623 1929 648 1935 648 1939 648 1985 626 1989 626 1992 626 2160 626 2163 626 2166 626 2166 630 2188 648 2295 630 2298 630 2301 630 2304 630 2329 648 2323 704 2323 717 2266 742 2263 742 2263 745 2173 745 2170 742 2166 742 2163 742 2132 717 2129 717 2067 742 2063 742 2060 742 2057 742 2054 742 2020 720 2007 711 1929 711 1789 711 1782 720 1764 736 1764 739 1761 739 1757 739 1754 739 1751 739 1683 720 1642 711 1554 711 1542 720 1526 733 1526 736 1523 736 1520 736 1517 736 1514 736 1458 720 1405 708 1348 723 1298 736 1295 736 1292 736 1105 733 1102 733 1099 733 1099 729 1089 723 1071 704 771 723"/>
                  </Shape>
                  <String CONTENT="dudit lieu Et estant alle requerir les chevaulx"
                          HPOS="771"
                          VPOS="617"
                          WIDTH="1558"
                          HEIGHT="128"/>
               </TextLine>
               <TextLine ID="eSc_line_57d1764c"
                         BASELINE="771 782 2388 789"
                         HPOS="765"
                         VPOS="708"
                         WIDTH="1623"
                         HEIGHT="134"
                         TAGREFS="LT118">
                  <Shape>
                     <Polygon POINTS="771 782 771 733 805 733 808 729 830 711 830 708 833 708 836 708 839 708 1036 708 1189 726 1255 733 1267 723 1292 708 1295 708 1298 708 1302 708 1305 708 1364 723 1401 733 1439 723 1489 708 1492 708 1495 708 1498 708 1536 720 1583 736 1651 720 1654 720 1658 720 1661 720 1664 720 1686 736 1798 720 1801 720 1804 720 1807 720 1826 733 1860 717 1867 714 1870 714 1873 714 1876 714 1879 714 1879 717 1907 736 1979 717 1982 717 1985 717 1989 717 2060 739 2166 739 2185 720 2185 717 2188 717 2191 717 2195 717 2298 736 2326 714 2326 711 2329 711 2332 711 2335 711 2388 711 2388 789 2382 804 2316 804 2310 804 2223 839 2220 839 2216 839 2213 839 2210 839 2160 804 2110 839 2107 839 2104 839 2104 842 2004 842 2001 839 1998 839 1995 839 1954 810 1895 839 1892 839 1892 842 1767 842 1764 839 1761 839 1689 801 1676 801 1573 804 1536 835 1533 835 1530 835 1530 839 1389 839 1386 835 1383 835 1380 835 1333 798 1330 798 1180 798 1033 798 977 835 974 835 971 835 967 835 964 835 961 835 961 832 927 798 905 810 902 810 899 810 765 792"/>
                  </Shape>
                  <String CONTENT="de son maitre ainsy quil les chassoit par aupres"
                          HPOS="765"
                          VPOS="708"
                          WIDTH="1623"
                          HEIGHT="134"/>
               </TextLine>
               <TextLine ID="eSc_line_05bf49d6"
                         BASELINE="743 873 2351 888"
                         HPOS="736"
                         VPOS="798"
                         WIDTH="1615"
                         HEIGHT="122"
                         TAGREFS="LT118">
                  <Shape>
                     <Polygon POINTS="743 873 736 826 811 798 814 798 818 798 949 798 952 798 955 798 980 820 1005 807 1008 807 1011 807 1014 807 1064 826 1067 826 1130 801 1133 801 1136 801 1139 801 1205 826 1252 801 1255 801 1258 801 1261 801 1264 801 1264 804 1292 826 1373 804 1377 804 1380 804 1383 804 1386 804 1386 807 1405 829 1408 832 1514 832 1520 829 1570 807 1573 807 1576 807 1579 807 1629 829 1633 829 1642 829 1739 810 1742 810 1745 810 1748 810 1773 829 1779 832 1804 829 1926 810 1929 810 1932 810 1935 810 1964 829 1970 835 2067 835 2079 829 2120 810 2123 810 2126 810 2129 810 2176 829 2188 835 2198 829 2245 810 2248 810 2251 810 2348 832 2351 888 2348 895 2201 920 2198 920 2010 895 1970 917 1967 917 1964 917 1720 895 1598 917 1598 920 1389 920 1386 917 1383 917 1308 892 986 910 983 910 980 910 977 910 977 907 952 885 740 882"/>
                  </Shape>
                  <String CONTENT="du vergier de Aug henri vouelin. Agatte"
                          HPOS="736"
                          VPOS="798"
                          WIDTH="1615"
                          HEIGHT="122"/>
               </TextLine>
               <TextLine ID="eSc_line_373f9812"
                         BASELINE="780 970 2338 995"
                         HPOS="774"
                         VPOS="888"
                         WIDTH="1564"
                         HEIGHT="138"
                         TAGREFS="LT118">
                  <Shape>
                     <Polygon POINTS="780 970 780 917 849 917 849 913 883 888 886 888 889 888 893 888 896 888 964 913 983 920 1033 913 1139 901 1142 901 1145 901 1195 913 1233 923 1245 913 1258 904 1261 904 1264 904 1267 904 1270 904 1289 913 1311 923 1445 913 1483 910 1486 910 1501 913 1576 929 1623 910 1645 904 1648 904 1651 904 1654 904 1658 904 1658 907 1664 910 1683 929 1789 917 1792 917 1795 917 1848 932 1885 910 1889 907 1892 907 1895 907 1898 907 1901 907 1904 907 1907 910 1948 935 1979 910 1982 907 1985 907 1989 907 1992 907 2335 910 2338 995 2332 1019 2082 1001 2029 1013 1979 1026 1976 1026 1973 1026 1970 1026 1967 1026 1948 1010 1929 998 1864 1007 1776 1023 1773 1023 1770 1023 1707 1004 1683 998 1676 1004 1654 1019 1651 1019 1648 1019 1645 1019 1551 1004 1405 1016 1401 1016 1398 1016 1355 998 1273 1013 1270 1013 1267 1013 1264 1013 1264 1010 1245 991 1239 985 1167 985 1158 988 1114 1010 1111 1010 1108 1010 1105 1010 1102 1010 1102 1007 1083 988 1071 998 1071 1001 1067 1001 1064 1001 1061 1001 974 985 955 982 939 985 843 1004 839 1004 836 1004 774 979"/>
                  </Shape>
                  <String CONTENT="femme dicelui dit estant au dessus dudit"
                          HPOS="774"
                          VPOS="888"
                          WIDTH="1564"
                          HEIGHT="138"/>
               </TextLine>
               <TextLine ID="eSc_line_7f9c8951"
                         BASELINE="736 1063 2366 1094"
                         HPOS="730"
                         VPOS="985"
                         WIDTH="1636"
                         HEIGHT="172"
                         TAGREFS="LT118">
                  <Shape>
                     <Polygon POINTS="736 1063 730 1010 818 985 821 985 824 985 827 985 877 1007 986 998 989 998 992 998 1042 1010 1071 1019 1155 1019 1161 1010 1183 995 1183 991 1186 991 1189 991 1192 991 1195 991 1199 991 1224 1010 1236 1019 1273 1010 1327 1001 1330 1001 1333 1001 1367 1013 1401 1023 1414 1013 1433 998 1436 998 1439 998 1442 998 1551 998 1554 998 1558 998 1583 1013 1598 1023 1629 1013 1670 1001 1673 1001 1676 1001 1679 1001 1714 1013 1754 1029 1801 1013 1836 1004 1839 1004 1842 1004 1845 1004 1848 1004 1860 1013 1885 1035 1942 1035 1964 1013 1967 1013 1967 1010 1970 1010 1973 1010 1976 1010 1979 1010 1995 1016 2060 1035 2126 1016 2145 1010 2148 1010 2151 1010 2285 1013 2288 1013 2295 1016 2326 1035 2357 1016 2366 1094 2360 1119 2185 1119 2148 1150 2148 1154 2145 1154 2142 1154 2142 1157 2082 1157 2079 1154 2076 1154 2073 1154 2038 1132 2010 1141 2007 1141 2004 1141 2001 1141 1998 1141 1998 1138 1973 1116 1817 1144 1814 1144 1811 1144 1807 1144 1751 1110 1679 1110 1601 1144 1598 1144 1595 1144 1355 1107 1314 1138 1311 1138 1308 1138 1308 1141 1227 1141 1224 1138 1220 1138 1174 1122 1102 1135 1099 1135 1095 1135 1092 1135 1092 1132 1067 1113 905 1132 902 1132 730 1088"/>
                  </Shape>
                  <String CONTENT="vergier ainsy que lesdits chevaulx passoyent"
                          HPOS="730"
                          VPOS="985"
                          WIDTH="1636"
                          HEIGHT="172"/>
               </TextLine>
               <TextLine ID="eSc_line_1070eedc"
                         BASELINE="786 1185 2363 1197"
                         HPOS="780"
                         VPOS="1113"
                         WIDTH="1586"
                         HEIGHT="122"
                         TAGREFS="LT118">
                  <Shape>
                     <Polygon POINTS="786 1185 780 1135 861 1113 864 1113 868 1113 871 1113 911 1135 914 1135 918 1135 983 1113 986 1113 989 1113 1152 1113 1155 1113 1220 1135 1245 1116 1248 1116 1252 1116 1255 1116 1258 1116 1261 1116 1286 1135 1292 1141 1508 1141 1511 1135 1536 1116 1539 1116 1542 1116 1545 1116 1645 1119 1648 1119 1651 1119 1651 1122 1670 1138 1676 1144 1736 1144 1742 1138 1761 1122 1761 1119 1764 1119 1767 1119 1770 1119 1901 1119 1904 1119 1951 1138 1970 1147 2301 1147 2310 1138 2332 1122 2335 1122 2338 1122 2341 1122 2344 1122 2348 1122 2366 1138 2363 1197 2366 1210 2341 1232 2338 1232 2335 1232 2335 1235 2254 1235 2251 1232 2248 1232 2207 1210 2204 1207 2198 1210 2173 1225 2170 1225 2166 1225 2163 1225 2029 1210 1951 1203 1654 1203 1608 1213 1558 1225 1554 1225 1492 1216 1411 1200 1367 1216 1342 1225 1339 1225 1336 1225 1258 1216 1161 1207 783 1219"/>
                  </Shape>
                  <String CONTENT="se baissat puis jeta de la main"
                          HPOS="780"
                          VPOS="1113"
                          WIDTH="1586"
                          HEIGHT="122"/>
               </TextLine>
               <TextLine ID="eSc_line_6ea9684c"
                         BASELINE="749 1306 2391 1291"
                         HPOS="740"
                         VPOS="1210"
                         WIDTH="1658"
                         HEIGHT="134"
                         TAGREFS="LT118">
                  <Shape>
                     <Polygon POINTS="749 1306 740 1253 833 1222 836 1222 839 1222 1061 1247 1080 1232 1083 1232 1086 1232 1089 1232 1183 1238 1205 1219 1208 1219 1211 1219 1214 1219 1217 1219 1305 1244 1330 1222 1330 1219 1333 1219 1336 1219 1339 1219 1439 1241 1470 1216 1473 1216 1476 1216 1480 1216 1579 1216 1583 1216 1586 1216 1629 1244 1695 1244 1736 1213 1739 1213 1742 1213 1745 1213 1960 1213 1964 1213 2054 1238 2126 1210 2129 1210 2132 1210 2135 1210 2185 1238 2385 1238 2391 1291 2398 1300 2366 1319 2363 1319 2360 1319 2357 1319 2245 1303 2238 1303 2235 1303 2191 1325 2188 1325 2185 1325 2082 1310 2048 1335 2045 1335 2042 1335 2038 1335 2035 1335 1992 1310 1951 1335 1948 1335 1945 1335 1942 1335 1939 1335 1882 1310 1870 1306 1736 1306 1651 1316 1536 1328 1533 1328 1480 1319 1442 1313 1426 1319 1389 1341 1386 1341 1386 1344 1095 1344 1092 1341 1089 1341 1055 1328 1036 1322 1011 1328 980 1338 977 1338 974 1338 971 1338 955 1331 933 1319 808 1331 805 1331 802 1331 799 1331 780 1316 755 1335"/>
                  </Shape>
                  <String CONTENT="contre lesdits chevaux mais deposant ne"
                          HPOS="740"
                          VPOS="1210"
                          WIDTH="1658"
                          HEIGHT="134"/>
               </TextLine>
               <TextLine ID="eSc_line_c5c99349"
                         BASELINE="761 1409 2513 1394"
                         HPOS="752"
                         VPOS="1316"
                         WIDTH="1761"
                         HEIGHT="134"
                         TAGREFS="LT118">
                  <Shape>
                     <Polygon POINTS="761 1409 752 1347 796 1328 799 1328 802 1328 805 1328 855 1347 861 1347 871 1347 952 1328 955 1328 958 1328 1014 1344 1027 1347 1067 1344 1220 1331 1224 1331 1330 1344 1345 1344 1348 1344 1373 1325 1377 1325 1380 1325 1383 1325 1386 1325 1448 1344 1458 1344 1461 1341 1486 1322 1489 1322 1492 1322 1495 1322 1498 1322 1551 1341 1604 1322 1608 1322 1611 1322 1726 1341 1732 1341 1739 1341 1832 1319 1836 1319 2067 1338 2070 1338 2073 1338 2157 1316 2160 1316 2163 1316 2507 1338 2513 1394 2510 1416 2391 1412 2382 1419 2363 1431 2360 1431 2357 1431 2354 1431 2351 1431 2301 1419 2291 1416 2288 1419 2257 1437 2254 1437 2251 1437 2123 1441 2120 1441 2117 1441 2048 1419 2023 1412 1985 1419 1867 1441 1864 1441 1860 1441 1857 1441 1832 1419 1823 1416 1779 1416 1767 1419 1723 1444 1720 1444 1717 1444 1714 1444 1639 1425 1561 1444 1558 1444 1554 1444 1551 1444 1548 1444 1517 1422 1514 1416 1508 1422 1486 1437 1483 1437 1480 1437 1364 1447 1361 1447 1358 1447 1355 1447 1336 1431 1317 1447 1314 1447 1311 1447 1308 1447 1305 1447 1236 1422 1224 1419 1205 1422 1058 1450 1055 1450 1052 1450 1049 1450 1008 1422 1005 1422 946 1444 942 1444 939 1444 936 1444 933 1444 933 1441 914 1422 911 1422 761 1422"/>
                  </Shape>
                  <String CONTENT="veit point ce que sestoit. Et tout Instanment"
                          HPOS="752"
                          VPOS="1316"
                          WIDTH="1761"
                          HEIGHT="134"/>
               </TextLine>
               <TextLine ID="eSc_line_02c0ef04"
                         BASELINE="743 1528 1860 1506 2376 1512"
                         HPOS="736"
                         VPOS="1422"
                         WIDTH="1640"
                         HEIGHT="134"
                         TAGREFS="LT118">
                  <Shape>
                     <Polygon POINTS="743 1528 736 1472 818 1472 821 1469 874 1441 877 1441 880 1441 883 1441 942 1466 986 1447 989 1447 992 1447 996 1447 1058 1466 1092 1437 1095 1437 1099 1437 1177 1434 1180 1434 1183 1434 1220 1450 1283 1434 1286 1434 1289 1434 1292 1434 1389 1462 1392 1462 1423 1434 1423 1431 1426 1431 1430 1431 1433 1431 1558 1459 1561 1459 1620 1428 1623 1428 1626 1428 1629 1428 1679 1444 1751 1428 1754 1428 1757 1428 1761 1428 1761 1431 1786 1450 1811 1428 1814 1428 1817 1428 1820 1428 1823 1428 1873 1456 1944 1427 2057 1435 2063 1453 2092 1425 2092 1422 2095 1422 2098 1422 2101 1422 2104 1422 2160 1453 2170 1453 2216 1453 2220 1450 2260 1422 2263 1422 2266 1422 2270 1422 2273 1422 2376 1450 2376 1512 2369 1531 2060 1519 1979 1537 1976 1537 1973 1537 1882 1519 1857 1537 1857 1540 1854 1540 1851 1540 1851 1543 1779 1543 1776 1540 1639 1522 1542 1522 1514 1543 1511 1543 1508 1543 1505 1543 1330 1528 1255 1547 1252 1547 1248 1547 1245 1547 1199 1528 1174 1543 1170 1543 1167 1543 1164 1543 1067 1531 980 1550 977 1550 974 1550 942 1534 743 1556"/>
                  </Shape>
                  <String CONTENT="Lung des chevaulx de sondit maitre tombat"
                          HPOS="736"
                          VPOS="1422"
                          WIDTH="1640"
                          HEIGHT="134"/>
               </TextLine>
               <TextLine ID="eSc_line_61f7f6be"
                         BASELINE="783 1650 1380 1625 2329 1615"
                         HPOS="780"
                         VPOS="1525"
                         WIDTH="1549"
                         HEIGHT="149"
                         TAGREFS="LT118">
                  <Shape>
                     <Polygon POINTS="783 1650 780 1568 933 1572 942 1562 958 1550 958 1547 961 1547 964 1547 967 1547 971 1547 974 1547 996 1562 1008 1568 1024 1562 1042 1553 1046 1553 1049 1553 1052 1553 1074 1559 1095 1568 1108 1559 1127 1547 1130 1547 1133 1547 1136 1547 1139 1547 1161 1559 1164 1559 1167 1559 1211 1543 1214 1543 1217 1543 1273 1556 1302 1562 1320 1556 1355 1540 1358 1540 1361 1540 1364 1540 1367 1540 1389 1553 1398 1559 1426 1553 1486 1537 1489 1537 1492 1537 1554 1550 1598 1559 1611 1550 1629 1534 1633 1534 1636 1534 1639 1534 1707 1547 1764 1556 1795 1543 1826 1531 1829 1531 1832 1531 1939 1540 2026 1550 2085 1537 2148 1525 2151 1525 2154 1525 2179 1537 2198 1547 2216 1534 2229 1525 2232 1525 2235 1525 2238 1525 2323 1534 2329 1615 2329 1640 2185 1650 2182 1650 2179 1650 2163 1646 2101 1628 2001 1650 1976 1653 1973 1653 1970 1653 1967 1653 1964 1650 1939 1631 1839 1631 1811 1650 1807 1650 1804 1650 1801 1650 1667 1634 1642 1650 1639 1650 1636 1650 1633 1650 1629 1650 1626 1650 1604 1634 1445 1634 783 1674"/>
                  </Shape>
                  <String CONTENT="par terre tout accoutreti. Lequel Ilz"
                          HPOS="780"
                          VPOS="1525"
                          WIDTH="1549"
                          HEIGHT="149"/>
               </TextLine>
               <TextLine ID="eSc_line_78aa335a"
                         BASELINE="736 1762 1573 1734 2407 1746"
                         HPOS="730"
                         VPOS="1646"
                         WIDTH="1680"
                         HEIGHT="144"
                         TAGREFS="LT118">
                  <Shape>
                     <Polygon POINTS="736 1762 730 1693 802 1693 805 1690 846 1668 849 1668 852 1668 952 1690 958 1690 967 1690 1092 1662 1095 1662 1099 1662 1102 1662 1139 1687 1142 1690 1336 1690 1339 1687 1373 1656 1377 1656 1380 1656 1486 1653 1489 1653 1554 1653 1558 1653 1623 1684 1626 1684 1723 1650 1726 1650 1729 1650 1857 1650 1860 1650 1864 1650 1895 1678 1926 1653 1926 1650 1929 1650 1932 1650 1935 1650 1939 1650 1942 1650 1942 1653 1964 1671 2048 1646 2051 1646 2054 1646 2057 1646 2060 1646 2107 1681 2129 1681 2198 1681 2198 1678 2226 1653 2226 1650 2229 1650 2232 1650 2235 1650 2238 1650 2273 1668 2301 1646 2304 1646 2307 1646 2310 1646 2313 1646 2407 1678 2407 1746 2410 1749 2338 1771 2335 1771 2332 1771 2329 1771 2276 1752 2260 1749 2138 1749 2132 1756 2123 1765 2123 1768 2120 1768 2117 1768 2113 1768 2110 1768 2107 1768 2095 1759 2082 1749 1889 1749 1873 1762 1873 1765 1870 1765 1867 1765 1864 1765 1860 1765 1857 1765 1826 1749 1645 1749 1620 1768 1604 1784 1601 1784 1598 1784 1598 1787 1536 1787 1533 1784 1530 1784 1526 1784 1526 1781 1514 1771 1492 1752 1451 1752 1420 1774 1405 1787 1401 1787 1398 1787 1395 1787 1161 1784 1158 1784 1149 1781 1095 1759 1039 1777 1036 1777 1033 1777 967 1768 946 1787 942 1787 942 1790 939 1790 936 1790 933 1790 905 1787 799 1768 740 1790"/>
                  </Shape>
                  <String CONTENT="Laissarent par quelque temps devant la"
                          HPOS="730"
                          VPOS="1646"
                          WIDTH="1680"
                          HEIGHT="144"/>
               </TextLine>
               <TextLine ID="eSc_line_ae62f221"
                         BASELINE="765 1859 2273 1843"
                         HPOS="758"
                         VPOS="1759"
                         WIDTH="1515"
                         HEIGHT="149"
                         TAGREFS="LT118">
                  <Shape>
                     <Polygon POINTS="765 1859 758 1809 996 1805 999 1802 1052 1768 1055 1768 1058 1768 1061 1768 1186 1784 1323 1768 1327 1768 1330 1768 1333 1768 1333 1771 1361 1796 1364 1799 1383 1796 1448 1784 1451 1784 1542 1793 1586 1796 1598 1793 1661 1762 1664 1762 1667 1762 1670 1762 1761 1790 1776 1793 1789 1787 1839 1765 1842 1765 1845 1765 1904 1777 1960 1759 1964 1759 1967 1759 1970 1759 1973 1759 2007 1784 2020 1793 2067 1793 2076 1784 2088 1771 2088 1768 2092 1768 2095 1768 2098 1768 2101 1768 2135 1781 2160 1790 2263 1781 2273 1843 2266 1868 1942 1868 1929 1874 1889 1899 1885 1899 1882 1899 1882 1902 1811 1902 1807 1899 1804 1899 1801 1899 1764 1874 1754 1868 1714 1874 1636 1890 1633 1890 1629 1890 1626 1890 1604 1877 1595 1871 1589 1877 1545 1902 1542 1902 1539 1902 1536 1902 1533 1902 1486 1877 1476 1871 1473 1877 1448 1899 1448 1902 1445 1902 1442 1902 1248 1905 1248 1908 1139 1908 1136 1905 1133 1905 1083 1880 1071 1874 1067 1880 1042 1905 1042 1908 1039 1908 1036 1908 1033 1908 1030 1908 971 1883 955 1877 765 1883"/>
                  </Shape>
                  <String CONTENT="maison dudit vouelin. Et desla le"
                          HPOS="758"
                          VPOS="1759"
                          WIDTH="1515"
                          HEIGHT="149"/>
               </TextLine>
               <TextLine ID="eSc_line_0dfe6475"
                         BASELINE="786 1986 1860 1968 2435 1940"
                         HPOS="774"
                         VPOS="1865"
                         WIDTH="1661"
                         HEIGHT="184"
                         TAGREFS="LT118">
                  <Shape>
                     <Polygon POINTS="786 1986 774 1940 833 1908 836 1908 839 1908 843 1908 899 1933 902 1933 905 1933 1027 1908 1030 1908 1033 1908 1074 1927 1080 1927 1092 1924 1145 1912 1149 1912 1152 1912 1195 1921 1211 1924 1220 1918 1242 1899 1245 1899 1248 1899 1252 1899 1255 1899 1258 1899 1277 1915 1280 1918 1283 1915 1305 1893 1305 1890 1308 1890 1311 1890 1314 1890 1317 1890 1320 1890 1348 1912 1358 1921 1383 1912 1398 1905 1401 1905 1405 1905 1476 1908 1673 1915 1720 1915 1739 1896 1754 1883 1754 1880 1757 1880 1761 1880 1764 1880 1767 1880 1804 1893 1854 1908 1901 1887 1929 1874 1932 1874 1935 1874 1939 1874 1970 1883 2032 1905 2063 1880 2073 1871 2076 1871 2079 1871 2082 1871 2126 1877 2201 1890 2223 1874 2229 1868 2232 1868 2235 1868 2426 1865 2435 1940 2432 1961 2238 1965 2232 1974 2185 2014 2185 2018 2182 2018 2179 2018 2063 2024 1907 2027 1904 2027 1901 2027 1898 2027 1854 1993 1839 1983 1826 1996 1801 2018 1801 2021 1798 2021 1795 2021 1679 2033 1676 2033 1673 2033 1604 2005 1548 1986 1480 1986 1439 2014 1426 2027 1423 2027 1420 2027 1342 2039 1339 2039 1336 2039 1292 2024 1211 1993 1177 2024 1177 2027 1174 2027 1170 2027 1167 2027 1164 2027 1095 1996 918 1996 789 2049"/>
                  </Shape>
                  <String CONTENT="pourtarent en la maison de sondit maitre."
                          HPOS="774"
                          VPOS="1865"
                          WIDTH="1661"
                          HEIGHT="184"/>
               </TextLine>
               <TextLine ID="eSc_line_2039aec9"
                         BASELINE="780 2177 855 2161 2360 2142"
                         HPOS="765"
                         VPOS="2064"
                         WIDTH="1595"
                         HEIGHT="135"
                         TAGREFS="LT118">
                  <Shape>
                     <Polygon POINTS="780 2177 765 2114 802 2083 805 2083 808 2083 811 2083 889 2083 893 2083 896 2083 933 2108 971 2086 974 2086 977 2086 980 2086 983 2086 1011 2108 1014 2108 1124 2108 1127 2105 1149 2086 1152 2086 1155 2086 1158 2086 1280 2099 1323 2102 1339 2096 1392 2077 1395 2077 1398 2077 1401 2077 1458 2092 1495 2102 1583 2099 1592 2089 1608 2077 1608 2074 1611 2074 1614 2074 1617 2074 1620 2074 1658 2086 1701 2099 1882 2099 1904 2077 1910 2074 1910 2071 1914 2071 1917 2071 1920 2071 1923 2071 1942 2077 1982 2089 1998 2074 2004 2071 2004 2068 2007 2068 2010 2068 2013 2068 2051 2074 2157 2092 2191 2068 2195 2068 2198 2068 2351 2064 2360 2142 2360 2158 1995 2158 1889 2170 1742 2186 1739 2186 1736 2186 1732 2186 1720 2174 1711 2167 1701 2174 1683 2186 1679 2186 1676 2186 1673 2186 1611 2177 1564 2170 1448 2183 1361 2189 1358 2189 1355 2189 1339 2183 1292 2167 1252 2186 1245 2189 1242 2189 1239 2189 1220 2189 1117 2170 1033 2192 1021 2195 1017 2195 1014 2195 999 2192 893 2174 780 2199"/>
                  </Shape>
                  <String CONTENT="Dit en oultre que dimenche passe du soir"
                          HPOS="765"
                          VPOS="2064"
                          WIDTH="1595"
                          HEIGHT="135"/>
               </TextLine>
               <TextLine ID="eSc_line_cab5c7e9"
                         BASELINE="758 2276 2444 2245"
                         HPOS="743"
                         VPOS="2167"
                         WIDTH="1708"
                         HEIGHT="147"
                         TAGREFS="LT118">
                  <Shape>
                     <Polygon POINTS="758 2276 743 2220 789 2192 793 2192 796 2192 799 2192 952 2214 1027 2189 1030 2189 1033 2189 1036 2189 1039 2189 1039 2192 1067 2214 1117 2214 1133 2214 1161 2189 1161 2186 1164 2186 1167 2186 1170 2186 1174 2186 1252 2208 1414 2183 1417 2183 1420 2183 1501 2205 1548 2183 1551 2183 1554 2183 1558 2183 1561 2183 1579 2202 1617 2186 1620 2186 1623 2186 1745 2202 1757 2202 1764 2202 1836 2174 1839 2174 1842 2174 1845 2174 1901 2199 1904 2199 1957 2177 1960 2177 1964 2177 1967 2177 2020 2195 2095 2167 2098 2167 2101 2167 2104 2167 2191 2192 2195 2192 2326 2192 2326 2189 2348 2170 2348 2167 2351 2167 2354 2167 2357 2167 2360 2167 2441 2189 2444 2245 2451 2255 2410 2286 2407 2286 2404 2286 2401 2286 2185 2261 2160 2258 2154 2261 2138 2276 2135 2276 2132 2276 2129 2276 2020 2264 2013 2264 2010 2264 1989 2283 1989 2286 1985 2286 1982 2286 1979 2286 1976 2286 1935 2267 1929 2264 1670 2264 1654 2273 1598 2295 1595 2295 1592 2295 1589 2295 1520 2276 1501 2270 1489 2276 1448 2298 1445 2298 1442 2298 1439 2298 1392 2280 1380 2273 1327 2280 1217 2295 1214 2295 1211 2295 1208 2295 1189 2283 1177 2276 1161 2283 1095 2311 1092 2311 1089 2311 974 2289 946 2283 936 2289 911 2311 911 2314 908 2314 905 2314 902 2314 755 2292"/>
                  </Shape>
                  <String CONTENT="ledit henri vouelin estant alle en la maison"
                          HPOS="743"
                          VPOS="2167"
                          WIDTH="1708"
                          HEIGHT="147"/>
               </TextLine>
               <TextLine ID="eSc_line_d1a3f37b"
                         BASELINE="755 2395 1327 2358 2357 2336"
                         HPOS="743"
                         VPOS="2255"
                         WIDTH="1617"
                         HEIGHT="168"
                         TAGREFS="LT118">
                  <Shape>
                     <Polygon POINTS="755 2395 743 2330 808 2301 811 2301 814 2301 818 2301 821 2301 846 2317 939 2295 942 2295 946 2295 949 2295 980 2320 980 2323 1027 2323 1030 2320 1046 2305 1046 2301 1049 2301 1052 2301 1055 2301 1058 2301 1099 2317 1127 2292 1127 2289 1130 2289 1133 2289 1136 2289 1286 2311 1289 2311 1292 2311 1323 2283 1327 2283 1330 2283 1701 2280 1704 2280 1707 2280 1739 2295 1839 2267 1842 2267 1845 2267 1848 2267 1851 2267 1879 2292 1904 2273 1907 2273 1910 2273 1914 2273 1985 2289 1995 2289 2007 2286 2107 2261 2110 2261 2113 2261 2117 2261 2120 2261 2145 2283 2148 2286 2213 2286 2223 2280 2270 2255 2273 2255 2276 2255 2279 2255 2354 2276 2357 2336 2360 2351 2304 2373 2301 2373 2298 2373 2295 2373 2291 2373 2273 2358 2251 2376 2248 2376 2245 2376 2241 2376 2113 2361 2042 2351 2026 2364 1995 2389 1992 2389 1989 2389 1935 2392 1932 2392 1929 2392 1926 2392 1892 2367 1879 2361 1798 2361 1782 2370 1745 2398 1742 2398 1739 2398 1736 2398 1732 2398 1673 2373 1664 2370 1651 2376 1620 2392 1617 2392 1614 2392 1611 2392 1573 2376 1542 2367 1292 2373 1280 2389 1252 2411 1252 2414 1248 2414 1245 2414 1245 2417 1170 2417 1167 2414 1164 2414 1117 2392 1099 2383 1083 2395 1049 2420 1046 2420 1042 2420 1039 2420 871 2401 839 2398 833 2401 802 2423 799 2423 796 2423 793 2423 789 2423 749 2404"/>
                  </Shape>
                  <String CONTENT="de lui deposant. Icelui dit quil ne"
                          HPOS="743"
                          VPOS="2255"
                          WIDTH="1617"
                          HEIGHT="168"/>
               </TextLine>
               <TextLine ID="eSc_line_3571b93f"
                         BASELINE="802 2495 1598 2445 2488 2417"
                         HPOS="793"
                         VPOS="2342"
                         WIDTH="1695"
                         HEIGHT="190"
                         TAGREFS="LT118">
                  <Shape>
                     <Polygon POINTS="802 2495 793 2442 852 2436 880 2411 880 2407 883 2407 886 2407 889 2407 893 2407 952 2432 955 2432 967 2432 1192 2392 1195 2392 1199 2392 1258 2417 1261 2417 1336 2417 1339 2411 1373 2379 1373 2376 1377 2376 1380 2376 1383 2376 1386 2376 1436 2389 1614 2367 1617 2367 1620 2367 1623 2367 1651 2386 1670 2370 1670 2367 1673 2367 1676 2367 1679 2367 1683 2367 1686 2367 1723 2392 1726 2395 1736 2392 1842 2354 1845 2354 1848 2354 1904 2354 1907 2354 1910 2354 1945 2379 1948 2386 1954 2379 1995 2348 1998 2348 2001 2348 2004 2348 2007 2348 2085 2373 2151 2342 2154 2342 2157 2342 2160 2342 2220 2367 2226 2370 2232 2367 2266 2345 2270 2345 2273 2345 2276 2345 2279 2345 2319 2361 2338 2367 2482 2354 2488 2417 2488 2429 2382 2454 2379 2454 2282 2442 2263 2442 2254 2445 2210 2467 2207 2467 2104 2473 2101 2473 2098 2473 2095 2473 2073 2457 2054 2442 2007 2461 1998 2464 1995 2464 1992 2464 1989 2464 1985 2464 1985 2461 1967 2445 1898 2461 1895 2461 1836 2448 1811 2467 1807 2467 1804 2467 1801 2467 1495 2464 1327 2501 1283 2510 1280 2510 1252 2507 1117 2482 999 2514 996 2514 992 2514 877 2498 849 2526 849 2529 846 2529 843 2529 802 2532"/>
                  </Shape>
                  <String CONTENT="scavoit ce quil vouloit faire de sa femme"
                          HPOS="793"
                          VPOS="2342"
                          WIDTH="1695"
                          HEIGHT="190"/>
               </TextLine>
               <TextLine ID="eSc_line_b0d5f650"
                         BASELINE="765 2588 1583 2545 2476 2535"
                         HPOS="749"
                         VPOS="2451"
                         WIDTH="1730"
                         HEIGHT="169"
                         TAGREFS="LT118">
                  <Shape>
                     <Polygon POINTS="765 2588 749 2529 789 2498 793 2498 796 2498 799 2498 802 2498 858 2526 861 2526 864 2526 924 2507 927 2507 930 2507 1083 2517 1127 2517 1136 2514 1170 2489 1174 2489 1177 2489 1180 2489 1183 2489 1186 2489 1186 2492 1208 2510 1211 2514 1217 2510 1239 2498 1242 2498 1245 2498 1289 2507 1314 2510 1327 2504 1377 2479 1380 2479 1383 2479 1551 2489 1645 2473 1648 2473 1651 2473 1654 2473 1676 2489 1692 2501 1717 2489 1754 2470 1757 2470 1829 2467 1832 2467 1836 2467 1870 2479 1895 2492 1904 2479 1910 2476 1910 2473 1914 2473 1917 2473 1920 2473 1923 2473 1926 2473 1932 2476 1954 2492 1976 2476 1995 2461 1998 2461 2001 2461 2004 2461 2060 2461 2063 2461 2067 2461 2082 2470 2110 2489 2201 2489 2223 2464 2226 2464 2226 2461 2229 2461 2232 2461 2235 2461 2238 2461 2248 2464 2288 2482 2307 2461 2316 2454 2316 2451 2319 2451 2323 2451 2326 2451 2329 2451 2354 2461 2413 2479 2463 2454 2476 2535 2479 2545 2448 2563 2444 2563 2441 2563 2438 2563 2435 2563 2404 2548 2401 2548 2166 2548 2145 2560 2117 2579 2113 2579 2110 2579 2107 2579 1982 2567 1854 2554 1595 2557 1520 2588 1492 2598 1489 2598 1486 2598 1483 2598 1461 2588 1411 2570 1383 2588 1380 2588 1377 2588 1373 2588 1227 2573 1189 2601 1186 2607 1183 2607 1180 2607 1177 2607 1174 2607 1158 2604 1074 2579 974 2610 971 2610 967 2610 964 2610 914 2595 874 2616 871 2616 868 2616 765 2620"/>
                  </Shape>
                  <String CONTENT="quelle sestoit volsus relever deux ou trois"
                          HPOS="749"
                          VPOS="2451"
                          WIDTH="1730"
                          HEIGHT="169"/>
               </TextLine>
               <TextLine ID="eSc_line_726abc37"
                         BASELINE="811 2691 1904 2632 2444 2620"
                         HPOS="799"
                         VPOS="2535"
                         WIDTH="1645"
                         HEIGHT="178"
                         TAGREFS="LT118">
                  <Shape>
                     <Polygon POINTS="811 2691 799 2638 868 2601 871 2601 952 2598 955 2598 958 2598 961 2598 999 2626 1061 2592 1064 2592 1067 2592 1133 2592 1136 2592 1139 2592 1177 2613 1183 2616 1245 2616 1248 2610 1258 2598 1261 2598 1261 2595 1264 2595 1267 2595 1270 2595 1273 2595 1277 2595 1292 2607 1295 2607 1323 2582 1327 2582 1330 2582 1333 2582 1417 2598 1448 2604 1473 2595 1517 2579 1520 2579 1523 2579 1526 2579 1530 2579 1545 2592 1548 2595 1554 2592 1579 2573 1583 2573 1586 2573 1589 2573 1670 2582 1673 2582 1704 2560 1707 2560 1711 2560 1714 2560 1789 2576 1839 2585 1867 2570 1901 2551 1904 2551 1907 2551 1910 2551 1957 2563 1985 2573 2013 2560 2035 2551 2038 2551 2042 2551 2045 2551 2063 2557 2098 2573 2132 2554 2160 2539 2163 2539 2166 2539 2170 2539 2191 2551 2226 2567 2435 2535 2444 2620 2441 2638 2138 2635 2095 2651 2079 2657 2076 2657 2073 2657 2070 2657 2054 2654 2013 2641 1992 2654 1979 2663 1976 2663 1973 2663 1970 2663 1907 2657 1789 2648 1480 2673 1248 2691 1245 2691 1242 2691 1224 2682 1211 2676 1108 2682 1105 2685 1074 2707 1071 2707 1067 2707 1064 2707 980 2691 924 2713 921 2713 918 2713 808 2694"/>
                  </Shape>
                  <String CONTENT="fois pour aller mectre le feug en la maison"
                          HPOS="799"
                          VPOS="2535"
                          WIDTH="1645"
                          HEIGHT="178"/>
               </TextLine>
               <TextLine ID="eSc_line_e29b6462"
                         BASELINE="789 2785 1811 2729 2385 2729"
                         HPOS="783"
                         VPOS="2635"
                         WIDTH="1602"
                         HEIGHT="181"
                         TAGREFS="LT118">
                  <Shape>
                     <Polygon POINTS="789 2785 783 2713 836 2716 846 2710 858 2698 861 2698 864 2698 868 2698 930 2704 1002 2713 1039 2701 1077 2685 1080 2685 1083 2685 1130 2694 1161 2701 1220 2691 1305 2676 1308 2676 1311 2676 1314 2676 1327 2685 1345 2698 1364 2685 1370 2679 1373 2679 1377 2679 1380 2679 1414 2682 1523 2691 1573 2673 1601 2663 1604 2663 1608 2663 1611 2663 1633 2670 1670 2685 1692 2666 1701 2660 1704 2660 1707 2660 1711 2660 1714 2660 1729 2666 1751 2673 1789 2663 1814 2657 1817 2657 1820 2657 1823 2657 1826 2657 1829 2660 1845 2673 1876 2660 1898 2651 1901 2651 1904 2651 1907 2651 1923 2657 1970 2673 2067 2666 2082 2648 2085 2648 2085 2645 2088 2645 2092 2645 2095 2645 2098 2645 2101 2645 2104 2648 2126 2666 2179 2645 2195 2638 2198 2638 2201 2638 2204 2638 2216 2641 2263 2660 2285 2641 2285 2638 2288 2638 2291 2638 2295 2638 2298 2638 2301 2638 2326 2657 2373 2635 2385 2729 2382 2747 2054 2741 1920 2766 1917 2766 1914 2766 1860 2744 1829 2772 1826 2772 1823 2772 1820 2772 1817 2772 1723 2751 1689 2776 1686 2776 1683 2776 1679 2776 1676 2776 1673 2776 1645 2754 1561 2754 1392 2791 1386 2791 1383 2791 1380 2791 1377 2791 1348 2766 1295 2788 1292 2788 1289 2788 1286 2788 1252 2769 1224 2794 1220 2794 1217 2794 1214 2794 1211 2794 1208 2794 1180 2779 971 2779 789 2816"/>
                  </Shape>
                  <String CONTENT="des freres de lui Neust este quil lavoit"
                          HPOS="783"
                          VPOS="2635"
                          WIDTH="1602"
                          HEIGHT="181"/>
               </TextLine>
               <TextLine ID="eSc_line_24187b4f"
                         BASELINE="777 2872 1417 2854 2373 2794"
                         HPOS="765"
                         VPOS="2726"
                         WIDTH="1608"
                         HEIGHT="187"
                         TAGREFS="LT118">
                  <Shape>
                     <Polygon POINTS="777 2872 765 2825 811 2804 814 2804 818 2804 924 2816 927 2816 930 2816 1017 2785 1021 2785 1024 2785 1158 2804 1242 2772 1245 2772 1248 2772 1252 2772 1295 2785 1355 2769 1358 2769 1361 2769 1364 2769 1423 2791 1426 2791 1520 2763 1523 2763 1526 2763 1530 2763 1604 2782 1658 2751 1661 2751 1664 2751 1667 2751 1782 2772 1786 2772 1789 2772 1870 2741 1873 2741 1876 2741 1879 2741 1923 2763 2070 2732 2073 2732 2076 2732 2117 2747 2235 2747 2260 2726 2263 2726 2266 2726 2270 2726 2369 2744 2373 2794 2369 2810 2048 2825 2045 2829 1982 2863 1979 2863 1976 2863 1973 2863 1945 2850 1892 2866 1889 2866 1885 2866 1882 2866 1879 2866 1845 2841 1804 2872 1801 2872 1798 2872 1795 2872 1623 2850 1508 2885 1505 2885 1501 2885 1498 2885 1423 2863 1383 2894 1380 2894 1377 2894 1373 2894 1111 2875 1095 2875 1092 2875 1021 2913 1017 2913 1014 2913 774 2891"/>
                  </Shape>
                  <String CONTENT="empeiche Et que sen elle sen estoit alle"
                          HPOS="765"
                          VPOS="2726"
                          WIDTH="1608"
                          HEIGHT="187"/>
               </TextLine>
               <TextLine ID="eSc_line_516a5634"
                         BASELINE="783 2966 1698 2928 2201 2891 2454 2891"
                         HPOS="777"
                         VPOS="2810"
                         WIDTH="1683"
                         HEIGHT="175"
                         TAGREFS="LT118">
                  <Shape>
                     <Polygon POINTS="783 2966 777 2910 843 2910 852 2903 877 2888 880 2888 883 2888 886 2888 889 2888 893 2888 911 2903 918 2907 977 2907 989 2900 1039 2872 1042 2872 1046 2872 1049 2872 1083 2885 1120 2866 1124 2866 1127 2866 1130 2866 1180 2891 1183 2894 1186 2891 1205 2875 1205 2872 1208 2872 1211 2872 1214 2872 1217 2872 1248 2888 1255 2891 1261 2888 1336 2857 1339 2857 1342 2857 1345 2857 1348 2857 1377 2875 1395 2857 1395 2854 1398 2854 1401 2854 1470 2850 1473 2850 1476 2850 1480 2850 1520 2878 1533 2875 1695 2847 1698 2847 1786 2866 1860 2832 1864 2832 1867 2832 1870 2832 1873 2832 1917 2860 2054 2857 2085 2825 2085 2822 2088 2822 2092 2822 2095 2822 2201 2844 2248 2816 2251 2816 2254 2816 2338 2810 2341 2810 2344 2810 2382 2829 2413 2813 2416 2813 2419 2813 2423 2813 2426 2813 2460 2838 2454 2891 2451 2919 2301 2903 2279 2928 2276 2928 2276 2932 2273 2932 2270 2932 2266 2932 2245 2928 2142 2910 2067 2932 2063 2932 2060 2932 1985 2922 1951 2941 1939 2947 1935 2947 1932 2947 1876 2944 1811 2938 1795 2947 1786 2953 1782 2953 1779 2953 1776 2953 1773 2953 1757 2947 1726 2938 1629 2953 1579 2960 1576 2960 1573 2960 1561 2956 1530 2944 1480 2960 1442 2969 1439 2969 1436 2969 1433 2969 1408 2963 1367 2950 1139 2956 1127 2972 1117 2981 1117 2985 1114 2985 1111 2985 1108 2985 1064 2975 1011 2963 783 2985"/>
                  </Shape>
                  <String CONTENT="nesachant ou elle alloit Et quicelle sestoit"
                          HPOS="777"
                          VPOS="2810"
                          WIDTH="1683"
                          HEIGHT="175"/>
               </TextLine>
               <TextLine ID="eSc_line_7eb55d3b"
                         BASELINE="780 3059 2092 2991 2444 3003"
                         HPOS="768"
                         VPOS="2903"
                         WIDTH="1676"
                         HEIGHT="188"
                         TAGREFS="LT118">
                  <Shape>
                     <Polygon POINTS="780 3059 768 2994 839 2966 843 2966 846 2966 849 2966 908 2981 974 2960 977 2960 980 2960 983 2960 986 2960 1024 2985 1033 2988 1230 2978 1233 2975 1270 2947 1273 2947 1277 2947 1280 2947 1377 2969 1395 2972 1701 2960 1704 2956 1736 2932 1739 2932 1742 2932 1745 2932 1748 2932 1751 2932 1776 2953 1779 2956 1786 2953 1814 2938 1817 2938 1820 2938 1898 2947 1917 2950 1923 2947 1979 2913 1982 2913 1985 2913 2082 2910 2085 2910 2088 2910 2092 2910 2117 2928 2182 2903 2185 2903 2188 2903 2441 2928 2444 3003 2438 3016 2060 3003 1954 3006 1910 3034 1907 3034 1904 3034 1901 3034 1817 3022 1786 3047 1782 3047 1779 3047 1776 3047 1764 3047 1570 3031 1445 3063 1436 3063 1433 3063 1430 3063 1426 3063 1386 3034 1202 3072 1183 3075 1180 3075 1145 3075 852 3063 783 3091"/>
                  </Shape>
                  <String CONTENT="declaire quelle ne rentreroit dedans Beur-"
                          HPOS="768"
                          VPOS="2903"
                          WIDTH="1676"
                          HEIGHT="188"/>
               </TextLine>
               <TextLine ID="eSc_line_556770f4"
                         BASELINE="780 3141 1267 3134 1995 3097 2438 3103"
                         HPOS="777"
                         VPOS="3025"
                         WIDTH="1661"
                         HEIGHT="169"
                         TAGREFS="LT118">
                  <Shape>
                     <Polygon POINTS="780 3141 777 3091 858 3091 864 3087 877 3075 877 3072 880 3072 883 3072 886 3072 1002 3084 1024 3084 1027 3081 1049 3063 1049 3059 1052 3059 1055 3059 1058 3059 1061 3059 1099 3081 1105 3084 1205 3084 1227 3078 1320 3053 1323 3053 1327 3053 1573 3069 1601 3069 1604 3069 1642 3038 1645 3038 1648 3038 1651 3038 1654 3038 1711 3063 1732 3041 1732 3038 1736 3038 1739 3038 1870 3031 1873 3031 1979 3031 1982 3031 1985 3031 1985 3034 2010 3056 2092 3025 2095 3025 2098 3025 2176 3025 2179 3025 2182 3025 2213 3050 2357 3031 2360 3031 2435 3047 2438 3103 2438 3150 2254 3156 2251 3156 2248 3156 2245 3156 2201 3119 2132 3144 2129 3144 2126 3144 1979 3122 1789 3128 1742 3165 1736 3172 1732 3172 1729 3172 1729 3175 1661 3175 1658 3172 1654 3172 1645 3169 1570 3134 1386 3159 1383 3159 1380 3159 1348 3144 1239 3153 1192 3178 1183 3181 1180 3181 1177 3181 1174 3181 1170 3181 1167 3178 1145 3162 1067 3178 996 3194 992 3194 989 3194 949 3181 861 3156 783 3184"/>
                  </Shape>
                  <String CONTENT="nevesain quelle neust faict du mal, quest"
                          HPOS="777"
                          VPOS="3025"
                          WIDTH="1661"
                          HEIGHT="169"/>
               </TextLine>
               <TextLine ID="eSc_line_8f553231"
                         BASELINE="796 3237 1570 3206"
                         HPOS="780"
                         VPOS="3144"
                         WIDTH="790"
                         HEIGHT="140"
                         TAGREFS="LT118">
                  <Shape>
                     <Polygon POINTS="796 3237 780 3187 808 3165 811 3165 814 3165 818 3165 977 3178 1008 3178 1011 3175 1030 3159 1030 3156 1033 3156 1036 3156 1039 3156 1042 3156 1080 3172 1095 3175 1114 3169 1161 3153 1164 3153 1167 3153 1239 3162 1280 3165 1561 3144 1570 3206 1567 3253 1430 3231 1380 3256 1342 3275 1339 3275 1336 3275 1255 3259 1217 3250 1205 3259 1180 3281 1177 3281 1174 3281 1089 3284 1086 3284 1083 3284 1080 3284 1052 3259 1030 3243 796 3262"/>
                  </Shape>
                  <String CONTENT="tout ce quil en scait"
                          HPOS="780"
                          VPOS="3144"
                          WIDTH="790"
                          HEIGHT="140"/>
               </TextLine>
            </TextBlock>
            <TextBlock HPOS="1348"
                       VPOS="3493"
                       WIDTH="144"
                       HEIGHT="109"
                       ID="eSc_textblock_44ef4038"
                       TAGREFS="BT370">
               <Shape>
                  <Polygon POINTS="1480 3505 1492 3577 1361 3602 1348 3493"/>
               </Shape>
               <TextLine ID="eSc_line_05701b44"
                         BASELINE="1376 3573 1445 3571"
                         HPOS="1367"
                         VPOS="3480"
                         WIDTH="75"
                         HEIGHT="110"
                         TAGREFS="LT118">
                  <Shape>
                     <Polygon POINTS="1373 3571 1367 3480 1436 3480 1442 3568 1436 3590 1370 3587"/>
                  </Shape>
                  <String CONTENT="2" HPOS="1367" VPOS="3480" WIDTH="75" HEIGHT="110"/>
               </TextLine>
            </TextBlock>
            <TextBlock HPOS="2357"
                       VPOS="3530"
                       WIDTH="72"
                       HEIGHT="72"
                       ID="eSc_textblock_e71feb2b"
                       TAGREFS="BT371">
               <Shape>
                  <Polygon POINTS="2429 3530 2416 3602 2357 3590 2369 3530"/>
               </Shape>
               <TextLine ID="eSc_line_3335421b"
                         BASELINE="2369 3593 2416 3593"
                         HPOS="2363"
                         VPOS="3490"
                         WIDTH="53"
                         HEIGHT="125"
                         TAGREFS="LT118">
                  <Shape>
                     <Polygon POINTS="2369 3593 2363 3512 2410 3490 2416 3593 2416 3608 2369 3615"/>
                  </Shape>
                  <String CONTENT="1" HPOS="2363" VPOS="3490" WIDTH="53" HEIGHT="125"/>
               </TextLine>
            </TextBlock>
         </PrintSpace>
      </Page>
   </Layout>
</alto>
