<alto xmlns:xsi="http://www.w3.org/2001/XMLSchema-instance"
      xmlns="http://www.loc.gov/standards/alto/ns-v4#"
      xsi:schemaLocation="http://www.loc.gov/standards/alto/ns-v4# http://www.loc.gov/standards/alto/v4/alto-4-2.xsd">
   <Description>
      <MeasurementUnit>pixel</MeasurementUnit>
      <sourceImageInformation>
         <fileName>B_168_15-2-1_0002.jpg</fileName>
      </sourceImageInformation>
   </Description>
   <Tags>
      <OtherTag ID="BT365"
                LABEL="MainZone:column"
                DESCRIPTION="block type MainZone:column"/>
      <OtherTag ID="BT367" LABEL="MainZone" DESCRIPTION="block type MainZone"/>
      <OtherTag ID="BT368"
                LABEL="MarginTextZone"
                DESCRIPTION="block type MarginTextZone"/>
      <OtherTag ID="BT369"
                LABEL="MarginTextZone:note"
                DESCRIPTION="block type MarginTextZone:note"/>
      <OtherTag ID="BT370"
                LABEL="NumberingZone:other"
                DESCRIPTION="block type NumberingZone:other"/>
      <OtherTag ID="BT371"
                LABEL="NumberingZone:page"
                DESCRIPTION="block type NumberingZone:page"/>
      <OtherTag ID="BT379"
                LABEL="DecorationZone"
                DESCRIPTION="block type DecorationZone"/>
      <OtherTag ID="BT380"
                LABEL="CustomZone:signature"
                DESCRIPTION="block type CustomZone:signature"/>
      <OtherTag ID="LT118" LABEL="DefaultLine" DESCRIPTION="line type DefaultLine"/>
      <OtherTag ID="LT119" LABEL="HeadingLine" DESCRIPTION="line type HeadingLine"/>
      <OtherTag ID="LT120"
                LABEL="InterlinearLine"
                DESCRIPTION="line type InterlinearLine"/>
   </Tags>
   <Layout>
      <Page WIDTH="2623"
            HEIGHT="3993"
            PHYSICAL_IMG_NR="1"
            ID="eSc_dummypage_">
         <PrintSpace HPOS="0" VPOS="0" WIDTH="2623" HEIGHT="3993">
            <TextBlock HPOS="612"
                       VPOS="186"
                       WIDTH="1941"
                       HEIGHT="2073"
                       ID="eSc_textblock_3b19f358"
                       TAGREFS="BT367">
               <Shape>
                  <Polygon POINTS="2553 891 2499 1434 2553 1593 2366 1766 1767 1796 1824 1836 2380 1863 2433 1969 2380 2139 1690 2152 1421 2259 692 2246 612 1863 705 1806 639 529 705 186 2553 266 2499 585"/>
               </Shape>
               <TextLine ID="eSc_line_f791d396"
                         BASELINE="679 312 1527 296 2536 322"
                         HPOS="675"
                         VPOS="186"
                         WIDTH="1861"
                         HEIGHT="163"
                         TAGREFS="LT118">
                  <Shape>
                     <Polygon POINTS="679 312 675 186 1061 189 1065 189 1068 189 1075 196 1098 212 1168 199 1204 192 1208 192 1211 192 1234 199 1311 229 1491 209 1624 192 1627 192 1631 192 1677 212 1720 232 1760 216 1774 209 1777 209 1780 209 1784 209 1807 216 1847 229 1884 219 1910 212 1913 212 1917 212 1920 212 1923 212 1933 219 1957 232 2037 222 2077 219 2080 219 2536 239 2536 322 2529 326 2493 346 2489 346 2489 349 2156 349 2153 346 1990 329 1930 322 1884 329 1794 342 1790 342 1787 342 1784 342 1767 329 1750 319 1664 329 1631 332 1627 332 1624 332 1621 332 1621 329 1617 329 1607 316 1374 316 1354 332 1348 336 1348 339 1344 339 1341 339 1341 342 1175 342 1171 339 1168 339 1151 332 1105 312 1015 332 995 336 991 336 988 336 985 336 981 332 948 312 675 332"/>
                  </Shape>
                  <String CONTENT="Anne vefve henri Villain dudit Courthedoubs, depose"
                          HPOS="675"
                          VPOS="186"
                          WIDTH="1861"
                          HEIGHT="163"/>
               </TextLine>
               <TextLine ID="eSc_line_089c5748"
                         BASELINE="705 389 1494 385 2539 415"
                         HPOS="699"
                         VPOS="306"
                         WIDTH="1840"
                         HEIGHT="143"
                         TAGREFS="LT118">
                  <Shape>
                     <Polygon POINTS="705 389 702 322 985 326 995 326 1085 306 1088 306 1091 306 1151 326 1161 329 1175 329 1284 309 1288 309 1291 309 1368 329 1378 332 1384 329 1431 312 1434 312 1437 312 1441 312 1444 312 1444 316 1461 332 1464 336 1544 336 1554 332 1597 316 1601 316 1604 316 1607 316 1611 316 1611 319 1627 336 1631 336 1690 336 2107 322 2110 322 2113 322 2150 342 2160 346 2170 342 2216 326 2220 326 2223 326 2226 326 2283 342 2293 349 2350 349 2356 346 2370 332 2370 329 2373 329 2376 329 2380 329 2539 349 2539 415 2536 432 2416 449 2413 449 2409 449 2380 432 2376 432 2346 449 2343 449 2340 449 2336 449 2300 432 2260 412 2127 412 2067 429 2027 442 2023 442 2023 445 2020 442 2017 442 1977 429 1917 412 1747 422 1744 422 1740 422 1670 405 1514 405 1467 425 1464 425 1461 425 1457 425 1454 425 1421 402 1238 422 1234 422 1231 422 1228 422 1208 405 1188 422 1185 422 1181 422 1178 422 1175 422 1115 399 988 402 961 422 958 425 955 425 952 425 948 425 699 419"/>
                  </Shape>
                  <String CONTENT="questant une fois aux Louvres Ladite, Annelin frapit"
                          HPOS="699"
                          VPOS="306"
                          WIDTH="1840"
                          HEIGHT="143"/>
               </TextLine>
               <TextLine ID="eSc_line_a479a1ae"
                         BASELINE="662 499 1108 472 2486 495"
                         HPOS="655"
                         VPOS="395"
                         WIDTH="1831"
                         HEIGHT="127"
                         TAGREFS="LT118">
                  <Shape>
                     <Polygon POINTS="662 499 659 419 898 419 922 399 922 395 925 395 928 395 932 395 1041 415 1095 395 1098 395 1101 395 1105 395 1155 415 1171 399 1175 399 1178 399 1181 399 1447 399 1451 399 1454 399 1491 425 1494 429 1674 429 1677 425 1760 402 1764 402 1767 402 1770 402 1820 429 1824 429 1874 405 1877 405 1880 405 2007 405 2010 405 2013 405 2013 409 2040 429 2130 405 2133 405 2137 405 2140 405 2200 432 2483 435 2486 495 2483 499 2323 522 2320 522 1963 502 1770 492 1714 502 1651 515 1647 515 1644 515 1641 515 1641 512 1631 502 1617 489 1447 489 1401 505 1398 505 1394 505 1391 505 1388 505 1384 505 1358 485 1025 485 998 505 995 509 991 509 988 509 985 509 981 509 971 505 932 492 892 505 885 509 882 509 878 509 655 505"/>
                  </Shape>
                  <String CONTENT="Ladite deposante de la main sur la droite espaule"
                          HPOS="655"
                          VPOS="395"
                          WIDTH="1831"
                          HEIGHT="127"/>
               </TextLine>
               <TextLine ID="eSc_line_1b98b1b0"
                         BASELINE="692 575 1241 562 2426 575"
                         HPOS="679"
                         VPOS="482"
                         WIDTH="1747"
                         HEIGHT="133"
                         TAGREFS="LT118">
                  <Shape>
                     <Polygon POINTS="692 575 682 512 732 485 735 485 738 485 742 485 745 485 782 509 878 482 882 482 885 482 1028 509 1071 482 1075 482 1078 482 1081 482 1294 482 1298 482 1301 482 1338 505 1428 482 1431 482 1434 482 1437 482 1441 482 1491 515 1617 515 1694 482 1697 482 1700 482 1920 515 1927 519 1973 519 1973 515 2000 492 2000 489 2003 489 2007 489 2010 489 2013 489 2067 509 2137 489 2140 489 2143 489 2146 489 2150 489 2150 492 2176 515 2176 519 2293 519 2293 515 2316 495 2320 495 2323 495 2326 495 2423 519 2426 575 2423 598 2360 608 2356 608 2353 608 2326 598 2290 585 2276 598 2263 608 2263 612 2260 612 2256 612 2256 615 2206 615 2203 612 2200 612 2196 612 2196 608 2183 598 2170 585 2020 585 1997 595 1967 612 1963 612 1963 615 1860 615 1857 612 1854 612 1790 592 1750 582 1677 592 1617 598 1614 598 1454 588 1331 582 1321 588 1311 598 1308 598 1304 598 1301 598 1298 598 1274 588 1264 582 1261 585 1248 598 1248 602 1244 602 1241 602 1238 602 1168 585 1148 582 1141 585 1111 608 1108 608 1105 608 1101 608 895 585 862 605 858 605 855 605 855 608 715 608 712 605 709 605 705 605 679 582"/>
                  </Shape>
                  <String CONTENT="En sorte que le Lendemain elle deposante fust"
                          HPOS="679"
                          VPOS="482"
                          WIDTH="1747"
                          HEIGHT="133"/>
               </TextLine>
               <TextLine ID="eSc_line_0e96c183"
                         BASELINE="699 665 2426 655"
                         HPOS="685"
                         VPOS="578"
                         WIDTH="1741"
                         HEIGHT="134"
                         TAGREFS="LT118">
                  <Shape>
                     <Polygon POINTS="699 665 685 605 709 585 712 585 715 585 718 585 722 585 785 605 795 612 918 612 925 605 952 585 955 585 958 585 961 585 965 585 1035 605 1055 608 1081 605 1168 585 1171 585 1261 598 1454 582 1457 582 1461 582 1464 582 1464 585 1484 602 1491 605 1507 602 1571 585 1574 585 1577 585 1581 585 1631 598 1654 605 1700 598 1844 578 1847 578 1973 582 1977 582 1980 582 1997 595 2000 602 2010 595 2043 582 2047 582 2050 582 2053 582 2087 595 2100 602 2416 595 2426 655 2423 665 2276 702 2273 702 2140 698 2137 698 2133 698 2133 695 2110 675 2070 702 2067 702 2063 702 2063 705 1953 705 1950 702 1947 702 1904 678 1880 668 1867 682 1844 702 1840 702 1837 702 1834 702 1830 702 1790 682 1770 675 1730 685 1644 705 1641 705 1637 705 1591 688 1541 672 1381 672 1364 685 1364 688 1361 688 1358 688 1354 688 1274 672 1228 695 1224 695 1221 695 1121 675 922 675 855 708 852 708 848 708 845 708 842 708 838 708 748 685 705 712"/>
                  </Shape>
                  <String CONTENT="Impotante de la droite partie de son corps."
                          HPOS="685"
                          VPOS="578"
                          WIDTH="1741"
                          HEIGHT="134"/>
               </TextLine>
               <TextLine ID="eSc_line_9de3f026"
                         BASELINE="695 761 1664 755 2499 785"
                         HPOS="689"
                         VPOS="672"
                         WIDTH="1810"
                         HEIGHT="136"
                         TAGREFS="LT118">
                  <Shape>
                     <Polygon POINTS="695 761 689 688 765 672 768 672 772 672 775 672 795 688 798 692 988 692 995 688 1025 672 1028 672 1031 672 1035 672 1038 672 1055 688 1061 692 1111 688 1231 675 1234 675 1308 688 1358 695 1368 688 1374 682 1374 678 1378 678 1381 678 1384 678 1567 678 1571 678 1604 688 1651 698 1750 688 1804 682 1807 682 1810 682 1814 682 1814 685 1817 685 1817 688 1827 698 2200 688 2203 688 2206 688 2210 688 2210 692 2213 692 2223 705 2496 688 2499 785 2496 805 2230 808 2226 808 2223 808 2203 801 2156 785 2010 798 1917 805 1913 805 1910 805 1894 795 1864 781 1680 781 1654 791 1624 801 1621 801 1617 801 1614 801 1584 788 1551 778 1378 778 1361 785 1331 798 1328 798 1324 798 1321 798 1278 785 1248 775 1168 781 1035 795 1031 795 689 771"/>
                  </Shape>
                  <String CONTENT="Ce quayant deposante aperceu et sestant mescrus"
                          HPOS="689"
                          VPOS="672"
                          WIDTH="1810"
                          HEIGHT="136"/>
               </TextLine>
               <TextLine ID="eSc_line_305e5e24"
                         BASELINE="682 845 2459 868"
                         HPOS="679"
                         VPOS="768"
                         WIDTH="1780"
                         HEIGHT="130"
                         TAGREFS="LT118">
                  <Shape>
                     <Polygon POINTS="682 845 679 788 832 768 835 768 971 791 985 791 995 791 1065 771 1068 771 1071 771 1075 771 1141 791 1181 771 1185 771 1188 771 1191 771 1194 771 1224 795 1228 795 1238 795 1374 775 1378 775 1381 775 1384 775 1408 791 1484 778 1487 778 1491 778 1494 778 1521 798 1524 798 1547 798 1837 781 1840 781 1973 805 1990 805 2010 805 2183 785 2186 785 2190 785 2193 785 2193 788 2196 788 2210 808 2213 811 2456 811 2459 868 2453 898 1860 878 1800 895 1784 898 1780 898 1777 898 1774 898 1770 898 1764 895 1744 878 1717 891 1707 898 1704 898 1700 898 1697 898 1674 891 1597 871 1534 891 1521 895 1517 895 1514 895 1511 895 1497 891 1437 868 679 881"/>
                  </Shape>
                  <String CONTENT="quelle Lui auroit donne tel mal. Surce que"
                          HPOS="679"
                          VPOS="768"
                          WIDTH="1780"
                          HEIGHT="130"/>
               </TextLine>
               <TextLine ID="eSc_line_faf20a62"
                         BASELINE="692 954 1098 945 2543 954"
                         HPOS="682"
                         VPOS="868"
                         WIDTH="1861"
                         HEIGHT="133"
                         TAGREFS="LT118">
                  <Shape>
                     <Polygon POINTS="692 954 682 891 732 868 735 868 738 868 742 868 788 888 812 868 815 868 818 868 822 868 1071 868 1075 868 1078 868 1101 888 1108 891 1125 888 1165 875 1168 875 1171 875 1368 885 1511 891 1521 881 1531 875 1531 871 1534 871 1537 871 1541 871 1704 881 1870 891 1900 878 1913 875 1917 875 1920 875 1923 875 1927 875 1930 878 1957 898 2413 898 2536 875 2543 954 2533 988 2463 971 2389 988 2346 998 2343 998 2280 988 2173 971 2060 988 1983 998 1980 998 1977 998 1947 988 1907 971 1890 988 1880 994 1880 998 1877 998 1874 998 1874 1001 1820 1001 1817 998 1814 998 1774 988 1714 968 1684 988 1680 988 1677 988 1674 988 1647 984 1514 971 1481 984 1461 994 1457 994 1454 994 1451 994 1447 994 1437 984 1428 974 1388 984 1364 991 1361 991 1358 991 1324 984 1241 968 1141 984 1115 988 1111 988 1108 988 1105 988 1101 984 1068 964 981 981 978 981 975 981 925 964 902 984 895 991 892 991 888 991 885 991 685 981"/>
                  </Shape>
                  <String CONTENT="deposante avoit ouys dire que quant on estoit"
                          HPOS="682"
                          VPOS="868"
                          WIDTH="1861"
                          HEIGHT="133"/>
               </TextLine>
               <TextLine ID="eSc_line_c4e00154"
                         BASELINE="699 1034 2503 1061"
                         HPOS="695"
                         VPOS="958"
                         WIDTH="1808"
                         HEIGHT="140"
                         TAGREFS="LT118">
                  <Shape>
                     <Polygon POINTS="699 1034 699 978 1051 981 1071 974 1111 961 1115 961 1118 961 1121 961 1175 974 1188 978 1208 974 1301 958 1304 958 1308 958 1348 974 1378 988 1507 974 1551 971 1554 971 1557 971 1571 974 1617 991 1647 974 1661 964 1664 964 1667 964 1670 964 1724 974 1827 998 2027 998 2053 974 2053 971 2057 971 2060 971 2063 971 2499 974 2503 1061 2496 1078 2423 1074 2413 1078 2383 1094 2380 1094 2376 1094 2243 1078 2170 1071 2133 1078 2053 1098 2050 1098 1913 1078 1810 1064 1704 1078 1670 1081 1667 1081 1641 1078 1557 1064 1507 1078 1481 1084 1477 1084 1474 1084 1471 1084 1451 1078 1414 1064 1358 1078 1321 1084 1318 1084 1314 1084 1288 1078 1228 1061 1045 1078 978 1081 975 1081 971 1081 968 1081 961 1078 918 1051 695 1074"/>
                  </Shape>
                  <String CONTENT="greve quon debvoit prendre de neufz sortes derbes"
                          HPOS="695"
                          VPOS="958"
                          WIDTH="1808"
                          HEIGHT="140"/>
               </TextLine>
               <TextLine ID="eSc_line_fb415636"
                         BASELINE="675 1138 2389 1144"
                         HPOS="669"
                         VPOS="1064"
                         WIDTH="1720"
                         HEIGHT="120"
                         TAGREFS="LT118">
                  <Shape>
                     <Polygon POINTS="675 1138 669 1084 738 1064 742 1064 745 1064 882 1064 885 1064 888 1064 908 1081 912 1084 925 1081 1011 1064 1015 1064 1298 1064 1301 1064 1304 1064 1321 1078 1328 1084 1341 1078 1378 1064 1381 1064 1384 1064 1388 1064 1391 1064 1391 1068 1404 1078 1411 1088 1534 1088 1634 1078 1697 1071 1700 1071 1704 1071 1727 1078 1774 1088 2386 1074 2389 1144 2389 1157 2303 1181 2300 1181 2296 1181 2293 1181 2233 1161 1940 1181 1937 1181 1933 1181 1894 1161 1877 1177 1877 1181 1874 1181 1870 1181 1870 1184 1784 1184 1780 1181 1611 1161 1554 1181 1551 1181 1547 1181 1544 1181 1541 1181 1541 1177 1524 1164 1308 1177 1304 1177 1301 1177 1298 1177 1298 1174 1281 1157 1278 1157 1038 1157 1031 1157 985 1177 981 1177 978 1177 669 1157"/>
                  </Shape>
                  <String CONTENT="du curtil de ceulx quon se mescroit. Elle"
                          HPOS="669"
                          VPOS="1064"
                          WIDTH="1720"
                          HEIGHT="120"/>
               </TextLine>
               <TextLine ID="eSc_line_b9b42439"
                         BASELINE="682 1237 1264 1231 2459 1251"
                         HPOS="672"
                         VPOS="1147"
                         WIDTH="1787"
                         HEIGHT="147"
                         TAGREFS="LT118">
                  <Shape>
                     <Polygon POINTS="682 1237 675 1167 935 1147 938 1147 942 1147 988 1167 1001 1171 1041 1167 1188 1151 1191 1151 1194 1151 1261 1167 1288 1177 1531 1177 1541 1167 1561 1154 1564 1154 1567 1154 1571 1154 1654 1171 1700 1181 1787 1181 1797 1171 1807 1161 1807 1157 1810 1157 1814 1157 1817 1157 1874 1171 1907 1177 1927 1171 1953 1161 1957 1161 1960 1161 1963 1161 1967 1161 1977 1171 1990 1181 2027 1171 2053 1164 2057 1164 2060 1164 2107 1171 2180 1184 2246 1171 2290 1164 2293 1164 2459 1174 2459 1251 2459 1257 2386 1287 2383 1287 2383 1291 2276 1291 2273 1287 2270 1287 2266 1287 2243 1267 2166 1281 2163 1281 2160 1281 2100 1257 2097 1257 2020 1291 2017 1291 2017 1294 1877 1294 1874 1291 1870 1291 1867 1291 1867 1287 1840 1264 1677 1277 1674 1277 1670 1277 1594 1257 1567 1251 1541 1257 1444 1277 1441 1277 1328 1257 1278 1247 1155 1247 1138 1254 1115 1271 1111 1271 1108 1271 1105 1271 1101 1271 1098 1271 1098 1267 1085 1254 1058 1267 1055 1267 1051 1267 968 1254 935 1251 925 1254 885 1277 882 1277 882 1281 735 1281 732 1277 728 1277 672 1254"/>
                  </Shape>
                  <String CONTENT="deposante alla prendre de neufz sortes derbes"
                          HPOS="672"
                          VPOS="1147"
                          WIDTH="1787"
                          HEIGHT="147"/>
               </TextLine>
               <TextLine ID="eSc_line_9feb6480"
                         BASELINE="702 1340 1381 1334 2499 1350"
                         HPOS="692"
                         VPOS="1257"
                         WIDTH="1811"
                         HEIGHT="127"
                         TAGREFS="LT118">
                  <Shape>
                     <Polygon POINTS="702 1340 695 1274 1281 1257 1284 1257 1431 1281 1451 1281 1477 1281 1670 1264 1674 1264 1800 1281 1870 1264 1874 1264 1877 1264 1880 1264 1884 1264 1884 1267 1904 1284 1910 1284 2007 1271 2010 1271 2146 1287 2166 1287 2170 1287 2200 1267 2203 1267 2206 1267 2210 1267 2413 1267 2416 1267 2503 1291 2499 1350 2496 1360 2150 1384 2146 1384 1997 1360 1993 1360 1963 1380 1960 1380 1957 1380 1953 1380 1950 1380 1877 1360 1857 1380 1854 1380 1850 1380 1850 1384 1717 1384 1714 1380 1710 1380 1641 1357 1634 1357 1627 1357 1584 1377 1581 1377 1577 1377 1364 1357 1348 1357 1344 1357 1294 1377 1291 1377 1288 1377 1284 1377 1244 1357 1238 1354 1231 1357 1188 1374 1185 1374 1181 1374 1178 1374 1111 1357 1095 1354 908 1354 902 1354 882 1370 878 1370 875 1370 872 1370 868 1370 865 1370 845 1354 838 1350 815 1354 738 1370 735 1370 732 1370 692 1354"/>
                  </Shape>
                  <String CONTENT="au curtil dicelle, quelle cuyt en faist une"
                          HPOS="692"
                          VPOS="1257"
                          WIDTH="1811"
                          HEIGHT="127"/>
               </TextLine>
               <TextLine ID="eSc_line_771c5b6b"
                         BASELINE="748 1447 1364 1437 2356 1457"
                         HPOS="745"
                         VPOS="1357"
                         WIDTH="1611"
                         HEIGHT="133"
                         TAGREFS="LT118">
                  <Shape>
                     <Polygon POINTS="748 1447 745 1357 1078 1377 1318 1360 1351 1360 1354 1360 1358 1360 1361 1360 1398 1384 1571 1384 1591 1364 1594 1364 1597 1364 1601 1364 1611 1364 1690 1384 1724 1367 1727 1367 1730 1367 1837 1384 1973 1367 1997 1367 2000 1367 2003 1367 2007 1367 2030 1387 2350 1374 2356 1457 2350 1474 2220 1467 2206 1477 2196 1487 2193 1487 2190 1487 2063 1490 2060 1490 2057 1490 2053 1490 2037 1477 2020 1464 1970 1477 1920 1487 1917 1487 1913 1487 1910 1487 1910 1484 1900 1477 1887 1464 1760 1464 1720 1477 1697 1484 1694 1484 1690 1484 1614 1477 1447 1460 1391 1477 1371 1484 1368 1484 1364 1484 1361 1484 1344 1477 1291 1457 1158 1474 1155 1474 1151 1474 1118 1457 1078 1477 1071 1480 1068 1480 1065 1480 1061 1480 1051 1477 998 1460 745 1477"/>
                  </Shape>
                  <String CONTENT="soppe et la mangea dont deans huit Jours"
                          HPOS="745"
                          VPOS="1357"
                          WIDTH="1611"
                          HEIGHT="133"/>
               </TextLine>
               <TextLine ID="eSc_line_df9977e0"
                         BASELINE="685 1543 1687 1530 2263 1547 2539 1573"
                         HPOS="682"
                         VPOS="1457"
                         WIDTH="1857"
                         HEIGHT="126"
                         TAGREFS="LT118">
                  <Shape>
                     <Polygon POINTS="685 1543 682 1477 785 1480 795 1477 838 1457 842 1457 845 1457 848 1457 852 1457 852 1460 868 1477 875 1484 1045 1484 1078 1477 1241 1457 1244 1457 1694 1480 1710 1480 1714 1480 1744 1460 1747 1460 1750 1460 1754 1460 1907 1460 1910 1460 1997 1484 2003 1484 2007 1484 2047 1460 2050 1460 2053 1460 2057 1460 2060 1460 2087 1484 2090 1487 2200 1487 2203 1484 2240 1460 2243 1460 2246 1460 2250 1460 2330 1460 2333 1460 2383 1484 2383 1487 2536 1487 2539 1573 2533 1580 1657 1557 1621 1580 1617 1580 1614 1580 1614 1583 1364 1583 1361 1580 1358 1580 1354 1580 1354 1577 1328 1553 1224 1553 988 1553 928 1577 925 1577 922 1577 748 1557 685 1577"/>
                  </Shape>
                  <String CONTENT="ensuiguant elle fust guarie. Et croit fermement"
                          HPOS="682"
                          VPOS="1457"
                          WIDTH="1857"
                          HEIGHT="126"/>
               </TextLine>
               <TextLine ID="eSc_line_609858a9"
                         BASELINE="705 1637 1860 1630 2423 1653"
                         HPOS="695"
                         VPOS="1547"
                         WIDTH="1728"
                         HEIGHT="160"
                         TAGREFS="LT118">
                  <Shape>
                     <Polygon POINTS="705 1637 695 1567 762 1547 765 1547 768 1547 772 1547 775 1547 775 1550 795 1567 802 1577 1001 1577 1008 1567 1028 1550 1028 1547 1031 1547 1035 1547 1038 1547 1131 1547 1228 1570 1248 1573 1258 1570 1308 1547 1311 1547 1314 1547 1318 1547 1368 1570 1374 1573 1388 1570 1444 1557 1447 1557 1451 1557 1524 1573 1551 1577 1564 1573 1614 1550 1617 1550 1621 1550 1704 1567 1834 1550 1837 1550 2067 1577 2083 1577 2087 1577 2110 1553 2110 1550 2113 1550 2117 1550 2120 1550 2123 1550 2180 1567 2236 1550 2240 1550 2243 1550 2246 1550 2250 1550 2250 1553 2276 1577 2276 1580 2419 1580 2423 1653 2419 1707 2296 1707 2293 1703 2290 1703 2286 1703 2236 1667 2180 1677 2176 1677 2173 1677 2170 1677 2170 1673 2143 1653 1937 1653 1900 1670 1897 1670 1894 1670 1890 1670 1844 1653 1797 1687 1794 1687 1790 1687 1787 1687 1784 1687 1780 1687 1754 1670 1687 1703 1684 1703 1680 1703 1677 1703 1674 1703 1670 1703 1641 1687 1584 1703 1581 1703 1577 1703 1574 1703 1571 1703 1567 1703 1521 1663 1411 1677 1408 1677 1404 1677 1321 1653 1268 1697 1264 1697 1261 1697 1258 1697 1254 1697 1165 1653 1025 1673 1021 1673 1018 1673 1015 1673 1015 1670 998 1657 865 1700 862 1700 858 1700 855 1700 782 1670 705 1700"/>
                  </Shape>
                  <String CONTENT="que parlattouchement predit telle maladie Lui"
                          HPOS="695"
                          VPOS="1547"
                          WIDTH="1728"
                          HEIGHT="160"/>
               </TextLine>
               <TextLine ID="eSc_line_18021c4c"
                         BASELINE="705 1733 1241 1723"
                         HPOS="695"
                         VPOS="1647"
                         WIDTH="546"
                         HEIGHT="136"
                         TAGREFS="LT118">
                  <Shape>
                     <Polygon POINTS="705 1733 695 1680 758 1653 762 1653 765 1653 858 1673 938 1650 942 1650 945 1650 1035 1663 1045 1650 1048 1650 1048 1647 1051 1647 1055 1647 1058 1647 1061 1647 1065 1647 1098 1670 1234 1670 1241 1723 1238 1770 1098 1746 1025 1773 1021 1773 1018 1773 1015 1773 1011 1773 981 1753 855 1773 852 1773 848 1773 802 1753 778 1776 778 1780 775 1780 772 1780 772 1783 705 1783"/>
                  </Shape>
                  <String CONTENT="estoit advenue."
                          HPOS="695"
                          VPOS="1647"
                          WIDTH="546"
                          HEIGHT="136"/>
               </TextLine>
               <TextLine ID="eSc_line_13a34cfb"
                         BASELINE="625 1929 1301 1913 2293 1946"
                         HPOS="619"
                         VPOS="1813"
                         WIDTH="1674"
                         HEIGHT="146"
                         TAGREFS="LT118">
                  <Shape>
                     <Polygon POINTS="625 1929 619 1833 705 1813 709 1813 858 1836 885 1840 908 1836 1035 1816 1038 1816 1041 1816 1128 1843 1135 1843 1171 1816 1175 1816 1178 1816 1181 1816 1338 1846 1344 1846 1348 1846 1394 1823 1398 1823 1401 1823 1604 1823 1607 1823 1611 1823 1654 1853 1657 1856 1747 1856 1747 1853 1827 1826 1830 1826 1834 1826 1837 1826 1953 1856 2047 1840 2050 1840 2293 1866 2293 1946 2286 1959 622 1936"/>
                  </Shape>
                  <String CONTENT="Esibel, femme henry Vellain dudit Courthedoubs"
                          HPOS="619"
                          VPOS="1813"
                          WIDTH="1674"
                          HEIGHT="146"/>
               </TextLine>
               <TextLine ID="eSc_line_cafbeee2"
                         BASELINE="685 2009 1664 2009 2416 2049"
                         HPOS="679"
                         VPOS="1913"
                         WIDTH="1737"
                         HEIGHT="166"
                         TAGREFS="LT118">
                  <Shape>
                     <Polygon POINTS="685 2009 679 1929 715 1913 718 1913 722 1913 725 1913 728 1913 755 1929 768 1936 892 1933 1025 1926 1028 1926 1081 1933 1141 1943 1151 1933 1161 1926 1161 1923 1165 1923 1168 1923 1171 1923 1244 1936 1274 1939 1301 1936 1364 1926 1368 1926 1371 1926 1398 1936 1431 1949 1504 1939 1524 1936 1527 1936 1547 1939 1627 1953 1641 1939 1644 1939 1644 1936 1647 1936 1651 1936 1654 1936 1677 1939 1760 1956 1960 1943 2030 1939 2033 1939 2037 1939 2053 1943 2113 1963 2193 1946 2213 1943 2216 1943 2240 1946 2323 1963 2413 1949 2416 2049 2413 2066 2323 2079 2320 2079 2316 2079 2263 2066 2233 2059 2216 2066 2183 2079 2180 2079 2176 2079 2173 2079 2170 2079 2170 2076 2156 2066 2140 2049 2113 2066 2083 2079 2080 2079 2077 2079 2000 2063 1907 2043 1844 2059 1840 2059 1837 2059 1567 2036 1521 2036 1487 2059 1481 2066 1477 2066 1474 2066 1471 2066 1408 2059 1344 2049 1291 2056 1251 2063 1248 2063 1244 2063 1241 2063 1231 2056 1185 2029 1005 2053 981 2056 978 2056 975 2056 971 2056 968 2053 922 2026 848 2053 845 2053 842 2053 838 2053 679 2049"/>
                  </Shape>
                  <String CONTENT="depose quelle este ester malade en ung genoil"
                          HPOS="679"
                          VPOS="1913"
                          WIDTH="1737"
                          HEIGHT="166"/>
               </TextLine>
               <TextLine ID="eSc_line_ef4e93d9"
                         BASELINE="695 2116 1577 2099 2353 2119"
                         HPOS="692"
                         VPOS="2033"
                         WIDTH="1661"
                         HEIGHT="109"
                         TAGREFS="LT118">
                  <Shape>
                     <Polygon POINTS="695 2116 692 2059 845 2059 878 2033 882 2033 885 2033 888 2033 988 2056 1035 2033 1038 2033 1041 2033 1198 2049 1241 2033 1244 2033 1248 2033 1251 2033 1254 2033 1254 2036 1271 2049 1291 2033 1294 2033 1298 2033 1301 2033 1434 2056 1497 2036 1501 2036 1923 2033 1927 2033 1930 2033 1987 2059 2350 2059 2353 2119 2350 2126 2117 2142 2113 2142 2110 2142 2067 2129 2033 2119 1541 2116 1401 2136 1354 2142 1351 2142 1348 2142 1338 2136 1294 2116 1011 2116 912 2142 905 2142 902 2142 898 2142 885 2142 768 2122 695 2142"/>
                  </Shape>
                  <String CONTENT="mais ne scait dou procede telle maladie."
                          HPOS="692"
                          VPOS="2033"
                          WIDTH="1661"
                          HEIGHT="109"/>
               </TextLine>
               <TextLine ID="eSc_line_ceb86086"
                         BASELINE="702 2202 1542 2182"
                         HPOS="689"
                         VPOS="2099"
                         WIDTH="852"
                         HEIGHT="190"
                         TAGREFS="LT118">
                  <Shape>
                     <Polygon POINTS="699 2199 689 2136 755 2106 758 2106 762 2106 898 2119 1065 2099 1068 2099 1071 2099 1075 2099 1075 2102 1095 2119 1098 2122 1101 2119 1165 2099 1168 2099 1171 2099 1261 2116 1278 2116 1531 2106 1541 2179 1531 2259 1487 2229 1404 2229 1354 2266 1341 2276 1338 2276 1334 2276 1331 2276 1328 2276 1308 2266 1261 2246 1238 2269 1228 2276 1228 2279 1224 2279 1221 2279 1221 2282 1151 2282 1148 2279 1145 2279 1131 2272 1051 2242 991 2266 988 2266 985 2266 981 2266 948 2252 918 2279 915 2279 912 2279 699 2289"/>
                  </Shape>
                  <String CONTENT="Ne scait aultre chose."
                          HPOS="689"
                          VPOS="2099"
                          WIDTH="852"
                          HEIGHT="190"/>
               </TextLine>
            </TextBlock>
            <TextBlock HPOS="2409"
                       VPOS="3793"
                       WIDTH="50"
                       HEIGHT="50"
                       ID="eSc_textblock_fd30e9a2"
                       TAGREFS="BT371">
               <Shape>
                  <Polygon POINTS="2409 3843 2409 3793 2459 3793 2459 3843"/>
               </Shape>
               <TextLine ID="eSc_line_d1a52f1f"
                         BASELINE="2423 3843 2443 3839"
                         HPOS="2399"
                         VPOS="3743"
                         WIDTH="47"
                         HEIGHT="120"
                         TAGREFS="LT118">
                  <Shape>
                     <Polygon POINTS="2423 3843 2399 3753 2419 3743 2443 3839 2446 3856 2426 3863"/>
                  </Shape>
                  <String CONTENT="2" HPOS="2399" VPOS="3743" WIDTH="47" HEIGHT="120"/>
               </TextLine>
            </TextBlock>
         </PrintSpace>
      </Page>
   </Layout>
</alto>
