<alto xmlns:xsi="http://www.w3.org/2001/XMLSchema-instance"
      xmlns="http://www.loc.gov/standards/alto/ns-v4#"
      xsi:schemaLocation="http://www.loc.gov/standards/alto/ns-v4# http://www.loc.gov/standards/alto/v4/alto-4-2.xsd">
   <Description>
      <MeasurementUnit>pixel</MeasurementUnit>
      <sourceImageInformation>
         <fileName>B_168_15-9-2_0006.jpg</fileName>
      </sourceImageInformation>
   </Description>
   <Tags>
      <OtherTag ID="BT365"
                LABEL="MainZone:column"
                DESCRIPTION="block type MainZone:column"/>
      <OtherTag ID="BT367" LABEL="MainZone" DESCRIPTION="block type MainZone"/>
      <OtherTag ID="BT368"
                LABEL="MarginTextZone"
                DESCRIPTION="block type MarginTextZone"/>
      <OtherTag ID="BT369"
                LABEL="MarginTextZone:note"
                DESCRIPTION="block type MarginTextZone:note"/>
      <OtherTag ID="BT370"
                LABEL="NumberingZone:other"
                DESCRIPTION="block type NumberingZone:other"/>
      <OtherTag ID="BT371"
                LABEL="NumberingZone:page"
                DESCRIPTION="block type NumberingZone:page"/>
      <OtherTag ID="BT379"
                LABEL="DecorationZone"
                DESCRIPTION="block type DecorationZone"/>
      <OtherTag ID="BT380"
                LABEL="CustomZone:signature"
                DESCRIPTION="block type CustomZone:signature"/>
      <OtherTag ID="LT118" LABEL="DefaultLine" DESCRIPTION="line type DefaultLine"/>
      <OtherTag ID="LT119" LABEL="HeadingLine" DESCRIPTION="line type HeadingLine"/>
      <OtherTag ID="LT120"
                LABEL="InterlinearLine"
                DESCRIPTION="line type InterlinearLine"/>
   </Tags>
   <Layout>
      <Page WIDTH="2754"
            HEIGHT="3743"
            PHYSICAL_IMG_NR="27"
            ID="eSc_dummypage_">
         <PrintSpace HPOS="0" VPOS="0" WIDTH="2754" HEIGHT="3743">
            <TextBlock HPOS="260"
                       VPOS="174"
                       WIDTH="155"
                       HEIGHT="121"
                       ID="eSc_textblock_9010a5d8"
                       TAGREFS="BT368">
               <Shape>
                  <Polygon POINTS="260 286 263 174 415 174 406 295"/>
               </Shape>
               <TextLine ID="eSc_line_87ecbfb0"
                         BASELINE="284 257 398 257"
                         HPOS="274"
                         VPOS="152"
                         WIDTH="122"
                         HEIGHT="138"
                         TAGREFS="LT118">
                  <Shape>
                     <Polygon POINTS="281 255 274 187 390 152 396 255 396 271 281 290"/>
                  </Shape>
                  <String CONTENT=".5."
                          HPOS="274"
                          VPOS="152"
                          WIDTH="122"
                          HEIGHT="138"/>
               </TextLine>
            </TextBlock>
            <TextBlock HPOS="724"
                       VPOS="162"
                       WIDTH="1830"
                       HEIGHT="3028"
                       ID="eSc_textblock_e51701a1"
                       TAGREFS="BT367">
               <Shape>
                  <Polygon POINTS="2541 1107 2466 1297 2441 1584 2491 1768 2454 1830 2316 1871 2479 1983 2416 2255 2529 2308 2504 2716 2541 2891 2479 3190 799 3190 736 2854 786 2641 774 2008 724 1980 811 1905 724 1868 774 1494 736 823 799 162 1099 212 2491 237 2491 296 2416 336 2554 673 2504 823"/>
               </Shape>
               <TextLine ID="eSc_line_188ed1de"
                         BASELINE="786 286 2472 268"
                         HPOS="780"
                         VPOS="180"
                         WIDTH="1692"
                         HEIGHT="150"
                         TAGREFS="LT118">
                  <Shape>
                     <Polygon POINTS="786 286 780 190 939 190 942 190 946 190 1017 237 1127 233 1167 205 1170 205 1174 205 1177 205 1180 205 1183 205 1217 233 1323 212 1327 212 1330 212 1367 230 1451 199 1483 190 1486 190 1489 190 1492 190 1495 190 1514 202 1561 230 1676 230 1757 205 1842 184 1845 184 1848 184 1851 184 1854 184 1854 187 1870 199 1910 184 1914 184 1917 184 1920 184 1923 184 1964 212 1982 221 2013 212 2107 180 2110 180 2113 180 2117 180 2182 212 2266 187 2270 187 2273 187 2276 187 2329 218 2341 221 2463 221 2472 268 2472 286 2216 286 2210 286 2176 305 2173 305 2170 305 2166 305 2117 290 2082 318 2079 318 2076 318 2076 321 1951 321 1948 318 1945 318 1942 318 1907 290 1857 321 1854 321 1851 321 1848 321 1629 299 1567 321 1564 321 1561 321 1392 296 1389 296 1386 296 1139 327 1136 327 1133 327 1061 302 992 330 989 330 986 330 983 330 908 302 786 302"/>
                  </Shape>
                  <String CONTENT="Jehan mahon de Beurnevesain depose Que"
                          HPOS="780"
                          VPOS="180"
                          WIDTH="1692"
                          HEIGHT="150"/>
               </TextLine>
               <TextLine ID="eSc_line_c1a4da85"
                         BASELINE="786 361 2360 371"
                         HPOS="783"
                         VPOS="286"
                         WIDTH="1580"
                         HEIGHT="128"
                         TAGREFS="LT118">
                  <Shape>
                     <Polygon POINTS="786 361 786 286 1314 318 1455 318 1476 296 1476 293 1480 293 1483 293 1486 293 1614 293 1617 293 1658 311 1726 293 1729 293 1732 293 1736 293 1739 293 1739 296 1764 315 1860 296 1864 296 1967 318 2045 299 2048 299 2051 299 2207 318 2354 296 2360 371 2363 386 2326 408 2323 408 2319 408 2316 408 2313 408 2251 386 2245 386 2195 389 1976 402 1973 402 1970 402 1945 393 1939 389 1929 393 1842 414 1839 414 1836 414 1714 396 1642 383 1526 396 1498 399 1495 399 1492 399 1489 399 1467 386 1455 399 1442 408 1442 411 1439 411 1436 411 1436 414 1314 414 1311 411 1252 399 1152 380 1039 402 1008 408 1005 408 1002 408 986 405 914 380 783 405"/>
                  </Shape>
                  <String CONTENT="par ung soir en presentce de plusieurs Que ledit"
                          HPOS="783"
                          VPOS="286"
                          WIDTH="1580"
                          HEIGHT="128"/>
               </TextLine>
               <TextLine ID="eSc_line_f242c079"
                         BASELINE="789 464 2319 452 2376 467"
                         HPOS="777"
                         VPOS="377"
                         WIDTH="1602"
                         HEIGHT="131"
                         TAGREFS="LT118">
                  <Shape>
                     <Polygon POINTS="789 464 777 417 821 386 824 386 827 386 830 386 933 386 936 386 939 386 939 389 967 414 1074 414 1099 393 1099 389 1102 389 1105 389 1108 389 1111 389 1114 389 1114 393 1130 405 1158 386 1161 386 1164 386 1167 386 1264 408 1286 389 1289 389 1292 389 1295 389 1433 408 1586 383 1589 383 1592 383 1629 405 1658 380 1661 380 1664 380 1667 380 1670 380 1757 408 1829 408 1898 408 1898 405 1942 386 1945 386 1948 386 1951 386 2017 402 2092 383 2095 383 2098 383 2185 402 2210 380 2210 377 2213 377 2216 377 2220 377 2379 402 2376 467 2373 499 2173 499 2170 495 2166 495 2163 495 2117 464 2085 492 2085 495 2082 495 2079 495 2076 495 2073 495 2017 467 1945 467 1923 486 1923 489 1920 489 1917 489 1914 489 1910 489 1907 489 1873 467 1686 467 1642 492 1639 492 1636 492 1633 492 1629 492 1551 470 1361 489 1358 489 1252 470 1183 492 1180 492 1177 492 1174 492 1127 474 1064 499 1049 505 1046 505 1046 508 914 508 911 505 908 505 905 505 899 499 874 480 789 499"/>
                  </Shape>
                  <String CONTENT="Henri se declaira que Il avoit empeiche par"
                          HPOS="777"
                          VPOS="377"
                          WIDTH="1602"
                          HEIGHT="131"/>
               </TextLine>
               <TextLine ID="eSc_line_a3c67b2c"
                         BASELINE="793 558 1801 539 2482 548"
                         HPOS="786"
                         VPOS="461"
                         WIDTH="1696"
                         HEIGHT="128"
                         TAGREFS="LT118">
                  <Shape>
                     <Polygon POINTS="793 558 786 486 852 470 855 470 858 470 883 483 902 495 1077 495 1111 483 1155 467 1158 467 1161 467 1305 483 1342 486 1377 483 1486 467 1489 467 1492 467 1495 467 1514 483 1526 492 1554 483 1601 464 1604 464 1608 464 1611 464 1614 464 1636 480 1798 464 1801 464 1804 464 1807 464 1807 467 1823 480 1832 492 1870 492 1889 480 1917 461 1920 461 1923 461 1926 461 1929 461 1967 480 1979 486 2204 486 2210 480 2226 464 2226 461 2229 461 2232 461 2235 461 2238 461 2241 461 2270 480 2279 483 2476 480 2482 548 2482 564 2376 577 2373 577 2369 577 2341 567 2301 552 2195 567 2142 573 2138 573 2135 573 2110 567 2054 552 2035 567 2017 583 2013 583 2010 583 2010 586 1932 586 1929 583 1926 583 1923 583 1923 580 1910 567 1895 555 1714 555 1695 567 1676 586 1673 586 1670 586 1667 586 1551 570 1539 586 1536 586 1536 589 1533 589 1530 589 1526 589 1414 570 1364 561 1336 570 1308 580 1305 580 1302 580 1298 580 1295 580 1295 577 1286 570 1273 558 793 570"/>
                  </Shape>
                  <String CONTENT="deux ou trois nuct sa femme que se vouloit"
                          HPOS="786"
                          VPOS="461"
                          WIDTH="1696"
                          HEIGHT="128"/>
               </TextLine>
               <TextLine ID="eSc_line_51760754"
                         BASELINE="774 623 2476 642"
                         HPOS="765"
                         VPOS="561"
                         WIDTH="1711"
                         HEIGHT="115"
                         TAGREFS="LT118">
                  <Shape>
                     <Polygon POINTS="774 623 771 570 1011 561 1014 561 1017 561 1067 573 1105 583 1136 573 1180 564 1183 564 1186 564 1286 577 1352 586 1370 580 1398 567 1401 567 1405 567 1545 583 1620 589 1642 583 1670 573 1673 573 1676 573 1679 573 1711 586 1720 589 1726 586 1739 573 1739 570 1742 570 1745 570 1748 570 1751 570 1817 586 1829 589 1836 586 1873 570 1876 570 1879 570 1882 570 1929 589 1945 592 2032 589 2366 577 2369 577 2472 598 2476 642 2472 661 2376 673 2373 673 2307 661 2291 658 2282 661 2232 676 2229 676 2226 676 2223 676 2220 676 2191 658 2185 655 2182 658 2157 673 2154 673 2151 673 2151 676 2038 676 2035 673 2032 673 2029 673 2029 670 2013 658 2010 655 1970 655 1742 667 1739 667 1736 667 1695 651 1683 664 1683 667 1679 667 1676 667 1673 667 1670 667 1617 651 1604 648 1595 651 1533 667 1530 667 1526 667 1170 645 1155 645 1152 645 1058 664 1055 664 1052 664 986 642 980 642 971 642 821 661 818 661 814 661 765 639"/>
                  </Shape>
                  <String CONTENT="relever pour aller mectre le feug en la"
                          HPOS="765"
                          VPOS="561"
                          WIDTH="1711"
                          HEIGHT="115"/>
               </TextLine>
               <TextLine ID="eSc_line_f96e9ac3"
                         BASELINE="765 711 2204 729 2544 745"
                         HPOS="765"
                         VPOS="633"
                         WIDTH="1779"
                         HEIGHT="146"
                         TAGREFS="LT118">
                  <Shape>
                     <Polygon POINTS="765 711 765 658 1089 661 1105 655 1167 633 1170 633 1174 633 1177 633 1180 633 1211 651 1267 633 1270 633 1273 633 1277 633 1320 655 1339 664 1361 655 1389 645 1392 645 1395 645 1495 655 1586 664 1617 655 1667 639 1670 639 1673 639 1676 639 1717 655 1757 670 1954 655 2070 645 2073 645 2076 645 2079 645 2088 655 2117 673 2151 655 2163 648 2166 648 2170 648 2173 648 2188 655 2238 673 2288 655 2304 648 2307 648 2310 648 2313 648 2316 648 2316 651 2319 655 2344 683 2379 683 2444 655 2451 651 2454 651 2457 651 2541 655 2544 745 2535 770 2469 754 2410 770 2391 773 2388 773 2385 773 2382 773 2373 770 2332 748 2304 767 2295 776 2291 776 2288 776 2288 779 2195 779 2191 776 2188 776 2166 767 2123 742 2073 764 2054 773 2051 773 2048 773 1998 764 1901 742 1870 761 1857 770 1854 770 1851 770 1851 773 1698 773 1695 770 1692 770 1667 757 1608 733 1501 748 1498 748 1495 748 1414 729 1289 742 1286 742 1283 742 1280 742 1280 739 1277 739 1267 726 1152 726 1117 751 1108 761 1105 761 1102 761 1099 761 1095 761 1055 751 961 723 921 739 918 739 914 739 833 723 765 745"/>
                  </Shape>
                  <String CONTENT="maison de ses freres Et quil sen deschargeoit"
                          HPOS="765"
                          VPOS="633"
                          WIDTH="1779"
                          HEIGHT="146"/>
               </TextLine>
               <TextLine ID="eSc_line_0cf59808"
                         BASELINE="793 767 1236 776"
                         HPOS="786"
                         VPOS="714"
                         WIDTH="450"
                         HEIGHT="84"
                         TAGREFS="LT118">
                  <Shape>
                     <Polygon POINTS="793 767 789 717 1230 714 1236 776 1230 798 786 782"/>
                  </Shape>
                  <String CONTENT="de tel faict"
                          HPOS="786"
                          VPOS="714"
                          WIDTH="450"
                          HEIGHT="84"/>
               </TextLine>
               <TextLine ID="eSc_line_54268c05"
                         BASELINE="752 842 1786 839 2295 854 2401 873"
                         HPOS="743"
                         VPOS="767"
                         WIDTH="1658"
                         HEIGHT="118"
                         TAGREFS="LT118">
                  <Shape>
                     <Polygon POINTS="752 842 743 789 808 767 811 767 814 767 918 767 921 767 924 767 924 770 942 786 1124 767 1127 767 1245 789 1255 792 1333 792 1333 789 1352 773 1352 770 1355 770 1358 770 1361 770 1561 789 1570 789 1576 789 1664 770 1667 770 1767 789 1782 792 1789 789 1820 773 1823 773 1826 773 1829 773 1832 773 1857 789 1860 792 1860 789 1885 773 1889 773 1892 773 1895 773 1898 773 1951 789 1964 792 1976 789 2057 773 2060 773 2063 773 2067 773 2088 789 2092 792 2110 789 2204 776 2207 776 2210 776 2260 792 2266 792 2270 792 2304 773 2307 773 2310 773 2401 792 2401 873 2398 885 2017 885 2013 882 2010 882 2007 882 2004 879 1989 864 1954 876 1942 882 1939 882 1935 882 1932 882 1920 876 1873 854 1807 867 1804 867 1801 867 1798 867 1773 851 1570 851 1492 870 1489 870 1486 870 1480 870 1392 851 1348 867 1317 879 1314 879 1311 879 1211 876 1208 876 1205 876 1205 873 1195 867 1183 851 1030 851 1011 864 996 876 992 876 989 876 986 876 983 876 933 860 896 851 749 857"/>
                  </Shape>
                  <String CONTENT="Dit quil a ouys dire Que lon chargeoit et"
                          HPOS="743"
                          VPOS="767"
                          WIDTH="1658"
                          HEIGHT="118"/>
               </TextLine>
               <TextLine ID="eSc_line_4d482ff2"
                         BASELINE="805 920 2491 938"
                         HPOS="802"
                         VPOS="848"
                         WIDTH="1689"
                         HEIGHT="122"
                         TAGREFS="LT118">
                  <Shape>
                     <Polygon POINTS="805 920 802 867 936 848 939 848 1014 864 1024 867 1033 864 1080 848 1083 848 1086 848 1164 864 1189 870 1195 864 1211 851 1214 851 1217 851 1220 851 1224 851 1267 864 1277 867 1283 864 1327 851 1330 851 1333 851 1336 851 1386 864 1417 873 1495 864 1595 854 1598 854 1601 854 1604 854 1604 857 1614 864 1623 873 1645 864 1667 857 1670 857 1673 857 1676 857 1704 864 1748 879 1948 879 1989 864 1992 864 1995 864 1998 864 2023 864 2257 882 2316 864 2319 864 2323 864 2326 864 2335 864 2451 882 2482 864 2491 938 2485 957 2288 951 2260 957 2216 970 2213 970 2210 970 2207 970 2204 970 2188 957 2170 945 2154 957 2148 963 2145 963 2142 963 2138 963 2135 963 2107 957 2054 945 1989 957 1932 966 1929 966 1926 966 1923 966 1910 957 1885 941 1792 954 1789 954 1526 938 1464 954 1442 960 1439 960 1436 960 1408 954 1327 935 1245 954 1227 957 1224 957 1220 957 1217 957 1214 954 1186 932 1067 932 1011 954 1008 954 1005 954 1002 954 986 954 886 938 802 951"/>
                  </Shape>
                  <String CONTENT="suspitionoit sont plus de quinze ans que ladite"
                          HPOS="802"
                          VPOS="848"
                          WIDTH="1689"
                          HEIGHT="122"/>
               </TextLine>
               <TextLine ID="eSc_line_337146f0"
                         BASELINE="774 995 2526 1010"
                         HPOS="768"
                         VPOS="926"
                         WIDTH="1758"
                         HEIGHT="115"
                         TAGREFS="LT118">
                  <Shape>
                     <Polygon POINTS="774 995 771 938 880 926 883 926 886 926 924 938 955 945 1005 938 1077 926 1080 926 1083 926 1108 938 1127 945 1167 938 1211 929 1214 929 1217 929 1242 938 1270 948 1283 938 1289 932 1289 929 1292 929 1295 929 1298 929 1383 929 1386 929 1389 929 1389 932 1395 938 1408 951 1533 951 1586 938 1608 932 1611 932 1614 932 1617 932 1620 932 1626 938 1642 954 1745 954 1795 938 1817 932 1820 932 1823 932 1860 938 1948 954 2007 938 2020 935 2023 935 2026 935 2051 938 2179 960 2304 960 2326 941 2329 941 2332 941 2335 941 2338 941 2373 957 2423 938 2426 938 2429 938 2432 938 2479 957 2519 938 2526 1010 2516 1041 2451 1023 2126 1035 2048 1038 2045 1038 2042 1038 2032 1035 2001 1019 1973 1035 1964 1038 1960 1038 1957 1038 1954 1038 1939 1032 1892 1019 1670 1029 1517 1035 1514 1035 1511 1035 1492 1026 1464 1013 1339 1013 1317 1023 1298 1032 1295 1032 1292 1032 1289 1032 1258 1023 1230 1013 1208 1023 1183 1032 1180 1032 1177 1032 768 1013"/>
                  </Shape>
                  <String CONTENT="Agatte estoit une genauche Et quelle avoit"
                          HPOS="768"
                          VPOS="926"
                          WIDTH="1758"
                          HEIGHT="115"/>
               </TextLine>
               <TextLine ID="eSc_line_c4118af4"
                         BASELINE="808 1091 2519 1085"
                         HPOS="796"
                         VPOS="1010"
                         WIDTH="1726"
                         HEIGHT="144"
                         TAGREFS="LT118">
                  <Shape>
                     <Polygon POINTS="808 1091 796 1035 830 1013 833 1013 836 1013 839 1013 958 1013 961 1013 964 1013 992 1032 1002 1038 1067 1032 1161 1023 1164 1023 1248 1029 1355 1038 1377 1029 1401 1016 1405 1016 1514 1013 1517 1013 1520 1013 1554 1026 1592 1038 1642 1023 1689 1010 1692 1010 1695 1010 1757 1023 1776 1026 1798 1023 1845 1010 1848 1010 1851 1010 1854 1010 1857 1010 1857 1013 1867 1019 1882 1035 1920 1019 1923 1019 1926 1019 1929 1019 1932 1019 1935 1019 1951 1035 1985 1019 1989 1019 1992 1019 2004 1019 2316 1035 2351 1013 2354 1010 2357 1010 2360 1010 2363 1010 2513 1013 2519 1085 2522 1110 2472 1147 2469 1147 2466 1147 2466 1150 2101 1150 2098 1147 2095 1147 2035 1122 1979 1097 1742 1116 1739 1116 1736 1116 1732 1116 1704 1097 1608 1132 1589 1138 1586 1138 1583 1138 1579 1138 1576 1138 1576 1135 1573 1132 1545 1107 1436 1119 1433 1119 1136 1097 1108 1116 1105 1116 1102 1116 1099 1116 1095 1116 1055 1097 961 1122 958 1122 955 1122 874 1107 814 1154"/>
                  </Shape>
                  <String CONTENT="fait a mourir des enffans a Bastien simon"
                          HPOS="796"
                          VPOS="1010"
                          WIDTH="1726"
                          HEIGHT="144"/>
               </TextLine>
               <TextLine ID="eSc_line_8e3035d1"
                         BASELINE="783 1163 2491 1188"
                         HPOS="768"
                         VPOS="1091"
                         WIDTH="1723"
                         HEIGHT="131"
                         TAGREFS="LT118">
                  <Shape>
                     <Polygon POINTS="783 1163 783 1091 905 1110 989 1094 1011 1091 1014 1091 1017 1091 1021 1091 1021 1094 1024 1094 1046 1116 1124 1116 1145 1097 1152 1091 1155 1091 1158 1091 1161 1091 1164 1091 1186 1097 1236 1116 1320 1101 1352 1097 1355 1097 1358 1097 1377 1104 1426 1119 1508 1107 1564 1097 1567 1097 1570 1097 1573 1097 1573 1101 1583 1107 1589 1113 1598 1107 1611 1097 1614 1097 1617 1097 1620 1097 1689 1110 1761 1122 1836 1113 1907 1104 1910 1104 1914 1104 1917 1104 1917 1107 1926 1116 1939 1129 2154 1129 2163 1119 2176 1110 2176 1107 2179 1107 2182 1107 2185 1107 2188 1107 2245 1122 2285 1135 2379 1135 2391 1126 2404 1113 2407 1113 2410 1113 2413 1113 2491 1129 2491 1188 2488 1203 2285 1222 2282 1222 2279 1222 2229 1200 2223 1197 2216 1200 2198 1213 2195 1213 2191 1213 2188 1213 2085 1197 2051 1194 2007 1197 1857 1210 1854 1210 1851 1210 1782 1194 1773 1191 1770 1194 1745 1213 1742 1213 1739 1213 1736 1213 1732 1213 1698 1197 1658 1213 1654 1213 1651 1213 1648 1213 1564 1188 1554 1188 1545 1188 1433 1210 1430 1210 1426 1210 1423 1210 1395 1188 1348 1207 1345 1207 1342 1207 1339 1207 1273 1185 1270 1185 1214 1207 1211 1207 1208 1207 1205 1207 1149 1191 896 1200 893 1200 889 1200 886 1200 852 1179 802 1200 799 1200 796 1200 793 1200 789 1200 789 1197 786 1197 768 1175"/>
                  </Shape>
                  <String CONTENT="et quon lui reprochoit ouvertement Comme aussi"
                          HPOS="768"
                          VPOS="1091"
                          WIDTH="1723"
                          HEIGHT="131"/>
               </TextLine>
               <TextLine ID="eSc_line_4f0d63cd"
                         BASELINE="821 1253 2438 1269"
                         HPOS="808"
                         VPOS="1185"
                         WIDTH="1630"
                         HEIGHT="112"
                         TAGREFS="LT118">
                  <Shape>
                     <Polygon POINTS="821 1253 814 1207 883 1185 886 1185 889 1185 893 1185 896 1185 914 1203 942 1191 946 1191 949 1191 1058 1203 1083 1207 1089 1203 1111 1185 1114 1185 1117 1185 1120 1185 1124 1185 1177 1203 1199 1210 1239 1203 1333 1188 1336 1188 1339 1188 1342 1188 1358 1203 1367 1210 1392 1203 1439 1188 1442 1188 1445 1188 1448 1188 1451 1188 1451 1191 1464 1200 1476 1191 1480 1191 1483 1191 1486 1191 1558 1200 1633 1213 1651 1200 1667 1191 1670 1191 1673 1191 1676 1191 1789 1191 1792 1191 1814 1200 1854 1216 2101 1200 2104 1200 2107 1200 2160 1219 2276 1197 2282 1197 2285 1197 2288 1197 2351 1219 2429 1197 2438 1269 2438 1278 2388 1297 2385 1297 2382 1297 1901 1278 1792 1294 1789 1294 1467 1272 1433 1288 1430 1288 1426 1288 1258 1272 1195 1288 1192 1288 1189 1288 1186 1288 1139 1269 843 1285 839 1285 836 1285 833 1285 808 1263"/>
                  </Shape>
                  <String CONTENT="fait mourir ung veau a Jehan muat et dune"
                          HPOS="808"
                          VPOS="1185"
                          WIDTH="1630"
                          HEIGHT="112"/>
               </TextLine>
               <TextLine ID="eSc_line_c53f73a8"
                         BASELINE="755 1335 2432 1338"
                         HPOS="749"
                         VPOS="1266"
                         WIDTH="1683"
                         HEIGHT="106"
                         TAGREFS="LT118">
                  <Shape>
                     <Polygon POINTS="755 1335 755 1272 1767 1285 1773 1281 1782 1272 1782 1269 1786 1269 1789 1269 1792 1269 1898 1281 1932 1285 1951 1281 2032 1266 2035 1266 2038 1266 2042 1266 2067 1285 2073 1288 2260 1288 2263 1285 2335 1266 2338 1266 2341 1266 2429 1288 2432 1338 2429 1350 2313 1372 2310 1372 2307 1372 2263 1353 2213 1372 2210 1372 2207 1372 2092 1356 1823 1372 1820 1372 1817 1372 1745 1353 1726 1369 1723 1369 1720 1369 1717 1369 1714 1369 1711 1369 1686 1353 1683 1353 1308 1353 1305 1353 1270 1369 1267 1369 1264 1369 1105 1353 1086 1353 1077 1353 1011 1372 1008 1372 1005 1372 1002 1372 958 1353 952 1353 942 1353 849 1372 846 1372 749 1353"/>
                  </Shape>
                  <String CONTENT="une jument au voueble mesme quelle"
                          HPOS="749"
                          VPOS="1266"
                          WIDTH="1683"
                          HEIGHT="106"/>
               </TextLine>
               <TextLine ID="eSc_line_7e35b110"
                         BASELINE="811 1416 2435 1434"
                         HPOS="802"
                         VPOS="1344"
                         WIDTH="1633"
                         HEIGHT="115"
                         TAGREFS="LT118">
                  <Shape>
                     <Polygon POINTS="811 1416 808 1363 1002 1344 1005 1344 1008 1344 1061 1359 1083 1369 1333 1369 1348 1359 1373 1350 1377 1350 1380 1350 1383 1350 1408 1359 1430 1369 1451 1359 1480 1350 1483 1350 1486 1350 1489 1350 1492 1350 1492 1353 1501 1359 1511 1369 1633 1359 1726 1353 1729 1353 1773 1359 1857 1372 1876 1359 1882 1353 1885 1353 1889 1353 1892 1353 1895 1353 1898 1353 1904 1359 1926 1375 1995 1359 2010 1356 2013 1356 2038 1359 2163 1378 2238 1359 2241 1359 2245 1359 2248 1359 2285 1378 2429 1359 2435 1434 2432 1450 1945 1459 1942 1459 1798 1444 1773 1441 1770 1444 1757 1453 1757 1456 1754 1456 1751 1456 1751 1459 1639 1459 1636 1456 1633 1456 1629 1456 1629 1453 1614 1441 1611 1437 1551 1441 1336 1450 1333 1450 1330 1450 1327 1450 1327 1447 1314 1437 1311 1434 1142 1434 1139 1434 1086 1450 1083 1450 1080 1450 1077 1450 1014 1431 1008 1431 996 1431 868 1447 864 1447 861 1447 802 1428"/>
                  </Shape>
                  <String CONTENT="avoit greve et tire les yeulx a lenfant de"
                          HPOS="802"
                          VPOS="1344"
                          WIDTH="1633"
                          HEIGHT="115"/>
               </TextLine>
               <TextLine ID="eSc_line_7980500b"
                         BASELINE="796 1497 2388 1522"
                         HPOS="789"
                         VPOS="1428"
                         WIDTH="1599"
                         HEIGHT="128"
                         TAGREFS="LT118">
                  <Shape>
                     <Polygon POINTS="796 1497 789 1453 874 1428 877 1428 880 1428 883 1428 983 1453 999 1459 1080 1459 1083 1453 1105 1437 1105 1434 1108 1434 1111 1434 1114 1434 1233 1456 1258 1459 1283 1456 1389 1434 1392 1434 1495 1456 1520 1462 1526 1456 1551 1437 1554 1437 1558 1437 1561 1437 1564 1437 1567 1437 1567 1441 1589 1459 1595 1466 1611 1459 1654 1441 1658 1441 1661 1441 1786 1441 1789 1441 1792 1441 1817 1459 1832 1472 2032 1472 2067 1462 2110 1447 2113 1447 2117 1447 2185 1447 2188 1447 2191 1447 2191 1450 2207 1462 2220 1475 2385 1466 2388 1522 2388 1531 2341 1550 2338 1550 2335 1550 2138 1534 2107 1531 2104 1534 2092 1543 2092 1547 2088 1547 2085 1547 2082 1547 2004 1534 1998 1534 1995 1534 1879 1550 1876 1550 1873 1550 1870 1550 1845 1534 1795 1556 1792 1556 1789 1556 1698 1534 1689 1534 1683 1534 1636 1543 1633 1543 1629 1543 1614 1534 1586 1522 1495 1534 1405 1550 1401 1550 1398 1550 1358 1537 1302 1519 1224 1534 1220 1534 1217 1534 1214 1534 1189 1515 1042 1537 996 1543 992 1543 989 1543 974 1537 908 1512 864 1537 864 1540 861 1540 858 1540 855 1540 789 1537"/>
                  </Shape>
                  <String CONTENT="henri guenat Et de plus greve et donne"
                          HPOS="789"
                          VPOS="1428"
                          WIDTH="1599"
                          HEIGHT="128"/>
               </TextLine>
               <TextLine ID="eSc_line_0a95189d"
                         BASELINE="746 1606 2410 1590"
                         HPOS="733"
                         VPOS="1515"
                         WIDTH="1677"
                         HEIGHT="122"
                         TAGREFS="LT118">
                  <Shape>
                     <Polygon POINTS="746 1606 733 1556 827 1531 830 1531 833 1531 983 1531 986 1531 1017 1550 1027 1553 1039 1547 1092 1528 1095 1528 1099 1528 1224 1543 1252 1547 1261 1543 1280 1528 1283 1528 1286 1528 1289 1528 1292 1528 1295 1528 1311 1540 1323 1550 1398 1540 1464 1531 1467 1531 1470 1531 1492 1537 1523 1547 1539 1537 1545 1531 1548 1531 1551 1531 1554 1531 1558 1531 1561 1531 1567 1534 1583 1547 1717 1531 1736 1531 1739 1531 1764 1531 2013 1543 2051 1525 2057 1519 2060 1519 2063 1519 2067 1519 2070 1519 2082 1525 2120 1540 2220 1522 2223 1522 2226 1522 2229 1522 2263 1543 2357 1543 2394 1515 2410 1590 2410 1612 1742 1637 1739 1637 1736 1637 1695 1625 1683 1621 1579 1625 1358 1637 1355 1637 1352 1637 1333 1631 1298 1615 824 1615 749 1637"/>
                  </Shape>
                  <String CONTENT="La maladie a Richard chavanne de Cueve"
                          HPOS="733"
                          VPOS="1515"
                          WIDTH="1677"
                          HEIGHT="122"/>
               </TextLine>
               <TextLine ID="eSc_line_18d6f8bb"
                         BASELINE="799 1674 2398 1703"
                         HPOS="793"
                         VPOS="1600"
                         WIDTH="1605"
                         HEIGHT="134"
                         TAGREFS="LT118">
                  <Shape>
                     <Polygon POINTS="799 1674 799 1621 880 1625 889 1621 946 1600 949 1600 952 1600 955 1600 1052 1625 1064 1628 1067 1625 1099 1603 1102 1603 1105 1603 1108 1603 1111 1603 1114 1603 1149 1628 1158 1634 1380 1634 1389 1631 1442 1609 1445 1609 1448 1609 1451 1609 1501 1634 1511 1637 1530 1634 1598 1621 1601 1621 1701 1637 1723 1640 1726 1637 1757 1615 1761 1615 1764 1615 1767 1615 1864 1615 2023 1643 2045 1646 2063 1643 2216 1621 2220 1621 2394 1653 2398 1703 2394 1709 2288 1734 2285 1734 2079 1709 2038 1706 2013 1709 1917 1728 1914 1728 1832 1709 1804 1703 1795 1709 1786 1718 1782 1718 1779 1718 1776 1718 1773 1718 1751 1709 1739 1703 1736 1709 1720 1721 1720 1724 1717 1724 1714 1724 1711 1724 1601 1721 1598 1721 1595 1721 1595 1718 1583 1709 1573 1696 1495 1696 1458 1709 1430 1718 1426 1718 1423 1718 1420 1718 1417 1718 1401 1709 1383 1696 1339 1709 1314 1715 1311 1715 1308 1715 1305 1715 1302 1715 1292 1709 1270 1693 1208 1709 1174 1715 1170 1715 1167 1715 1149 1709 1099 1690 1052 1709 1046 1709 1042 1709 1039 1709 793 1706"/>
                  </Shape>
                  <String CONTENT="questoit pour lors son serviteur. Et de"
                          HPOS="793"
                          VPOS="1600"
                          WIDTH="1605"
                          HEIGHT="134"/>
               </TextLine>
               <TextLine ID="eSc_line_1220a64d"
                         BASELINE="793 1759 2466 1774"
                         HPOS="783"
                         VPOS="1693"
                         WIDTH="1683"
                         HEIGHT="125"
                         TAGREFS="LT118">
                  <Shape>
                     <Polygon POINTS="793 1759 793 1693 914 1696 918 1696 921 1696 921 1699 936 1712 946 1703 946 1699 949 1699 952 1699 955 1699 958 1699 1002 1715 1149 1699 1152 1699 1155 1699 1211 1721 1470 1721 1542 1703 1545 1703 1548 1703 1642 1721 1782 1703 1795 1703 1798 1703 1801 1703 1804 1703 1836 1724 1976 1706 1982 1706 1985 1706 1992 1706 2191 1728 2463 1712 2466 1774 2460 1796 2092 1784 2063 1793 2032 1805 2029 1805 2026 1805 2023 1805 1992 1793 1967 1784 1848 1784 1836 1793 1817 1805 1814 1805 1811 1805 1807 1805 1745 1790 1714 1784 1695 1790 1639 1815 1636 1815 1636 1818 1567 1818 1564 1815 1561 1815 1558 1815 1517 1790 1514 1787 1514 1790 1470 1815 1467 1815 1464 1815 1461 1815 1280 1812 1277 1812 1273 1812 1273 1809 1248 1787 1242 1777 1224 1787 1164 1812 1161 1812 1158 1812 1074 1809 1071 1809 1067 1809 1067 1805 1042 1784 1039 1777 989 1774 914 1777 911 1784 880 1809 877 1809 874 1809 871 1809 868 1809 783 1781"/>
                  </Shape>
                  <String CONTENT="plus a opinion quelle lui a fait a mourir"
                          HPOS="783"
                          VPOS="1693"
                          WIDTH="1683"
                          HEIGHT="125"/>
               </TextLine>
               <TextLine ID="eSc_line_f853efe6"
                         BASELINE="740 1840 1348 1855"
                         HPOS="736"
                         VPOS="1768"
                         WIDTH="612"
                         HEIGHT="134"
                         TAGREFS="LT118">
                  <Shape>
                     <Polygon POINTS="740 1840 736 1784 811 1768 814 1768 818 1768 855 1787 868 1790 908 1787 1039 1774 1042 1774 1046 1774 1080 1790 1105 1802 1161 1793 1220 1784 1224 1784 1227 1784 1230 1784 1245 1796 1264 1805 1345 1799 1348 1855 1345 1902 902 1902 899 1899 896 1899 893 1899 864 1877 855 1871 736 1871"/>
                  </Shape>
                  <String CONTENT="une jument."
                          HPOS="736"
                          VPOS="1768"
                          WIDTH="612"
                          HEIGHT="134"/>
               </TextLine>
               <TextLine ID="eSc_line_3c74bef0"
                         BASELINE="805 2043 2444 2018"
                         HPOS="799"
                         VPOS="1940"
                         WIDTH="1649"
                         HEIGHT="143"
                         TAGREFS="LT118">
                  <Shape>
                     <Polygon POINTS="805 2043 799 1952 955 1949 958 1949 961 1949 964 1949 964 1952 967 1952 999 1986 1033 1986 1080 1958 1083 1958 1086 1958 1089 1958 1092 1958 1120 1974 1155 1955 1161 1952 1164 1952 1167 1952 1170 1952 1186 1955 1258 1974 1355 1958 1377 1955 1380 1955 1383 1955 1392 1958 1451 1980 1483 1958 1489 1955 1492 1955 1495 1955 1498 1955 1501 1955 1520 1961 1601 1983 1620 1961 1626 1958 1626 1955 1629 1955 1633 1955 1636 1955 1639 1955 1654 1961 1683 1974 1726 1961 1792 1946 1795 1946 1798 1946 1801 1946 1867 1965 1895 1940 1898 1940 1901 1940 1904 1940 1907 1940 2001 1968 2029 1977 2216 1977 2229 1971 2282 1946 2285 1946 2288 1946 2291 1946 2295 1946 2323 1971 2438 1974 2444 2018 2448 2033 2394 2061 2391 2061 2235 2064 2235 2068 2104 2068 2101 2064 2098 2064 2051 2046 1864 2058 1860 2058 1857 2058 1832 2046 1829 2043 1823 2046 1776 2071 1773 2071 1770 2071 1767 2071 1679 2049 1676 2049 1617 2064 1614 2064 1611 2064 1517 2052 1514 2052 1511 2052 1489 2071 1489 2074 1486 2074 1483 2074 1480 2074 1476 2074 1473 2074 1442 2052 1433 2049 1348 2055 1192 2068 1189 2068 1092 2061 1024 2055 1014 2061 989 2083 986 2083 983 2083 980 2083 802 2064"/>
                  </Shape>
                  <String CONTENT="Jehan pbtre Prestre de Beurnevesain"
                          HPOS="799"
                          VPOS="1940"
                          WIDTH="1649"
                          HEIGHT="143"/>
               </TextLine>
               <TextLine ID="eSc_line_e0f32337"
                         BASELINE="768 2127 2373 2114"
                         HPOS="755"
                         VPOS="2036"
                         WIDTH="1621"
                         HEIGHT="122"
                         TAGREFS="LT118">
                  <Shape>
                     <Polygon POINTS="768 2127 755 2077 793 2046 796 2046 799 2046 802 2046 858 2046 861 2046 864 2046 896 2068 911 2055 914 2055 918 2055 921 2055 1055 2071 1071 2071 1186 2068 1195 2068 1227 2043 1230 2043 1233 2043 1236 2043 1239 2043 1311 2064 1327 2068 1345 2061 1380 2052 1383 2052 1386 2052 1439 2061 1483 2068 1495 2058 1508 2049 1508 2046 1511 2046 1514 2046 1517 2046 1520 2046 1542 2058 1561 2068 1573 2055 1579 2049 1583 2049 1586 2049 1589 2049 1629 2055 1667 2061 1676 2052 1689 2043 1689 2039 1692 2039 1695 2039 1698 2039 1770 2052 1851 2064 1876 2049 1885 2039 1889 2039 1892 2039 1895 2039 1985 2046 2204 2061 2363 2036 2373 2114 2376 2124 2319 2145 2316 2145 2313 2145 2204 2130 2179 2149 2176 2149 2173 2149 2170 2149 2166 2149 2101 2130 1836 2152 1832 2152 1692 2133 1686 2133 1679 2133 1567 2155 1564 2155 1561 2155 1492 2136 1489 2136 1483 2136 1127 2158 1124 2158 765 2142"/>
                  </Shape>
                  <String CONTENT="depose que dimenche devant le mostier"
                          HPOS="755"
                          VPOS="2036"
                          WIDTH="1621"
                          HEIGHT="122"/>
               </TextLine>
               <TextLine ID="eSc_line_d268ecb8"
                         BASELINE="811 2214 2373 2202"
                         HPOS="805"
                         VPOS="2130"
                         WIDTH="1568"
                         HEIGHT="122"
                         TAGREFS="LT118">
                  <Shape>
                     <Polygon POINTS="811 2214 805 2164 974 2139 977 2139 980 2139 1017 2158 1074 2139 1077 2139 1080 2139 1389 2152 1511 2155 1523 2149 1548 2136 1551 2136 1554 2136 1742 2145 1926 2152 1942 2139 1948 2133 1951 2133 1954 2133 1957 2133 1960 2133 1979 2139 1998 2145 2020 2139 2042 2130 2045 2130 2048 2130 2051 2130 2067 2136 2088 2149 2363 2133 2373 2202 2373 2211 2319 2233 2316 2233 2313 2233 2132 2217 2076 2214 2063 2220 2035 2239 2032 2239 2029 2239 2026 2239 1914 2223 1907 2223 1904 2223 1882 2242 1879 2242 1876 2242 1873 2242 1773 2227 1679 2214 1614 2233 1576 2242 1573 2242 1570 2242 1567 2242 1564 2242 1551 2233 1520 2217 1367 2217 1320 2239 1308 2245 1305 2245 1302 2245 1273 2242 1180 2220 1136 2245 1127 2248 1124 2248 1120 2248 1089 2245 908 2220 874 2248 871 2248 868 2248 811 2252"/>
                  </Shape>
                  <String CONTENT="que led en presentce de Jaicque chevrolet"
                          HPOS="805"
                          VPOS="2130"
                          WIDTH="1568"
                          HEIGHT="122"/>
               </TextLine>
               <TextLine ID="eSc_line_a080db93"
                         BASELINE="799 2286 2373 2280"
                         HPOS="789"
                         VPOS="2214"
                         WIDTH="1584"
                         HEIGHT="103"
                         TAGREFS="LT118">
                  <Shape>
                     <Polygon POINTS="799 2286 789 2242 877 2217 880 2217 883 2217 886 2217 927 2236 967 2217 971 2217 974 2217 977 2217 1014 2233 1273 2217 1277 2217 1280 2217 1283 2217 1314 2239 1436 2239 1470 2217 1473 2217 1476 2217 1480 2217 1483 2217 1530 2236 1545 2220 1545 2217 1548 2217 1551 2217 1554 2217 1623 2233 1645 2214 1648 2214 1651 2214 1654 2214 1798 2233 1873 2214 1876 2214 1879 2214 1973 2233 2029 2214 2032 2214 2035 2214 2038 2214 2117 2233 2319 2214 2323 2214 2326 2214 2369 2236 2373 2280 2366 2305 2076 2295 1964 2305 1848 2314 1845 2314 1686 2305 1604 2298 1595 2301 1579 2317 1576 2317 1573 2317 1570 2317 1567 2317 1508 2301 1498 2301 1445 2301 1074 2317 1071 2317 1067 2317 1033 2301 1027 2298 999 2301 871 2314 868 2314 796 2298"/>
                  </Shape>
                  <String CONTENT="Que ledit henri dit Que Il se vouloit"
                          HPOS="789"
                          VPOS="2214"
                          WIDTH="1584"
                          HEIGHT="103"/>
               </TextLine>
               <TextLine ID="eSc_line_f4a7d99a"
                         BASELINE="793 2376 2519 2358"
                         HPOS="780"
                         VPOS="2289"
                         WIDTH="1739"
                         HEIGHT="137"
                         TAGREFS="LT118">
                  <Shape>
                     <Polygon POINTS="793 2376 780 2326 811 2305 814 2305 818 2305 821 2305 1233 2323 1283 2323 1286 2323 1323 2301 1327 2301 1330 2301 1333 2301 1383 2320 1386 2320 1536 2301 1539 2301 1542 2301 1545 2301 1567 2320 1570 2323 1651 2323 1658 2317 1701 2295 1704 2295 1707 2295 1879 2295 1882 2295 1935 2314 1942 2317 1954 2314 2060 2292 2063 2292 2067 2292 2117 2311 2145 2292 2148 2292 2151 2292 2154 2292 2295 2311 2298 2311 2329 2289 2332 2289 2335 2289 2338 2289 2513 2311 2519 2358 2519 2379 2316 2383 2313 2386 2232 2414 2229 2414 2226 2414 1829 2395 1748 2392 1729 2398 1667 2417 1664 2417 1661 2417 1658 2417 1654 2417 1654 2414 1636 2398 1629 2392 1389 2392 1258 2392 1233 2407 1202 2423 1199 2423 1195 2423 1192 2423 1149 2407 1111 2395 1058 2411 999 2426 996 2426 992 2426 789 2414"/>
                  </Shape>
                  <String CONTENT="descharger par devant eulx Que sadite femme"
                          HPOS="780"
                          VPOS="2289"
                          WIDTH="1739"
                          HEIGHT="137"/>
               </TextLine>
               <TextLine ID="eSc_line_ea247f89"
                         BASELINE="802 2467 2504 2473"
                         HPOS="799"
                         VPOS="2395"
                         WIDTH="1705"
                         HEIGHT="106"
                         TAGREFS="LT118">
                  <Shape>
                     <Polygon POINTS="802 2467 799 2420 893 2401 896 2401 899 2401 902 2401 921 2417 927 2423 1017 2423 1024 2417 1052 2395 1055 2395 1058 2395 1061 2395 1105 2395 1108 2395 1111 2395 1111 2398 1133 2417 1136 2423 1217 2423 1224 2417 1242 2398 1242 2395 1245 2395 1248 2395 1252 2395 1352 2417 1380 2420 1405 2414 1492 2398 1495 2398 1498 2398 1548 2414 1567 2420 1579 2414 1598 2404 1601 2404 1604 2404 1608 2404 1611 2404 1623 2414 1633 2423 1839 2423 1860 2414 1867 2407 1870 2407 1873 2407 1876 2407 1879 2407 1898 2414 1939 2423 1973 2411 2010 2398 2013 2398 2017 2398 2020 2398 2023 2398 2023 2401 2035 2411 2042 2417 2045 2411 2057 2401 2057 2398 2060 2398 2063 2398 2067 2398 2148 2411 2216 2423 2232 2411 2245 2401 2245 2398 2248 2398 2251 2398 2254 2398 2326 2398 2329 2398 2332 2398 2332 2401 2344 2411 2354 2420 2373 2411 2394 2398 2398 2398 2401 2398 2501 2411 2504 2473 2501 2479 2410 2498 2407 2498 2404 2498 2357 2482 2348 2479 2295 2482 2138 2495 2135 2495 2132 2495 2129 2495 2113 2485 2101 2479 1786 2479 1773 2489 1745 2501 1742 2501 1739 2501 1520 2489 1317 2479 1289 2492 1280 2495 1277 2495 1277 2498 799 2498"/>
                  </Shape>
                  <String CONTENT="sestoit voulu relever pour mectre le feu"
                          HPOS="799"
                          VPOS="2395"
                          WIDTH="1705"
                          HEIGHT="106"/>
               </TextLine>
               <TextLine ID="eSc_line_47ff8418"
                         BASELINE="830 2567 2494 2554"
                         HPOS="824"
                         VPOS="2476"
                         WIDTH="1670"
                         HEIGHT="140"
                         TAGREFS="LT118">
                  <Shape>
                     <Polygon POINTS="830 2567 824 2510 1008 2485 1011 2485 1014 2485 1017 2485 1046 2507 1049 2510 1186 2510 1195 2507 1233 2482 1236 2482 1239 2482 1242 2482 1245 2482 1248 2482 1289 2507 1292 2510 1520 2510 1523 2507 1558 2482 1561 2482 1564 2482 1567 2482 1570 2482 1645 2507 1654 2507 1661 2507 1742 2482 1745 2482 1748 2482 1751 2482 1792 2495 2132 2476 2135 2476 2226 2476 2229 2476 2232 2476 2266 2501 2354 2476 2357 2476 2360 2476 2363 2476 2366 2476 2404 2504 2488 2504 2494 2554 2494 2598 2398 2607 2394 2607 2391 2607 2388 2607 2376 2598 2344 2576 2313 2598 2301 2607 2298 2607 2295 2607 2295 2610 2207 2610 2204 2607 2201 2607 2173 2598 2117 2576 2070 2595 2035 2610 2032 2610 2029 2610 2026 2610 2023 2610 2023 2607 2010 2595 2001 2585 1742 2579 1711 2592 1664 2613 1661 2613 1658 2613 1654 2613 1570 2592 1533 2582 1523 2592 1501 2610 1501 2613 1498 2613 1495 2613 1492 2613 1395 2592 1348 2613 1345 2613 1345 2616 1220 2616 1217 2613 1214 2613 1211 2613 1211 2610 1189 2588 1114 2588 952 2585 946 2585 883 2610 880 2610 877 2610 874 2610 824 2585"/>
                  </Shape>
                  <String CONTENT="en la maison de ses freres. Ce que ledit henri"
                          HPOS="824"
                          VPOS="2476"
                          WIDTH="1670"
                          HEIGHT="140"/>
               </TextLine>
               <TextLine ID="eSc_line_199de266"
                         BASELINE="811 2648 2413 2657"
                         HPOS="805"
                         VPOS="2585"
                         WIDTH="1608"
                         HEIGHT="113"
                         TAGREFS="LT118">
                  <Shape>
                     <Polygon POINTS="811 2648 811 2601 1136 2601 1158 2598 1211 2585 1214 2585 1280 2595 1314 2601 1339 2595 1380 2585 1383 2585 1386 2585 1389 2585 1392 2585 1392 2588 1401 2595 1411 2607 1626 2607 1654 2595 1673 2585 1676 2585 1679 2585 1683 2585 1711 2592 1754 2604 1807 2592 1842 2585 1845 2585 1848 2585 1851 2585 1860 2592 1876 2601 1939 2592 1964 2588 1967 2588 1970 2588 1973 2588 1973 2592 1992 2607 2291 2588 2316 2588 2319 2588 2323 2588 2326 2588 2357 2607 2404 2588 2413 2657 2410 2670 2273 2694 2270 2694 2266 2694 2204 2673 2104 2688 2101 2688 2098 2688 2095 2688 2076 2673 1895 2673 1867 2694 1864 2694 1860 2694 1860 2698 1798 2698 1795 2694 1792 2694 1789 2694 1789 2691 1767 2670 1639 2670 1614 2691 1614 2694 1611 2694 1608 2694 1608 2698 1348 2698 1345 2694 1192 2666 1061 2691 1058 2691 1055 2691 1005 2666 955 2682 952 2682 949 2682 805 2660"/>
                  </Shape>
                  <String CONTENT="raconta derechieff sur le soir devant"
                          HPOS="805"
                          VPOS="2585"
                          WIDTH="1608"
                          HEIGHT="113"/>
               </TextLine>
               <TextLine ID="eSc_line_99c8ad0c"
                         BASELINE="786 2744 1164 2744"
                         HPOS="783"
                         VPOS="2657"
                         WIDTH="381"
                         HEIGHT="125"
                         TAGREFS="LT118">
                  <Shape>
                     <Polygon POINTS="786 2744 783 2682 914 2657 918 2657 1164 2679 1164 2744 1161 2766 1033 2763 1011 2772 1005 2779 1002 2779 999 2779 996 2779 967 2776 868 2760 789 2782"/>
                  </Shape>
                  <String CONTENT="plusieurs"
                          HPOS="783"
                          VPOS="2657"
                          WIDTH="381"
                          HEIGHT="125"/>
               </TextLine>
               <TextLine ID="eSc_line_de8d31ec"
                         BASELINE="749 2835 2507 2829"
                         HPOS="746"
                         VPOS="2747"
                         WIDTH="1761"
                         HEIGHT="119"
                         TAGREFS="LT118">
                  <Shape>
                     <Polygon POINTS="749 2835 746 2751 802 2776 927 2776 949 2754 949 2751 952 2751 955 2751 958 2751 961 2751 964 2751 964 2754 983 2766 1024 2754 1033 2751 1036 2751 1039 2751 1042 2751 1046 2751 1046 2754 1071 2776 1286 2776 1317 2757 1330 2751 1333 2751 1336 2751 1380 2757 1430 2763 1498 2757 1620 2747 1623 2747 1626 2747 1658 2760 1689 2769 1714 2760 1748 2747 1751 2747 1754 2747 2501 2769 2507 2829 2504 2844 2410 2863 2407 2863 2404 2863 2369 2847 2360 2844 2319 2847 2176 2863 2173 2863 2001 2850 1895 2844 1839 2854 1776 2863 1773 2863 1770 2863 1767 2863 1751 2854 1739 2847 1732 2854 1723 2860 1723 2863 1720 2863 1717 2863 1714 2863 1654 2854 1601 2847 1455 2857 1311 2866 1308 2866 1305 2866 1289 2860 1267 2847 1252 2860 1245 2866 1242 2866 1239 2866 1236 2866 1233 2866 1230 2866 1220 2860 1202 2847 1139 2860 1120 2863 1117 2863 1114 2863 1111 2863 1108 2860 1089 2847 899 2847 871 2863 868 2866 864 2866 861 2866 858 2866 746 2863"/>
                  </Shape>
                  <String CONTENT="Dit avoir ouys dire a plusieurs quelle estoit"
                          HPOS="746"
                          VPOS="2747"
                          WIDTH="1761"
                          HEIGHT="119"/>
               </TextLine>
               <TextLine ID="eSc_line_c34d265e"
                         BASELINE="818 2910 2519 2910"
                         HPOS="818"
                         VPOS="2838"
                         WIDTH="1704"
                         HEIGHT="118"
                         TAGREFS="LT118">
                  <Shape>
                     <Polygon POINTS="818 2910 818 2860 992 2860 999 2857 1058 2838 1061 2838 1064 2838 1067 2838 1117 2854 1202 2838 1205 2838 1208 2838 1211 2838 1211 2841 1227 2854 1230 2857 1236 2854 1280 2838 1283 2838 1286 2838 1389 2850 1430 2857 1448 2850 1486 2838 1489 2838 1492 2838 1495 2838 1530 2850 1551 2860 1608 2860 1617 2850 1626 2841 1626 2838 1629 2838 1633 2838 1636 2838 1639 2838 1642 2838 1654 2850 1664 2857 1701 2847 1751 2838 1754 2838 1801 2847 1845 2857 1882 2847 1910 2838 1914 2838 1917 2838 2063 2838 2067 2838 2070 2838 2076 2844 2092 2857 2132 2844 2154 2838 2157 2838 2160 2838 2163 2838 2166 2838 2173 2844 2198 2857 2516 2841 2519 2910 2522 2922 2460 2953 2457 2953 2454 2953 2451 2953 2385 2935 2316 2953 2313 2953 2310 2953 2307 2953 2226 2928 2223 2928 2154 2953 2151 2953 2151 2956 2032 2956 2029 2953 2026 2953 1982 2932 1979 2932 1942 2950 1939 2950 1935 2950 1932 2950 1929 2950 1929 2947 1914 2935 1901 2925 1839 2935 1798 2941 1795 2941 1726 2938 1583 2928 1561 2941 1548 2950 1545 2950 1542 2950 1539 2950 1536 2950 1508 2941 1458 2925 1320 2944 1258 2953 1255 2953 1252 2953 1248 2953 1242 2947 1214 2925 1127 2925 1099 2950 1095 2950 1095 2953 1092 2953 1089 2953 1089 2956 1046 2956 1042 2953 1039 2953 1036 2953 1033 2950 1005 2928 980 2950 977 2950 974 2950 971 2950 899 2938 818 2953"/>
                  </Shape>
                  <String CONTENT="genauche et quon lui avoit plusieurs fois reproche"
                          HPOS="818"
                          VPOS="2838"
                          WIDTH="1704"
                          HEIGHT="118"/>
               </TextLine>
               <TextLine ID="eSc_line_39dae341"
                         BASELINE="796 2991 1970 2975"
                         HPOS="793"
                         VPOS="2907"
                         WIDTH="1177"
                         HEIGHT="137"
                         TAGREFS="LT118">
                  <Shape>
                     <Polygon POINTS="796 2991 793 2922 1142 2938 1161 2922 1164 2919 1167 2919 1170 2919 1174 2919 1217 2922 1323 2935 1352 2922 1377 2913 1380 2913 1383 2913 1439 2925 1492 2935 1623 2925 1860 2907 1864 2907 1867 2907 1870 2907 1870 2910 1889 2925 1892 2928 1960 2928 1970 2975 1967 3000 1773 3028 1770 3028 1767 3028 1764 3028 1764 3025 1745 3009 1732 2997 1686 3013 1623 3031 1620 3031 1617 3031 1614 3031 1573 3016 1530 3000 1501 3019 1480 3034 1476 3034 1473 3034 1473 3038 1420 3038 1417 3034 1414 3034 1386 3022 1336 3003 1286 3028 1264 3038 1261 3038 1258 3038 1255 3038 1233 3028 1183 3006 1108 3006 1077 3034 1074 3034 1074 3038 1071 3038 1067 3038 1064 3038 1061 3038 1052 3034 961 3009 796 3044"/>
                  </Shape>
                  <String CONTENT="sans quelle sen soit purgee"
                          HPOS="793"
                          VPOS="2907"
                          WIDTH="1177"
                          HEIGHT="137"/>
               </TextLine>
               <TextLine ID="eSc_line_b8519447"
                         BASELINE="783 3078 2488 3084"
                         HPOS="774"
                         VPOS="3003"
                         WIDTH="1714"
                         HEIGHT="119"
                         TAGREFS="LT118">
                  <Shape>
                     <Polygon POINTS="783 3078 780 3025 946 3003 949 3003 952 3003 955 3003 983 3022 992 3028 1158 3028 1174 3019 1208 3006 1211 3006 1214 3006 1280 3019 1320 3025 1342 3019 1380 3003 1383 3003 1386 3003 1389 3003 1392 3003 1408 3016 1423 3028 1492 3028 1539 3016 1592 3003 1595 3003 1598 3003 1601 3003 1617 3016 1642 3031 1826 3031 1851 3013 1854 3009 1857 3009 1860 3009 1864 3009 1867 3009 1873 3013 1910 3025 1926 3009 1929 3009 1929 3006 1932 3006 1935 3006 1939 3006 1942 3006 1951 3009 1985 3028 2017 3013 2020 3013 2023 3013 2026 3013 2060 3028 2076 3009 2079 3009 2079 3006 2082 3006 2085 3006 2088 3006 2166 3006 2170 3006 2173 3006 2173 3009 2207 3028 2276 3006 2279 3006 2282 3006 2285 3006 2295 3006 2391 3028 2413 3009 2413 3006 2416 3006 2419 3006 2423 3006 2485 3006 2488 3084 2488 3091 2438 3109 2435 3109 2432 3109 2354 3097 2307 3119 2304 3119 2304 3122 2098 3122 2095 3119 2092 3119 2026 3094 2023 3094 2013 3094 1761 3112 1757 3112 1561 3094 1536 3094 1530 3094 1483 3116 1480 3116 1480 3119 1423 3119 1420 3116 1417 3116 1414 3116 1414 3112 1395 3097 1395 3094 1395 3097 1358 3116 1355 3116 1352 3116 1261 3097 1233 3091 1164 3091 1158 3097 1139 3112 1139 3116 1136 3116 1133 3116 1130 3116 1127 3116 1077 3100 992 3116 989 3116 986 3116 911 3097 908 3097 902 3097 839 3116 836 3116 833 3116 830 3116 774 3097"/>
                  </Shape>
                  <String CONTENT="dit quon la charge davoir creve les yeulx au a"
                          HPOS="774"
                          VPOS="3003"
                          WIDTH="1714"
                          HEIGHT="119"/>
               </TextLine>
               <TextLine ID="eSc_line_81eecf01"
                         BASELINE="833 3150 2463 3169"
                         HPOS="827"
                         VPOS="3081"
                         WIDTH="1636"
                         HEIGHT="141"
                         TAGREFS="LT118">
                  <Shape>
                     <Polygon POINTS="833 3150 827 3103 896 3081 899 3081 902 3081 1024 3100 1039 3103 1046 3100 1089 3081 1092 3081 1095 3081 1099 3081 1167 3100 1180 3103 1199 3100 1292 3084 1295 3084 1298 3084 1327 3100 1342 3109 1461 3109 1545 3100 1636 3087 1639 3087 1717 3097 1814 3112 1870 3097 1898 3091 1901 3091 1904 3091 1945 3097 2038 3119 2313 3119 2351 3097 2354 3097 2357 3097 2360 3097 2460 3097 2463 3169 2454 3218 2382 3194 2248 3194 2060 3215 2010 3222 2007 3222 2004 3222 1992 3215 1948 3194 1864 3215 1848 3218 1845 3218 1842 3218 1839 3218 1829 3215 1776 3184 1645 3184 1567 3184 1526 3212 1523 3215 1520 3215 1517 3215 1517 3218 1380 3218 1377 3215 1373 3215 1370 3215 1370 3212 1367 3212 1336 3181 1242 3209 1236 3212 1233 3212 1230 3212 1227 3212 1217 3209 1105 3181 1036 3209 1033 3209 1030 3209 1027 3209 827 3206"/>
                  </Shape>
                  <String CONTENT="lenfant henri guenat, fait mourir les"
                          HPOS="827"
                          VPOS="3081"
                          WIDTH="1636"
                          HEIGHT="141"/>
               </TextLine>
            </TextBlock>
            <TextBlock HPOS="324"
                       VPOS="1946"
                       WIDTH="60"
                       HEIGHT="97"
                       ID="eSc_textblock_3f4d648e"
                       TAGREFS="BT368">
               <Shape>
                  <Polygon POINTS="324 2043 337 1946 384 1946 371 2043"/>
               </Shape>
               <TextLine ID="eSc_line_de02c298"
                         BASELINE="330 2033 374 2033"
                         HPOS="330"
                         VPOS="1905"
                         WIDTH="44"
                         HEIGHT="166"
                         TAGREFS="LT118">
                  <Shape>
                     <Polygon POINTS="330 2033 330 1905 374 1912 374 2033 374 2064 330 2071"/>
                  </Shape>
                  <String CONTENT="6" HPOS="330" VPOS="1905" WIDTH="44" HEIGHT="166"/>
               </TextLine>
            </TextBlock>
            <TextBlock HPOS="2419"
                       VPOS="3530"
                       WIDTH="60"
                       HEIGHT="85"
                       ID="eSc_textblock_3a408e4b"
                       TAGREFS="BT371">
               <Shape>
                  <Polygon POINTS="2419 3615 2432 3530 2479 3530 2479 3595 2479 3615"/>
               </Shape>
               <TextLine ID="eSc_line_44bc777b"
                         BASELINE="2429 3608 2479 3608"
                         HPOS="2426"
                         VPOS="3524"
                         WIDTH="53"
                         HEIGHT="206"
                         TAGREFS="LT118">
                  <Shape>
                     <Polygon POINTS="2429 3608 2426 3527 2476 3524 2479 3608 2479 3730 2429 3730"/>
                  </Shape>
                  <String CONTENT="6" HPOS="2426" VPOS="3524" WIDTH="53" HEIGHT="206"/>
               </TextLine>
            </TextBlock>
         </PrintSpace>
      </Page>
   </Layout>
</alto>
