<alto xmlns:xsi="http://www.w3.org/2001/XMLSchema-instance"
      xmlns="http://www.loc.gov/standards/alto/ns-v4#"
      xsi:schemaLocation="http://www.loc.gov/standards/alto/ns-v4# http://www.loc.gov/standards/alto/v4/alto-4-2.xsd">
   <Description>
      <MeasurementUnit>pixel</MeasurementUnit>
      <sourceImageInformation>
         <fileName>B_168_15-10-3_0003.jpg</fileName>
      </sourceImageInformation>
   </Description>
   <Tags>
      <OtherTag ID="BT365"
                LABEL="MainZone:column"
                DESCRIPTION="block type MainZone:column"/>
      <OtherTag ID="BT367" LABEL="MainZone" DESCRIPTION="block type MainZone"/>
      <OtherTag ID="BT368"
                LABEL="MarginTextZone"
                DESCRIPTION="block type MarginTextZone"/>
      <OtherTag ID="BT369"
                LABEL="MarginTextZone:note"
                DESCRIPTION="block type MarginTextZone:note"/>
      <OtherTag ID="BT370"
                LABEL="NumberingZone:other"
                DESCRIPTION="block type NumberingZone:other"/>
      <OtherTag ID="BT371"
                LABEL="NumberingZone:page"
                DESCRIPTION="block type NumberingZone:page"/>
      <OtherTag ID="BT379"
                LABEL="DecorationZone"
                DESCRIPTION="block type DecorationZone"/>
      <OtherTag ID="BT380"
                LABEL="CustomZone:signature"
                DESCRIPTION="block type CustomZone:signature"/>
      <OtherTag ID="LT118" LABEL="DefaultLine" DESCRIPTION="line type DefaultLine"/>
      <OtherTag ID="LT119" LABEL="HeadingLine" DESCRIPTION="line type HeadingLine"/>
      <OtherTag ID="LT120"
                LABEL="InterlinearLine"
                DESCRIPTION="line type InterlinearLine"/>
   </Tags>
   <Layout>
      <Page WIDTH="2754"
            HEIGHT="3743"
            PHYSICAL_IMG_NR="39"
            ID="eSc_dummypage_">
         <PrintSpace HPOS="0" VPOS="0" WIDTH="2754" HEIGHT="3743">
            <TextBlock HPOS="199"
                       VPOS="224"
                       WIDTH="395"
                       HEIGHT="234"
                       ID="eSc_textblock_1aa86e43"
                       TAGREFS="BT370">
               <Shape>
                  <Polygon POINTS="224 458 199 421 212 299 299 249 508 224 594 286 594 439"/>
               </Shape>
               <TextLine ID="eSc_line_d4769c32"
                         BASELINE="227 427 499 436"
                         HPOS="224"
                         VPOS="205"
                         WIDTH="275"
                         HEIGHT="259"
                         TAGREFS="LT118">
                  <Shape>
                     <Polygon POINTS="227 427 227 243 499 205 499 436 496 461 224 464"/>
                  </Shape>
                  <String CONTENT="82" HPOS="224" VPOS="205" WIDTH="275" HEIGHT="259"/>
               </TextLine>
            </TextBlock>
            <TextBlock HPOS="599"
                       VPOS="162"
                       WIDTH="1817"
                       HEIGHT="3178"
                       ID="eSc_textblock_7f10a1f2"
                       TAGREFS="BT367">
               <Shape>
                  <Polygon POINTS="2416 807 2145 857 2092 920 2379 973 2404 1244 2170 1394 2129 1472 2291 1534 2366 1646 2379 1918 2266 2043 1979 2092 2229 2183 2354 2283 2404 2679 1608 2691 1405 2782 1495 2832 2266 2857 2354 2944 2316 3203 1683 3240 1392 3340 1320 3290 1024 3290 986 3253 936 2966 986 2794 749 2741 749 2420 649 2367 711 2142 711 2046 661 2030 711 1759 599 1634 774 1419 724 1344 761 1160 661 1094 686 998 799 907 761 857 761 499 740 473 740 235 730 235 799 162 2291 237 2354 274"/>
               </Shape>
               <TextLine ID="eSc_line_7ba1cefd"
                         BASELINE="752 283 1298 274 2323 311"
                         HPOS="749"
                         VPOS="184"
                         WIDTH="1580"
                         HEIGHT="155"
                         TAGREFS="LT118">
                  <Shape>
                     <Polygon POINTS="752 283 749 184 886 187 889 187 893 187 893 190 939 224 1071 224 1170 199 1183 199 1186 199 1208 202 1367 230 1448 212 1458 212 1461 212 1464 212 1473 215 1536 230 1551 218 1564 205 1567 205 1570 205 1573 205 1576 205 1636 221 1667 227 1701 224 1804 208 1807 208 1811 208 1814 208 1845 230 1867 246 2092 246 2098 240 2120 227 2123 227 2126 227 2129 227 2220 246 2238 249 2248 246 2295 230 2298 230 2301 230 2304 230 2307 230 2329 249 2323 311 2313 315 2182 336 2179 336 2176 336 2173 336 2142 315 2135 311 2129 315 2107 327 2104 327 2101 327 2038 315 2029 315 2026 315 1979 336 1976 336 1973 336 1970 336 1910 315 1892 308 1876 315 1823 339 1820 339 1817 339 1814 339 1764 315 1739 302 1707 315 1704 315 1701 315 1698 315 1695 315 1673 299 1636 311 1633 311 1629 311 1426 296 1398 315 1389 321 1386 321 1383 321 1314 324 1311 324 1308 324 1305 324 1305 321 1295 315 1273 290 1199 290 1152 315 1142 321 1139 321 1136 321 1133 321 1130 321 1114 315 1080 296 1042 315 1033 318 1030 318 1027 318 902 315 899 315 896 315 868 293 749 311"/>
                  </Shape>
                  <String CONTENT="Item que sont passe trois sepmaines elle"
                          HPOS="749"
                          VPOS="184"
                          WIDTH="1580"
                          HEIGHT="155"/>
               </TextLine>
               <TextLine ID="eSc_line_5d38c387"
                         BASELINE="774 371 1661 377 2220 393 2348 408"
                         HPOS="768"
                         VPOS="290"
                         WIDTH="1580"
                         HEIGHT="146"
                         TAGREFS="LT118">
                  <Shape>
                     <Polygon POINTS="774 371 768 315 843 290 846 290 849 290 852 290 855 290 883 311 1011 315 1021 315 1052 290 1055 290 1058 290 1061 290 1186 296 1189 296 1192 296 1192 299 1214 318 1217 318 1233 318 1470 296 1473 296 1476 296 1536 321 1548 324 1561 321 1626 299 1629 299 1633 299 1636 299 1676 321 1701 302 1704 302 1707 302 1711 302 1714 302 1757 321 1761 321 1789 308 1792 308 1795 308 1798 308 1801 308 1814 321 1823 327 1864 321 1964 308 1967 308 2063 324 2088 327 2095 324 2113 308 2113 305 2117 305 2120 305 2123 305 2126 305 2170 324 2191 333 2344 327 2348 408 2344 421 2263 436 2260 436 2257 436 2216 421 2188 411 2170 421 2138 436 2135 436 2132 436 2076 433 2073 433 2070 433 2070 430 2057 421 2035 399 1876 421 1860 421 1857 421 1854 421 1851 421 1851 417 1826 396 1729 414 1726 414 1604 393 1570 417 1561 427 1558 427 1554 427 1554 430 1495 430 1492 427 1489 427 1486 427 1476 417 1439 389 1395 411 1392 411 1389 411 1386 411 1383 411 1355 386 1277 386 1239 402 1236 402 1233 402 1230 402 1202 386 1152 417 1149 421 1145 421 1142 421 1139 421 1108 417 918 386 771 414"/>
                  </Shape>
                  <String CONTENT="Jecta dudit poulsat sur lung des chevaulx"
                          HPOS="768"
                          VPOS="290"
                          WIDTH="1580"
                          HEIGHT="146"/>
               </TextLine>
               <TextLine ID="eSc_line_32e8fe1e"
                         BASELINE="799 464 1367 461 2238 483"
                         HPOS="789"
                         VPOS="383"
                         WIDTH="1449"
                         HEIGHT="144"
                         TAGREFS="LT118">
                  <Shape>
                     <Polygon POINTS="799 464 789 405 830 383 833 383 836 383 839 383 911 405 918 405 921 405 1005 386 1008 386 1011 386 1074 405 1089 408 1114 405 1170 396 1174 396 1224 405 1258 411 1283 405 1323 393 1327 393 1330 393 1408 405 1473 414 1592 405 1633 402 1636 402 1639 402 1642 402 1645 405 1667 417 1960 405 2029 402 2032 402 2035 402 2042 405 2082 424 2232 405 2238 483 2235 527 2145 527 2142 524 2138 524 2135 524 2135 520 2095 489 1945 489 1873 514 1851 520 1848 520 1845 520 1698 517 1695 517 1667 508 1601 483 1523 502 1495 508 1492 508 1489 508 1486 508 1476 502 1442 480 1392 480 1348 495 1308 511 1305 511 1302 511 1298 511 1258 492 1217 477 1186 477 1170 489 1155 505 1155 508 1152 508 1149 508 1149 511 1083 511 1080 508 1077 508 1074 508 1049 486 1036 477 796 477"/>
                  </Shape>
                  <String CONTENT="de Moriqua hennin et aussi le lundi"
                          HPOS="789"
                          VPOS="383"
                          WIDTH="1449"
                          HEIGHT="144"/>
               </TextLine>
               <TextLine ID="eSc_line_45bbebbc"
                         BASELINE="789 545 2341 577"
                         HPOS="783"
                         VPOS="474"
                         WIDTH="1558"
                         HEIGHT="131"
                         TAGREFS="LT118">
                  <Shape>
                     <Polygon POINTS="789 545 786 492 893 474 896 474 899 474 902 474 902 477 921 492 1021 480 1024 480 1027 480 1083 495 1102 499 1130 495 1252 480 1255 480 1258 480 1305 499 1317 502 1333 499 1408 483 1411 483 1533 502 1579 508 1608 502 1661 489 1664 489 1667 489 1670 489 1720 505 1748 514 2341 514 2341 577 2338 583 2201 598 2198 598 2195 598 2138 583 2076 605 2073 605 2070 605 2067 605 2013 580 2010 580 1992 580 1857 592 1854 592 1851 592 1848 592 1832 580 1829 577 1829 580 1801 592 1798 592 1795 592 1686 577 1661 573 1645 577 1570 595 1567 595 1564 595 1561 595 1505 573 1492 570 1445 573 1370 580 1367 580 1308 573 1252 564 1202 570 1102 586 1099 586 783 564"/>
                  </Shape>
                  <String CONTENT="avant quelle fut prisonniere en avoit"
                          HPOS="783"
                          VPOS="474"
                          WIDTH="1558"
                          HEIGHT="131"/>
               </TextLine>
               <TextLine ID="eSc_line_d81cb751"
                         BASELINE="789 651 2348 661"
                         HPOS="786"
                         VPOS="564"
                         WIDTH="1562"
                         HEIGHT="134"
                         TAGREFS="LT118">
                  <Shape>
                     <Polygon POINTS="789 651 789 573 889 592 927 577 930 577 933 577 1047 598 1095 577 1105 567 1105 564 1108 564 1111 564 1114 564 1117 564 1142 577 1170 589 1189 577 1205 564 1208 564 1211 564 1214 564 1377 567 1380 567 1383 567 1383 570 1392 577 1398 583 1408 580 1442 567 1445 567 1448 567 1451 567 1476 580 1514 595 1548 580 1579 567 1583 567 1586 567 1695 580 1829 601 1932 601 1979 583 2020 570 2023 570 2026 570 2029 570 2063 586 2098 598 2341 589 2348 661 2344 667 2201 695 2201 698 2067 698 2063 695 2060 695 2017 673 2010 670 1973 673 1779 692 1776 692 1773 692 1736 676 1658 692 1654 692 1651 692 1623 676 1614 673 1598 676 1542 692 1539 692 1536 692 1533 692 1498 679 1470 667 1364 667 1339 679 1320 692 1317 692 1314 692 1311 692 1308 692 1267 683 1202 664 1127 683 1124 683 1120 683 1114 683 992 664 786 686"/>
                  </Shape>
                  <String CONTENT="jecte sur une vache estant a Jaicque"
                          HPOS="786"
                          VPOS="564"
                          WIDTH="1562"
                          HEIGHT="134"/>
               </TextLine>
               <TextLine ID="eSc_line_8ca331db"
                         BASELINE="789 729 1433 736 2401 776"
                         HPOS="786"
                         VPOS="688"
                         WIDTH="1615"
                         HEIGHT="126"
                         TAGREFS="LT118">
                  <Shape>
                     <Polygon POINTS="789 729 833 688 2348 708 2401 776 2401 779 2344 798 2341 798 2338 798 2335 798 2288 782 2210 814 2207 814 2204 814 2201 814 2145 798 1948 804 1945 804 1942 804 1939 804 1910 782 1889 801 1885 801 1882 801 1879 801 1726 798 1723 798 1720 798 1679 770 1664 757 1476 754 1445 767 1433 770 1430 770 1426 770 1423 770 1420 770 1420 767 1417 767 1405 751 1370 764 1367 764 1364 764 1361 764 1314 748 1058 757 1055 757 905 742 786 754"/>
                  </Shape>
                  <String CONTENT="maillat mais ne scait sy lesdits cheval"
                          HPOS="786"
                          VPOS="688"
                          WIDTH="1615"
                          HEIGHT="126"/>
               </TextLine>
               <TextLine ID="eSc_line_c5b00556"
                         BASELINE="793 835 1676 829"
                         HPOS="786"
                         VPOS="720"
                         WIDTH="890"
                         HEIGHT="159"
                         TAGREFS="LT118">
                  <Shape>
                     <Polygon POINTS="793 835 786 733 1183 720 1186 720 1189 720 1192 720 1227 745 1245 761 1264 748 1289 733 1292 733 1295 733 1298 733 1302 733 1336 751 1358 764 1508 764 1517 757 1567 720 1570 720 1573 720 1576 720 1579 720 1583 720 1583 723 1617 757 1670 764 1676 829 1670 864 1270 845 1252 860 1236 873 1236 876 1233 876 1230 876 1230 879 999 879 996 876 992 876 989 876 964 854 955 848 793 851"/>
                  </Shape>
                  <String CONTENT="et vache en son mort."
                          HPOS="786"
                          VPOS="720"
                          WIDTH="890"
                          HEIGHT="159"/>
               </TextLine>
               <TextLine ID="eSc_line_8d55b1a9"
                         BASELINE="733 1026 1295 1019 2344 1038"
                         HPOS="724"
                         VPOS="929"
                         WIDTH="1620"
                         HEIGHT="147"
                         TAGREFS="LT118">
                  <Shape>
                     <Polygon POINTS="733 1026 724 957 780 929 783 929 786 929 883 929 886 929 958 957 977 963 992 957 1049 935 1052 935 1055 935 1058 935 1102 957 1111 960 1124 957 1211 932 1214 932 1217 932 1320 957 1348 963 1373 957 1442 935 1445 935 1448 935 1451 935 1498 957 1526 973 1589 973 1608 957 1626 941 1629 941 1633 941 1636 941 1714 957 1795 973 1823 957 1845 941 1848 941 1851 941 1854 941 1910 941 1914 941 1917 941 1935 957 1957 976 2067 976 2092 957 2104 945 2107 945 2110 945 2113 945 2117 945 2120 945 2135 957 2154 966 2170 957 2182 948 2185 948 2188 948 2191 948 2254 957 2257 957 2260 957 2260 960 2279 976 2338 957 2344 1038 2344 1044 2282 1072 2279 1072 2276 1072 2273 1072 2270 1072 2241 1054 2085 1066 2082 1066 2079 1066 2076 1066 2060 1051 2001 1072 1998 1072 1998 1076 1829 1076 1826 1072 1823 1072 1820 1072 1795 1051 1782 1041 1707 1051 1573 1069 1570 1069 1567 1069 1564 1069 1542 1054 1514 1038 1323 1038 1280 1057 1255 1066 1252 1066 1248 1066 1245 1066 1217 1057 1158 1035 989 1035 946 1060 942 1060 939 1060 936 1060 933 1060 930 1060 899 1035 836 1035 808 1057 808 1060 805 1060 802 1060 802 1063 730 1063"/>
                  </Shape>
                  <String CONTENT="Item confesse avoir jecte dudit poulsat"
                          HPOS="724"
                          VPOS="929"
                          WIDTH="1620"
                          HEIGHT="147"/>
               </TextLine>
               <TextLine ID="eSc_line_058ed7d2"
                         BASELINE="780 1110 2379 1132"
                         HPOS="774"
                         VPOS="1038"
                         WIDTH="1605"
                         HEIGHT="134"
                         TAGREFS="LT118">
                  <Shape>
                     <Polygon POINTS="780 1110 774 1060 858 1038 861 1038 864 1038 868 1038 933 1060 1083 1041 1086 1041 1089 1041 1152 1063 1230 1041 1233 1041 1236 1041 1345 1063 1364 1048 1364 1044 1367 1044 1370 1044 1373 1044 1377 1044 1455 1066 1520 1048 1523 1048 1526 1048 1530 1048 1533 1048 1558 1069 1576 1054 1579 1054 1583 1054 1586 1054 1686 1072 1698 1072 1732 1072 2110 1054 2113 1054 2117 1054 2198 1079 2201 1079 2204 1079 2313 1057 2316 1057 2319 1057 2379 1082 2379 1132 2376 1141 2207 1150 2173 1172 2170 1172 2166 1172 2163 1172 1960 1144 1901 1138 1879 1144 1851 1157 1848 1157 1845 1157 1842 1157 1839 1157 1826 1147 1820 1138 1804 1147 1782 1157 1779 1157 1776 1157 1773 1157 1745 1147 1723 1138 1692 1147 1633 1163 1629 1163 1626 1163 1558 1147 1542 1144 1526 1147 1470 1163 1467 1163 1464 1163 1461 1163 1414 1147 1361 1132 1302 1147 1298 1147 1295 1147 958 1126 777 1150"/>
                  </Shape>
                  <String CONTENT="sur lenfant de Jaicque maillat de sorte"
                          HPOS="774"
                          VPOS="1038"
                          WIDTH="1605"
                          HEIGHT="134"/>
               </TextLine>
               <TextLine ID="eSc_line_b99450af"
                         BASELINE="805 1213 2385 1238"
                         HPOS="802"
                         VPOS="1135"
                         WIDTH="1583"
                         HEIGHT="131"
                         TAGREFS="LT118">
                  <Shape>
                     <Polygon POINTS="805 1213 805 1157 896 1157 899 1157 949 1135 952 1135 955 1135 958 1135 1002 1157 1008 1160 1036 1157 1186 1138 1189 1138 1192 1138 1195 1138 1224 1160 1236 1160 1345 1141 1348 1141 1352 1141 1417 1160 1439 1166 1451 1160 1483 1144 1486 1144 1489 1144 1573 1144 1576 1144 1579 1144 1579 1147 1595 1163 1601 1169 1642 1163 1723 1147 1726 1147 1929 1150 1932 1150 1967 1163 1995 1175 2379 1169 2385 1238 2382 1257 2266 1266 2263 1266 2207 1257 2157 1247 2092 1253 2020 1263 2017 1263 2013 1263 1992 1253 1964 1241 1814 1241 1745 1250 1701 1257 1698 1257 1661 1250 1604 1238 1573 1247 1561 1253 1558 1253 1554 1253 1551 1253 1548 1253 1542 1247 1517 1232 1180 1228 1158 1244 1155 1247 1152 1247 1149 1247 1149 1250 1008 1250 1005 1247 1002 1247 999 1247 999 1244 996 1244 996 1241 983 1228 802 1238"/>
                  </Shape>
                  <String CONTENT="quil en est devenu tout debille et malade"
                          HPOS="802"
                          VPOS="1135"
                          WIDTH="1583"
                          HEIGHT="131"/>
               </TextLine>
               <TextLine ID="eSc_line_13942dca"
                         BASELINE="736 1316 1383 1306 2232 1335"
                         HPOS="727"
                         VPOS="1225"
                         WIDTH="1505"
                         HEIGHT="138"
                         TAGREFS="LT118">
                  <Shape>
                     <Polygon POINTS="736 1316 727 1250 814 1225 818 1225 821 1225 824 1225 927 1250 1267 1238 1270 1238 1273 1238 1277 1238 1302 1257 1333 1235 1336 1235 1339 1235 1342 1235 1430 1235 1433 1235 1486 1260 1489 1260 1639 1241 1642 1241 1739 1263 1742 1263 1745 1263 1979 1244 1982 1244 1985 1244 2029 1269 2032 1269 2038 1269 2126 1247 2129 1247 2229 1272 2232 1335 2229 1353 2035 1363 2032 1363 1948 1353 1776 1328 1726 1350 1707 1356 1704 1356 1701 1356 1698 1356 1679 1350 1626 1325 1420 1322 1267 1322 1248 1341 1245 1341 1242 1341 1239 1341 1236 1341 1233 1341 1233 1338 1211 1319 1130 1319 1108 1341 1105 1341 1102 1341 1099 1341 977 1328 874 1341 836 1344 833 1344 830 1344 827 1344 824 1341 799 1325 733 1338"/>
                  </Shape>
                  <String CONTENT="Lequel mal elle ne lui seroit oster"
                          HPOS="727"
                          VPOS="1225"
                          WIDTH="1505"
                          HEIGHT="138"/>
               </TextLine>
               <TextLine ID="eSc_line_f9fd726a"
                         BASELINE="814 1394 1807 1409"
                         HPOS="802"
                         VPOS="1319"
                         WIDTH="1005"
                         HEIGHT="140"
                         TAGREFS="LT118">
                  <Shape>
                     <Polygon POINTS="814 1394 814 1335 924 1341 933 1331 939 1328 939 1325 942 1325 946 1325 949 1325 952 1325 955 1325 961 1331 971 1338 980 1331 996 1319 999 1319 1002 1319 1005 1319 1008 1319 1011 1319 1011 1322 1024 1331 1030 1338 1036 1331 1049 1322 1049 1319 1052 1319 1055 1319 1058 1319 1164 1319 1167 1319 1199 1331 1236 1347 1270 1331 1286 1322 1289 1322 1292 1322 1364 1322 1367 1322 1386 1328 1442 1353 1667 1353 1801 1328 1807 1409 1804 1419 1629 1444 1626 1444 1623 1444 1620 1444 1586 1422 1583 1419 1579 1422 1542 1456 1542 1459 1539 1459 1536 1459 1533 1459 1358 1456 1355 1456 1352 1456 1305 1425 1292 1419 1264 1425 1239 1431 1236 1431 1233 1431 1230 1431 1217 1425 1189 1412 1136 1428 1117 1431 1114 1431 1111 1431 1074 1428 986 1416 967 1428 952 1441 949 1441 946 1441 836 1450 833 1450 830 1450 827 1450 802 1431"/>
                  </Shape>
                  <String CONTENT="Pour lavoir trop porte"
                          HPOS="802"
                          VPOS="1319"
                          WIDTH="1005"
                          HEIGHT="140"/>
               </TextLine>
               <TextLine ID="eSc_line_8f2894f3"
                         BASELINE="1732 1515 2038 1509"
                         HPOS="1720"
                         VPOS="1434"
                         WIDTH="318"
                         HEIGHT="109"
                         TAGREFS="LT118">
                  <Shape>
                     <Polygon POINTS="1732 1515 1720 1459 1751 1434 1754 1434 1757 1434 1761 1434 1817 1434 1820 1434 1823 1434 1823 1437 1851 1459 1970 1437 1973 1437 1976 1437 2035 1459 2038 1509 2038 1519 1732 1543"/>
                  </Shape>
                  <String CONTENT="^ung peu"
                          HPOS="1720"
                          VPOS="1434"
                          WIDTH="318"
                          HEIGHT="109"/>
               </TextLine>
               <TextLine ID="eSc_line_0a758572"
                         BASELINE="779 1569 1825 1607"
                         HPOS="774"
                         VPOS="1481"
                         WIDTH="1049"
                         HEIGHT="165"
                         TAGREFS="LT118">
                  <Shape>
                     <Polygon POINTS="777 1568 777 1481 883 1484 886 1484 889 1484 952 1519 1021 1497 1024 1497 1027 1497 1030 1497 1033 1497 1033 1500 1058 1525 1120 1525 1142 1500 1149 1497 1149 1494 1152 1494 1155 1494 1158 1494 1211 1494 1267 1506 1386 1534 1426 1519 1430 1519 1433 1519 1473 1519 1523 1519 1526 1519 1530 1522 1576 1543 1661 1543 1695 1528 1717 1519 1720 1519 1723 1519 1823 1537 1823 1606 1814 1646 1732 1615 1661 1628 1658 1628 1433 1606 1395 1631 1392 1631 1389 1631 1389 1634 1302 1634 1298 1631 1280 1628 1158 1603 1105 1621 1102 1621 1099 1621 1095 1621 1092 1621 1092 1618 1064 1593 977 1606 974 1606 971 1606 967 1606 949 1590 930 1606 930 1609 927 1609 924 1609 924 1612 774 1612"/>
                  </Shape>
                  <String CONTENT="Item confesse quelle meit ^"
                          HPOS="774"
                          VPOS="1481"
                          WIDTH="1049"
                          HEIGHT="165"/>
               </TextLine>
               <TextLine ID="eSc_line_40fd2412"
                         BASELINE="1842 1604 2274 1623"
                         HPOS="1829"
                         VPOS="1515"
                         WIDTH="447"
                         HEIGHT="194"
                         TAGREFS="LT118">
                  <Shape>
                     <Polygon POINTS="1839 1603 1845 1515 1876 1534 1901 1522 1904 1519 1907 1519 1910 1519 1914 1519 1932 1522 2004 1540 2092 1537 2198 1531 2201 1531 2204 1531 2276 1553 2273 1621 2266 1646 2148 1646 2101 1668 2017 1709 2013 1709 2010 1709 1829 1699"/>
                  </Shape>
                  <String CONTENT="dudit poulsat"
                          HPOS="1829"
                          VPOS="1515"
                          WIDTH="447"
                          HEIGHT="194"/>
               </TextLine>
               <TextLine ID="eSc_line_d33efd58"
                         BASELINE="618 1668 1601 1681 2357 1706"
                         HPOS="612"
                         VPOS="1581"
                         WIDTH="1748"
                         HEIGHT="168"
                         TAGREFS="LT118">
                  <Shape>
                     <Polygon POINTS="618 1668 618 1581 733 1584 736 1584 740 1584 740 1587 771 1615 849 1590 855 1587 858 1587 861 1587 864 1587 868 1587 871 1590 911 1615 1036 1597 1089 1590 1092 1590 1161 1603 1302 1631 1426 1631 1489 1615 1530 1606 1533 1606 1536 1606 1539 1606 1586 1618 1629 1634 1645 1621 1664 1606 1664 1603 1667 1603 1670 1603 1673 1603 1729 1603 1732 1603 1801 1628 1811 1631 1820 1631 1870 1618 1873 1618 1876 1618 1879 1618 1898 1634 1910 1643 2107 1643 2113 1640 2145 1621 2148 1621 2151 1621 2154 1621 2157 1621 2160 1621 2191 1646 2198 1650 2248 1650 2248 1646 2270 1628 2270 1625 2273 1625 2276 1625 2279 1625 2282 1625 2360 1653 2357 1706 2354 1721 2235 1749 2232 1749 2229 1749 2170 1718 2166 1718 2092 1734 2088 1734 2085 1734 2082 1734 2057 1715 2038 1703 1982 1715 1926 1724 1923 1724 1851 1712 1792 1699 1767 1709 1729 1724 1726 1724 1723 1724 1720 1724 1676 1706 1667 1703 1658 1706 1620 1724 1617 1724 1614 1724 1611 1724 1608 1724 1608 1721 1589 1706 1579 1693 1520 1693 1501 1703 1445 1734 1442 1734 1439 1734 1277 1731 1273 1731 1192 1706 1152 1724 1149 1724 1145 1724 1142 1724 1139 1724 1139 1721 1111 1693 1105 1687 1049 1693 971 1699 967 1699 964 1699 936 1690 914 1681 896 1690 827 1721 824 1721 821 1721 818 1721 814 1721 768 1687 761 1681 746 1684 699 1699 696 1699 693 1699 612 1681"/>
                  </Shape>
                  <String CONTENT="en une soppe quelle feist a la femme"
                          HPOS="612"
                          VPOS="1581"
                          WIDTH="1748"
                          HEIGHT="168"/>
               </TextLine>
               <TextLine ID="eSc_line_0f1e9a01"
                         BASELINE="746 1777 2232 1777"
                         HPOS="736"
                         VPOS="1696"
                         WIDTH="1499"
                         HEIGHT="122"
                         TAGREFS="LT118">
                  <Shape>
                     <Polygon POINTS="746 1777 736 1724 768 1699 771 1699 774 1699 777 1699 911 1724 1036 1696 1039 1696 1042 1696 1046 1696 1046 1699 1074 1724 1074 1728 1111 1728 1111 1724 1139 1703 1139 1699 1142 1699 1145 1699 1211 1696 1214 1696 1217 1696 1270 1724 1273 1728 1505 1728 1505 1724 1573 1696 1576 1696 1579 1696 1742 1696 1745 1696 1811 1724 1826 1709 1826 1706 1829 1706 1832 1706 1836 1706 1839 1706 1842 1706 1876 1724 1876 1728 1985 1728 1985 1724 2070 1696 2073 1696 2076 1696 2079 1696 2082 1696 2082 1699 2110 1724 2110 1728 2232 1728 2232 1777 2235 1787 2145 1812 2142 1812 2138 1812 1782 1793 1726 1815 1723 1815 1723 1818 1645 1818 1642 1815 1639 1815 1589 1793 1583 1790 1564 1793 1442 1815 1442 1818 1339 1818 1336 1815 1333 1815 1330 1815 1330 1812 1308 1793 1302 1790 1239 1790 1233 1793 1211 1812 1211 1815 1208 1815 1205 1815 1202 1815 1199 1815 1136 1796 1114 1790 1067 1790 1058 1796 1036 1815 1033 1815 1030 1815 1027 1815 1024 1815 980 1796 961 1790 746 1796"/>
                  </Shape>
                  <String CONTENT="de son filz, et que layant mange"
                          HPOS="736"
                          VPOS="1696"
                          WIDTH="1499"
                          HEIGHT="122"/>
               </TextLine>
               <TextLine ID="eSc_line_542ee8d4"
                         BASELINE="768 1868 1873 1874 2363 1890"
                         HPOS="765"
                         VPOS="1787"
                         WIDTH="1598"
                         HEIGHT="112"
                         TAGREFS="LT118">
                  <Shape>
                     <Polygon POINTS="768 1868 765 1802 833 1787 836 1787 1027 1802 1105 1809 1114 1802 1133 1787 1136 1787 1139 1787 1142 1787 1145 1787 1183 1802 1202 1812 1211 1802 1227 1790 1230 1790 1233 1790 1236 1790 1239 1790 1242 1790 1258 1805 1267 1812 1286 1805 1327 1787 1330 1787 1333 1787 1336 1787 1339 1787 1339 1790 1358 1805 1367 1815 1426 1815 1458 1805 1501 1790 1505 1790 1508 1790 1583 1805 1629 1815 1695 1805 1754 1799 1757 1799 1761 1799 1776 1805 1792 1815 1798 1805 1811 1796 1811 1793 1814 1793 1817 1793 1820 1793 1823 1793 1851 1809 1873 1821 1973 1821 1992 1809 2017 1793 2020 1793 2023 1793 2026 1793 2132 1796 2135 1796 2138 1796 2138 1799 2151 1809 2163 1821 2185 1809 2210 1796 2213 1796 2216 1796 2363 1812 2363 1890 2360 1899 765 1899"/>
                  </Shape>
                  <String CONTENT="Icelle devint fort malade. Et que la"
                          HPOS="765"
                          VPOS="1787"
                          WIDTH="1598"
                          HEIGHT="112"/>
               </TextLine>
               <TextLine ID="eSc_line_fdc4c503"
                         BASELINE="796 1977 1308 1971 2279 1990"
                         HPOS="793"
                         VPOS="1890"
                         WIDTH="1486"
                         HEIGHT="140"
                         TAGREFS="LT118">
                  <Shape>
                     <Polygon POINTS="796 1977 793 1902 1080 1915 1099 1902 1114 1890 1117 1890 1120 1890 1124 1890 1289 1905 1336 1908 1380 1905 1520 1893 1523 1893 1526 1893 1530 1893 1551 1908 1573 1921 1695 1908 1789 1899 1792 1899 1795 1899 1798 1899 1798 1902 1807 1908 1826 1924 1904 1912 1939 1905 1942 1905 1945 1905 1957 1912 1989 1924 2004 1912 2017 1899 2020 1899 2023 1899 2026 1899 2029 1899 2067 1912 2117 1930 2185 1930 2207 1912 2220 1902 2223 1902 2226 1902 2229 1902 2232 1902 2279 1915 2279 1990 2273 2021 2157 1999 2126 2021 2120 2027 2117 2027 2113 2027 2113 2030 2063 2030 2060 2027 2057 2027 2045 2021 1992 1993 1889 2008 1885 2008 1882 2008 1879 2008 1864 1996 1839 2021 1836 2021 1836 2024 1832 2024 1829 2024 1826 2024 1786 2018 1707 2008 1583 2018 1530 2021 1526 2021 1523 2021 1517 2018 1458 1986 1392 2005 1389 2005 1386 2005 1295 1986 1248 2002 1245 2002 1242 2002 1239 2002 1236 2002 1236 1999 1217 1983 952 1983 793 2011"/>
                  </Shape>
                  <String CONTENT="Dame de Gallfingen lui a depuis"
                          HPOS="793"
                          VPOS="1890"
                          WIDTH="1486"
                          HEIGHT="140"/>
               </TextLine>
               <TextLine ID="eSc_line_d1e6ecc1"
                         BASELINE="783 2074 1470 2068"
                         HPOS="777"
                         VPOS="1980"
                         WIDTH="693"
                         HEIGHT="141"
                         TAGREFS="LT118">
                  <Shape>
                     <Polygon POINTS="783 2074 777 2027 911 1993 914 1993 918 1993 967 2014 986 2021 996 2011 1014 1996 1014 1993 1017 1993 1021 1993 1024 1993 1114 1996 1130 1983 1130 1980 1133 1980 1136 1980 1139 1980 1252 1980 1255 1980 1258 1980 1258 1983 1270 1993 1295 2021 1389 2021 1455 1980 1470 2068 1470 2096 1373 2114 1370 2114 1367 2114 1364 2114 1345 2102 1333 2092 1308 2102 1283 2111 1280 2111 1277 2111 1273 2111 1255 2105 1211 2086 1139 2108 1114 2114 1111 2114 1108 2114 1105 2114 1102 2114 1102 2111 1095 2108 1074 2089 883 2089 855 2114 855 2117 852 2117 849 2117 849 2121 783 2121"/>
                  </Shape>
                  <String CONTENT="oste le mal."
                          HPOS="777"
                          VPOS="1980"
                          WIDTH="693"
                          HEIGHT="141"/>
               </TextLine>
               <TextLine ID="eSc_line_4bf6b781"
                         BASELINE="743 2261 1111 2245 2160 2261"
                         HPOS="733"
                         VPOS="2158"
                         WIDTH="1427"
                         HEIGHT="140"
                         TAGREFS="LT118">
                  <Shape>
                     <Polygon POINTS="743 2261 733 2183 786 2158 789 2158 793 2158 936 2158 939 2158 942 2158 980 2180 1327 2161 1330 2161 1433 2183 1542 2164 1545 2164 1548 2164 1595 2186 1623 2174 1626 2174 1629 2174 2157 2192 2160 2261 2151 2298 2038 2270 1935 2283 1932 2283 1786 2264 1732 2264 1679 2295 1676 2295 1673 2295 1670 2295 1667 2295 1579 2264 1442 2295 1436 2295 1433 2295 1430 2295 1426 2295 1348 2261 1205 2276 1202 2276 1199 2276 1161 2261 1111 2292 1108 2292 1105 2292 1102 2292 1099 2292 1095 2292 1095 2289 1061 2258 1005 2258 955 2286 952 2286 949 2286 740 2289"/>
                  </Shape>
                  <String CONTENT="Item de plus confesse que avec dudit"
                          HPOS="733"
                          VPOS="2158"
                          WIDTH="1427"
                          HEIGHT="140"/>
               </TextLine>
               <TextLine ID="eSc_line_5800b700"
                         BASELINE="665 2342 1608 2336 2332 2361"
                         HPOS="658"
                         VPOS="2252"
                         WIDTH="1674"
                         HEIGHT="143"
                         TAGREFS="LT118">
                  <Shape>
                     <Polygon POINTS="665 2342 658 2267 730 2252 733 2252 736 2252 740 2252 758 2267 774 2283 824 2283 846 2270 880 2252 883 2252 886 2252 889 2252 893 2252 918 2270 936 2283 999 2270 1089 2255 1092 2255 1095 2255 1099 2255 1117 2273 1120 2273 1124 2273 1233 2261 1236 2261 1323 2276 1339 2280 1345 2276 1364 2261 1367 2261 1370 2261 1373 2261 1377 2261 1430 2280 1451 2286 1464 2280 1505 2258 1508 2258 1511 2258 1633 2261 1636 2261 1639 2261 1639 2264 1661 2283 1667 2283 1817 2261 1820 2261 1823 2261 1826 2261 1826 2264 1851 2286 1854 2292 2023 2292 2029 2289 2051 2270 2051 2267 2054 2267 2057 2267 2060 2267 2063 2267 2120 2289 2126 2295 2332 2295 2332 2361 2329 2395 2142 2395 2138 2392 2135 2392 2132 2392 2129 2389 2110 2373 2076 2383 2073 2383 2070 2383 2067 2383 1998 2358 1976 2373 1973 2373 1970 2373 1967 2373 1964 2373 1910 2354 1804 2379 1801 2379 1798 2379 1795 2379 1795 2376 1767 2351 1739 2364 1736 2364 1732 2364 1492 2348 1451 2376 1439 2386 1436 2386 1433 2386 1430 2386 1426 2386 1423 2386 1408 2373 1367 2351 1217 2351 1195 2367 1192 2367 1189 2367 1186 2367 1183 2367 1180 2367 1180 2364 1161 2348 1092 2348 1042 2367 1011 2379 1008 2379 1005 2379 1002 2379 999 2379 977 2367 942 2348 880 2348 858 2364 836 2379 833 2379 830 2379 827 2379 658 2358"/>
                  </Shape>
                  <String CONTENT="poulsat elle a faict mourir Borquin"
                          HPOS="658"
                          VPOS="2252"
                          WIDTH="1674"
                          HEIGHT="143"/>
               </TextLine>
               <TextLine ID="eSc_line_5f2fcd01"
                         BASELINE="777 2436 1714 2436 2223 2457"
                         HPOS="771"
                         VPOS="2348"
                         WIDTH="1452"
                         HEIGHT="144"
                         TAGREFS="LT118">
                  <Shape>
                     <Polygon POINTS="777 2436 771 2383 868 2348 871 2348 874 2348 930 2354 933 2354 936 2354 936 2358 964 2383 992 2364 996 2364 999 2364 1002 2364 1071 2376 1108 2351 1111 2351 1114 2351 1117 2351 1261 2386 1267 2386 1270 2386 1455 2354 1458 2354 1461 2354 1526 2389 1554 2389 1614 2389 1617 2389 1679 2358 1683 2358 1686 2358 1879 2358 1882 2358 1885 2358 1885 2361 1920 2392 1976 2361 1979 2361 1982 2361 1985 2361 2076 2392 2079 2392 2142 2376 2145 2376 2148 2376 2151 2376 2223 2395 2223 2457 2223 2464 2182 2479 2179 2479 2176 2479 2173 2479 2126 2467 2110 2461 2104 2467 2079 2489 2076 2489 2073 2489 2073 2492 1954 2492 1951 2489 1948 2489 1945 2489 1910 2467 1898 2461 1879 2467 1832 2485 1829 2485 1826 2485 1823 2485 1820 2485 1820 2482 1804 2467 1789 2454 1754 2467 1751 2467 1748 2467 1573 2451 1539 2467 1536 2467 1533 2467 1401 2451 1377 2473 1367 2479 1367 2482 1364 2482 1361 2482 1361 2485 1308 2485 1305 2482 1302 2482 1277 2473 1214 2448 1117 2467 1114 2467 1111 2467 1108 2467 1086 2448 1039 2470 1036 2470 1033 2470 1030 2470 1027 2470 1027 2467 1024 2467 1011 2451 992 2467 989 2467 986 2467 871 2476 852 2476 849 2476 846 2476 843 2476 843 2473 827 2461 777 2476"/>
                  </Shape>
                  <String CONTENT="filz de Perrin hennin et Richarde sa"
                          HPOS="771"
                          VPOS="2348"
                          WIDTH="1452"
                          HEIGHT="144"/>
               </TextLine>
               <TextLine ID="eSc_line_5e8d02b9"
                         BASELINE="811 2523 1442 2529 2338 2560"
                         HPOS="808"
                         VPOS="2451"
                         WIDTH="1530"
                         HEIGHT="153"
                         TAGREFS="LT118">
                  <Shape>
                     <Polygon POINTS="811 2523 808 2470 914 2451 918 2451 921 2451 924 2451 946 2470 952 2476 1061 2476 1071 2470 1083 2461 1086 2461 1089 2461 1092 2461 1161 2473 1202 2479 1230 2473 1283 2457 1286 2457 1289 2457 1292 2457 1323 2473 1327 2476 1330 2473 1352 2461 1355 2461 1358 2461 1361 2461 1451 2476 1483 2479 1492 2476 1520 2464 1523 2464 1526 2464 1626 2476 1757 2495 1811 2479 1820 2476 1823 2476 1826 2476 1829 2476 1832 2476 1836 2479 1854 2495 1957 2479 1973 2479 1976 2479 1979 2479 1982 2479 1982 2482 2007 2504 2070 2504 2101 2482 2104 2482 2107 2482 2110 2482 2113 2482 2117 2482 2117 2485 2142 2504 2332 2485 2338 2560 2335 2570 2104 2604 2101 2604 2098 2604 2095 2604 2054 2570 2048 2563 1976 2560 1811 2560 1792 2570 1754 2588 1751 2588 1748 2588 1745 2588 1742 2588 1720 2570 1704 2557 1689 2570 1658 2592 1654 2592 1651 2592 1648 2592 1645 2592 1592 2573 1530 2588 1526 2588 1523 2588 1520 2588 1517 2588 1492 2570 1467 2551 1436 2570 1405 2585 1401 2585 1398 2585 1395 2585 1345 2570 1280 2548 1233 2548 1208 2570 1199 2579 1195 2579 1192 2579 1189 2579 1099 2576 1095 2576 1092 2576 1092 2573 1086 2570 1055 2539 996 2539 808 2567"/>
                  </Shape>
                  <String CONTENT="femme parce quilz avoyent mal parle"
                          HPOS="808"
                          VPOS="2451"
                          WIDTH="1530"
                          HEIGHT="153"/>
               </TextLine>
               <TextLine ID="eSc_line_fcd9021b"
                         BASELINE="774 2632 1614 2626 2391 2660"
                         HPOS="768"
                         VPOS="2545"
                         WIDTH="1623"
                         HEIGHT="140"
                         TAGREFS="LT118">
                  <Shape>
                     <Polygon POINTS="774 2632 768 2554 999 2545 1002 2545 1005 2545 1008 2545 1024 2554 1030 2560 1039 2554 1052 2545 1055 2545 1058 2545 1061 2545 1064 2545 1067 2545 1067 2548 1071 2548 1077 2554 1086 2570 1155 2570 1189 2557 1208 2548 1211 2548 1214 2548 1217 2548 1233 2557 1267 2576 1401 2576 1426 2557 1436 2551 1439 2551 1442 2551 1445 2551 1486 2557 1536 2567 1695 2560 1776 2557 1779 2557 1782 2557 1792 2560 1839 2582 1985 2563 2007 2560 2010 2560 2013 2560 2020 2563 2073 2588 2160 2588 2191 2567 2195 2567 2198 2567 2201 2567 2204 2567 2251 2588 2388 2567 2391 2660 2385 2685 1626 2645 1420 2670 1417 2670 1220 2645 1161 2666 1158 2666 1155 2666 1152 2666 1067 2638 1008 2657 1005 2657 1002 2657 999 2657 996 2657 977 2641 952 2660 949 2660 946 2660 946 2663 771 2663"/>
                  </Shape>
                  <String CONTENT="delle et dit quelle Leur avoit derobe"
                          HPOS="768"
                          VPOS="2545"
                          WIDTH="1623"
                          HEIGHT="140"/>
               </TextLine>
               <TextLine ID="eSc_line_81900890"
                         BASELINE="761 2723 1383 2732"
                         HPOS="755"
                         VPOS="2657"
                         WIDTH="628"
                         HEIGHT="137"
                         TAGREFS="LT118">
                  <Shape>
                     <Polygon POINTS="761 2723 761 2660 921 2676 936 2666 949 2657 952 2657 955 2657 958 2657 961 2657 964 2657 964 2660 977 2670 989 2679 1049 2673 1149 2660 1152 2660 1155 2660 1158 2660 1180 2679 1186 2682 1202 2679 1273 2663 1277 2663 1383 2688 1383 2732 1380 2757 971 2794 967 2794 964 2794 877 2747 755 2744"/>
                  </Shape>
                  <String CONTENT="ung fleurie"
                          HPOS="755"
                          VPOS="2657"
                          WIDTH="628"
                          HEIGHT="137"/>
               </TextLine>
               <TextLine ID="eSc_line_d76b5fe3"
                         BASELINE="955 2932 1720 2916 2260 2935"
                         HPOS="946"
                         VPOS="2829"
                         WIDTH="1314"
                         HEIGHT="131"
                         TAGREFS="LT118">
                  <Shape>
                     <Polygon POINTS="955 2932 946 2850 986 2829 989 2829 992 2829 1067 2829 1071 2829 1074 2829 1074 2832 1095 2850 1142 2835 1145 2835 1149 2835 1152 2835 1214 2850 1217 2850 1273 2829 1277 2829 1280 2829 1464 2847 1551 2829 1554 2829 1648 2850 1692 2829 1695 2829 1698 2829 1701 2829 1704 2829 1732 2850 1839 2835 1842 2835 1932 2850 2007 2829 2010 2829 2013 2829 2017 2829 2020 2829 2051 2847 2129 2832 2132 2832 2257 2854 2260 2935 2260 2960 1882 2960 1879 2956 1776 2935 1629 2956 1626 2956 1623 2956 1620 2956 1586 2935 1317 2935 1245 2956 1242 2956 1239 2956 1236 2956 1233 2956 1208 2935 1180 2956 1177 2956 1174 2956 1170 2956 1046 2938 955 2956"/>
                  </Shape>
                  <String CONTENT="Ladite Aignelatte fust le premier de"
                          HPOS="946"
                          VPOS="2829"
                          WIDTH="1314"
                          HEIGHT="131"/>
               </TextLine>
               <TextLine ID="eSc_line_b6a75476"
                         BASELINE="971 3006 1448 2994 2341 3006"
                         HPOS="967"
                         VPOS="2922"
                         WIDTH="1374"
                         HEIGHT="116"
                         TAGREFS="LT118">
                  <Shape>
                     <Polygon POINTS="971 3006 967 2932 1267 2941 1286 2928 1292 2922 1295 2922 1298 2922 1302 2922 1305 2922 1327 2928 1361 2941 1392 2928 1411 2922 1414 2922 1417 2922 1576 2922 1579 2922 1583 2922 1589 2928 1614 2944 1739 2944 1845 2928 1864 2925 1867 2925 1870 2925 1873 2925 1873 2928 1892 2947 2057 2947 2135 2925 2145 2925 2148 2925 2166 2925 2304 2944 2332 2925 2341 3006 2341 3016 2301 3034 2298 3034 2298 3038 1898 3038 1895 3034 1892 3034 1860 3022 1842 3009 1598 3009 1567 3025 1558 3028 1554 3028 1551 3028 1548 3028 1545 3028 1545 3025 1542 3025 1530 3009 1495 3025 1492 3025 1489 3025 1486 3025 1470 3025 1323 3009 1305 3025 1305 3028 1302 3028 1298 3028 1295 3028 1292 3028 1283 3025 1224 3013 967 3028"/>
                  </Shape>
                  <String CONTENT="Septembre 1609 condempnee destre"
                          HPOS="967"
                          VPOS="2922"
                          WIDTH="1374"
                          HEIGHT="116"/>
               </TextLine>
               <TextLine ID="eSc_line_c5527324"
                         BASELINE="986 3081 2319 3081"
                         HPOS="986"
                         VPOS="3022"
                         WIDTH="1333"
                         HEIGHT="90"
                         TAGREFS="LT118">
                  <Shape>
                     <Polygon POINTS="986 3081 986 3022 2319 3025 2319 3081 2316 3112 2226 3097 2001 3112 1998 3112 1995 3112 1992 3112 1923 3094 1458 3094 1423 3112 1420 3112 1417 3112 1414 3112 1411 3112 1314 3094 1061 3094 989 3112"/>
                  </Shape>
                  <String CONTENT="Bruslee toute vive mais par grace"
                          HPOS="986"
                          VPOS="3022"
                          WIDTH="1333"
                          HEIGHT="90"/>
               </TextLine>
               <TextLine ID="eSc_line_c22dc9e4"
                         BASELINE="1002 3169 1464 3153 2291 3169"
                         HPOS="996"
                         VPOS="3075"
                         WIDTH="1295"
                         HEIGHT="134"
                         TAGREFS="LT118">
                  <Shape>
                     <Polygon POINTS="1002 3169 996 3106 1149 3075 1152 3075 1295 3103 1320 3109 1392 3109 1398 3103 1420 3081 1420 3078 1423 3078 1426 3078 1430 3078 1433 3078 1517 3100 1536 3106 1548 3100 1595 3078 1598 3078 1601 3078 1604 3078 1664 3097 1692 3078 1695 3078 1698 3078 1701 3078 1876 3081 1879 3081 1882 3081 1907 3097 1923 3109 1935 3097 1948 3087 1948 3084 1951 3084 1954 3084 1957 3084 1960 3084 1992 3097 2020 3109 2285 3097 2291 3169 2291 3175 2188 3209 2185 3209 2182 3209 2179 3209 2073 3178 2070 3178 2067 3178 2017 3209 2013 3209 2010 3209 2007 3209 1751 3206 1748 3206 1704 3184 1689 3175 1654 3184 1595 3200 1592 3200 1589 3200 1586 3200 1530 3184 1486 3175 1420 3187 1361 3197 1358 3197 1355 3197 1320 3187 1261 3172 1117 3172 1080 3190 1061 3203 1058 3203 1055 3203 1052 3203 996 3190"/>
                  </Shape>
                  <String CONTENT="fust decapitee et desla son corps"
                          HPOS="996"
                          VPOS="3075"
                          WIDTH="1295"
                          HEIGHT="134"/>
               </TextLine>
               <TextLine ID="eSc_line_ad7a7122"
                         BASELINE="1017 3253 1614 3228"
                         HPOS="1008"
                         VPOS="3153"
                         WIDTH="606"
                         HEIGHT="187"
                         TAGREFS="LT118">
                  <Shape>
                     <Polygon POINTS="1017 3253 1008 3187 1330 3162 1333 3162 1336 3162 1361 3175 1364 3175 1367 3175 1464 3153 1467 3153 1608 3169 1614 3228 1614 3262 1514 3281 1511 3281 1508 3281 1505 3281 1501 3278 1483 3265 1464 3281 1417 3321 1417 3325 1414 3325 1411 3325 1314 3331 1311 3331 1308 3331 1305 3331 1270 3303 1255 3287 1167 3275 1083 3325 1058 3340 1055 3340 1052 3340 1049 3340 1046 3340 1014 3331"/>
                  </Shape>
                  <String CONTENT="jecte au feug"
                          HPOS="1008"
                          VPOS="3153"
                          WIDTH="606"
                          HEIGHT="187"/>
               </TextLine>
            </TextBlock>
            <TextBlock HPOS="2307"
                       VPOS="3530"
                       WIDTH="52"
                       HEIGHT="78"
                       ID="eSc_textblock_3a364442"
                       TAGREFS="BT371">
               <Shape>
                  <Polygon POINTS="2307 3608 2307 3530 2354 3530 2359 3604"/>
               </Shape>
               <TextLine ID="eSc_line_7ee39647"
                         BASELINE="2312 3596 2350 3596"
                         HPOS="2310"
                         VPOS="3518"
                         WIDTH="38"
                         HEIGHT="112"
                         TAGREFS="LT118">
                  <Shape>
                     <Polygon POINTS="2310 3593 2310 3518 2348 3524 2348 3593 2348 3624 2310 3630"/>
                  </Shape>
                  <String CONTENT="3" HPOS="2310" VPOS="3518" WIDTH="38" HEIGHT="112"/>
               </TextLine>
            </TextBlock>
         </PrintSpace>
      </Page>
   </Layout>
</alto>
