<alto xmlns:xsi="http://www.w3.org/2001/XMLSchema-instance"
      xmlns="http://www.loc.gov/standards/alto/ns-v4#"
      xsi:schemaLocation="http://www.loc.gov/standards/alto/ns-v4# http://www.loc.gov/standards/alto/v4/alto-4-2.xsd">
   <Description>
      <MeasurementUnit>pixel</MeasurementUnit>
      <sourceImageInformation>
         <fileName>B_168_15-2-2_0009.jpg</fileName>
      </sourceImageInformation>
   </Description>
   <Tags>
      <OtherTag ID="BT365"
                LABEL="MainZone:column"
                DESCRIPTION="block type MainZone:column"/>
      <OtherTag ID="BT367" LABEL="MainZone" DESCRIPTION="block type MainZone"/>
      <OtherTag ID="BT368"
                LABEL="MarginTextZone"
                DESCRIPTION="block type MarginTextZone"/>
      <OtherTag ID="BT369"
                LABEL="MarginTextZone:note"
                DESCRIPTION="block type MarginTextZone:note"/>
      <OtherTag ID="BT370"
                LABEL="NumberingZone:other"
                DESCRIPTION="block type NumberingZone:other"/>
      <OtherTag ID="BT371"
                LABEL="NumberingZone:page"
                DESCRIPTION="block type NumberingZone:page"/>
      <OtherTag ID="BT379"
                LABEL="DecorationZone"
                DESCRIPTION="block type DecorationZone"/>
      <OtherTag ID="BT380"
                LABEL="CustomZone:signature"
                DESCRIPTION="block type CustomZone:signature"/>
      <OtherTag ID="LT118" LABEL="DefaultLine" DESCRIPTION="line type DefaultLine"/>
      <OtherTag ID="LT119" LABEL="HeadingLine" DESCRIPTION="line type HeadingLine"/>
      <OtherTag ID="LT120"
                LABEL="InterlinearLine"
                DESCRIPTION="line type InterlinearLine"/>
   </Tags>
   <Layout>
      <Page WIDTH="2475"
            HEIGHT="3739"
            PHYSICAL_IMG_NR="11"
            ID="eSc_dummypage_">
         <PrintSpace HPOS="0" VPOS="0" WIDTH="2475" HEIGHT="3739">
            <TextBlock HPOS="289"
                       VPOS="227"
                       WIDTH="288"
                       HEIGHT="350"
                       ID="eSc_textblock_cdf6d475"
                       TAGREFS="BT370">
               <Shape>
                  <Polygon POINTS="289 227 289 577 577 577 577 227"/>
               </Shape>
               <TextLine ID="eSc_line_d39186f2"
                         BASELINE="313 516 540 522"
                         HPOS="308"
                         VPOS="336"
                         WIDTH="231"
                         HEIGHT="243"
                         TAGREFS="LT118">
                  <Shape>
                     <Polygon POINTS="311 514 308 373 374 358 377 358 380 358 386 358 423 373 467 345 480 336 483 336 486 336 489 336 539 336 539 520 536 542 308 579"/>
                  </Shape>
                  <String CONTENT="70" HPOS="308" VPOS="336" WIDTH="231" HEIGHT="243"/>
               </TextLine>
            </TextBlock>
            <TextBlock HPOS="322"
                       VPOS="1675"
                       WIDTH="148"
                       HEIGHT="108"
                       ID="eSc_textblock_47c3131b"
                       TAGREFS="BT368">
               <Shape>
                  <Polygon POINTS="322 1757 322 1675 470 1682 452 1783"/>
               </Shape>
               <TextLine ID="eSc_line_6e19056a"
                         BASELINE="346 1738 448 1743"
                         HPOS="333"
                         VPOS="1688"
                         WIDTH="120"
                         HEIGHT="97"
                         TAGREFS="LT118">
                  <Shape>
                     <Polygon POINTS="342 1735 335 1691 453 1688 445 1741 436 1785 333 1747"/>
                  </Shape>
                  <String CONTENT="24" HPOS="333" VPOS="1688" WIDTH="120" HEIGHT="97"/>
               </TextLine>
            </TextBlock>
            <TextBlock HPOS="523"
                       VPOS="249"
                       WIDTH="1852"
                       HEIGHT="2701"
                       ID="eSc_textblock_b3d94dc5"
                       TAGREFS="BT367">
               <Shape>
                  <Polygon POINTS="2287 436 2325 744 2300 856 2175 934 2238 1131 2026 1280 2337 1346 2312 1480 2375 1666 2287 1881 2337 2779 2300 2875 1751 2950 797 2950 685 2913 673 2804 623 2776 660 2492 620 2414 523 2389 548 2305 635 2277 586 2078 548 1296 797 1268 769 1205 610 1180 573 1118 586 1021 748 919 710 623 635 573 698 545 710 261 1059 249 2225 261 2275 299 2287 370 2213 408"/>
               </Shape>
               <TextLine ID="eSc_line_4d78386d"
                         BASELINE="695 339 2256 339"
                         HPOS="692"
                         VPOS="252"
                         WIDTH="1567"
                         HEIGHT="131"
                         TAGREFS="LT118">
                  <Shape>
                     <Polygon POINTS="695 339 692 277 875 252 879 252 882 252 966 277 975 280 978 277 994 264 994 261 997 261 1000 261 1206 252 1209 252 1212 252 1215 252 1259 277 1265 283 1571 283 1586 280 1770 252 1773 252 1776 252 1779 252 1811 280 1814 283 1870 283 1870 280 1901 255 1901 252 1904 252 1907 252 1910 252 2044 277 2066 258 2069 258 2072 258 2169 252 2172 252 2175 252 2259 283 2256 339 2259 358 2216 380 2213 380 2213 383 2079 383 2076 380 2072 380 2069 380 2069 377 2051 361 2029 361 1826 377 1823 377 1820 377 1789 364 1776 361 1751 364 1683 380 1680 380 1624 367 1605 364 1589 367 1555 380 1552 380 1549 380 1546 380 1542 380 1530 370 1521 361 1212 361 1112 377 1075 380 1072 380 1069 380 1059 377 1028 361 1006 377 1003 377 1000 377 997 377 994 377 991 377 941 364 695 380"/>
                  </Shape>
                  <String CONTENT="lesquelles Instanment rendirent leur laict"
                          HPOS="692"
                          VPOS="252"
                          WIDTH="1567"
                          HEIGHT="131"/>
               </TextLine>
               <TextLine ID="eSc_line_2fcd12dc"
                         BASELINE="732 433 1489 417"
                         HPOS="723"
                         VPOS="361"
                         WIDTH="766"
                         HEIGHT="90"
                         TAGREFS="LT118">
                  <Shape>
                     <Polygon POINTS="732 433 723 386 760 367 763 367 766 367 866 380 869 380 872 380 1028 361 1031 361 1483 361 1489 417 1489 442 732 451"/>
                  </Shape>
                  <String CONTENT="comme au paravant."
                          HPOS="723"
                          VPOS="361"
                          WIDTH="766"
                          HEIGHT="90"/>
               </TextLine>
               <TextLine ID="eSc_line_1c89013a"
                         BASELINE="720 551 2272 563"
                         HPOS="713"
                         VPOS="473"
                         WIDTH="1559"
                         HEIGHT="128"
                         TAGREFS="LT118">
                  <Shape>
                     <Polygon POINTS="720 551 713 492 776 473 779 473 782 473 1069 495 1109 495 1150 495 1465 479 1468 479 1471 479 1511 498 1514 501 1583 501 1586 498 1605 479 1608 479 1611 479 1614 479 1617 479 1620 479 1639 498 1642 498 1673 498 2175 482 2178 482 2269 504 2272 563 2266 582 2023 579 1988 585 1904 601 1901 601 1898 601 1870 585 1851 576 1711 585 1539 598 1536 598 1533 598 1496 585 1458 576 1430 585 1408 595 1405 595 1402 595 1399 595 1368 588 1318 576 1246 588 1196 595 1193 595 1190 595 1187 595 1181 588 1168 576 1134 588 1115 595 1112 595 1109 595 1106 595 1087 588 1044 573 991 588 978 592 975 592 972 592 969 592 966 592 966 588 963 588 944 570 903 588 897 592 894 592 891 592 888 592 885 592 882 588 850 570 785 570 720 588"/>
                  </Shape>
                  <String CONTENT="Dit de plus que par une fois, ayant refuse aladite"
                          HPOS="713"
                          VPOS="473"
                          WIDTH="1559"
                          HEIGHT="128"/>
               </TextLine>
               <TextLine ID="eSc_line_736cc1d3"
                         BASELINE="751 648 2287 638"
                         HPOS="748"
                         VPOS="563"
                         WIDTH="1539"
                         HEIGHT="122"
                         TAGREFS="LT118">
                  <Shape>
                     <Polygon POINTS="751 648 748 573 857 592 922 573 925 573 928 573 932 573 991 592 1256 573 1259 573 1262 573 1265 573 1284 585 1309 570 1312 567 1315 567 1318 567 1321 567 1362 570 1624 588 1648 570 1648 567 1652 567 1655 567 1658 567 1686 567 2072 585 2110 563 2113 563 2116 563 2119 563 2132 563 2234 585 2275 563 2287 638 2284 657 1957 657 1948 660 1907 679 1904 679 1901 679 1898 679 1842 663 1839 663 1770 682 1767 682 1767 685 1701 685 1698 682 1695 682 1692 682 1673 666 1667 660 1655 666 1614 682 1611 682 1611 685 1374 685 1371 682 1368 682 1365 682 1352 669 1343 663 1331 669 1324 679 1321 679 1318 679 1315 679 1278 673 1237 663 1228 673 1215 682 1215 685 1212 685 1209 685 1206 685 1203 685 1168 673 1134 663 1053 676 985 685 981 685 978 685 947 676 891 663 751 679"/>
                  </Shape>
                  <String CONTENT="Annelin de lui aller querir une charre de bois"
                          HPOS="748"
                          VPOS="563"
                          WIDTH="1539"
                          HEIGHT="122"/>
               </TextLine>
               <TextLine ID="eSc_line_6acd4d37"
                         BASELINE="720 744 2306 725"
                         HPOS="710"
                         VPOS="648"
                         WIDTH="1599"
                         HEIGHT="127"
                         TAGREFS="LT118">
                  <Shape>
                     <Polygon POINTS="720 744 710 682 785 660 788 660 791 660 975 676 1016 657 1019 657 1022 657 1196 676 1206 676 1212 676 1293 654 1296 654 1299 654 1302 654 1377 673 1387 676 1577 676 1580 673 1608 654 1611 654 1614 654 1617 654 1745 669 1767 673 1773 669 1798 651 1801 651 1804 651 1807 651 1954 669 1970 669 1976 669 2001 648 2004 648 2007 648 2010 648 2013 648 2069 666 2297 666 2306 725 2309 738 2253 757 2250 757 2247 757 2110 744 2041 738 1932 747 1773 763 1770 763 1714 754 1667 744 1611 757 1574 763 1571 763 1567 763 1564 763 1555 757 1536 744 1458 760 1418 766 1415 766 1387 760 1337 750 1321 763 1318 766 1315 766 1312 766 1309 766 1221 766 838 754 720 775"/>
                  </Shape>
                  <String CONTENT="Le millieur de leur chevaulx vint malade"
                          HPOS="710"
                          VPOS="648"
                          WIDTH="1599"
                          HEIGHT="127"/>
               </TextLine>
               <TextLine ID="eSc_line_53e7bd6f"
                         BASELINE="760 841 2275 825"
                         HPOS="757"
                         VPOS="750"
                         WIDTH="1518"
                         HEIGHT="144"
                         TAGREFS="LT118">
                  <Shape>
                     <Polygon POINTS="760 841 757 775 1723 775 1730 772 1789 754 1792 754 1795 754 2141 769 2191 750 2194 750 2197 750 2200 750 2272 772 2275 825 2275 841 1970 884 1970 888 1835 888 1832 884 1829 884 1826 884 1826 881 1792 850 1786 850 1667 866 1664 866 1552 853 1533 853 1527 853 1446 888 1443 888 1440 888 1355 875 1306 891 1302 891 1299 891 1296 891 1190 863 1056 894 1053 894 1050 894 1047 894 1000 863 994 859 938 863 910 866 879 894 875 894 872 894 869 894 757 866"/>
                  </Shape>
                  <String CONTENT="de sorte quil en morut et a opinion, qu'elle"
                          HPOS="757"
                          VPOS="750"
                          WIDTH="1518"
                          HEIGHT="144"/>
               </TextLine>
               <TextLine ID="eSc_line_400ee890"
                         BASELINE="785 934 1985 919"
                         HPOS="782"
                         VPOS="850"
                         WIDTH="1203"
                         HEIGHT="131"
                         TAGREFS="LT118">
                  <Shape>
                     <Polygon POINTS="785 934 782 866 1496 875 1589 869 1814 850 1817 850 1820 850 1823 850 1845 869 1845 872 1979 872 1985 919 1985 947 1888 956 1885 956 1882 956 1864 950 1817 934 1789 950 1748 978 1745 978 1742 978 1742 981 1530 981 1527 978 1524 978 1474 956 1446 944 1430 956 1430 959 1427 959 1424 959 1421 959 1418 959 1415 959 1412 956 1390 944 1334 959 1327 959 1324 959 1321 959 1306 959 1175 944 1147 962 1140 965 1137 965 1134 965 1131 965 1128 965 1112 962 1041 944 932 965 891 972 888 972 782 965"/>
                  </Shape>
                  <String CONTENT="avoit donne le mal audit cheval."
                          HPOS="782"
                          VPOS="850"
                          WIDTH="1203"
                          HEIGHT="131"/>
               </TextLine>
               <TextLine ID="eSc_line_f6d36128"
                         BASELINE="610 1093 801 1071 1097 1065 2185 1090"
                         HPOS="604"
                         VPOS="987"
                         WIDTH="1581"
                         HEIGHT="147"
                         TAGREFS="LT118">
                  <Shape>
                     <Polygon POINTS="610 1093 607 1009 710 1009 713 1009 769 987 773 987 776 987 779 987 822 1009 829 1015 950 1015 956 1012 1022 987 1025 987 1028 987 1175 1006 1203 987 1206 987 1209 987 1212 987 1352 990 1355 990 1359 990 1393 1015 1446 997 1449 997 1452 997 1455 997 1518 1018 1527 1021 1533 1018 1580 997 1583 997 1586 997 1589 997 1639 1018 1701 997 1705 997 1708 997 1711 997 1754 1015 1782 997 1786 997 1789 997 1792 997 1851 1000 1854 1000 1857 1000 1857 1003 1879 1021 1885 1028 1913 1025 2016 1006 2019 1006 2023 1006 2060 1025 2069 1031 2076 1025 2088 1015 2091 1015 2094 1015 2097 1015 2181 1028 2185 1090 2181 1118 2066 1134 2063 1134 2060 1134 2057 1134 2038 1118 2013 1103 1945 1115 1941 1115 1804 1099 1723 1118 1670 1127 1667 1127 1664 1127 1639 1115 1592 1093 1521 1109 1518 1109 1514 1109 1511 1109 1511 1106 1496 1090 1374 1090 1324 1115 1309 1121 1306 1121 1306 1124 1240 1124 1237 1121 1234 1121 1231 1121 1231 1118 1225 1115 1200 1087 1128 1112 1125 1112 1122 1112 1003 1087 944 1112 938 1115 935 1115 935 1118 847 1118 844 1115 841 1115 838 1115 838 1112 835 1112 807 1084 754 1084 720 1112 716 1112 713 1112 710 1112 604 1109"/>
                  </Shape>
                  <String CONTENT="Dit quil a tousjour ouys suspitionner ladite"
                          HPOS="604"
                          VPOS="987"
                          WIDTH="1581"
                          HEIGHT="147"/>
               </TextLine>
               <TextLine ID="eSc_line_7846fb32"
                         BASELINE="726 1159 1645 1149"
                         HPOS="720"
                         VPOS="1071"
                         WIDTH="932"
                         HEIGHT="144"
                         TAGREFS="LT118">
                  <Shape>
                     <Polygon POINTS="726 1159 720 1103 819 1078 822 1078 916 1093 928 1096 944 1093 1025 1074 1028 1074 1031 1074 1034 1074 1053 1090 1094 1078 1097 1078 1100 1078 1147 1087 1181 1093 1190 1084 1203 1074 1206 1074 1209 1074 1212 1074 1215 1074 1218 1074 1228 1084 1240 1096 1309 1096 1362 1081 1380 1074 1384 1074 1505 1071 1508 1071 1511 1071 1521 1074 1564 1090 1633 1071 1645 1149 1652 1171 1605 1199 1602 1199 1599 1199 1595 1199 1592 1199 1539 1174 1530 1171 1455 1171 1446 1177 1412 1208 1408 1208 1405 1208 1337 1212 1337 1215 1290 1215 1287 1212 1284 1212 1281 1212 1246 1187 1231 1174 1178 1190 1131 1202 1128 1202 1125 1202 1122 1202 1100 1193 1084 1184 1072 1193 1050 1212 1047 1212 1044 1212 1041 1212 1038 1212 994 1199 919 1215 916 1215 913 1215 910 1215 894 1199 866 1177 726 1205"/>
                  </Shape>
                  <String CONTENT="Annelin estre une sorciere"
                          HPOS="720"
                          VPOS="1071"
                          WIDTH="932"
                          HEIGHT="144"/>
               </TextLine>
               <TextLine ID="eSc_line_246e1068"
                         BASELINE="592 1411 744 1392 1137 1377 2306 1389"
                         HPOS="589"
                         VPOS="1299"
                         WIDTH="1723"
                         HEIGHT="124"
                         TAGREFS="LT118">
                  <Shape>
                     <Polygon POINTS="592 1411 592 1305 663 1330 891 1330 960 1308 963 1308 966 1308 972 1308 1062 1327 1084 1308 1094 1302 1094 1299 1097 1299 1100 1299 1103 1299 1187 1299 1190 1299 1212 1311 1231 1321 1243 1311 1253 1302 1256 1302 1259 1302 1262 1302 1321 1311 1362 1317 1371 1311 1390 1299 1393 1299 1396 1299 1399 1299 1508 1302 1511 1302 1514 1302 1527 1314 1546 1327 1586 1314 1614 1305 1617 1305 1620 1305 1624 1305 1627 1305 1627 1308 1636 1314 1652 1327 1670 1314 1686 1302 1689 1302 1692 1302 1695 1302 1698 1302 1739 1314 1773 1327 1804 1317 1820 1311 1823 1311 1826 1311 1860 1317 1938 1330 1960 1317 1970 1311 1973 1311 1976 1311 1979 1311 1982 1311 2004 1317 2041 1330 2069 1317 2100 1305 2104 1305 2107 1305 2110 1305 2113 1305 2113 1308 2128 1321 2141 1330 2194 1321 2278 1305 2281 1305 2284 1305 2287 1305 2312 1321 2306 1389 2303 1423 2138 1423 2135 1420 2132 1420 2128 1420 2094 1395 1888 1411 1885 1411 1882 1411 1857 1399 1845 1411 1845 1414 1842 1414 1839 1414 1835 1414 1751 1395 1705 1420 1701 1420 1701 1423 1633 1423 1630 1420 1627 1420 1577 1395 1474 1395 1415 1417 1412 1417 1408 1417 1405 1417 1327 1392 1237 1392 1215 1414 1215 1417 1212 1417 1209 1417 1206 1417 1034 1402 1003 1417 1000 1417 997 1417 994 1417 941 1392 894 1417 891 1417 891 1420 589 1420"/>
                  </Shape>
                  <String CONTENT="Perrin coinson, dudit Courthedoubs Par serement depose"
                          HPOS="589"
                          VPOS="1299"
                          WIDTH="1723"
                          HEIGHT="124"/>
               </TextLine>
               <TextLine ID="eSc_line_c7820846"
                         BASELINE="617 1473 1131 1455 2278 1467"
                         HPOS="604"
                         VPOS="1383"
                         WIDTH="1674"
                         HEIGHT="137"
                         TAGREFS="LT118">
                  <Shape>
                     <Polygon POINTS="617 1473 614 1411 791 1411 860 1383 863 1383 866 1383 981 1408 1053 1383 1056 1383 1059 1383 1228 1411 1237 1411 1243 1411 1334 1386 1337 1386 1340 1386 1558 1386 1561 1386 1564 1386 1564 1389 1589 1411 1655 1386 1658 1386 1661 1386 1664 1386 1667 1386 1667 1389 1692 1411 1773 1386 1776 1386 1779 1386 2275 1414 2278 1467 2275 1480 2203 1480 2153 1517 2150 1517 2147 1517 2144 1517 2141 1517 2069 1480 2013 1480 1970 1511 1966 1511 1963 1511 1960 1511 1957 1511 1954 1511 1954 1508 1926 1480 1776 1480 1717 1517 1714 1517 1711 1517 1708 1517 1705 1517 1701 1517 1658 1480 1614 1480 1536 1517 1533 1517 1533 1520 1365 1520 1362 1517 1359 1517 1355 1517 1355 1514 1331 1492 1172 1514 1168 1514 1165 1514 1087 1476 1084 1476 1047 1476 916 1480 854 1514 850 1514 850 1517 667 1517 663 1514 660 1514 657 1514 604 1476"/>
                  </Shape>
                  <String CONTENT="que sont environ quinze Jours quil fust requis"
                          HPOS="604"
                          VPOS="1383"
                          WIDTH="1674"
                          HEIGHT="137"/>
               </TextLine>
               <TextLine ID="eSc_line_dde2490e"
                         BASELINE="604 1573 1327 1542 2153 1548"
                         HPOS="595"
                         VPOS="1458"
                         WIDTH="1558"
                         HEIGHT="134"
                         TAGREFS="LT118">
                  <Shape>
                     <Polygon POINTS="604 1573 595 1508 667 1489 670 1489 673 1489 863 1498 894 1498 900 1495 944 1476 947 1476 950 1476 1072 1492 1115 1495 1221 1486 1402 1470 1405 1470 1408 1470 1430 1480 1452 1489 1461 1480 1474 1470 1474 1467 1477 1467 1480 1467 1483 1467 1549 1476 1642 1489 1857 1489 1879 1467 1879 1464 1882 1464 1885 1464 1888 1464 1892 1464 1895 1464 1929 1486 2023 1486 2147 1458 2153 1548 2150 1567 1982 1570 1979 1570 1976 1570 1938 1554 1792 1573 1789 1573 1786 1573 1782 1573 1779 1573 1779 1570 1761 1554 1705 1554 1648 1576 1645 1576 1642 1576 1639 1576 1636 1576 1605 1554 1496 1554 1352 1570 1349 1570 1274 1557 1243 1576 1240 1576 1237 1576 1234 1576 1231 1576 1228 1576 1209 1561 1078 1561 932 1585 928 1585 925 1585 922 1585 897 1567 819 1589 816 1589 813 1589 810 1589 679 1576 604 1592"/>
                  </Shape>
                  <String CONTENT="daller de mener du bouement pour ladite"
                          HPOS="595"
                          VPOS="1458"
                          WIDTH="1558"
                          HEIGHT="134"/>
               </TextLine>
               <TextLine ID="eSc_line_27f77997"
                         BASELINE="601 1651 1053 1632 1586 1632 2353 1666"
                         HPOS="595"
                         VPOS="1551"
                         WIDTH="1758"
                         HEIGHT="150"
                         TAGREFS="LT118">
                  <Shape>
                     <Polygon POINTS="601 1651 595 1570 676 1554 679 1554 925 1573 947 1573 956 1573 1081 1551 1084 1551 1087 1551 1090 1551 1119 1576 1122 1576 1140 1576 1309 1561 1312 1561 1424 1579 1446 1582 1449 1579 1471 1561 1471 1557 1474 1557 1477 1557 1480 1557 1608 1557 1611 1557 1673 1576 1714 1561 1717 1561 1720 1561 1907 1564 2029 1585 2063 1592 2082 1585 2138 1567 2141 1567 2144 1567 2147 1567 2206 1589 2225 1595 2350 1592 2353 1666 2350 1682 2166 1701 2163 1701 2160 1701 2157 1701 2128 1682 2119 1676 2076 1682 1979 1698 1976 1698 1898 1682 1826 1666 1754 1679 1695 1691 1692 1691 1689 1691 1686 1691 1686 1688 1673 1679 1655 1660 1533 1660 1511 1679 1502 1685 1502 1688 1499 1688 1496 1688 1496 1691 1443 1691 1440 1688 1359 1679 1184 1654 1119 1676 1103 1682 1100 1682 1097 1682 1094 1682 1081 1676 1031 1651 885 1676 857 1679 854 1679 850 1679 847 1679 844 1676 804 1651 769 1670 766 1670 763 1670 670 1657 601 1673"/>
                  </Shape>
                  <String CONTENT="Annelin ; ce que lui ayant refuse, par ce quil"
                          HPOS="595"
                          VPOS="1551"
                          WIDTH="1758"
                          HEIGHT="150"/>
               </TextLine>
               <TextLine ID="eSc_line_7e0ce664"
                         BASELINE="635 1738 1499 1726 2194 1741"
                         HPOS="626"
                         VPOS="1654"
                         WIDTH="1568"
                         HEIGHT="131"
                         TAGREFS="LT118">
                  <Shape>
                     <Polygon POINTS="635 1738 629 1682 754 1654 757 1654 760 1654 810 1679 813 1679 847 1654 850 1654 854 1654 857 1654 972 1670 1025 1654 1028 1654 1031 1654 1324 1654 1384 1666 1436 1679 1474 1666 1505 1654 1508 1654 1511 1654 1514 1654 1539 1663 1577 1682 1960 1682 2188 1654 2194 1741 2191 1785 2026 1785 2023 1782 2019 1782 2010 1779 1951 1754 1870 1763 1867 1763 1864 1763 1820 1744 1726 1769 1723 1769 1720 1769 1717 1769 1714 1769 1673 1741 1605 1744 1580 1769 1567 1779 1567 1782 1564 1782 1561 1782 1558 1782 1555 1782 1552 1782 1533 1766 1493 1741 1352 1741 1299 1760 1265 1776 1262 1776 1259 1776 1256 1776 1253 1776 1228 1760 1196 1741 1119 1757 1097 1760 1094 1760 1090 1760 1075 1757 1031 1741 1003 1754 953 1779 950 1779 947 1779 857 1766 713 1782 710 1782 707 1782 626 1744"/>
                  </Shape>
                  <String CONTENT="a asse a faire pour lui. Que ladite"
                          HPOS="626"
                          VPOS="1654"
                          WIDTH="1568"
                          HEIGHT="131"/>
               </TextLine>
               <TextLine ID="eSc_line_47ed62cd"
                         BASELINE="607 1844 2153 1825"
                         HPOS="598"
                         VPOS="1744"
                         WIDTH="1559"
                         HEIGHT="137"
                         TAGREFS="LT118">
                  <Shape>
                     <Polygon POINTS="607 1844 598 1788 657 1763 660 1763 663 1763 757 1782 857 1754 860 1754 863 1754 975 1754 978 1754 981 1754 1006 1772 1050 1757 1053 1757 1056 1757 1059 1757 1062 1757 1087 1779 1143 1751 1147 1751 1150 1751 1153 1751 1187 1766 1218 1751 1221 1751 1225 1751 1228 1751 1231 1751 1253 1763 1521 1747 1524 1747 1527 1747 1595 1772 1627 1744 1630 1744 1633 1744 1636 1744 1639 1744 1695 1772 1782 1772 1832 1744 1835 1744 1839 1744 1842 1744 1904 1769 2147 1769 2153 1825 2157 1838 2079 1866 2076 1866 1670 1869 1667 1869 1664 1869 1661 1869 1630 1850 1627 1847 1602 1850 1514 1863 1511 1863 1458 1853 1408 1844 1346 1857 1299 1863 1296 1863 1175 1860 947 1850 910 1863 866 1881 863 1881 860 1881 857 1881 813 1866 776 1853 607 1869"/>
                  </Shape>
                  <String CONTENT="Annelin les a menace et dit quil nen,"
                          HPOS="598"
                          VPOS="1744"
                          WIDTH="1559"
                          HEIGHT="137"/>
               </TextLine>
               <TextLine ID="eSc_line_0694a354"
                         BASELINE="645 1953 1253 1931 2244 1922"
                         HPOS="639"
                         VPOS="1850"
                         WIDTH="1608"
                         HEIGHT="153"
                         TAGREFS="LT118">
                  <Shape>
                     <Polygon POINTS="645 1953 639 1897 1019 1866 1022 1866 1184 1885 1187 1885 1387 1860 1390 1860 1483 1878 1751 1860 1754 1860 1932 1872 1938 1872 1941 1872 1970 1853 1973 1853 1976 1853 1979 1853 1982 1853 2038 1869 2069 1850 2072 1850 2076 1850 2079 1850 2238 1869 2244 1922 2247 1944 2172 1972 2169 1972 2166 1972 2163 1972 2122 1950 2116 1947 2079 1950 1963 1966 1960 1966 1957 1966 1929 1956 1885 1944 1823 1959 1736 1984 1733 1984 1730 1984 1726 1984 1677 1966 1624 1947 1508 1962 1505 1962 1502 1962 1471 1950 1452 1969 1449 1969 1446 1969 1443 1969 1312 1953 1246 1981 1243 1981 1240 1981 1237 1981 1175 1956 1050 1956 985 1991 978 1997 975 1997 972 1997 645 2003"/>
                  </Shape>
                  <String CONTENT="gaigneroyent rien. Surce lui est venu ung"
                          HPOS="639"
                          VPOS="1850"
                          WIDTH="1608"
                          HEIGHT="153"/>
               </TextLine>
               <TextLine ID="eSc_line_e2225de3"
                         BASELINE="589 2047 2253 2028"
                         HPOS="582"
                         VPOS="1953"
                         WIDTH="1671"
                         HEIGHT="134"
                         TAGREFS="LT118">
                  <Shape>
                     <Polygon POINTS="589 2047 582 1972 657 1984 685 1972 688 1969 692 1969 695 1969 698 1969 704 1972 741 1987 994 1972 1125 1962 1128 1962 1131 1962 1134 1962 1143 1972 1162 1981 1246 1972 1315 1962 1318 1962 1380 1972 1436 1978 1452 1972 1477 1959 1480 1959 1483 1959 1586 1972 1639 1978 1860 1978 1870 1972 1885 1959 1888 1959 1892 1959 1895 1959 1898 1959 1935 1972 1957 1975 1988 1972 2091 1953 2094 1953 2097 1953 2135 1972 2141 1972 2244 1972 2253 2028 2253 2047 2197 2068 2194 2068 2191 2068 2188 2068 2185 2068 2153 2050 2150 2050 1789 2050 1786 2053 1698 2078 1695 2078 1695 2081 1602 2081 1599 2078 1595 2078 1592 2078 1567 2056 1477 2075 1474 2075 1471 2075 1440 2059 1405 2081 1402 2081 1399 2081 1396 2081 1193 2068 1016 2084 1013 2084 1009 2084 1006 2084 981 2068 657 2087 654 2087 651 2087 582 2065"/>
                  </Shape>
                  <String CONTENT="cheval malade lequel, est mort et tient"
                          HPOS="582"
                          VPOS="1953"
                          WIDTH="1671"
                          HEIGHT="134"/>
               </TextLine>
               <TextLine ID="eSc_line_15dc50d4"
                         BASELINE="682 2162 1617 2128 2206 2121"
                         HPOS="673"
                         VPOS="2028"
                         WIDTH="1533"
                         HEIGHT="171"
                         TAGREFS="LT118">
                  <Shape>
                     <Polygon POINTS="682 2162 673 2096 888 2062 1165 2056 1168 2056 1172 2056 1175 2056 1206 2078 1302 2062 1306 2062 1365 2075 1374 2075 1377 2075 1415 2050 1418 2050 1421 2050 1424 2050 1427 2050 1461 2062 1530 2043 1533 2043 1536 2043 1539 2043 1583 2065 1705 2043 1708 2043 1904 2056 1948 2059 2032 2053 2051 2053 2066 2031 2069 2031 2069 2028 2072 2028 2076 2028 2079 2028 2082 2028 2085 2028 2113 2050 2200 2050 2206 2121 2206 2159 2147 2162 2144 2162 2141 2162 2138 2162 2138 2159 2113 2137 1826 2153 1823 2153 1748 2140 1698 2171 1695 2171 1692 2171 1689 2171 1686 2171 1683 2171 1639 2143 1571 2177 1564 2177 1561 2177 1558 2177 1549 2177 1427 2149 1359 2153 1321 2181 1315 2187 1312 2187 1309 2187 1190 2190 1187 2190 1184 2190 1165 2187 1072 2162 1019 2190 1003 2196 1000 2196 997 2196 966 2190 872 2171 847 2193 844 2196 844 2199 841 2199 838 2199 835 2199 679 2196"/>
                  </Shape>
                  <String CONTENT="deposant que Ladite Annelin lui a donne ladite"
                          HPOS="673"
                          VPOS="2028"
                          WIDTH="1533"
                          HEIGHT="171"/>
               </TextLine>
               <TextLine ID="eSc_line_285976d0"
                         BASELINE="663 2258 1050 2246"
                         HPOS="654"
                         VPOS="2193"
                         WIDTH="396"
                         HEIGHT="90"
                         TAGREFS="LT118">
                  <Shape>
                     <Polygon POINTS="663 2258 654 2206 1041 2193 1050 2246 1050 2268 663 2283"/>
                  </Shape>
                  <String CONTENT="maladie."
                          HPOS="654"
                          VPOS="2193"
                          WIDTH="396"
                          HEIGHT="90"/>
               </TextLine>
               <TextLine ID="eSc_line_83b16a59"
                         BASELINE="704 2361 1240 2343 2297 2336"
                         HPOS="701"
                         VPOS="2262"
                         WIDTH="1599"
                         HEIGHT="130"
                         TAGREFS="LT118">
                  <Shape>
                     <Polygon POINTS="704 2361 701 2277 894 2296 953 2274 966 2271 969 2271 972 2271 975 2271 988 2274 1031 2290 1175 2274 1237 2268 1240 2268 1302 2274 1465 2290 1524 2271 1542 2268 1546 2268 1549 2268 1589 2271 1695 2287 1730 2271 1751 2262 1754 2262 1758 2262 1876 2262 1879 2262 1882 2262 1895 2271 1917 2283 1982 2271 2019 2265 2023 2265 2026 2265 2044 2271 2079 2280 2287 2271 2297 2336 2300 2346 2250 2377 2247 2377 2244 2377 2244 2380 2066 2380 2063 2377 2060 2377 2007 2355 2004 2352 2001 2355 1973 2380 1970 2380 1966 2380 1966 2383 1879 2383 1876 2380 1873 2380 1870 2380 1835 2358 1823 2352 1786 2361 1758 2368 1754 2368 1751 2368 1723 2364 1680 2355 1648 2364 1595 2383 1592 2383 1589 2383 1586 2383 1546 2368 1511 2355 1499 2371 1483 2383 1483 2386 1480 2386 1477 2386 1474 2386 1365 2374 1228 2358 704 2392"/>
                  </Shape>
                  <String CONTENT="Dit que divers lors quil a des neiges, quon,"
                          HPOS="701"
                          VPOS="2262"
                          WIDTH="1599"
                          HEIGHT="130"/>
               </TextLine>
               <TextLine ID="eSc_line_a85231ee"
                         BASELINE="657 2439 2297 2424"
                         HPOS="648"
                         VPOS="2352"
                         WIDTH="1649"
                         HEIGHT="115"
                         TAGREFS="LT118">
                  <Shape>
                     <Polygon POINTS="657 2439 648 2377 819 2358 822 2358 826 2358 882 2374 903 2380 922 2374 972 2355 975 2355 978 2355 1203 2355 1206 2355 1268 2371 1284 2377 1290 2371 1306 2355 1306 2352 1309 2352 1312 2352 1315 2352 1402 2352 1405 2352 1408 2352 1436 2371 1443 2374 1452 2371 1505 2352 1508 2352 1511 2352 1639 2371 1652 2371 1658 2371 1705 2352 1708 2352 1711 2352 1786 2368 1798 2371 1826 2368 1994 2352 1998 2352 2001 2352 2041 2368 2044 2371 2185 2371 2188 2368 2203 2352 2206 2352 2210 2352 2213 2352 2291 2368 2297 2424 2294 2439 2066 2436 2019 2445 1920 2464 1920 2467 1692 2467 1689 2464 1686 2464 1683 2464 1667 2449 1664 2449 1648 2449 1468 2467 1465 2467 1461 2467 1412 2452 1374 2442 1212 2442 1190 2455 1168 2467 1165 2467 1162 2467 1159 2467 1156 2467 1143 2455 1125 2445 657 2461"/>
                  </Shape>
                  <String CONTENT="voit, tant sur le toidt que au vergier derrier la"
                          HPOS="648"
                          VPOS="2352"
                          WIDTH="1649"
                          HEIGHT="115"/>
               </TextLine>
               <TextLine ID="eSc_line_2f1e7a5f"
                         BASELINE="685 2533 1271 2511 2297 2517"
                         HPOS="679"
                         VPOS="2433"
                         WIDTH="1618"
                         HEIGHT="131"
                         TAGREFS="LT118">
                  <Shape>
                     <Polygon POINTS="685 2533 679 2467 801 2436 804 2436 941 2439 944 2439 947 2439 947 2442 969 2461 1053 2436 1056 2436 1059 2436 1452 2458 1468 2458 1471 2458 1567 2433 1571 2433 1574 2433 1667 2433 1670 2433 1673 2433 1673 2436 1698 2455 1701 2458 1730 2455 1945 2433 1948 2433 2079 2452 2104 2455 2291 2452 2297 2517 2294 2558 2138 2558 2135 2554 2132 2554 2091 2536 1963 2554 1945 2558 1941 2558 1929 2554 1817 2530 1773 2554 1773 2558 1770 2558 1767 2558 1764 2558 1761 2558 1751 2554 1652 2530 1365 2530 1262 2554 1243 2561 1240 2561 1240 2564 1143 2564 1140 2561 1137 2561 1134 2561 1128 2554 1097 2533 994 2554 966 2561 963 2561 938 2554 847 2536 685 2554"/>
                  </Shape>
                  <String CONTENT="maison, deladite Annelin, des passees estranges"
                          HPOS="679"
                          VPOS="2433"
                          WIDTH="1618"
                          HEIGHT="131"/>
               </TextLine>
               <TextLine ID="eSc_line_d866ccf7"
                         BASELINE="688 2614 1639 2607"
                         HPOS="685"
                         VPOS="2533"
                         WIDTH="954"
                         HEIGHT="127"
                         TAGREFS="LT118">
                  <Shape>
                     <Polygon POINTS="688 2614 685 2554 797 2554 801 2554 813 2542 813 2539 816 2539 819 2539 822 2539 907 2554 919 2554 922 2554 950 2536 953 2536 956 2536 960 2536 963 2536 966 2536 994 2554 1000 2558 1094 2558 1106 2554 1218 2533 1221 2533 1318 2551 1377 2533 1380 2533 1384 2533 1577 2533 1580 2533 1636 2554 1639 2607 1636 2626 1549 2629 1527 2651 1527 2654 1524 2654 1521 2654 1518 2654 1514 2654 1424 2632 1253 2651 1249 2651 1246 2651 1209 2632 1115 2657 1112 2657 1112 2660 975 2660 972 2657 969 2657 925 2635 919 2632 813 2632 810 2635 788 2654 788 2657 785 2657 782 2657 779 2657 776 2657 738 2635 729 2632 688 2635"/>
                  </Shape>
                  <String CONTENT="comme passees de vaches."
                          HPOS="685"
                          VPOS="2533"
                          WIDTH="954"
                          HEIGHT="127"/>
               </TextLine>
               <TextLine ID="eSc_line_ea08b014"
                         BASELINE="676 2745 1365 2732 2297 2754"
                         HPOS="673"
                         VPOS="2670"
                         WIDTH="1624"
                         HEIGHT="115"
                         TAGREFS="LT118">
                  <Shape>
                     <Polygon POINTS="676 2745 673 2670 2297 2685 2297 2754 2294 2763 2026 2763 2023 2763 1973 2785 1970 2785 1966 2785 1867 2766 1839 2757 1583 2757 1533 2766 1480 2779 1480 2782 1355 2782 1352 2779 1349 2779 1327 2769 1299 2757 1200 2769 1150 2776 1147 2776 1143 2776 1128 2769 1084 2754 978 2773 947 2776 944 2776 941 2776 925 2773 882 2760 673 2773"/>
                  </Shape>
                  <String CONTENT="Dit quil a tousjour ouys dire aux enffans delle"
                          HPOS="673"
                          VPOS="2670"
                          WIDTH="1624"
                          HEIGHT="115"/>
               </TextLine>
               <TextLine ID="eSc_line_9a4286dd"
                         TAGREFS="LT120"
                         BASELINE="1661 2772 1784 2776"
                         HPOS="1652"
                         VPOS="2726"
                         WIDTH="130"
                         HEIGHT="78">
                  <Shape>
                     <Polygon POINTS="1658 2769 1658 2726 1779 2726 1782 2773 1776 2804 1652 2801"/>
                  </Shape>
                  <String CONTENT="chatt"
                          HPOS="1652"
                          VPOS="2726"
                          WIDTH="130"
                          HEIGHT="78"/>
               </TextLine>
               <TextLine ID="eSc_line_ac7f67fd"
                         BASELINE="701 2807 1355 2804 1819 2815"
                         HPOS="695"
                         VPOS="2769"
                         WIDTH="1122"
                         HEIGHT="81"
                         TAGREFS="LT118">
                  <Shape>
                     <Polygon POINTS="698 2804 695 2769 1814 2776 1817 2813 1814 2838 1723 2850 1720 2850 1717 2850 1695 2841 1673 2829 1652 2841 1630 2850 1627 2850 1624 2850 1567 2841 1499 2829 1455 2841 1427 2850 1424 2850 1421 2850 1418 2850 1380 2841 1352 2835 1321 2841 1287 2850 1284 2850 1281 2850 1212 2841 1081 2826 1031 2844 1028 2844 1025 2844 1022 2844 1019 2844 1016 2844 960 2826 888 2844 872 2847 869 2847 866 2847 847 2844 766 2826 698 2844"/>
                  </Shape>
                  <String CONTENT="quil y avoit ung gros noir chamatt"
                          HPOS="695"
                          VPOS="2769"
                          WIDTH="1122"
                          HEIGHT="81"/>
               </TextLine>
               <TextLine ID="eSc_line_986e047b"
                         BASELINE="1833 2815 2309 2826"
                         HPOS="1829"
                         VPOS="2776"
                         WIDTH="477"
                         HEIGHT="99"
                         TAGREFS="LT118">
                  <Shape>
                     <Polygon POINTS="1832 2813 1832 2776 1988 2794 2044 2779 2057 2776 2060 2776 2063 2776 2303 2785 2306 2822 2303 2850 2191 2875 2188 2875 2047 2872 2044 2872 2019 2860 1985 2847 1829 2866"/>
                  </Shape>
                  <String CONTENT="qualloit par leur"
                          HPOS="1829"
                          VPOS="2776"
                          WIDTH="477"
                          HEIGHT="99"/>
               </TextLine>
               <TextLine ID="eSc_line_1d03015a"
                         BASELINE="698 2894 1963 2885"
                         HPOS="692"
                         VPOS="2819"
                         WIDTH="1271"
                         HEIGHT="162"
                         TAGREFS="LT118">
                  <Shape>
                     <Polygon POINTS="698 2894 692 2838 1019 2826 1022 2826 1081 2838 1106 2841 1134 2838 1203 2822 1206 2822 1324 2838 1346 2838 1352 2838 1380 2822 1384 2822 1387 2822 1474 2838 1489 2838 1502 2838 1571 2819 1574 2819 1577 2819 1957 2838 1963 2885 1963 2916 1860 2922 1776 2969 1773 2969 1770 2969 1546 2960 1536 2972 1533 2972 1533 2975 1530 2975 1527 2975 1527 2978 1436 2978 1433 2975 1430 2975 1427 2975 1362 2925 1206 2925 1103 2978 1100 2978 1100 2981 1059 2981 1056 2978 1053 2978 1050 2978 975 2928 879 2972 875 2972 872 2972 869 2972 779 2928 698 2928"/>
                  </Shape>
                  <String CONTENT="maisons, quil en avoyent bien peur"
                          HPOS="692"
                          VPOS="2819"
                          WIDTH="1271"
                          HEIGHT="162"/>
               </TextLine>
            </TextBlock>
            <TextBlock HPOS="2266"
                       VPOS="3502"
                       WIDTH="59"
                       HEIGHT="84"
                       ID="eSc_textblock_6bd606e2"
                       TAGREFS="BT371">
               <Shape>
                  <Polygon POINTS="2325 3514 2300 3586 2266 3573 2278 3502"/>
               </Shape>
               <TextLine ID="eSc_line_d0498906"
                         BASELINE="2276 3566 2300 3569"
                         HPOS="2263"
                         VPOS="3492"
                         WIDTH="40"
                         HEIGHT="125"
                         TAGREFS="LT118">
                  <Shape>
                     <Polygon POINTS="2275 3564 2281 3492 2303 3492 2297 3567 2284 3617 2263 3611"/>
                  </Shape>
                  <String CONTENT="9" HPOS="2263" VPOS="3492" WIDTH="40" HEIGHT="125"/>
               </TextLine>
            </TextBlock>
         </PrintSpace>
      </Page>
   </Layout>
</alto>
