<alto xmlns:xsi="http://www.w3.org/2001/XMLSchema-instance"
      xmlns="http://www.loc.gov/standards/alto/ns-v4#"
      xsi:schemaLocation="http://www.loc.gov/standards/alto/ns-v4# http://www.loc.gov/standards/alto/v4/alto-4-2.xsd">
   <Description>
      <MeasurementUnit>pixel</MeasurementUnit>
      <sourceImageInformation>
         <fileName>B_168_15-23-5_0002.jpg</fileName>
      </sourceImageInformation>
   </Description>
   <Tags>
      <OtherTag ID="BT365"
                LABEL="MainZone:column"
                DESCRIPTION="block type MainZone:column"/>
      <OtherTag ID="BT367" LABEL="MainZone" DESCRIPTION="block type MainZone"/>
      <OtherTag ID="BT368"
                LABEL="MarginTextZone"
                DESCRIPTION="block type MarginTextZone"/>
      <OtherTag ID="BT369"
                LABEL="MarginTextZone:note"
                DESCRIPTION="block type MarginTextZone:note"/>
      <OtherTag ID="BT370"
                LABEL="NumberingZone:other"
                DESCRIPTION="block type NumberingZone:other"/>
      <OtherTag ID="BT371"
                LABEL="NumberingZone:page"
                DESCRIPTION="block type NumberingZone:page"/>
      <OtherTag ID="BT379"
                LABEL="DecorationZone"
                DESCRIPTION="block type DecorationZone"/>
      <OtherTag ID="BT380"
                LABEL="CustomZone:signature"
                DESCRIPTION="block type CustomZone:signature"/>
      <OtherTag ID="LT118" LABEL="DefaultLine" DESCRIPTION="line type DefaultLine"/>
      <OtherTag ID="LT119" LABEL="HeadingLine" DESCRIPTION="line type HeadingLine"/>
      <OtherTag ID="LT120"
                LABEL="InterlinearLine"
                DESCRIPTION="line type InterlinearLine"/>
   </Tags>
   <Layout>
      <Page WIDTH="2622"
            HEIGHT="3818"
            PHYSICAL_IMG_NR="55"
            ID="eSc_dummypage_">
         <PrintSpace HPOS="0" VPOS="0" WIDTH="2622" HEIGHT="3818">
            <TextBlock HPOS="509"
                       VPOS="101"
                       WIDTH="1995"
                       HEIGHT="1664"
                       ID="eSc_textblock_fa35920a"
                       TAGREFS="BT367">
               <Shape>
                  <Polygon POINTS="2415 114 2453 190 2440 773 2504 925 2376 1069 2338 1205 2160 1259 2402 1374 2402 1714 2287 1753 623 1765 585 1753 604 1658 612 1658 612 1616 620 1574 612 1574 612 1380 674 1345 661 1247 585 1167 649 989 610 750 509 709 509 610 661 505 687 101"/>
               </Shape>
               <TextLine ID="eSc_line_e9d849a1"
                         BASELINE="674 200 1606 184 2415 206"
                         HPOS="665"
                         VPOS="104"
                         WIDTH="1750"
                         HEIGHT="137"
                         TAGREFS="LT118">
                  <Shape>
                     <Polygon POINTS="674 200 671 139 827 139 862 108 862 104 865 104 868 104 871 104 999 124 1088 104 1091 104 1094 104 1132 124 1183 104 1186 104 1190 104 1193 104 1240 124 1260 104 1263 104 1266 104 1269 104 1527 104 1530 104 1606 139 1613 139 1626 139 1740 114 1743 114 1925 139 1944 139 1950 139 2030 104 2033 104 2036 104 2039 104 2106 139 2109 139 2125 139 2211 124 2214 124 2217 124 2246 139 2252 139 2408 139 2415 206 2411 209 2259 238 2259 241 2042 241 2039 238 2036 238 2033 238 1995 209 1991 209 1899 206 1842 206 1836 209 1816 229 1816 232 1813 232 1810 232 1807 232 1804 232 1801 232 1769 209 1762 206 1740 209 1632 232 1629 232 1626 232 1622 232 1597 209 1591 206 1463 206 1451 209 1377 238 1374 238 1371 238 1368 238 1311 209 1301 206 1275 209 1142 235 1139 235 1135 235 1132 235 1094 209 1085 206 951 206 941 209 897 238 894 238 890 238 887 238 712 232 709 232 665 209"/>
                  </Shape>
                  <String CONTENT="raison de ce que ledit Bourquenei ne lui poyoit"
                          HPOS="665"
                          VPOS="104"
                          WIDTH="1750"
                          HEIGHT="137"/>
               </TextLine>
               <TextLine ID="eSc_line_25bc8c5f"
                         BASELINE="680 295 1501 283 1864 302 2424 299"
                         HPOS="677"
                         VPOS="209"
                         WIDTH="1747"
                         HEIGHT="147"
                         TAGREFS="LT118">
                  <Shape>
                     <Polygon POINTS="680 295 677 238 766 238 773 235 820 213 824 213 827 213 967 213 970 213 1021 235 1024 238 1027 235 1059 216 1062 216 1065 216 1069 216 1072 216 1075 216 1075 219 1097 235 1100 238 1107 235 1190 213 1193 213 1196 213 1199 213 1250 232 1349 209 1352 209 1568 209 1571 209 1622 229 1638 213 1638 209 1641 209 1645 209 1648 209 1651 209 1708 229 1750 209 1753 209 1756 209 1759 209 1816 225 1858 213 1861 213 1864 213 1867 213 1928 235 1944 238 2415 235 2424 299 2424 353 2144 353 2141 349 2138 349 2058 318 1931 353 1928 353 1925 353 1921 353 1918 353 1915 353 1801 318 1759 327 1756 327 1753 327 1750 327 1746 327 1746 324 1721 305 1645 324 1641 324 1638 324 1635 324 1632 324 1597 299 1400 314 1396 314 1393 314 1390 314 1365 299 1215 299 1078 349 1075 349 1072 349 1069 349 1065 349 986 302 766 305 687 356"/>
                  </Shape>
                  <String CONTENT="point une chievre que les chiens dudit Bourquenei"
                          HPOS="677"
                          VPOS="209"
                          WIDTH="1747"
                          HEIGHT="147"/>
               </TextLine>
               <TextLine ID="eSc_line_585538a3"
                         BASELINE="668 369 1664 369"
                         HPOS="661"
                         VPOS="289"
                         WIDTH="1009"
                         HEIGHT="153"
                         TAGREFS="LT118">
                  <Shape>
                     <Polygon POINTS="668 369 661 321 719 289 722 289 725 289 862 318 862 321 1120 321 1126 318 1190 289 1193 289 1196 289 1444 289 1447 289 1536 311 1556 318 1568 311 1619 289 1622 289 1626 289 1629 289 1632 289 1670 311 1664 369 1664 407 1524 429 1521 429 1517 429 1514 429 1514 426 1498 413 1489 404 1390 404 1358 416 1295 439 1291 439 1288 439 1174 419 1170 419 1126 439 1123 439 1120 439 1116 439 1113 439 1113 435 1097 419 1078 404 1043 404 1005 423 973 439 970 439 970 442 900 442 897 439 894 439 890 439 871 426 836 404 814 426 801 435 801 439 798 439 795 439 792 439 789 439 766 429 731 413 671 429"/>
                  </Shape>
                  <String CONTENT="lui avoyent gastei domaige"
                          HPOS="661"
                          VPOS="289"
                          WIDTH="1009"
                          HEIGHT="153"/>
               </TextLine>
               <TextLine ID="eSc_line_b338c4b5"
                         TAGREFS="LT120"
                         BASELINE="930 342 1135 333"
                         HPOS="922"
                         VPOS="279"
                         WIDTH="210"
                         HEIGHT="77">
                  <Shape>
                     <Polygon POINTS="929 340 922 289 1123 279 1132 330 1129 349 929 356"/>
                  </Shape>
                  <String CONTENT="?" HPOS="922" VPOS="279" WIDTH="210" HEIGHT="77"/>
               </TextLine>
               <TextLine ID="eSc_line_c84f64bc"
                         BASELINE="674 588 1966 550 2405 550"
                         HPOS="665"
                         VPOS="451"
                         WIDTH="1740"
                         HEIGHT="169"
                         TAGREFS="LT118">
                  <Shape>
                     <Polygon POINTS="674 588 665 483 817 477 820 477 824 477 827 477 830 480 881 518 919 493 922 493 925 493 929 493 1030 509 1116 480 1126 477 1129 477 1132 477 1135 477 1142 480 1186 499 1231 480 1266 464 1269 464 1272 464 1275 464 1311 480 1381 509 1606 505 1673 477 1746 451 1750 451 1753 451 1756 451 1759 451 1794 477 1804 483 1832 477 1880 467 1883 467 1886 467 1909 477 1912 480 1912 477 1931 461 1931 458 1934 458 1937 458 1941 458 1944 458 2007 477 2052 489 2119 477 2166 467 2170 467 2402 477 2405 550 2402 575 2192 563 2007 588 1988 588 1985 588 1976 588 1877 569 1762 594 1750 594 1746 594 1724 594 1514 579 1193 601 1190 601 1186 601 1155 588 1116 610 1113 610 1110 610 1107 610 1065 610 725 604 677 620"/>
                  </Shape>
                  <String CONTENT="Item confesse avoir encour jecté dudit poulsat"
                          HPOS="665"
                          VPOS="451"
                          WIDTH="1740"
                          HEIGHT="169"/>
               </TextLine>
               <TextLine ID="eSc_line_d382c533"
                         BASELINE="630 664 2421 633"
                         HPOS="620"
                         VPOS="553"
                         WIDTH="1801"
                         HEIGHT="153"
                         TAGREFS="LT118">
                  <Shape>
                     <Polygon POINTS="630 664 620 607 805 579 808 579 948 598 976 601 1107 601 1116 594 1148 572 1151 572 1155 572 1158 572 1250 591 1253 591 1256 591 1298 575 1301 575 1304 575 1307 575 1311 575 1330 588 1336 594 1349 588 1400 569 1403 569 1406 569 1409 569 1412 569 1441 588 1444 588 1473 585 1692 563 1696 563 1699 563 1750 579 1766 585 1778 579 1810 563 1813 563 1816 563 1820 563 1874 575 1896 585 2036 585 2049 572 2055 566 2058 566 2061 566 2065 566 2119 572 2186 579 2201 569 2224 553 2227 553 2230 553 2233 553 2236 553 2275 569 2300 575 2411 566 2421 633 2421 645 2300 668 2297 668 2294 668 2265 652 2256 645 2249 652 2224 677 2224 680 2221 680 2217 680 2217 684 2112 684 2109 680 2106 680 2103 680 2103 677 2081 658 2068 649 2014 661 1947 674 1944 674 1890 664 1855 658 1839 668 1816 677 1813 677 1810 677 1807 677 1788 668 1766 655 1753 671 1734 684 1734 687 1731 687 1727 687 1724 687 1651 674 1578 658 1530 677 1492 693 1489 693 1486 693 1368 684 1183 664 1151 690 1142 699 1139 699 1135 699 1135 703 992 703 989 699 986 699 983 699 980 696 948 671 852 671 630 706"/>
                  </Shape>
                  <String CONTENT="sur ung cheval chastré de poil gris questoit"
                          HPOS="620"
                          VPOS="553"
                          WIDTH="1801"
                          HEIGHT="153"/>
               </TextLine>
               <TextLine ID="eSc_line_6b0e5392"
                         BASELINE="674 734 1762 731 2408 709"
                         HPOS="665"
                         VPOS="649"
                         WIDTH="1743"
                         HEIGHT="130"
                         TAGREFS="LT118">
                  <Shape>
                     <Polygon POINTS="674 734 665 693 744 668 747 668 750 668 906 687 925 687 941 684 1008 671 1011 671 1155 680 1234 684 1247 677 1279 661 1282 661 1285 661 1422 674 1521 680 1559 668 1591 658 1594 658 1597 658 1696 658 1699 658 1702 658 1711 664 1727 677 1775 664 1804 655 1807 655 1810 655 1842 661 1896 674 1934 658 1947 655 1950 655 1953 655 1956 655 1960 655 1963 658 1985 671 2001 658 2001 655 2004 655 2007 655 2011 655 2039 655 2192 671 2399 649 2408 709 2408 760 2306 763 2303 763 2300 763 2297 763 2297 760 2259 734 2198 734 2166 760 2166 763 2163 763 2160 763 2160 766 2039 766 2036 763 2033 763 2023 760 1966 738 1944 760 1937 763 1937 766 1934 766 1931 766 1813 769 1810 769 1753 760 1708 750 1696 760 1686 769 1683 769 1680 769 1676 769 1673 769 1670 769 1670 766 1661 760 1645 744 1559 744 1546 760 1533 769 1533 773 1530 773 1527 773 1524 773 1521 773 1486 757 1451 744 1361 744 1336 757 1323 766 1320 766 1317 766 1314 766 1256 757 1196 747 1161 757 1100 776 1097 776 1097 779 1040 779 1037 776 1034 776 1030 776 1030 773 1011 757 1002 747 674 754"/>
                  </Shape>
                  <String CONTENT="a Mori guyon, a raison de ce que ledit Mori ne lui"
                          HPOS="665"
                          VPOS="649"
                          WIDTH="1743"
                          HEIGHT="130"/>
               </TextLine>
               <TextLine ID="eSc_line_d79f0f4d"
                         BASELINE="633 808 1823 827 2322 811"
                         HPOS="626"
                         VPOS="734"
                         WIDTH="1696"
                         HEIGHT="131"
                         TAGREFS="LT118">
                  <Shape>
                     <Polygon POINTS="633 808 633 760 693 760 700 757 738 734 741 734 744 734 747 734 1018 738 1021 738 1024 738 1024 741 1043 757 1053 766 1139 757 1174 754 1177 754 1180 754 1193 757 1244 769 1279 757 1311 744 1314 744 1317 744 1320 744 1361 757 1412 773 1606 776 1826 776 1880 754 1883 754 1886 754 1890 754 1893 754 1896 754 1934 773 1963 754 1969 747 1972 747 1976 747 1979 747 2052 754 2157 763 2205 754 2233 747 2236 747 2240 747 2243 747 2249 754 2265 766 2310 754 2322 811 2319 836 2039 836 2036 836 1969 865 1966 865 1963 865 1422 843 1209 833 1183 843 1151 855 1148 855 1145 855 1142 855 1139 855 1123 843 1107 833 1081 843 1053 855 1050 855 1046 855 964 846 855 830 833 846 827 852 824 852 820 852 817 852 626 846"/>
                  </Shape>
                  <String CONTENT="vouloit donner aulcune recompense de la"
                          HPOS="626"
                          VPOS="734"
                          WIDTH="1696"
                          HEIGHT="131"/>
               </TextLine>
               <TextLine ID="eSc_line_12c59aaf"
                         BASELINE="658 922 1069 916 1855 948 2485 929"
                         HPOS="655"
                         VPOS="839"
                         WIDTH="1830"
                         HEIGHT="137"
                         TAGREFS="LT118">
                  <Shape>
                     <Polygon POINTS="658 922 658 839 735 874 878 874 913 843 916 843 919 843 922 843 925 843 983 868 1088 846 1091 846 1314 862 1352 846 1355 846 1358 846 1361 846 1365 846 1365 849 1381 865 1422 849 1425 849 1428 849 1431 849 1435 849 1476 881 1565 881 1594 855 1597 855 1600 855 1603 855 1762 884 1918 884 1969 855 1972 855 1976 855 1979 855 2033 881 2119 881 2144 859 2144 855 2147 855 2151 855 2154 855 2157 855 2224 884 2284 855 2287 855 2291 855 2478 855 2485 929 2478 951 2396 951 2389 954 2361 973 2357 973 2354 973 2351 973 2348 973 2300 954 2294 951 2287 954 2208 976 2205 976 2201 976 2096 954 2074 973 2071 973 2068 973 2068 976 1613 976 1610 973 1606 973 1552 954 1524 944 1486 954 1409 973 1406 973 1403 973 1205 954 1027 938 655 954"/>
                  </Shape>
                  <String CONTENT="maison qui celui tenoit qui meuvoit delle, lequel"
                          HPOS="655"
                          VPOS="839"
                          WIDTH="1830"
                          HEIGHT="137"/>
               </TextLine>
               <TextLine ID="eSc_line_33a7045a"
                         BASELINE="693 986 1059 976"
                         HPOS="684"
                         VPOS="913"
                         WIDTH="375"
                         HEIGHT="92"
                         TAGREFS="LT118">
                  <Shape>
                     <Polygon POINTS="693 986 684 938 728 919 731 919 735 919 792 929 808 932 1050 913 1059 976 1056 1005 690 999"/>
                  </Shape>
                  <String CONTENT="en mourut"
                          HPOS="684"
                          VPOS="913"
                          WIDTH="375"
                          HEIGHT="92"/>
               </TextLine>
               <TextLine ID="eSc_line_db0eefdd"
                         BASELINE="630 1094 1116 1081 2335 1091"
                         HPOS="623"
                         VPOS="995"
                         WIDTH="1712"
                         HEIGHT="134"
                         TAGREFS="LT118">
                  <Shape>
                     <Polygon POINTS="630 1094 626 995 731 995 735 995 792 1018 871 995 878 995 881 995 884 995 887 995 890 995 929 1018 957 999 960 999 964 999 1142 995 1145 995 1148 995 1151 995 1155 999 1186 1024 1381 1024 1505 1021 1524 1005 1530 999 1533 999 1536 999 1540 999 1616 1005 1823 1027 2001 1027 2026 1008 2039 999 2042 999 2046 999 2049 999 2052 999 2084 1011 2125 1024 2329 1014 2335 1091 2335 1104 2268 1123 2265 1123 2262 1123 2176 1107 2163 1104 2160 1107 2135 1126 2131 1126 2128 1126 2125 1126 2122 1126 2119 1126 2087 1107 2036 1126 2033 1126 2030 1126 1931 1110 1845 1126 1842 1126 1839 1126 1836 1126 1836 1123 1816 1107 1813 1104 1804 1107 1743 1126 1740 1126 1737 1126 1641 1123 1638 1123 1635 1123 1635 1119 1622 1107 1619 1104 1616 1107 1581 1126 1578 1126 1578 1129 1419 1129 1416 1126 1412 1126 1349 1110 1317 1100 1260 1110 1209 1116 1205 1116 1161 1110 1110 1100 1097 1110 1078 1123 1075 1123 1072 1123 1069 1123 1065 1123 1030 1110 1002 1100 859 1100 846 1110 833 1119 833 1123 830 1123 827 1123 824 1123 820 1123 817 1123 798 1110 785 1104 754 1110 700 1123 696 1123 623 1110"/>
                  </Shape>
                  <String CONTENT="Item confesse que ledit Charbon son maitre avoit"
                          HPOS="623"
                          VPOS="995"
                          WIDTH="1712"
                          HEIGHT="134"/>
               </TextLine>
               <TextLine ID="eSc_line_7454a669"
                         BASELINE="668 1174 2329 1164"
                         HPOS="658"
                         VPOS="1084"
                         WIDTH="1671"
                         HEIGHT="134"
                         TAGREFS="LT118">
                  <Shape>
                     <Polygon POINTS="668 1174 658 1123 731 1091 735 1091 738 1091 890 1107 1015 1091 1018 1091 1021 1091 1024 1091 1024 1094 1043 1113 1091 1091 1094 1091 1097 1091 1244 1104 1263 1088 1266 1088 1269 1088 1272 1088 1406 1088 1409 1088 1412 1088 1431 1107 1441 1113 1451 1104 1466 1094 1470 1094 1473 1094 1476 1094 1536 1104 1600 1113 1638 1100 1670 1091 1673 1091 1676 1091 1680 1091 1715 1100 1769 1113 1877 1113 1906 1094 1921 1084 1925 1084 1928 1084 1931 1084 1985 1094 2071 1113 2230 1113 2316 1088 2329 1164 2329 1193 1976 1212 1972 1212 1899 1199 1807 1180 1772 1199 1753 1209 1750 1209 1746 1209 1743 1209 1740 1209 1731 1199 1721 1193 1705 1199 1667 1215 1664 1215 1661 1215 1657 1215 1613 1199 1559 1183 1409 1202 1352 1209 1349 1209 1317 1202 1218 1183 1024 1205 1015 1205 1011 1205 1002 1205 887 1193 868 1209 859 1215 855 1215 852 1215 849 1215 846 1215 843 1215 843 1212 836 1209 820 1189 722 1189 703 1209 693 1215 693 1218 690 1218 687 1218 684 1218 680 1218 661 1209"/>
                  </Shape>
                  <String CONTENT="les pieds ronds comme une beste. Et que ses"
                          HPOS="658"
                          VPOS="1084"
                          WIDTH="1671"
                          HEIGHT="134"/>
               </TextLine>
               <TextLine ID="eSc_line_4f507158"
                         BASELINE="687 1266 1527 1256"
                         HPOS="680"
                         VPOS="1170"
                         WIDTH="847"
                         HEIGHT="147"
                         TAGREFS="LT118">
                  <Shape>
                     <Polygon POINTS="687 1266 680 1202 983 1174 986 1174 1050 1186 1062 1189 1081 1186 1145 1174 1148 1174 1151 1174 1155 1174 1167 1183 1180 1193 1215 1180 1253 1170 1256 1170 1260 1170 1333 1177 1476 1193 1511 1170 1527 1256 1527 1275 1403 1279 1403 1282 1371 1307 1371 1310 1368 1310 1365 1310 1361 1310 1199 1288 1177 1285 1116 1285 1107 1288 1075 1314 1072 1314 1069 1314 957 1317 954 1317 951 1317 948 1317 948 1314 925 1294 922 1291 916 1294 903 1307 900 1307 897 1307 894 1307 890 1307 865 1298 846 1288 811 1298 747 1317 744 1317 741 1317 738 1317 680 1301"/>
                  </Shape>
                  <String CONTENT="habitz estoient de gris"
                          HPOS="680"
                          VPOS="1170"
                          WIDTH="847"
                          HEIGHT="147"/>
               </TextLine>
               <TextLine ID="eSc_line_2430f0b2"
                         BASELINE="684 1434 2376 1434"
                         HPOS="684"
                         VPOS="1342"
                         WIDTH="1699"
                         HEIGHT="131"
                         TAGREFS="LT118">
                  <Shape>
                     <Polygon POINTS="684 1434 684 1342 859 1371 941 1371 964 1345 967 1345 967 1342 970 1342 973 1342 976 1342 1202 1342 1205 1342 1209 1342 1215 1349 1237 1364 1311 1352 1368 1342 1371 1342 1374 1342 1377 1342 1390 1352 1412 1368 1444 1355 1470 1342 1473 1342 1476 1342 1479 1342 1505 1355 1530 1368 1571 1355 1606 1345 1610 1345 1804 1342 1807 1342 1810 1342 1848 1361 1864 1371 2109 1371 2116 1364 2135 1349 2135 1345 2138 1345 2141 1345 2144 1345 2224 1345 2227 1345 2271 1368 2275 1371 2376 1371 2376 1434 2383 1450 2357 1469 2354 1469 2351 1469 2348 1469 2042 1450 1995 1450 1969 1454 1867 1466 1864 1466 1861 1466 1858 1466 1842 1454 1836 1450 1575 1450 1568 1454 1552 1469 1549 1469 1546 1469 1543 1469 1438 1457 1387 1450 1358 1457 1307 1469 1304 1469 1301 1469 1298 1469 1253 1457 1228 1450 1202 1457 1164 1469 1161 1469 1161 1473 1008 1473 1005 1469 1002 1469 999 1469 999 1466 989 1460 980 1450 897 1450 881 1460 868 1469 865 1469 862 1469 859 1469 808 1460 754 1450 684 1460"/>
                  </Shape>
                  <String CONTENT="Item confesse quicelle sest treuve au Sabath"
                          HPOS="684"
                          VPOS="1342"
                          WIDTH="1699"
                          HEIGHT="131"/>
               </TextLine>
               <TextLine ID="eSc_line_d477b164"
                         BASELINE="674 1504 1783 1513"
                         HPOS="665"
                         VPOS="1463"
                         WIDTH="1116"
                         HEIGHT="89"
                         TAGREFS="LT118">
                  <Shape>
                     <Polygon POINTS="671 1501 668 1485 1501 1463 1505 1463 1508 1463 1530 1473 1559 1492 1578 1473 1587 1466 1587 1463 1591 1463 1594 1463 1597 1463 1778 1473 1781 1511 1778 1524 1486 1524 1473 1527 1416 1552 1412 1552 1409 1552 1406 1552 1403 1552 1368 1530 1352 1520 1275 1524 1269 1533 1250 1546 1250 1549 1247 1549 1244 1549 1240 1549 1167 1533 1116 1524 1081 1536 1046 1549 1043 1549 1040 1549 938 1546 935 1546 919 1539 868 1517 795 1543 779 1546 776 1546 773 1546 665 1543"/>
                  </Shape>
                  <String CONTENT="Sur les planches gribolai ‡"
                          HPOS="665"
                          VPOS="1463"
                          WIDTH="1116"
                          HEIGHT="89"/>
               </TextLine>
               <TextLine ID="eSc_line_160c9e84"
                         BASELINE="1803 1513 2341 1517"
                         HPOS="1797"
                         VPOS="1473"
                         WIDTH="541"
                         HEIGHT="82"
                         TAGREFS="LT118">
                  <Shape>
                     <Polygon POINTS="1801 1511 1807 1473 1826 1489 1893 1476 1921 1473 1925 1473 1963 1479 2023 1489 2109 1482 2265 1473 2268 1473 2271 1473 2338 1492 2338 1514 2338 1530 2287 1552 2284 1552 2284 1555 2205 1555 2201 1552 2198 1552 2195 1552 2179 1536 2173 1533 1797 1549"/>
                  </Shape>
                  <String CONTENT="Auquel lieu"
                          HPOS="1797"
                          VPOS="1473"
                          WIDTH="541"
                          HEIGHT="82"/>
               </TextLine>
               <TextLine ID="eSc_line_81c15177"
                         BASELINE="687 1603 2335 1597"
                         HPOS="680"
                         VPOS="1524"
                         WIDTH="1655"
                         HEIGHT="124"
                         TAGREFS="LT118">
                  <Shape>
                     <Polygon POINTS="687 1603 680 1536 811 1527 814 1527 817 1527 846 1536 881 1546 913 1536 938 1527 941 1527 945 1527 948 1527 951 1527 951 1530 960 1536 976 1549 1037 1536 1059 1533 1062 1533 1088 1536 1161 1549 1183 1536 1193 1530 1196 1530 1199 1530 1202 1530 1205 1530 1209 1530 1209 1533 1215 1536 1228 1552 1409 1552 1492 1546 1495 1539 1505 1527 1508 1527 1508 1524 1511 1524 1514 1524 1517 1524 1600 1539 1645 1546 1654 1539 1676 1524 1680 1524 1683 1524 1686 1524 1756 1539 1766 1539 1775 1539 1877 1524 1880 1524 1883 1524 1886 1524 1906 1539 1915 1549 1972 1549 2004 1539 2077 1524 2081 1524 2084 1524 2138 1539 2157 1546 2179 1539 2230 1527 2233 1527 2236 1527 2329 1543 2335 1597 2332 1613 2243 1632 2240 1632 2236 1632 2214 1619 2195 1638 2192 1638 2189 1638 2186 1638 2182 1638 2112 1619 2100 1616 2090 1619 2046 1641 2042 1641 2039 1641 1947 1625 1886 1641 1883 1641 1880 1641 1877 1641 1842 1625 1826 1616 1756 1616 1734 1625 1705 1641 1702 1641 1699 1641 1626 1629 1552 1616 1489 1632 1460 1638 1457 1638 1454 1638 1451 1638 1447 1638 1441 1632 1435 1625 1425 1632 1412 1641 1412 1644 1409 1644 1406 1644 1403 1644 1336 1635 1240 1619 1158 1638 1139 1641 1135 1641 1132 1641 1129 1641 1129 1638 1097 1619 1027 1619 957 1641 951 1644 948 1644 948 1648 789 1648 779 1648 776 1644 773 1644 770 1644 770 1641 747 1622 690 1648"/>
                  </Shape>
                  <String CONTENT="Il y en avoit plusieures aultres quelle ne"
                          HPOS="680"
                          VPOS="1524"
                          WIDTH="1655"
                          HEIGHT="124"/>
               </TextLine>
               <TextLine ID="eSc_line_2c03e145"
                         BASELINE="626 1683 2389 1692"
                         HPOS="620"
                         VPOS="1603"
                         WIDTH="1769"
                         HEIGHT="162"
                         TAGREFS="LT118">
                  <Shape>
                     <Polygon POINTS="626 1683 623 1619 687 1603 690 1603 693 1603 728 1619 763 1635 922 1635 945 1619 951 1613 954 1613 957 1613 1097 1606 1100 1606 1104 1606 1135 1619 1177 1632 1234 1619 1285 1606 1288 1606 1291 1606 1314 1619 1349 1638 1489 1638 1530 1619 1559 1606 1562 1606 1565 1606 1689 1606 1692 1606 1734 1619 1804 1638 1864 1619 1867 1619 1871 1619 1874 1619 1877 1619 1909 1641 2106 1641 2135 1619 2144 1609 2147 1609 2151 1609 2154 1609 2386 1619 2389 1692 2386 1730 2236 1730 2166 1762 2163 1762 2065 1765 2061 1765 2058 1765 2055 1765 2004 1730 1921 1730 1883 1762 1880 1762 1877 1762 1804 1765 1801 1765 1629 1762 1479 1727 1406 1727 1368 1762 1365 1762 1361 1762 1361 1765 1301 1765 1298 1762 1295 1762 1291 1762 1260 1737 1126 1759 1123 1759 1120 1759 1116 1759 1075 1724 1024 1759 1021 1759 1018 1759 1018 1762 792 1762 789 1759 785 1759 782 1759 741 1721 620 1718"/>
                  </Shape>
                  <String CONTENT="cougnoissoit parce quelles estoient masquees."
                          HPOS="620"
                          VPOS="1603"
                          WIDTH="1769"
                          HEIGHT="162"/>
               </TextLine>
            </TextBlock>
            <TextBlock HPOS="78"
                       VPOS="1454"
                       WIDTH="513"
                       HEIGHT="123"
                       ID="r1"
                       TAGREFS="BT368">
               <Shape>
                  <Polygon POINTS="78 1577 78 1454 591 1454 591 1577"/>
               </Shape>
               <TextLine ID="eSc_line_3288853c"
                         BASELINE="70 1507 601 1489"
                         HPOS="60"
                         VPOS="1466"
                         WIDTH="538"
                         HEIGHT="77"
                         TAGREFS="LT118">
                  <Shape>
                     <Polygon POINTS="66 1504 60 1466 595 1482 598 1485 598 1536 474 1539 470 1539 467 1539 458 1536 404 1511 311 1511 286 1533 273 1543 270 1543 267 1543 264 1543 210 1530 168 1520 155 1530 143 1539 143 1543 140 1543 136 1543 133 1543 63 1527"/>
                  </Shape>
                  <String CONTENT="‡proche du fahie"
                          HPOS="60"
                          VPOS="1466"
                          WIDTH="538"
                          HEIGHT="77"/>
               </TextLine>
               <TextLine ID="eSc_line_3f5cf8a0"
                         BASELINE="108 1559 429 1555"
                         HPOS="98"
                         VPOS="1489"
                         WIDTH="331"
                         HEIGHT="101"
                         TAGREFS="LT118">
                  <Shape>
                     <Polygon POINTS="108 1559 98 1511 420 1489 429 1555 429 1584 108 1590"/>
                  </Shape>
                  <String CONTENT="de dele"
                          HPOS="98"
                          VPOS="1489"
                          WIDTH="331"
                          HEIGHT="101"/>
               </TextLine>
            </TextBlock>
            <TextBlock HPOS="2266"
                       VPOS="3574"
                       WIDTH="129"
                       HEIGHT="124"
                       ID="eSc_textblock_c3c17ab1"
                       TAGREFS="BT371">
               <Shape>
                  <Polygon POINTS="2395 3698 2395 3574 2266 3574 2266 3698"/>
               </Shape>
               <TextLine ID="eSc_line_a6349ff3"
                         BASELINE="2291 3655 2372 3655"
                         HPOS="2284"
                         VPOS="3569"
                         WIDTH="86"
                         HEIGHT="121"
                         TAGREFS="LT118">
                  <Shape>
                     <Polygon POINTS="2287 3652 2284 3579 2367 3569 2370 3652 2367 3690 2284 3678"/>
                  </Shape>
                  <String CONTENT="2" HPOS="2284" VPOS="3569" WIDTH="86" HEIGHT="121"/>
               </TextLine>
            </TextBlock>
         </PrintSpace>
      </Page>
   </Layout>
</alto>
