<alto xmlns:xsi="http://www.w3.org/2001/XMLSchema-instance"
      xmlns="http://www.loc.gov/standards/alto/ns-v4#"
      xsi:schemaLocation="http://www.loc.gov/standards/alto/ns-v4# http://www.loc.gov/standards/alto/v4/alto-4-2.xsd">
   <Description>
      <MeasurementUnit>pixel</MeasurementUnit>
      <sourceImageInformation>
         <fileName>B_168_15-2-2_0001.jpg</fileName>
      </sourceImageInformation>
   </Description>
   <Tags>
      <OtherTag ID="BT365"
                LABEL="MainZone:column"
                DESCRIPTION="block type MainZone:column"/>
      <OtherTag ID="BT367" LABEL="MainZone" DESCRIPTION="block type MainZone"/>
      <OtherTag ID="BT368"
                LABEL="MarginTextZone"
                DESCRIPTION="block type MarginTextZone"/>
      <OtherTag ID="BT369"
                LABEL="MarginTextZone:note"
                DESCRIPTION="block type MarginTextZone:note"/>
      <OtherTag ID="BT370"
                LABEL="NumberingZone:other"
                DESCRIPTION="block type NumberingZone:other"/>
      <OtherTag ID="BT371"
                LABEL="NumberingZone:page"
                DESCRIPTION="block type NumberingZone:page"/>
      <OtherTag ID="BT379"
                LABEL="DecorationZone"
                DESCRIPTION="block type DecorationZone"/>
      <OtherTag ID="BT380"
                LABEL="CustomZone:signature"
                DESCRIPTION="block type CustomZone:signature"/>
      <OtherTag ID="LT118" LABEL="DefaultLine" DESCRIPTION="line type DefaultLine"/>
      <OtherTag ID="LT119" LABEL="HeadingLine" DESCRIPTION="line type HeadingLine"/>
      <OtherTag ID="LT120"
                LABEL="InterlinearLine"
                DESCRIPTION="line type InterlinearLine"/>
   </Tags>
   <Layout>
      <Page WIDTH="2523"
            HEIGHT="3728"
            PHYSICAL_IMG_NR="3"
            ID="eSc_dummypage_">
         <PrintSpace HPOS="0" VPOS="0" WIDTH="2523" HEIGHT="3728">
            <TextBlock HPOS="412"
                       VPOS="205"
                       WIDTH="283"
                       HEIGHT="256"
                       ID="eSc_textblock_c12b73d0"
                       TAGREFS="BT370">
               <Shape>
                  <Polygon POINTS="412 205 412 461 695 461 695 205"/>
               </Shape>
               <TextLine ID="eSc_line_1c545fee"
                         BASELINE="428 430 678 387"
                         HPOS="425"
                         VPOS="200"
                         WIDTH="258"
                         HEIGHT="259"
                         TAGREFS="LT118">
                  <Shape>
                     <Polygon POINTS="425 428 442 200 655 202 683 333 680 413 425 459"/>
                  </Shape>
                  <String CONTENT="66" HPOS="425" VPOS="200" WIDTH="258" HEIGHT="259"/>
               </TextLine>
            </TextBlock>
            <TextBlock HPOS="1626"
                       VPOS="104"
                       WIDTH="743"
                       HEIGHT="85"
                       ID="eSc_textblock_5525c92e"
                       TAGREFS="BT369">
               <Shape>
                  <Polygon POINTS="1626 104 1626 185 2365 189 2369 118"/>
               </Shape>
               <TextLine ID="eSc_line_cebf96db"
                         BASELINE="1643 177 2159 173 2350 181"
                         HPOS="1634"
                         VPOS="15"
                         WIDTH="715"
                         HEIGHT="177"
                         TAGREFS="LT118">
                  <Shape>
                     <Polygon POINTS="1640 173 1637 15 2345 31 2349 180 2342 192 1634 186"/>
                  </Shape>
                  <String CONTENT="1608, sept. 24 - nov. 22"
                          HPOS="1634"
                          VPOS="15"
                          WIDTH="715"
                          HEIGHT="177"/>
               </TextLine>
            </TextBlock>
            <TextBlock HPOS="609"
                       VPOS="161"
                       WIDTH="1811"
                       HEIGHT="2495"
                       ID="eSc_textblock_51bc3bb9"
                       TAGREFS="BT367">
               <Shape>
                  <Polygon POINTS="2345 1239 2408 1292 2358 1453 2408 1711 2358 1777 2321 2432 2258 2531 1811 2606 671 2656 646 2149 609 2109 658 1910 646 919 1127 919 1205 829 1155 779 1143 596 1218 472 1118 270 1118 161 1587 161 1694 206 2226 201 2420 459 2383 792 2321 854 2097 894 2383 956"/>
               </Shape>
               <TextLine ID="eSc_line_21590ab8"
                         TAGREFS="LT119"
                         BASELINE="1134 232 2159 254"
                         HPOS="1124"
                         VPOS="152"
                         WIDTH="1035"
                         HEIGHT="127">
                  <Shape>
                     <Polygon POINTS="1134 232 1127 173 1199 152 1202 152 1205 152 1360 173 1426 183 1488 183 1497 173 1513 161 1513 158 1516 158 1519 158 1522 158 1600 173 1656 183 1693 173 1708 167 1712 167 1715 167 1749 173 1830 186 1854 173 1854 170 1858 170 1861 170 1864 170 1867 170 1870 170 1870 173 1889 189 2153 173 2159 254 2156 264 1876 279 1873 279 1870 279 1867 279 1867 276 1864 276 1851 260 1830 260 1789 260 1733 279 1730 279 1727 279 1513 260 1435 273 1432 273 1429 273 1426 273 1426 270 1404 251 1404 248 1199 248 1180 264 1177 264 1174 264 1171 264 1168 264 1124 245"/>
                  </Shape>
                  <String CONTENT="Du 24 de Septembre 1608."
                          HPOS="1124"
                          VPOS="152"
                          WIDTH="1035"
                          HEIGHT="127"/>
               </TextLine>
               <TextLine ID="eSc_line_10240a90"
                         TAGREFS="LT119"
                         BASELINE="1177 304 2293 329"
                         HPOS="1171"
                         VPOS="226"
                         WIDTH="1122"
                         HEIGHT="137">
                  <Shape>
                     <Polygon POINTS="1177 304 1174 239 1314 226 1317 226 1320 226 1345 239 1370 251 1392 239 1410 229 1413 229 1416 229 1419 229 1423 229 1432 239 1444 251 1668 257 1708 242 1712 242 1715 242 1724 242 1876 264 1969 245 1985 242 1988 242 2010 245 2134 267 2289 248 2293 329 2289 341 2175 360 2171 360 2168 360 2165 360 2165 357 2147 344 2140 338 2112 344 2056 354 2053 354 1982 344 1889 332 1823 344 1736 363 1733 363 1730 363 1727 363 1702 347 1677 332 1631 347 1606 354 1603 354 1600 354 1597 354 1593 354 1593 351 1587 347 1569 329 1472 344 1469 344 1466 344 1413 326 1364 344 1360 344 1357 344 1354 344 1351 344 1351 341 1329 323 1280 347 1273 351 1270 351 1267 351 1171 347"/>
                  </Shape>
                  <String CONTENT="Informations prinse et levees"
                          HPOS="1171"
                          VPOS="226"
                          WIDTH="1122"
                          HEIGHT="137"/>
               </TextLine>
               <TextLine ID="eSc_line_482d16cd"
                         TAGREFS="LT119"
                         BASELINE="1230 403 2336 394"
                         HPOS="1221"
                         VPOS="316"
                         WIDTH="1115"
                         HEIGHT="118">
                  <Shape>
                     <Polygon POINTS="1230 403 1221 351 1298 323 1301 323 1305 323 1404 344 1407 344 1410 344 1454 323 1457 323 1668 319 1671 319 1755 332 1802 341 1817 332 1830 319 1833 319 1836 319 1839 319 1842 319 1845 319 1861 329 1876 338 1895 329 1917 319 1920 319 1923 319 1969 326 2038 338 2091 323 2115 316 2119 316 2122 316 2162 323 2277 338 2324 316 2336 394 2336 413 1870 431 1867 431 1864 431 1861 431 1836 413 1830 413 1705 413 1699 413 1677 431 1674 431 1671 431 1671 434 1584 434 1581 431 1447 416 1329 434 1326 434 1227 413"/>
                  </Shape>
                  <String CONTENT="doffice par nous henri farine"
                          HPOS="1221"
                          VPOS="316"
                          WIDTH="1115"
                          HEIGHT="118"/>
               </TextLine>
               <TextLine ID="eSc_line_d210cbe9"
                         TAGREFS="LT119"
                         BASELINE="1267 475 1898 469 2398 487"
                         HPOS="1261"
                         VPOS="403"
                         WIDTH="1137"
                         HEIGHT="109">
                  <Shape>
                     <Polygon POINTS="1267 475 1264 403 2395 413 2398 487 2395 493 2103 509 2100 509 2097 509 2066 493 2056 487 1870 487 1811 493 1656 512 1653 512 1261 490"/>
                  </Shape>
                  <String CONTENT="Prevost de Pourrentruy et Claudat"
                          HPOS="1261"
                          VPOS="403"
                          WIDTH="1137"
                          HEIGHT="109"/>
               </TextLine>
               <TextLine ID="eSc_line_62fa7c5a"
                         TAGREFS="LT119"
                         BASELINE="1252 543 2293 552"
                         HPOS="1249"
                         VPOS="475"
                         WIDTH="1044"
                         HEIGHT="96">
                  <Shape>
                     <Polygon POINTS="1252 543 1255 478 1289 497 1603 500 1752 500 1774 481 1783 475 1786 475 1789 475 1792 475 1979 478 1982 478 1997 484 2032 497 2066 484 2084 478 2088 478 2091 478 2289 487 2293 552 2289 568 1249 571"/>
                  </Shape>
                  <String CONTENT="Briot mayre de Courthedoubs"
                          HPOS="1249"
                          VPOS="475"
                          WIDTH="1044"
                          HEIGHT="96"/>
               </TextLine>
               <TextLine ID="eSc_line_722ed9f2"
                         TAGREFS="LT119"
                         BASELINE="1174 624 2314 615"
                         HPOS="1165"
                         VPOS="552"
                         WIDTH="1149"
                         HEIGHT="106">
                  <Shape>
                     <Polygon POINTS="1174 624 1165 565 1485 556 1488 556 1491 556 1503 562 1544 577 1712 577 1755 559 1771 552 1774 552 1777 552 1808 559 1879 574 1917 559 1923 556 1926 556 1929 556 1932 556 1935 556 1960 571 2305 556 2314 615 2314 627 2246 652 2243 652 2240 652 2091 649 2088 649 2047 630 2044 630 2001 649 1997 649 1994 649 1991 649 1957 630 1954 630 1951 633 1917 646 1914 646 1910 646 1808 633 1799 633 1795 633 1743 655 1740 655 1534 658 1531 658 1528 658 1525 658 1525 655 1506 639 1447 652 1444 652 1289 639 1249 636 1242 639 1221 655 1218 655 1214 655 1211 655 1208 655 1168 639"/>
                  </Shape>
                  <String CONTENT="Sur les diffamations et accusations,"
                          HPOS="1165"
                          VPOS="552"
                          WIDTH="1149"
                          HEIGHT="106"/>
               </TextLine>
               <TextLine ID="eSc_line_068f7cb8"
                         TAGREFS="LT119"
                         BASELINE="1202 699 2053 699 2383 717"
                         HPOS="1193"
                         VPOS="618"
                         WIDTH="1190"
                         HEIGHT="115">
                  <Shape>
                     <Polygon POINTS="1202 699 1202 639 1258 639 1277 621 1277 618 1280 618 1283 618 1286 618 1289 618 1329 636 1513 618 1516 618 1519 618 1572 639 1572 643 1733 643 1733 639 1752 624 1752 621 1755 621 1758 621 1761 621 1764 621 1839 639 1904 621 1907 621 1910 621 1914 621 1917 621 1945 639 2109 624 2112 624 2115 624 2156 643 2196 624 2199 624 2202 624 2380 646 2383 717 2376 730 2159 717 2060 726 1963 733 1960 733 1957 733 1935 723 1917 714 1879 720 1839 730 1836 730 1833 730 1830 730 1830 726 1820 720 1814 714 1671 717 1382 726 1379 726 1376 726 1373 726 1357 711 1354 711 1348 711 1258 726 1255 726 1252 726 1193 708"/>
                  </Shape>
                  <String CONTENT="faictes contre Annelin vefve de Perrat"
                          HPOS="1193"
                          VPOS="618"
                          WIDTH="1190"
                          HEIGHT="115"/>
               </TextLine>
               <TextLine ID="eSc_line_7ce36ed1"
                         TAGREFS="LT119"
                         BASELINE="1177 761 2330 773"
                         HPOS="1174"
                         VPOS="708"
                         WIDTH="1156"
                         HEIGHT="105">
                  <Shape>
                     <Polygon POINTS="1177 761 1177 708 2327 717 2330 773 2327 785 2072 813 2069 813 1876 810 1873 810 1870 810 1870 807 1842 785 1836 785 1298 804 1295 804 1292 804 1289 804 1258 782 1252 779 1174 779"/>
                  </Shape>
                  <String CONTENT="Vauthier de Courthedoubs destre"
                          HPOS="1174"
                          VPOS="708"
                          WIDTH="1156"
                          HEIGHT="105"/>
               </TextLine>
               <TextLine ID="eSc_line_bbae2ca2"
                         TAGREFS="LT119"
                         BASELINE="1236 838 2119 845"
                         HPOS="1224"
                         VPOS="785"
                         WIDTH="895"
                         HEIGHT="122">
                  <Shape>
                     <Polygon POINTS="1236 838 1233 792 2112 785 2119 845 2115 869 1945 869 1898 904 1895 904 1892 904 1889 904 1886 904 1795 869 1702 869 1643 869 1612 900 1612 904 1609 904 1606 904 1606 907 1525 907 1522 904 1519 904 1516 904 1516 900 1491 879 1447 904 1444 904 1444 907 1280 907 1277 904 1273 904 1270 904 1270 900 1224 857"/>
                  </Shape>
                  <String CONTENT="accusee pour sorciere"
                          HPOS="1224"
                          VPOS="785"
                          WIDTH="895"
                          HEIGHT="122"/>
               </TextLine>
               <TextLine ID="eSc_line_850a064f"
                         BASELINE="683 994 2364 1022"
                         HPOS="674"
                         VPOS="897"
                         WIDTH="1690"
                         HEIGHT="162"
                         TAGREFS="LT118">
                  <Shape>
                     <Polygon POINTS="683 994 683 897 817 925 910 904 935 900 938 900 941 900 944 900 950 907 988 938 1053 941 1202 941 1255 919 1289 907 1292 907 1295 907 1395 907 1398 907 1401 907 1401 910 1419 925 1429 931 1447 925 1513 910 1516 910 1519 910 1684 913 1687 913 1777 938 1814 950 1836 941 1892 919 1895 919 1898 919 1901 919 1988 947 2007 953 2022 950 2053 938 2056 938 2060 938 2128 953 2131 953 2175 925 2178 925 2181 925 2184 925 2187 925 2190 925 2234 956 2314 941 2317 941 2321 941 2364 963 2364 1022 2361 1034 2181 1059 2178 1059 1854 1031 1808 1053 1805 1053 1802 1053 1634 1028 1541 1046 1538 1046 1534 1046 1531 1046 1510 1028 1367 1037 1364 1037 1242 1018 1131 1040 1127 1040 1000 1015 969 1037 966 1037 963 1037 960 1037 767 1034 764 1034 674 1006"/>
                  </Shape>
                  <String CONTENT="Pierre Broingne dudit Courthedoubs par serement depose"
                          HPOS="674"
                          VPOS="897"
                          WIDTH="1690"
                          HEIGHT="162"/>
               </TextLine>
               <TextLine ID="eSc_line_ec86458d"
                         BASELINE="677 1102 953 1087 2308 1099"
                         HPOS="671"
                         VPOS="1012"
                         WIDTH="1637"
                         HEIGHT="115"
                         TAGREFS="LT118">
                  <Shape>
                     <Polygon POINTS="677 1102 671 1034 810 1012 814 1012 817 1012 879 1031 894 1034 913 1031 984 1015 988 1015 991 1015 1031 1031 1047 1037 1162 1037 1168 1028 1180 1018 1180 1015 1183 1015 1186 1015 1190 1015 1270 1028 1308 1034 1323 1028 1351 1015 1354 1015 1357 1015 1572 1025 1848 1040 2115 1022 2143 1022 2147 1022 2156 1022 2243 1040 2299 1022 2308 1099 2305 1127 2081 1127 2078 1124 2075 1124 2072 1124 2047 1109 1864 1124 1836 1124 1833 1124 1830 1124 1823 1124 1755 1105 1575 1121 1566 1121 1562 1121 1550 1121 1348 1102 1180 1118 1177 1118 1174 1118 1171 1118 1168 1118 1143 1102 804 1115 801 1115 798 1115 795 1115 773 1099 674 1115"/>
                  </Shape>
                  <String CONTENT="Quil a une fille nomme lucie laquelle estant"
                          HPOS="671"
                          VPOS="1012"
                          WIDTH="1637"
                          HEIGHT="115"/>
               </TextLine>
               <TextLine ID="eSc_line_4e653089"
                         BASELINE="696 1158 2271 1165"
                         HPOS="692"
                         VPOS="1096"
                         WIDTH="1579"
                         HEIGHT="103"
                         TAGREFS="LT118">
                  <Shape>
                     <Polygon POINTS="696 1158 692 1105 2265 1096 2271 1165 2268 1177 2063 1177 2060 1177 2041 1196 2038 1196 2035 1196 2035 1199 1848 1199 1845 1196 1842 1196 1795 1180 1783 1177 1541 1183 1146 1192 1143 1192 1140 1192 1118 1186 1075 1174 1056 1186 1056 1189 1053 1189 1050 1189 1047 1189 1034 1186 984 1177 894 1189 857 1192 854 1192 851 1192 842 1189 804 1174 692 1189"/>
                  </Shape>
                  <String CONTENT="par une fois au louvre sont environ six ans"
                          HPOS="692"
                          VPOS="1096"
                          WIDTH="1579"
                          HEIGHT="103"/>
               </TextLine>
               <TextLine ID="eSc_line_1624a365"
                         BASELINE="677 1251 1463 1242 2277 1258"
                         HPOS="671"
                         VPOS="1171"
                         WIDTH="1606"
                         HEIGHT="102"
                         TAGREFS="LT118">
                  <Shape>
                     <Polygon POINTS="677 1251 671 1192 767 1171 770 1171 773 1171 810 1192 814 1192 854 1174 857 1174 860 1174 1044 1174 1047 1174 1050 1174 1050 1177 1065 1189 1112 1177 1115 1177 1118 1177 1121 1177 1124 1177 1143 1192 1168 1174 1171 1174 1174 1174 1177 1174 1267 1192 1270 1192 1273 1192 1491 1174 1494 1174 1497 1174 1538 1196 1541 1199 1615 1199 1618 1196 1640 1177 1643 1177 1646 1177 1649 1177 1727 1196 1736 1196 1743 1196 1823 1177 1827 1177 1830 1177 1882 1192 2147 1177 2150 1177 2153 1177 2156 1177 2181 1196 2181 1199 2274 1199 2277 1258 2271 1273 671 1267"/>
                  </Shape>
                  <String CONTENT="Que ladite lucie Annelin la frappa entre"
                          HPOS="671"
                          VPOS="1171"
                          WIDTH="1606"
                          HEIGHT="102"/>
               </TextLine>
               <TextLine ID="eSc_line_ce4597ab"
                         BASELINE="630 1342 804 1323 1342 1320 2072 1329 2398 1348"
                         HPOS="624"
                         VPOS="1239"
                         WIDTH="1774"
                         HEIGHT="137"
                         TAGREFS="LT118">
                  <Shape>
                     <Polygon POINTS="630 1342 624 1264 891 1239 894 1239 897 1239 966 1264 972 1264 981 1264 1099 1242 1103 1242 1258 1261 1392 1245 1395 1245 1398 1245 1401 1245 1419 1264 1423 1264 1429 1264 1578 1245 1581 1245 1584 1245 1587 1245 1615 1264 1618 1267 1621 1264 1646 1248 1649 1248 1653 1248 1656 1248 1792 1248 1795 1248 1799 1248 1823 1264 1833 1270 1876 1264 1966 1251 1969 1251 1973 1251 2010 1264 2035 1276 2147 1276 2159 1264 2175 1251 2178 1251 2181 1251 2184 1251 2187 1251 2230 1264 2258 1273 2395 1267 2398 1348 2395 1363 2258 1373 2255 1373 2252 1373 2224 1363 2168 1348 2143 1363 2131 1373 2128 1373 2125 1373 2125 1376 2025 1376 2022 1373 2019 1373 2001 1363 1954 1345 1653 1360 1649 1360 1541 1342 1497 1363 1494 1363 1491 1363 1488 1363 1485 1363 1457 1345 1317 1357 1314 1357 1311 1357 1252 1342 1044 1363 1022 1363 1019 1363 1016 1363 1012 1363 981 1338 916 1357 913 1357 910 1357 907 1357 904 1357 879 1335 807 1360 804 1360 804 1363 627 1363"/>
                  </Shape>
                  <String CONTENT="les deux espalles dont depuis elle vint grievement"
                          HPOS="624"
                          VPOS="1239"
                          WIDTH="1774"
                          HEIGHT="137"/>
               </TextLine>
               <TextLine ID="eSc_line_07844428"
                         BASELINE="674 1407 1429 1398 2286 1419"
                         HPOS="668"
                         VPOS="1320"
                         WIDTH="1618"
                         HEIGHT="124"
                         TAGREFS="LT118">
                  <Shape>
                     <Polygon POINTS="674 1407 668 1348 835 1345 882 1320 885 1320 888 1320 1071 1348 1233 1323 1236 1323 1239 1323 1323 1351 1326 1351 1370 1332 1373 1332 1376 1332 1379 1332 1416 1348 1447 1326 1451 1326 1454 1326 1457 1326 1460 1326 1497 1342 1581 1326 1584 1326 1839 1329 1842 1329 1845 1329 1876 1354 1876 1357 2283 1360 2286 1419 2280 1444 1587 1422 1519 1441 1516 1441 1513 1441 1506 1441 1392 1422 1261 1441 1242 1441 1239 1441 1227 1441 1146 1419 1115 1438 1112 1438 1109 1438 1106 1438 1103 1438 1034 1419 972 1438 969 1438 966 1438 960 1438 879 1422 671 1435"/>
                  </Shape>
                  <String CONTENT="malade et est Impotente dire du droit costel"
                          HPOS="668"
                          VPOS="1320"
                          WIDTH="1618"
                          HEIGHT="124"/>
               </TextLine>
               <TextLine ID="eSc_line_cf95cefc"
                         BASELINE="661 1488 1373 1481 2243 1506"
                         HPOS="655"
                         VPOS="1401"
                         WIDTH="1588"
                         HEIGHT="139"
                         TAGREFS="LT118">
                  <Shape>
                     <Polygon POINTS="661 1488 655 1419 870 1401 873 1401 960 1419 1034 1404 1037 1404 1146 1422 1152 1422 1162 1422 1323 1407 1326 1407 2243 1435 2243 1506 2240 1540 2060 1540 2056 1537 2053 1537 2050 1537 2047 1534 2007 1509 1827 1509 1799 1531 1795 1534 1792 1534 1789 1534 1786 1534 1743 1528 1625 1512 1538 1525 1513 1528 1510 1528 1488 1525 1416 1506 1385 1522 1373 1528 1370 1528 1367 1528 1364 1528 1360 1528 1354 1522 1323 1500 1019 1516 978 1516 975 1516 972 1516 969 1512 944 1500 922 1512 910 1522 907 1522 904 1522 901 1522 655 1506"/>
                  </Shape>
                  <String CONTENT="Et tient deposant comme aussi ladite Lucie q par"
                          HPOS="655"
                          VPOS="1401"
                          WIDTH="1588"
                          HEIGHT="139"/>
               </TextLine>
               <TextLine ID="eSc_line_682e4248"
                         BASELINE="652 1584 835 1568 1429 1562 2342 1593"
                         HPOS="646"
                         VPOS="1484"
                         WIDTH="1696"
                         HEIGHT="143"
                         TAGREFS="LT118">
                  <Shape>
                     <Polygon POINTS="652 1584 646 1512 814 1488 817 1488 820 1488 823 1488 860 1512 950 1484 953 1484 957 1484 1134 1519 1140 1519 1143 1519 1301 1491 1305 1491 1441 1519 1640 1497 1643 1497 1646 1497 1649 1497 1684 1519 1920 1503 1923 1503 1926 1503 2007 1534 2013 1537 2339 1540 2342 1593 2336 1621 2258 1609 2218 1621 2199 1627 2196 1627 2193 1627 2190 1627 2187 1627 2178 1621 2153 1606 2097 1618 2075 1624 2072 1624 2069 1624 2066 1624 2047 1618 1973 1593 1746 1612 1743 1612 1740 1612 1736 1612 1736 1609 1715 1587 1646 1587 1500 1612 1475 1615 1472 1615 1447 1612 1295 1581 1127 1606 1124 1606 1037 1590 1012 1606 1009 1606 1006 1606 1003 1606 646 1599"/>
                  </Shape>
                  <String CONTENT="ledi frappement la rendu en telle maladie"
                          HPOS="646"
                          VPOS="1484"
                          WIDTH="1696"
                          HEIGHT="143"/>
               </TextLine>
               <TextLine ID="eSc_line_7b235289"
                         BASELINE="720 1652 1845 1658 2395 1690"
                         HPOS="714"
                         VPOS="1575"
                         WIDTH="1681"
                         HEIGHT="139"
                         TAGREFS="LT118">
                  <Shape>
                     <Polygon POINTS="720 1652 720 1584 957 1596 981 1587 1012 1578 1016 1578 1019 1578 1022 1578 1025 1578 1025 1581 1034 1590 1040 1593 1047 1590 1062 1578 1065 1578 1068 1578 1071 1578 1075 1578 1078 1578 1096 1590 1112 1599 1131 1590 1171 1575 1174 1575 1177 1575 1280 1590 1367 1578 1370 1578 1373 1578 1444 1599 1454 1599 1460 1599 1538 1581 1541 1581 1730 1606 1789 1612 1799 1606 1830 1587 1833 1587 1836 1587 1839 1587 1948 1587 1951 1587 1954 1587 1988 1612 1994 1615 2022 1612 2147 1593 2150 1593 2153 1593 2156 1593 2156 1596 2178 1615 2181 1615 2237 1599 2240 1599 2243 1599 2395 1621 2395 1690 2389 1714 2293 1699 2193 1711 2190 1711 2053 1683 1994 1705 1991 1705 1988 1705 1858 1677 1578 1674 1506 1674 1463 1702 1460 1702 1457 1702 1454 1702 1444 1702 1367 1686 1332 1699 1329 1699 1326 1699 1323 1699 1320 1699 1320 1696 1292 1671 1242 1699 1239 1699 1236 1699 1065 1696 1062 1696 994 1674 894 1693 891 1693 888 1693 885 1693 882 1693 851 1671 817 1693 814 1693 810 1693 807 1693 714 1690"/>
                  </Shape>
                  <String CONTENT="Et combien que deposant aye faict tout debvoir"
                          HPOS="714"
                          VPOS="1575"
                          WIDTH="1681"
                          HEIGHT="139"/>
               </TextLine>
               <TextLine ID="eSc_line_22dddfc5"
                         BASELINE="683 1749 1124 1739 2283 1764"
                         HPOS="677"
                         VPOS="1665"
                         WIDTH="1609"
                         HEIGHT="130"
                         TAGREFS="LT118">
                  <Shape>
                     <Polygon POINTS="683 1749 677 1683 1034 1665 1037 1665 1040 1665 1115 1686 1124 1693 1286 1693 1286 1690 1305 1674 1308 1674 1311 1674 1314 1674 1475 1693 1482 1693 1510 1674 1513 1674 1516 1674 1519 1674 1522 1674 1575 1696 1578 1696 1600 1677 1600 1674 1603 1674 1606 1674 1609 1674 1612 1674 1615 1674 1640 1696 1643 1696 1659 1696 1892 1677 1895 1677 1898 1677 1973 1699 1982 1702 1988 1699 2060 1680 2063 1680 2066 1680 2069 1680 2134 1696 2230 1683 2234 1683 2237 1683 2286 1705 2283 1764 2280 1770 2137 1789 2134 1789 2044 1773 2028 1770 2025 1773 1988 1792 1985 1792 1982 1792 1979 1792 1976 1792 1954 1773 1926 1795 1923 1795 1920 1795 1917 1795 1914 1795 1870 1773 1858 1767 1842 1773 1789 1792 1786 1792 1783 1792 1780 1792 1777 1792 1749 1773 1743 1770 1674 1773 1419 1786 1416 1786 1413 1786 1370 1773 1311 1758 1134 1758 1099 1773 1087 1780 1084 1780 1081 1780 1078 1780 1062 1773 1037 1764 913 1773 876 1777 873 1777 870 1777 866 1777 866 1773 838 1755 792 1773 786 1777 783 1777 779 1777 677 1773"/>
                  </Shape>
                  <String CONTENT="dela faire a guerir sy est ce quil na treuve"
                          HPOS="677"
                          VPOS="1665"
                          WIDTH="1609"
                          HEIGHT="130"/>
               </TextLine>
               <TextLine ID="eSc_line_5362a9b9"
                         BASELINE="711 1832 1712 1829 2317 1845"
                         HPOS="702"
                         VPOS="1749"
                         WIDTH="1615"
                         HEIGHT="124"
                         TAGREFS="LT118">
                  <Shape>
                     <Polygon POINTS="711 1832 705 1758 910 1749 913 1749 916 1749 941 1758 972 1773 984 1758 994 1752 994 1749 997 1749 1000 1749 1003 1749 1090 1761 1127 1764 1190 1761 1388 1749 1392 1749 1395 1749 1398 1749 1416 1764 1432 1777 1587 1777 1606 1764 1637 1749 1640 1749 1643 1749 1646 1749 1687 1767 1693 1767 1699 1767 1749 1752 1752 1752 1755 1752 1758 1752 1792 1767 1808 1773 1830 1767 1864 1758 1867 1758 1870 1758 1926 1767 1969 1777 1994 1770 2032 1755 2035 1755 2038 1755 2041 1755 2044 1755 2060 1770 2063 1773 2066 1770 2084 1758 2088 1758 2091 1758 2094 1758 2097 1758 2122 1770 2134 1777 2147 1770 2168 1761 2171 1761 2175 1761 2178 1761 2196 1770 2209 1777 2311 1773 2317 1845 2314 1857 2230 1873 2227 1873 2224 1873 2196 1857 2184 1851 2128 1857 2081 1860 2078 1860 2050 1854 2004 1845 1960 1854 1917 1863 1914 1863 1910 1863 1876 1854 1848 1845 1823 1854 1792 1863 1789 1863 1786 1863 1696 1851 1628 1842 1615 1851 1590 1870 1587 1870 1584 1870 1584 1873 1426 1873 1423 1870 1419 1870 1373 1848 1357 1842 1177 1842 1168 1845 1140 1863 1137 1863 1134 1863 1131 1863 994 1848 966 1867 963 1867 960 1867 960 1870 798 1870 795 1867 792 1867 702 1839"/>
                  </Shape>
                  <String CONTENT="aulcung remede Sinon que tous les medicins qui"
                          HPOS="702"
                          VPOS="1749"
                          WIDTH="1615"
                          HEIGHT="124"/>
               </TextLine>
               <TextLine ID="eSc_line_70be61bd"
                         BASELINE="683 1938 913 1919 2277 1913"
                         HPOS="677"
                         VPOS="1832"
                         WIDTH="1600"
                         HEIGHT="153"
                         TAGREFS="LT118">
                  <Shape>
                     <Polygon POINTS="683 1938 677 1876 736 1873 767 1845 767 1842 770 1842 773 1842 776 1842 922 1870 932 1873 1124 1873 1134 1863 1162 1839 1165 1839 1168 1839 1171 1839 1273 1839 1277 1839 1280 1839 1280 1842 1305 1860 1308 1867 1323 1860 1370 1842 1373 1842 1376 1842 1379 1842 1438 1857 1472 1870 1559 1870 1575 1854 1600 1836 1603 1836 1606 1836 1609 1836 1693 1836 1696 1836 1699 1836 1699 1839 1715 1851 1727 1863 1842 1848 1960 1836 1963 1836 2075 1836 2078 1836 2081 1836 2091 1845 2106 1854 2140 1842 2171 1832 2175 1832 2178 1832 2271 1842 2277 1913 2277 1929 2230 1950 2227 1950 2224 1950 2147 1932 2140 1932 2137 1932 2075 1963 2072 1963 2069 1963 2066 1963 1982 1935 1979 1935 1976 1935 1907 1978 1904 1978 1901 1978 1566 1982 1562 1982 1559 1982 1556 1982 1506 1947 1401 1982 1398 1982 1398 1985 1227 1985 1224 1982 1221 1982 1218 1982 1180 1957 1155 1938 1034 1954 1031 1954 814 1941 776 1963 773 1963 770 1963 767 1963 764 1963 736 1950 686 1966"/>
                  </Shape>
                  <String CONTENT="lont veu ont tousjour juge quelle estoit"
                          HPOS="677"
                          VPOS="1832"
                          WIDTH="1600"
                          HEIGHT="153"/>
               </TextLine>
               <TextLine ID="eSc_line_fe198d56"
                         BASELINE="680 2010 1087 1994"
                         HPOS="671"
                         VPOS="1923"
                         WIDTH="416"
                         HEIGHT="118"
                         TAGREFS="LT118">
                  <Shape>
                     <Polygon POINTS="680 2010 671 1947 829 1923 832 1923 1081 1932 1087 1994 1081 2016 1006 2006 963 2025 953 2028 950 2028 947 2028 932 2025 870 2013 807 2034 804 2034 801 2034 798 2034 795 2034 761 2019 683 2041"/>
                  </Shape>
                  <String CONTENT="encorsele."
                          HPOS="671"
                          VPOS="1923"
                          WIDTH="416"
                          HEIGHT="118"/>
               </TextLine>
               <TextLine ID="eSc_line_a30f6f4c"
                         BASELINE="674 2100 1081 2075 1926 2078 2327 2097"
                         HPOS="661"
                         VPOS="1985"
                         WIDTH="1666"
                         HEIGHT="130"
                         TAGREFS="LT118">
                  <Shape>
                     <Polygon POINTS="674 2100 661 2031 699 2003 702 2003 705 2003 708 2003 711 2003 792 2025 860 2006 863 2006 866 2006 870 2006 916 2028 1127 2028 1174 2003 1177 2003 1180 2003 1183 2003 1211 2016 1258 1985 1261 1985 1264 1985 1267 1985 1572 1985 1575 1985 1646 2006 1771 1985 1774 1985 1777 1985 1910 2019 1997 2006 2001 2006 2324 2028 2327 2097 2321 2106 1196 2093 1053 2112 1050 2112 932 2093 910 2112 907 2112 904 2112 674 2115"/>
                  </Shape>
                  <String CONTENT="Dit que sont quatre ans questant deposant Banvert"
                          HPOS="661"
                          VPOS="1985"
                          WIDTH="1666"
                          HEIGHT="130"/>
               </TextLine>
               <TextLine ID="eSc_line_38d81155"
                         BASELINE="674 2162 1370 2146 2308 2159"
                         HPOS="671"
                         VPOS="2078"
                         WIDTH="1637"
                         HEIGHT="118"
                         TAGREFS="LT118">
                  <Shape>
                     <Polygon POINTS="674 2162 671 2103 798 2103 845 2078 848 2078 851 2078 854 2078 897 2103 1065 2103 1090 2081 1090 2078 1093 2078 1096 2078 1099 2078 2305 2103 2308 2159 2308 2165 2249 2193 2246 2193 2246 2196 2115 2196 2112 2193 2109 2193 2106 2193 2072 2168 2069 2168 2066 2171 2025 2187 2022 2187 2019 2187 1938 2171 1886 2162 1833 2174 1749 2193 1746 2193 1662 2177 1584 2162 1479 2180 1398 2193 1395 2193 1392 2193 1360 2183 1298 2162 1127 2183 1124 2183 1121 2183 1118 2183 1118 2180 1096 2162 963 2162 671 2193"/>
                  </Shape>
                  <String CONTENT="Il trouva ladite Lucie dessus ung poirie avec sa"
                          HPOS="671"
                          VPOS="2078"
                          WIDTH="1637"
                          HEIGHT="118"/>
               </TextLine>
               <TextLine ID="eSc_line_f782409d"
                         BASELINE="668 2224 1559 2224 2330 2243"
                         HPOS="664"
                         VPOS="2143"
                         WIDTH="1666"
                         HEIGHT="134"
                         TAGREFS="LT118">
                  <Shape>
                     <Polygon POINTS="668 2224 671 2143 730 2168 773 2156 776 2156 779 2156 783 2156 835 2171 1093 2152 1171 2149 1174 2149 1177 2149 1208 2156 1264 2171 1298 2159 1326 2149 1329 2149 1332 2149 1336 2149 1382 2162 1444 2177 1494 2165 1534 2152 1538 2152 1541 2152 1665 2152 1668 2152 1712 2171 1743 2180 1830 2171 2007 2156 2010 2156 2103 2159 2106 2159 2109 2159 2137 2180 2143 2183 2162 2180 2249 2168 2252 2168 2327 2187 2330 2243 2324 2270 2196 2252 2137 2270 2119 2277 2115 2277 2112 2277 2109 2277 2097 2270 2063 2252 1951 2264 1948 2264 1945 2264 1941 2264 1920 2249 1764 2249 1684 2267 1662 2270 1659 2270 1656 2270 1646 2267 1593 2246 1516 2246 1494 2264 1491 2264 1488 2264 1485 2264 1482 2264 1426 2243 1398 2264 1398 2267 1395 2267 1392 2267 1388 2267 1385 2267 1373 2264 1301 2246 1214 2261 1211 2261 1208 2261 1205 2261 1174 2243 1081 2261 1068 2264 1065 2264 1062 2264 1056 2261 984 2239 950 2261 947 2264 944 2264 941 2264 938 2264 913 2261 835 2249 664 2258"/>
                  </Shape>
                  <String CONTENT="fille que eschossotoyent des poires Et les ayant"
                          HPOS="664"
                          VPOS="2143"
                          WIDTH="1666"
                          HEIGHT="134"/>
               </TextLine>
               <TextLine ID="eSc_line_b9d4d1ba"
                         BASELINE="658 2320 1373 2308 2311 2326"
                         HPOS="655"
                         VPOS="2236"
                         WIDTH="1656"
                         HEIGHT="140"
                         TAGREFS="LT118">
                  <Shape>
                     <Polygon POINTS="658 2320 655 2236 804 2258 879 2243 882 2243 885 2243 932 2258 988 2236 991 2236 994 2236 1000 2236 1103 2258 1183 2258 1205 2236 1208 2236 1211 2236 1214 2236 1218 2236 1221 2236 1221 2239 1239 2258 1367 2258 1416 2239 1419 2239 1423 2239 1426 2239 1475 2261 1637 2239 1643 2239 1646 2239 1649 2239 1653 2239 1677 2261 1718 2246 1721 2246 1724 2246 1811 2267 1929 2267 1951 2246 1951 2243 1954 2243 1957 2243 1960 2243 1963 2243 2025 2267 2187 2267 2305 2243 2311 2326 2308 2351 2072 2373 2069 2373 1982 2354 1948 2348 1935 2354 1910 2373 1907 2373 1904 2373 1904 2376 1836 2376 1833 2373 1705 2357 1696 2357 1674 2357 1475 2370 1472 2370 1469 2370 1466 2370 1466 2367 1457 2361 1444 2351 1432 2361 1416 2370 1413 2370 1410 2370 1407 2370 1404 2370 1401 2370 1388 2361 1367 2345 1336 2361 1311 2370 1308 2370 1305 2370 1301 2370 1277 2361 1227 2342 1090 2342 1065 2361 1062 2361 1059 2361 1056 2361 894 2342 842 2364 832 2367 829 2367 826 2367 823 2367 814 2364 773 2348 655 2364"/>
                  </Shape>
                  <String CONTENT="deposant rescrie quilz seroyent gaigei Icelles"
                          HPOS="655"
                          VPOS="2236"
                          WIDTH="1656"
                          HEIGHT="140"/>
               </TextLine>
               <TextLine ID="eSc_line_9df6b85a"
                         BASELINE="705 2404 2258 2410"
                         HPOS="699"
                         VPOS="2336"
                         WIDTH="1559"
                         HEIGHT="108"
                         TAGREFS="LT118">
                  <Shape>
                     <Polygon POINTS="705 2404 702 2351 1463 2336 1466 2336 1547 2354 1559 2354 1578 2354 1693 2339 1696 2339 1699 2339 1743 2354 1749 2354 1758 2354 1851 2339 1854 2339 2255 2357 2258 2410 2255 2423 2038 2423 1976 2444 1973 2444 1969 2444 1966 2444 1907 2426 1889 2444 1886 2444 1882 2444 1879 2444 1876 2444 1873 2444 1873 2441 1851 2420 1848 2420 1823 2420 1485 2444 1482 2444 1479 2444 1395 2420 1379 2416 1152 2416 1143 2420 1081 2441 1078 2441 1075 2441 960 2420 947 2416 932 2420 817 2441 814 2441 699 2416"/>
                  </Shape>
                  <String CONTENT="furent perdues sans quil peult scavoir ny"
                          HPOS="699"
                          VPOS="2336"
                          WIDTH="1559"
                          HEIGHT="108"/>
               </TextLine>
               <TextLine ID="eSc_line_ffa5f930"
                         BASELINE="671 2491 2237 2491"
                         HPOS="671"
                         VPOS="2416"
                         WIDTH="1566"
                         HEIGHT="131"
                         TAGREFS="LT118">
                  <Shape>
                     <Polygon POINTS="671 2491 671 2429 981 2438 1006 2426 1028 2416 1031 2416 1034 2416 1314 2416 1317 2416 1342 2426 1385 2438 1429 2426 1457 2416 1460 2416 1463 2416 1466 2416 1469 2416 1479 2423 1497 2438 1562 2423 1575 2423 1578 2423 1581 2423 1587 2423 1637 2438 1727 2423 1771 2416 1774 2416 1777 2416 1780 2416 1786 2423 1808 2441 1957 2441 2038 2438 2053 2423 2056 2420 2056 2416 2060 2416 2063 2416 2066 2416 2237 2423 2237 2491 2234 2538 2134 2525 2119 2541 2115 2541 2115 2544 2112 2544 2109 2544 2109 2547 1758 2547 1755 2544 1733 2541 1609 2516 1590 2531 1590 2535 1587 2535 1584 2535 1581 2535 1506 2525 1472 2541 1469 2544 1466 2544 1463 2544 1460 2544 1457 2541 1404 2516 1037 2516 988 2544 984 2544 981 2544 981 2547 922 2547 919 2544 916 2544 913 2544 876 2516 798 2516 758 2544 755 2544 751 2544 751 2547 671 2547"/>
                  </Shape>
                  <String CONTENT="veoir quelles devindrent et ny heust une"
                          HPOS="671"
                          VPOS="2416"
                          WIDTH="1566"
                          HEIGHT="131"/>
               </TextLine>
               <TextLine ID="eSc_line_0e251ae8"
                         BASELINE="717 2572 1817 2578"
                         HPOS="711"
                         VPOS="2500"
                         WIDTH="1106"
                         HEIGHT="140"
                         TAGREFS="LT118">
                  <Shape>
                     <Polygon POINTS="717 2572 714 2516 1090 2500 1093 2500 1202 2516 1261 2500 1264 2500 1267 2500 1814 2522 1817 2578 1814 2594 1569 2606 1454 2640 1451 2640 1447 2640 1444 2640 1398 2625 1373 2640 1370 2640 1367 2640 1364 2640 1360 2640 1357 2640 1323 2612 1311 2603 1255 2612 1252 2612 1249 2612 1245 2612 1245 2609 1227 2594 1056 2594 1003 2625 984 2637 981 2637 978 2637 975 2637 711 2634"/>
                  </Shape>
                  <String CONTENT="seulle poire desoubs larbre."
                          HPOS="711"
                          VPOS="2500"
                          WIDTH="1106"
                          HEIGHT="140"/>
               </TextLine>
            </TextBlock>
            <TextBlock HPOS="273"
                       VPOS="2100"
                       WIDTH="308"
                       HEIGHT="133"
                       ID="eSc_textblock_a76f5196"
                       TAGREFS="BT369">
               <Shape>
                  <Polygon POINTS="531 2149 581 2221 273 2233 298 2100"/>
               </Shape>
               <TextLine ID="eSc_line_d0aa5ce1"
                         BASELINE="267 2218 556 2224"
                         HPOS="261"
                         VPOS="2115"
                         WIDTH="295"
                         HEIGHT="143"
                         TAGREFS="LT118">
                  <Shape>
                     <Polygon POINTS="267 2218 264 2131 360 2115 363 2115 410 2124 478 2137 549 2118 556 2224 549 2258 261 2233"/>
                  </Shape>
                  <String CONTENT="ᗅnnelin"
                          HPOS="261"
                          VPOS="2115"
                          WIDTH="295"
                          HEIGHT="143"/>
               </TextLine>
            </TextBlock>
            <TextBlock HPOS="1267"
                       VPOS="3442"
                       WIDTH="121"
                       HEIGHT="121"
                       ID="eSc_textblock_d9e04b6f"
                       TAGREFS="BT370">
               <Shape>
                  <Polygon POINTS="1376 3454 1388 3526 1267 3563 1267 3442"/>
               </Shape>
               <TextLine ID="eSc_line_cfdd3f54"
                         BASELINE="1284 3539 1346 3535"
                         HPOS="1273"
                         VPOS="3429"
                         WIDTH="72"
                         HEIGHT="121"
                         TAGREFS="LT118">
                  <Shape>
                     <Polygon POINTS="1283 3538 1273 3429 1336 3429 1345 3532 1345 3544 1283 3550"/>
                  </Shape>
                  <String CONTENT="2" HPOS="1273" VPOS="3429" WIDTH="72" HEIGHT="121"/>
               </TextLine>
            </TextBlock>
            <TextBlock HPOS="2237"
                       VPOS="3442"
                       WIDTH="84"
                       HEIGHT="71"
                       ID="eSc_textblock_1b20a360"
                       TAGREFS="BT371">
               <Shape>
                  <Polygon POINTS="2308 3442 2321 3501 2237 3513 2249 3442"/>
               </Shape>
               <TextLine ID="eSc_line_44846767"
                         BASELINE="2250 3501 2303 3493"
                         HPOS="2240"
                         VPOS="3435"
                         WIDTH="62"
                         HEIGHT="81"
                         TAGREFS="LT118">
                  <Shape>
                     <Polygon POINTS="2249 3498 2240 3442 2293 3435 2302 3491 2302 3504 2249 3516"/>
                  </Shape>
                  <String CONTENT="1" HPOS="2240" VPOS="3435" WIDTH="62" HEIGHT="81"/>
               </TextLine>
            </TextBlock>
         </PrintSpace>
      </Page>
   </Layout>
</alto>
