<alto xmlns:xsi="http://www.w3.org/2001/XMLSchema-instance"
      xmlns="http://www.loc.gov/standards/alto/ns-v4#"
      xsi:schemaLocation="http://www.loc.gov/standards/alto/ns-v4# http://www.loc.gov/standards/alto/v4/alto-4-2.xsd">
   <Description>
      <MeasurementUnit>pixel</MeasurementUnit>
      <sourceImageInformation>
         <fileName>B_168_15-9-2_0010.jpg</fileName>
      </sourceImageInformation>
   </Description>
   <Tags>
      <OtherTag ID="BT365"
                LABEL="MainZone:column"
                DESCRIPTION="block type MainZone:column"/>
      <OtherTag ID="BT367" LABEL="MainZone" DESCRIPTION="block type MainZone"/>
      <OtherTag ID="BT368"
                LABEL="MarginTextZone"
                DESCRIPTION="block type MarginTextZone"/>
      <OtherTag ID="BT369"
                LABEL="MarginTextZone:note"
                DESCRIPTION="block type MarginTextZone:note"/>
      <OtherTag ID="BT370"
                LABEL="NumberingZone:other"
                DESCRIPTION="block type NumberingZone:other"/>
      <OtherTag ID="BT371"
                LABEL="NumberingZone:page"
                DESCRIPTION="block type NumberingZone:page"/>
      <OtherTag ID="BT379"
                LABEL="DecorationZone"
                DESCRIPTION="block type DecorationZone"/>
      <OtherTag ID="BT380"
                LABEL="CustomZone:signature"
                DESCRIPTION="block type CustomZone:signature"/>
      <OtherTag ID="LT118" LABEL="DefaultLine" DESCRIPTION="line type DefaultLine"/>
      <OtherTag ID="LT119" LABEL="HeadingLine" DESCRIPTION="line type HeadingLine"/>
      <OtherTag ID="LT120"
                LABEL="InterlinearLine"
                DESCRIPTION="line type InterlinearLine"/>
   </Tags>
   <Layout>
      <Page WIDTH="2754"
            HEIGHT="3743"
            PHYSICAL_IMG_NR="31"
            ID="eSc_dummypage_">
         <PrintSpace HPOS="0" VPOS="0" WIDTH="2754" HEIGHT="3743">
            <TextBlock HPOS="686"
                       VPOS="199"
                       WIDTH="1793"
                       HEIGHT="958"
                       ID="eSc_textblock_b2ed360d"
                       TAGREFS="BT367">
               <Shape>
                  <Polygon POINTS="2479 573 2479 670 2379 723 2341 810 2366 1019 1929 1157 799 1132 749 970 761 611 736 424 686 371 699 249 1470 199 2329 237 2391 274 2441 324 2416 533"/>
               </Shape>
               <TextLine ID="eSc_line_7095a914"
                         BASELINE="743 318 902 299 1542 290 2323 305"
                         HPOS="736"
                         VPOS="202"
                         WIDTH="1587"
                         HEIGHT="137"
                         TAGREFS="LT118">
                  <Shape>
                     <Polygon POINTS="743 318 736 233 902 202 905 202 1055 230 1205 202 1208 202 1211 202 1214 202 1214 205 1236 224 1270 205 1273 205 1277 205 1280 205 1283 205 1283 208 1311 233 1314 233 1405 205 1408 205 1411 205 1664 233 1761 233 1789 208 1792 208 1795 208 1798 208 2060 227 2113 205 2117 205 2120 205 2123 205 2195 233 2195 237 2319 237 2323 305 2313 330 2248 311 2017 311 1976 333 1967 339 1964 339 1960 339 1957 339 1954 339 1951 339 1945 333 1917 311 1817 327 1814 327 1629 311 1586 333 1583 333 1579 333 1576 333 1523 311 1420 311 1292 336 1280 336 1280 339 1202 339 1199 336 1195 336 1192 336 1174 318 1130 336 1127 336 1124 336 1120 336 1117 336 1114 336 1064 308 1027 336 1024 336 1021 336 1017 336 1008 336 861 315 740 336"/>
                  </Shape>
                  <String CONTENT="Dit quen apres ladite Agatte passant par"
                          HPOS="736"
                          VPOS="202"
                          WIDTH="1587"
                          HEIGHT="137"/>
               </TextLine>
               <TextLine ID="eSc_line_bb02f8de"
                         BASELINE="755 386 1448 374 2298 383"
                         HPOS="749"
                         VPOS="296"
                         WIDTH="1549"
                         HEIGHT="112"
                         TAGREFS="LT118">
                  <Shape>
                     <Polygon POINTS="755 386 749 330 846 311 849 311 1002 324 1005 324 1039 296 1042 296 1046 296 1049 296 1052 296 1111 324 1114 324 1167 296 1170 296 1174 296 1177 296 1180 296 1211 321 1217 324 1242 321 1408 296 1411 296 1508 302 1511 302 1514 302 1514 305 1526 318 1533 321 1536 315 1558 299 1558 296 1561 296 1564 296 1567 296 1570 296 1573 296 1592 311 1608 296 1611 296 1614 296 1617 296 1761 311 1764 311 1770 311 1885 296 1889 296 1892 296 1895 296 1895 299 1907 311 1923 324 1976 308 2004 302 2007 302 2010 302 2013 302 2032 308 2082 327 2129 327 2154 305 2166 296 2170 296 2173 296 2176 296 2295 305 2298 383 2295 408 1542 393 1473 408 1470 408 1467 408 1352 393 1061 408 1058 408 902 393 755 408"/>
                  </Shape>
                  <String CONTENT="devant le moulin ou dep la fille de"
                          HPOS="749"
                          VPOS="296"
                          WIDTH="1549"
                          HEIGHT="112"/>
               </TextLine>
               <TextLine ID="eSc_line_71c7ecf3"
                         BASELINE="771 474 1929 467 2245 486"
                         HPOS="768"
                         VPOS="393"
                         WIDTH="1477"
                         HEIGHT="118"
                         TAGREFS="LT118">
                  <Shape>
                     <Polygon POINTS="771 474 768 396 992 411 1042 399 1061 393 1064 393 1067 393 1071 393 1074 393 1083 399 1105 411 1158 399 1192 393 1195 393 1199 393 1214 399 1239 414 1358 414 1380 402 1392 396 1395 396 1636 393 1639 393 1642 393 1645 393 1661 405 1673 414 1870 414 1876 408 1895 393 1898 393 1901 393 1904 393 1992 393 1995 393 2035 411 2042 414 2241 414 2245 486 2238 508 2067 489 1982 508 1973 508 1970 508 1967 508 1964 508 1876 480 1745 483 1707 505 1701 508 1698 508 1695 508 1692 508 1683 505 1623 480 1583 495 1579 495 1576 495 1573 495 1530 480 1486 502 1483 502 1480 502 1476 502 1439 480 1401 502 1392 508 1389 508 1386 508 1386 511 1233 511 1230 508 1227 508 1211 502 1170 480 958 480 924 499 908 508 905 508 902 508 899 508 768 495"/>
                  </Shape>
                  <String CONTENT="deposante questoyt eagee de 3 ans que"
                          HPOS="768"
                          VPOS="393"
                          WIDTH="1477"
                          HEIGHT="118"/>
               </TextLine>
               <TextLine ID="eSc_line_02b5ebdb"
                         BASELINE="765 555 2360 564"
                         HPOS="758"
                         VPOS="483"
                         WIDTH="1602"
                         HEIGHT="115"
                         TAGREFS="LT118">
                  <Shape>
                     <Polygon POINTS="765 555 765 505 967 505 974 505 1039 483 1042 483 1046 483 1049 483 1052 483 1052 486 1077 505 1164 486 1167 486 1373 508 1392 508 1395 508 1414 489 1414 486 1417 486 1420 486 1423 486 1526 505 1608 486 1611 486 1614 486 1829 486 1832 486 1910 511 1917 511 1920 511 1951 489 1954 489 1957 489 1960 489 1964 489 1967 489 1992 511 2045 489 2048 489 2051 489 2360 514 2360 564 2354 598 2216 577 1895 592 1892 592 1795 573 1742 592 1739 592 1736 592 1732 592 1729 592 1695 573 1558 573 1508 589 1492 595 1489 595 1486 595 1451 589 1370 573 1352 589 1342 595 1339 595 1336 595 1333 595 1267 586 1186 577 1161 586 1142 592 1139 592 1136 592 1133 592 1130 592 1120 586 1105 573 1039 586 989 592 986 592 758 580"/>
                  </Shape>
                  <String CONTENT="mangeoit du pain Que estoit et lui"
                          HPOS="758"
                          VPOS="483"
                          WIDTH="1602"
                          HEIGHT="115"/>
               </TextLine>
               <TextLine ID="eSc_line_48eb6ca7"
                         BASELINE="786 658 2051 645 2466 661"
                         HPOS="777"
                         VPOS="567"
                         WIDTH="1689"
                         HEIGHT="131"
                         TAGREFS="LT118">
                  <Shape>
                     <Polygon POINTS="786 658 777 605 858 573 861 573 864 573 1114 573 1220 598 1311 573 1314 573 1317 573 1320 573 1355 592 1373 573 1373 570 1377 570 1380 570 1383 570 1386 570 1470 595 1498 570 1501 570 1505 570 1508 570 1511 570 1586 595 1664 580 1667 580 1670 580 1707 595 1742 570 1745 570 1748 570 1751 570 1754 570 1817 586 1970 567 1973 567 1976 567 2042 592 2160 570 2163 570 2166 570 2170 570 2207 595 2463 595 2466 661 2463 692 2285 692 2282 689 2279 689 2276 689 2254 673 2238 686 2235 686 2232 686 2229 686 2226 686 2166 667 2151 679 2151 683 2148 683 2145 683 2142 683 2138 683 2092 667 2020 686 2013 686 2010 686 2007 686 2004 686 2001 686 1970 661 1892 683 1870 689 1867 689 1864 689 1860 689 1842 683 1801 667 1732 679 1673 692 1670 692 1667 692 1664 692 1648 679 1626 664 1380 664 1289 664 1277 673 1261 689 1258 689 1255 689 1252 689 1248 689 1211 673 1199 670 1189 673 1133 695 1130 695 1127 695 1124 695 1055 673 1024 695 1021 695 1017 695 1017 698 914 698 911 695 908 695 905 695 877 670 874 670 858 683 855 683 852 683 849 683 783 667"/>
                  </Shape>
                  <String CONTENT="ayant dit quelle mangeoit bien a la certe"
                          HPOS="777"
                          VPOS="567"
                          WIDTH="1689"
                          HEIGHT="131"/>
               </TextLine>
               <TextLine ID="eSc_line_6f44dbf2"
                         BASELINE="786 745 1707 736 2348 748"
                         HPOS="783"
                         VPOS="658"
                         WIDTH="1568"
                         HEIGHT="118"
                         TAGREFS="LT118">
                  <Shape>
                     <Polygon POINTS="786 745 783 661 1511 676 1551 667 1601 658 1604 658 1608 658 1611 658 1623 670 1633 676 1823 676 1829 673 1842 661 1845 661 1848 661 1979 658 1982 658 1985 658 1989 658 2010 673 2088 658 2092 658 2095 658 2098 658 2126 676 2132 679 2344 679 2348 748 2351 748 2313 773 2310 773 2307 773 2304 773 2067 754 2029 751 1960 754 1789 767 1786 767 1726 761 1667 751 1654 761 1645 770 1642 770 1639 770 1636 770 1595 761 1545 751 1530 764 1520 770 1520 773 1517 773 1514 773 1514 776 1445 776 1442 773 1439 773 1423 767 1398 751 1314 767 1295 770 1292 770 1289 770 1283 767 1227 751 1049 767 1046 767 1042 767 1039 767 1017 751 983 773 980 773 977 773 786 776"/>
                  </Shape>
                  <String CONTENT="sadite fille devint fort malade et debille"
                          HPOS="783"
                          VPOS="658"
                          WIDTH="1568"
                          HEIGHT="118"/>
               </TextLine>
               <TextLine ID="eSc_line_606ff0fe"
                         BASELINE="786 826 1361 820 2323 835"
                         HPOS="780"
                         VPOS="742"
                         WIDTH="1543"
                         HEIGHT="137"
                         TAGREFS="LT118">
                  <Shape>
                     <Polygon POINTS="786 826 780 767 902 742 905 742 1008 764 1021 767 1027 764 1064 745 1067 745 1071 745 1170 745 1174 745 1177 745 1208 764 1211 767 1211 764 1242 745 1245 745 1248 745 1252 745 1255 745 1333 764 1336 764 1339 764 1436 748 1439 748 1442 748 1445 748 1445 751 1461 764 1467 770 1495 764 1573 748 1576 748 1579 748 1617 764 1636 773 1658 764 1686 751 1689 751 1692 751 1920 751 1923 751 1960 764 2007 776 2316 764 2323 835 2319 842 2188 851 2166 873 2166 876 2163 876 2160 876 2160 879 1982 879 1979 876 1976 876 1973 876 1923 845 1876 842 1829 842 1823 842 1761 873 1757 873 1754 873 1598 851 1489 870 1486 870 1483 870 1426 842 1414 835 1008 835 992 842 958 867 955 867 952 867 949 867 946 867 942 867 911 842 896 832 783 842"/>
                  </Shape>
                  <String CONTENT="et mourut deans huict jours en apres."
                          HPOS="780"
                          VPOS="742"
                          WIDTH="1543"
                          HEIGHT="137"/>
               </TextLine>
               <TextLine ID="eSc_line_aab82f88"
                         BASELINE="761 926 1042 917 2310 938"
                         HPOS="752"
                         VPOS="832"
                         WIDTH="1558"
                         HEIGHT="141"
                         TAGREFS="LT118">
                  <Shape>
                     <Polygon POINTS="761 926 752 857 808 832 811 832 814 832 818 832 905 860 908 860 911 860 949 835 952 835 955 835 958 835 1120 857 1233 839 1236 839 1239 839 1242 839 1242 842 1267 867 1314 848 1317 848 1320 848 1323 848 1405 870 1526 870 1530 870 1551 854 1554 854 1558 854 1561 854 1736 873 1764 851 1764 848 1767 848 1770 848 1773 848 1876 848 1879 848 1882 848 1882 851 1914 876 2007 851 2010 851 2013 851 2017 851 2101 879 2207 864 2210 864 2310 885 2310 938 2307 951 2207 970 2204 970 2110 954 2076 970 2073 970 2070 970 1920 951 1879 948 1873 951 1854 966 1854 970 1851 970 1848 970 1848 973 1686 973 1683 970 1679 970 1642 954 1358 963 1355 963 1352 963 1323 951 1295 941 1217 951 1195 954 1192 954 1170 951 1049 935 936 951 896 957 893 957 889 957 877 951 836 935 758 951"/>
                  </Shape>
                  <String CONTENT="Et tient et deposante telle Inimitie"
                          HPOS="752"
                          VPOS="832"
                          WIDTH="1558"
                          HEIGHT="141"/>
               </TextLine>
               <TextLine ID="eSc_line_034d1746"
                         BASELINE="783 1001 1442 1019 2332 1013"
                         HPOS="780"
                         VPOS="932"
                         WIDTH="1552"
                         HEIGHT="137"
                         TAGREFS="LT118">
                  <Shape>
                     <Polygon POINTS="783 1001 780 957 924 932 927 932 1177 957 1205 957 1224 957 1345 938 1348 938 1352 938 1355 938 1377 957 1383 957 1439 957 1764 941 1767 941 1770 941 1820 957 1832 960 1839 957 1854 941 1854 938 1857 938 1860 938 1864 938 1995 938 1998 938 2001 938 2023 957 2032 960 2323 957 2332 1013 2329 1044 2132 1044 2129 1044 2079 1069 2076 1069 2073 1069 1807 1066 1804 1066 1767 1048 1764 1048 1720 1066 1717 1066 1714 1066 1373 1051 1311 1051 1302 1054 1264 1066 1261 1066 1258 1066 1255 1066 1252 1066 1236 1054 1220 1044 1136 1054 1130 1054 1127 1054 1124 1054 1089 1038 846 1038 783 1057"/>
                  </Shape>
                  <String CONTENT="provenir a raison de ce que elle deposante"
                          HPOS="780"
                          VPOS="932"
                          WIDTH="1552"
                          HEIGHT="137"/>
               </TextLine>
               <TextLine ID="eSc_line_2bf28652"
                         BASELINE="796 1085 1970 1119"
                         HPOS="786"
                         VPOS="1016"
                         WIDTH="1184"
                         HEIGHT="175"
                         TAGREFS="LT118">
                  <Shape>
                     <Polygon POINTS="796 1085 789 1035 855 1016 858 1016 861 1016 864 1016 902 1038 908 1041 1080 1041 1099 1026 1099 1023 1102 1023 1105 1023 1108 1023 1111 1023 1114 1023 1139 1044 1142 1044 1174 1029 1177 1029 1180 1029 1183 1029 1186 1029 1211 1044 1217 1044 1348 1035 1352 1035 1604 1054 1639 1038 1642 1038 1645 1038 1970 1066 1970 1119 1970 1163 1914 1179 1910 1179 1907 1179 1701 1160 1658 1191 1654 1191 1651 1191 1648 1191 1542 1188 1539 1188 1536 1188 1480 1150 1389 1150 1386 1150 1352 1172 1348 1172 1345 1172 1342 1172 1339 1172 1277 1154 1227 1179 1224 1179 1220 1179 1217 1179 1111 1147 1086 1169 1086 1172 1083 1172 1080 1172 1077 1172 902 1154 852 1166 849 1166 846 1166 843 1166 786 1135"/>
                  </Shape>
                  <String CONTENT="lui avoit refuse ledit laict"
                          HPOS="786"
                          VPOS="1016"
                          WIDTH="1184"
                          HEIGHT="175"/>
               </TextLine>
            </TextBlock>
            <TextBlock HPOS="2382"
                       VPOS="3568"
                       WIDTH="72"
                       HEIGHT="59"
                       ID="eSc_textblock_d6225eaa"
                       TAGREFS="BT371">
               <Shape>
                  <Polygon POINTS="2441 3568 2454 3602 2382 3627 2382 3568"/>
               </Shape>
               <TextLine ID="eSc_line_97ae7f97"
                         BASELINE="2394 3618 2441 3611"
                         HPOS="2382"
                         VPOS="3537"
                         WIDTH="59"
                         HEIGHT="112"
                         TAGREFS="LT118">
                  <Shape>
                     <Polygon POINTS="2394 3618 2382 3537 2429 3546 2441 3611 2441 3640 2394 3649"/>
                  </Shape>
                  <String CONTENT="10"
                          HPOS="2382"
                          VPOS="3537"
                          WIDTH="59"
                          HEIGHT="112"/>
               </TextLine>
            </TextBlock>
         </PrintSpace>
      </Page>
   </Layout>
</alto>
