<alto xmlns:xsi="http://www.w3.org/2001/XMLSchema-instance"
      xmlns="http://www.loc.gov/standards/alto/ns-v4#"
      xsi:schemaLocation="http://www.loc.gov/standards/alto/ns-v4# http://www.loc.gov/standards/alto/v4/alto-4-2.xsd">
   <Description>
      <MeasurementUnit>pixel</MeasurementUnit>
      <sourceImageInformation>
         <fileName>B_168_15-23-4_0002.jpg</fileName>
      </sourceImageInformation>
   </Description>
   <Tags>
      <OtherTag ID="BT365"
                LABEL="MainZone:column"
                DESCRIPTION="block type MainZone:column"/>
      <OtherTag ID="BT367" LABEL="MainZone" DESCRIPTION="block type MainZone"/>
      <OtherTag ID="BT368"
                LABEL="MarginTextZone"
                DESCRIPTION="block type MarginTextZone"/>
      <OtherTag ID="BT369"
                LABEL="MarginTextZone:note"
                DESCRIPTION="block type MarginTextZone:note"/>
      <OtherTag ID="BT370"
                LABEL="NumberingZone:other"
                DESCRIPTION="block type NumberingZone:other"/>
      <OtherTag ID="BT371"
                LABEL="NumberingZone:page"
                DESCRIPTION="block type NumberingZone:page"/>
      <OtherTag ID="BT379"
                LABEL="DecorationZone"
                DESCRIPTION="block type DecorationZone"/>
      <OtherTag ID="BT380"
                LABEL="CustomZone:signature"
                DESCRIPTION="block type CustomZone:signature"/>
      <OtherTag ID="LT118" LABEL="DefaultLine" DESCRIPTION="line type DefaultLine"/>
      <OtherTag ID="LT119" LABEL="HeadingLine" DESCRIPTION="line type HeadingLine"/>
      <OtherTag ID="LT120"
                LABEL="InterlinearLine"
                DESCRIPTION="line type InterlinearLine"/>
   </Tags>
   <Layout>
      <Page WIDTH="2642"
            HEIGHT="3818"
            PHYSICAL_IMG_NR="51"
            ID="eSc_dummypage_">
         <PrintSpace HPOS="0" VPOS="0" WIDTH="2642" HEIGHT="3818">
            <TextBlock HPOS="114"
                       VPOS="279"
                       WIDTH="507"
                       HEIGHT="570"
                       ID="eSc_textblock_a8dd2c89"
                       TAGREFS="BT368">
               <Shape>
                  <Polygon POINTS="152 849 114 607 140 279 621 304 621 802"/>
               </Shape>
               <TextLine ID="eSc_line_560b612c"
                         BASELINE="140 343 407 334"
                         HPOS="133"
                         VPOS="248"
                         WIDTH="274"
                         HEIGHT="114"
                         TAGREFS="LT118">
                  <Shape>
                     <Polygon POINTS="140 343 133 248 232 251 235 251 238 251 296 279 397 260 407 334 407 343 140 362"/>
                  </Shape>
                  <String CONTENT="A depuis"
                          HPOS="133"
                          VPOS="248"
                          WIDTH="274"
                          HEIGHT="114"/>
               </TextLine>
               <TextLine ID="eSc_line_b98a7c8d"
                         BASELINE="140 404 547 381"
                         HPOS="133"
                         VPOS="321"
                         WIDTH="414"
                         HEIGHT="108"
                         TAGREFS="LT118">
                  <Shape>
                     <Polygon POINTS="140 404 133 334 241 343 537 321 547 381 544 400 391 400 369 413 359 419 356 419 353 419 350 419 305 416 197 410 143 429"/>
                  </Shape>
                  <String CONTENT="deculpe ledit"
                          HPOS="133"
                          VPOS="321"
                          WIDTH="414"
                          HEIGHT="108"/>
               </TextLine>
               <TextLine ID="eSc_line_58b253bf"
                         BASELINE="140 477 620 445"
                         HPOS="124"
                         VPOS="375"
                         WIDTH="496"
                         HEIGHT="124"
                         TAGREFS="LT118">
                  <Shape>
                     <Polygon POINTS="140 477 124 423 162 400 165 400 168 400 171 400 235 413 264 416 611 375 620 445 620 474 140 499"/>
                  </Shape>
                  <String CONTENT="Caspar et dit"
                          HPOS="124"
                          VPOS="375"
                          WIDTH="496"
                          HEIGHT="124"/>
               </TextLine>
               <TextLine ID="eSc_line_737776d0"
                         BASELINE="136 540 646 515"
                         HPOS="130"
                         VPOS="454"
                         WIDTH="516"
                         HEIGHT="121"
                         TAGREFS="LT118">
                  <Shape>
                     <Polygon POINTS="136 540 130 474 245 486 381 470 499 454 502 454 639 467 646 515 642 524 499 547 496 547 464 544 410 537 401 550 397 550 397 553 394 553 391 553 388 553 385 553 378 553 334 540 276 563 261 569 257 569 136 575"/>
                  </Shape>
                  <String CONTENT="lui faire tord"
                          HPOS="130"
                          VPOS="454"
                          WIDTH="516"
                          HEIGHT="121"/>
               </TextLine>
               <TextLine ID="eSc_line_8db48f74"
                         BASELINE="155 604 636 575"
                         HPOS="146"
                         VPOS="521"
                         WIDTH="490"
                         HEIGHT="99"
                         TAGREFS="LT118">
                  <Shape>
                     <Polygon POINTS="155 604 146 556 362 521 366 521 630 521 636 575 633 594 155 620"/>
                  </Shape>
                  <String CONTENT="a raison de ce"
                          HPOS="146"
                          VPOS="521"
                          WIDTH="490"
                          HEIGHT="99"/>
               </TextLine>
               <TextLine ID="eSc_line_e3395809"
                         BASELINE="152 664 716 629"
                         HPOS="143"
                         VPOS="563"
                         WIDTH="573"
                         HEIGHT="130"
                         TAGREFS="LT118">
                  <Shape>
                     <Polygon POINTS="152 664 143 614 337 604 346 594 359 582 362 582 366 582 369 582 372 582 375 582 375 585 381 591 391 598 496 594 509 579 515 575 515 572 518 572 522 572 525 572 528 572 541 575 569 588 706 563 716 629 716 649 152 693"/>
                  </Shape>
                  <String CONTENT="que ledit Caspar lavoit"
                          HPOS="143"
                          VPOS="563"
                          WIDTH="573"
                          HEIGHT="130"/>
               </TextLine>
               <TextLine ID="eSc_line_79f3eecd"
                         BASELINE="152 719 684 699"
                         HPOS="146"
                         VPOS="649"
                         WIDTH="538"
                         HEIGHT="95"
                         TAGREFS="LT118">
                  <Shape>
                     <Polygon POINTS="152 719 146 674 270 652 273 652 276 652 315 664 324 652 327 652 327 649 331 649 334 649 337 649 678 655 684 699 684 719 152 744"/>
                  </Shape>
                  <String CONTENT="accuse de lavoir"
                          HPOS="146"
                          VPOS="649"
                          WIDTH="538"
                          HEIGHT="95"/>
               </TextLine>
               <TextLine ID="eSc_line_f72de347"
                         BASELINE="152 776 579 766"
                         HPOS="140"
                         VPOS="709"
                         WIDTH="439"
                         HEIGHT="102"
                         TAGREFS="LT118">
                  <Shape>
                     <Polygon POINTS="152 776 140 734 178 709 181 709 184 709 187 709 190 709 194 709 219 725 569 709 579 766 576 789 410 811 407 811 404 811 401 811 372 789 366 785 334 789 248 804 245 804 149 789"/>
                  </Shape>
                  <String CONTENT="treuve en son"
                          HPOS="140"
                          VPOS="709"
                          WIDTH="439"
                          HEIGHT="102"/>
               </TextLine>
               <TextLine ID="eSc_line_e71dbc03"
                         BASELINE="159 827 436 821"
                         HPOS="149"
                         VPOS="763"
                         WIDTH="283"
                         HEIGHT="89"
                         TAGREFS="LT118">
                  <Shape>
                     <Polygon POINTS="155 824 149 779 423 763 432 820 432 849 155 852"/>
                  </Shape>
                  <String CONTENT="curtil."
                          HPOS="149"
                          VPOS="763"
                          WIDTH="283"
                          HEIGHT="89"/>
               </TextLine>
            </TextBlock>
            <TextBlock HPOS="692"
                       VPOS="50"
                       WIDTH="1835"
                       HEIGHT="3332"
                       ID="eSc_textblock_e225eaf9"
                       TAGREFS="BT367">
               <Shape>
                  <Polygon POINTS="2438 454 2285 544 2412 559 2451 610 2501 890 2501 1129 2438 1336 2489 1651 2425 1921 2438 2134 2527 2265 2527 2376 2451 2494 2489 2656 2094 2723 2288 2876 2476 2927 2489 3013 2387 3118 2425 3258 2387 3382 700 3382 700 2876 951 2850 1005 2761 1120 2723 776 2694 709 2631 693 2628 693 2107 713 2096 692 1930 693 1930 693 1436 700 1409 713 852 693 832 693 219 713 190 1028 190 1104 165 1145 76 1486 50 1865 63 1970 178 2387 190 2451 279"/>
               </Shape>
               <TextLine ID="eSc_line_103ce89b"
                         BASELINE="1139 162 1445 146 1881 152"
                         HPOS="1133"
                         VPOS="12"
                         WIDTH="748"
                         HEIGHT="188"
                         TAGREFS="LT118">
                  <Shape>
                     <Polygon POINTS="1139 162 1133 31 1874 12 1881 152 1874 174 1690 159 1667 178 1648 194 1648 197 1645 197 1642 197 1566 200 1562 200 1438 187 1435 187 1432 187 1432 184 1422 178 1406 162 1139 178"/>
                  </Shape>
                  <String CONTENT="Le 19 dudit mois"
                          HPOS="1133"
                          VPOS="12"
                          WIDTH="748"
                          HEIGHT="188"/>
               </TextLine>
               <TextLine ID="eSc_line_090f2ebf"
                         BASELINE="674 283 2380 248"
                         HPOS="665"
                         VPOS="165"
                         WIDTH="1719"
                         HEIGHT="153"
                         TAGREFS="LT118">
                  <Shape>
                     <Polygon POINTS="674 283 665 194 837 187 840 187 843 187 853 190 907 216 983 190 989 190 993 190 996 190 999 190 1002 190 1056 213 1114 194 1117 194 1120 194 1254 209 1321 190 1368 178 1371 178 1375 178 1486 190 1591 203 1613 190 1639 171 1642 171 1645 171 1648 171 1652 171 1725 190 1728 190 1731 190 1773 168 1776 168 1779 168 1782 168 1785 168 1817 190 1833 200 1903 200 1919 190 1973 165 1976 165 1979 165 1983 165 2034 190 2043 194 2164 194 2170 190 2209 168 2212 168 2215 168 2374 190 2380 248 2384 264 2352 283 2349 283 2345 283 2342 283 2081 273 1973 270 1960 276 1944 289 1941 289 1938 289 1935 289 1932 289 1903 279 1884 273 1855 279 1814 292 1811 292 1808 292 1804 292 1773 283 1747 276 1658 286 1607 292 1604 292 1566 289 1451 279 1413 295 1394 302 1391 302 1387 302 1324 299 1174 286 1133 305 1123 308 1120 308 980 311 977 311 964 308 884 292 833 314 830 314 827 314 824 314 821 314 818 314 770 295 674 318"/>
                  </Shape>
                  <String CONTENT="Ladite Alix estant interrogué dit que sont deux"
                          HPOS="665"
                          VPOS="165"
                          WIDTH="1719"
                          HEIGHT="153"/>
               </TextLine>
               <TextLine ID="eSc_line_f9458a47"
                         BASELINE="732 353 2438 334"
                         HPOS="725"
                         VPOS="260"
                         WIDTH="1713"
                         HEIGHT="121"
                         TAGREFS="LT118">
                  <Shape>
                     <Polygon POINTS="732 353 725 289 1244 273 1247 273 1250 273 1279 286 1295 289 1321 286 1394 270 1397 270 1537 283 1575 286 1582 283 1604 267 1607 267 1610 267 1613 267 1801 283 1830 283 1846 283 1951 264 1954 264 2119 279 2123 279 2142 264 2142 260 2145 260 2148 260 2151 260 2154 260 2186 276 2358 260 2361 260 2365 260 2435 279 2438 334 2438 359 2275 362 2272 362 2269 362 2266 362 2234 346 2100 346 2081 362 2075 369 2072 369 2069 369 2065 369 2027 362 1954 349 1900 362 1871 372 1868 372 1865 372 1862 372 1830 365 1782 353 1540 353 1527 365 1518 375 1515 375 1511 375 1508 375 1461 365 1403 356 1305 356 1292 369 1282 375 1282 378 1279 378 1276 378 1273 378 1168 369 1107 362 1050 369 948 381 945 381 942 381 910 369 888 362 732 369"/>
                  </Shape>
                  <String CONTENT="ans Que Caspar vallat la vint solliciter daller"
                          HPOS="725"
                          VPOS="260"
                          WIDTH="1713"
                          HEIGHT="121"/>
               </TextLine>
               <TextLine ID="eSc_line_8eab8f1f"
                         BASELINE="713 442 1308 419 2396 413"
                         HPOS="709"
                         VPOS="334"
                         WIDTH="1691"
                         HEIGHT="149"
                         TAGREFS="LT118">
                  <Shape>
                     <Polygon POINTS="713 442 709 375 932 375 945 372 996 349 999 349 1002 349 1120 349 1123 349 1161 369 1168 372 1190 369 1298 349 1301 349 1387 365 1400 369 1403 365 1435 343 1438 343 1441 343 1445 343 1569 362 1677 340 1680 340 1846 340 1849 340 1909 362 1935 340 1935 337 1938 337 1941 337 1944 337 2107 359 2110 359 2212 334 2215 334 2218 334 2221 334 2266 359 2390 359 2396 413 2400 429 2330 461 2326 461 2326 464 2231 464 2228 461 2225 461 2177 435 2174 435 2170 435 2110 464 2107 464 2107 467 2034 467 2030 464 2027 464 2024 464 2024 461 2002 442 1995 435 1973 442 1919 461 1916 461 1913 461 1909 461 1906 461 1887 445 1878 435 1702 435 1658 451 1613 470 1610 470 1607 470 1604 470 1601 470 1578 454 1556 439 1438 458 1435 458 1356 442 1305 464 1289 470 1285 470 1282 470 1279 470 1263 464 1203 442 989 442 916 477 904 480 900 480 900 483 713 483"/>
                  </Shape>
                  <String CONTENT="par ensemble entre nuit et jour derrier chastillion"
                          HPOS="709"
                          VPOS="334"
                          WIDTH="1691"
                          HEIGHT="149"/>
               </TextLine>
               <TextLine ID="eSc_line_6ac1dab2"
                         BASELINE="725 521 2008 489"
                         HPOS="716"
                         VPOS="423"
                         WIDTH="1295"
                         HEIGHT="149"
                         TAGREFS="LT118">
                  <Shape>
                     <Polygon POINTS="725 521 722 467 881 467 897 461 974 442 977 442 980 442 983 442 986 442 1009 458 1063 442 1066 442 1069 442 1187 454 1215 458 1231 454 1295 435 1298 435 1301 435 1432 451 1454 451 1457 448 1486 429 1489 429 1492 429 1496 429 1680 445 1702 445 1709 445 1757 423 1760 423 1763 423 2002 439 2008 489 2011 502 1976 528 1973 528 1970 528 1967 528 1855 509 1811 544 1808 544 1804 544 1747 550 1601 553 1597 553 1594 553 1518 521 1457 537 1454 537 1451 537 1448 537 1445 537 1445 534 1429 518 1426 518 1330 518 1327 521 1289 553 1285 553 1282 553 1279 553 1276 553 1180 528 1174 524 1171 528 1149 544 1149 547 1145 547 1142 547 1139 547 1136 547 1133 547 1110 528 1107 528 967 528 961 534 910 569 907 569 904 569 846 572 843 572 840 572 837 572 798 540 754 556 751 556 748 556 744 556 741 556 716 540"/>
                  </Shape>
                  <String CONTENT="ou estant ne treuvarent personne"
                          HPOS="716"
                          VPOS="423"
                          WIDTH="1295"
                          HEIGHT="149"/>
               </TextLine>
               <TextLine ID="eSc_line_3bae7b67"
                         BASELINE="725 699 1394 671 2425 674"
                         HPOS="719"
                         VPOS="582"
                         WIDTH="1706"
                         HEIGHT="137"
                         TAGREFS="LT118">
                  <Shape>
                     <Polygon POINTS="725 699 719 629 1069 623 1324 588 1327 588 1416 607 1499 588 1502 588 1505 588 1508 588 1511 588 1550 617 1613 617 1661 585 1664 585 1667 585 1671 585 1858 585 1862 585 1865 585 1865 588 1890 610 1922 594 1925 594 1928 594 2008 610 2075 582 2078 582 2081 582 2186 601 2323 585 2326 585 2330 585 2333 585 2361 610 2422 610 2425 674 2422 693 2256 706 2253 706 2250 706 2231 696 2202 684 2186 699 2174 709 2170 709 2167 709 2167 712 2100 712 2097 709 2094 709 2091 709 2081 699 2065 690 2049 699 2040 709 2037 709 2034 709 2034 712 1938 712 1935 709 1932 709 1909 703 1868 690 1833 703 1811 712 1808 712 1804 712 1801 712 1798 712 1798 709 1792 703 1776 687 1741 706 1731 709 1728 709 1725 709 1693 706 1585 690 1454 709 1406 715 1403 715 1400 715 1397 715 1391 709 1356 690 1085 690 725 719"/>
                  </Shape>
                  <String CONTENT="Dit navoir treuver son maitre charbon sinon deux"
                          HPOS="719"
                          VPOS="582"
                          WIDTH="1706"
                          HEIGHT="137"/>
               </TextLine>
               <TextLine ID="eSc_line_0f4b4622"
                         BASELINE="728 769 1152 754 2428 763"
                         HPOS="722"
                         VPOS="677"
                         WIDTH="1706"
                         HEIGHT="105"
                         TAGREFS="LT118">
                  <Shape>
                     <Polygon POINTS="728 769 722 696 980 677 983 677 986 677 1056 696 1063 696 1072 696 1215 677 1219 677 1222 677 1279 696 1282 696 1352 677 1356 677 1359 677 1362 677 1406 696 1413 699 1422 696 1489 680 1492 680 1496 680 2104 699 2135 699 2142 699 2247 680 2250 680 2253 680 2256 680 2285 699 2288 703 2425 703 2428 763 2422 782 722 776"/>
                  </Shape>
                  <String CONTENT="fois lune des fois sont 10 ans passes derrier"
                          HPOS="722"
                          VPOS="677"
                          WIDTH="1706"
                          HEIGHT="105"/>
               </TextLine>
               <TextLine ID="eSc_line_40ff99c0"
                         BASELINE="725 859 1107 839 2451 843"
                         HPOS="716"
                         VPOS="757"
                         WIDTH="1735"
                         HEIGHT="130"
                         TAGREFS="LT118">
                  <Shape>
                     <Polygon POINTS="725 859 716 792 779 769 783 769 786 769 913 782 999 757 1002 757 1005 757 1235 757 1238 757 1333 782 1387 757 1391 757 1394 757 1496 757 1499 757 1559 785 1690 757 1693 757 1858 789 2279 789 2323 757 2326 757 2330 757 2333 757 2336 757 2451 789 2451 843 2447 855 2349 874 2345 874 2342 874 2307 862 2247 884 2244 884 2240 884 2135 868 2069 884 2065 884 2062 884 2059 884 2018 865 2002 859 1591 859 1562 874 1540 884 1537 884 1534 884 1470 874 1365 859 1346 878 1340 881 1340 884 1336 884 1333 884 1333 887 1276 887 1273 884 1270 884 1266 884 1260 878 1225 859 1136 859 1044 881 1040 881 1037 881 1034 881 1005 865 983 884 980 884 977 884 725 887"/>
                  </Shape>
                  <String CONTENT="ches elle et lors quelle se donna a lui et quelle"
                          HPOS="716"
                          VPOS="757"
                          WIDTH="1735"
                          HEIGHT="130"/>
               </TextLine>
               <TextLine ID="eSc_line_eea65b83"
                         BASELINE="738 944 1088 925 1976 925 2482 948"
                         HPOS="735"
                         VPOS="849"
                         WIDTH="1747"
                         HEIGHT="121"
                         TAGREFS="LT118">
                  <Shape>
                     <Polygon POINTS="738 944 735 871 1066 871 1075 868 1117 849 1120 849 1123 849 1126 849 1165 868 1174 874 1289 874 1301 868 1346 849 1349 849 1352 849 1540 865 1620 871 1658 865 1722 852 1725 852 2005 852 2008 852 2027 862 2049 874 2078 862 2104 852 2107 852 2110 852 2177 852 2180 852 2183 852 2193 862 2212 874 2476 862 2482 948 2476 964 1960 944 1913 964 1906 967 1903 967 1903 970 1757 970 1753 967 1750 967 1741 964 1667 941 1515 941 1461 964 1457 964 1454 964 1451 964 1448 964 1445 964 1356 941 1250 964 1241 964 1238 964 1228 964 1149 948 1075 964 1063 964 1059 964 1056 964 1053 964 1009 941 735 960"/>
                  </Shape>
                  <String CONTENT="Renuncea dieu, Cresme et baptesme et leur heust"
                          HPOS="735"
                          VPOS="849"
                          WIDTH="1747"
                          HEIGHT="121"/>
               </TextLine>
               <TextLine ID="eSc_line_a41940a8"
                         BASELINE="738 1024 1922 1008 2428 1027"
                         HPOS="728"
                         VPOS="935"
                         WIDTH="1700"
                         HEIGHT="124"
                         TAGREFS="LT118">
                  <Shape>
                     <Polygon POINTS="738 1024 728 973 808 941 811 941 814 941 818 941 868 967 894 944 894 941 897 941 900 941 904 941 907 941 974 964 1024 951 1028 951 1031 951 1161 967 1190 944 1190 941 1193 941 1196 941 1200 941 1203 941 1270 964 1311 938 1314 938 1317 938 1321 938 1566 954 1582 941 1582 938 1585 938 1588 938 1591 938 1734 938 1846 964 2062 935 2065 935 2142 938 2145 938 2148 938 2148 941 2170 964 2425 964 2428 1027 2425 1043 2164 1049 2161 1049 2158 1049 2148 1046 2091 1027 2024 1043 2021 1043 2018 1043 2014 1043 1970 1027 1913 1049 1909 1049 1906 1049 1903 1049 1900 1049 1897 1049 1897 1046 1871 1027 1406 1027 1362 1053 1359 1053 1356 1053 1352 1053 1136 1030 1050 1053 1047 1053 1044 1053 1040 1053 1037 1053 1002 1030 964 1056 961 1056 958 1056 954 1056 821 1037 741 1059"/>
                  </Shape>
                  <String CONTENT="sa compagnie Et quatre ans apres lors quil"
                          HPOS="728"
                          VPOS="935"
                          WIDTH="1700"
                          HEIGHT="124"/>
               </TextLine>
               <TextLine ID="eSc_line_12e472c1"
                         BASELINE="700 1113 1741 1094 2489 1104"
                         HPOS="687"
                         VPOS="1018"
                         WIDTH="1802"
                         HEIGHT="127"
                         TAGREFS="LT118">
                  <Shape>
                     <Polygon POINTS="700 1113 687 1053 719 1027 722 1027 725 1027 728 1027 884 1027 888 1027 926 1046 1104 1024 1107 1024 1110 1024 1193 1046 1505 1046 1613 1021 1617 1021 1909 1040 2040 1018 2043 1018 2116 1018 2119 1018 2123 1018 2145 1037 2377 1037 2396 1018 2400 1018 2403 1018 2406 1018 2486 1037 2489 1104 2486 1132 2301 1116 2275 1135 2272 1135 2269 1135 2269 1139 2161 1139 2158 1135 2154 1135 2091 1110 2062 1129 2059 1129 2056 1129 2053 1129 1932 1110 1865 1139 1862 1139 1858 1139 1858 1142 1642 1142 1639 1139 1636 1139 1534 1113 1505 1135 1505 1139 1502 1139 1499 1139 1496 1139 1492 1139 1445 1123 1413 1142 1410 1142 1406 1142 1403 1142 1400 1142 1397 1142 1336 1116 1241 1142 1238 1142 1235 1142 1231 1142 1228 1142 1228 1139 1200 1116 1110 1116 967 1132 964 1132 789 1119 703 1145"/>
                  </Shape>
                  <String CONTENT="Lalla treuver quelle alloit aux au bois es combe"
                          HPOS="687"
                          VPOS="1018"
                          WIDTH="1802"
                          HEIGHT="127"/>
               </TextLine>
               <TextLine ID="eSc_line_eedfdf05"
                         BASELINE="735 1196 2425 1186"
                         HPOS="732"
                         VPOS="1107"
                         WIDTH="1693"
                         HEIGHT="133"
                         TAGREFS="LT118">
                  <Shape>
                     <Polygon POINTS="735 1196 732 1135 865 1135 865 1132 884 1116 884 1113 888 1113 891 1113 894 1113 1480 1129 1531 1110 1534 1110 1537 1110 1839 1129 1852 1129 1903 1107 1906 1107 1909 1107 2419 1129 2425 1186 2422 1221 2326 1205 2304 1224 2295 1231 2295 1234 2291 1234 2288 1234 2288 1237 2100 1237 2097 1234 2030 1224 1897 1205 1849 1224 1823 1237 1820 1237 1817 1237 1814 1237 1785 1228 1763 1218 1753 1228 1744 1237 1741 1237 1737 1237 1737 1240 1578 1240 1575 1237 1572 1237 1550 1228 1502 1209 1352 1209 1317 1228 1301 1240 1298 1240 1295 1240 1292 1240 1184 1237 1180 1237 1177 1237 1171 1231 1145 1212 983 1228 980 1228 843 1212 735 1231"/>
                  </Shape>
                  <String CONTENT="combes de vaulx genai Et que pour lors Il estoit"
                          HPOS="732"
                          VPOS="1107"
                          WIDTH="1693"
                          HEIGHT="133"/>
               </TextLine>
               <TextLine ID="eSc_line_f47786d6"
                         BASELINE="697 1263 2393 1285"
                         HPOS="690"
                         VPOS="1205"
                         WIDTH="1703"
                         HEIGHT="128"
                         TAGREFS="LT118">
                  <Shape>
                     <Polygon POINTS="697 1263 697 1205 2393 1224 2393 1285 2390 1304 2314 1320 2310 1320 2183 1304 2164 1304 2158 1304 2126 1329 2123 1329 2119 1329 2119 1333 2030 1333 2027 1329 2024 1329 2021 1329 1995 1307 1922 1329 1919 1329 1916 1329 1913 1329 1909 1329 1884 1304 1871 1298 1731 1298 1722 1304 1699 1323 1699 1326 1696 1326 1693 1326 1690 1326 1559 1304 1489 1294 1422 1304 1387 1310 1384 1310 1311 1304 1171 1294 1145 1304 1120 1317 1117 1317 1114 1317 1028 1304 881 1285 856 1304 846 1314 843 1314 840 1314 837 1314 690 1304"/>
                  </Shape>
                  <String CONTENT="vestus de gris Et heust sa compagnie et"
                          HPOS="690"
                          VPOS="1205"
                          WIDTH="1703"
                          HEIGHT="128"/>
               </TextLine>
               <TextLine ID="eSc_line_f74c5a4d"
                         BASELINE="728 1361 1995 1368"
                         HPOS="722"
                         VPOS="1285"
                         WIDTH="1273"
                         HEIGHT="143"
                         TAGREFS="LT118">
                  <Shape>
                     <Polygon POINTS="728 1361 728 1298 821 1310 837 1298 846 1288 846 1285 849 1285 853 1285 856 1285 859 1285 862 1285 862 1288 872 1298 878 1304 894 1298 923 1285 926 1285 929 1285 932 1285 961 1298 993 1314 1126 1314 1142 1298 1152 1291 1152 1288 1155 1288 1158 1288 1161 1288 1231 1298 1260 1301 1279 1298 1336 1285 1340 1285 1343 1285 1346 1285 1346 1288 1359 1298 1371 1307 1451 1298 1537 1288 1540 1288 1543 1288 1569 1298 1604 1314 1989 1301 1995 1368 1989 1387 1909 1384 1900 1390 1855 1425 1852 1425 1849 1425 1846 1425 1741 1406 1709 1425 1706 1425 1702 1425 1702 1428 1566 1428 1562 1425 1559 1425 1556 1425 1521 1396 1505 1384 1432 1399 1311 1422 1308 1422 1305 1422 1263 1399 1222 1380 888 1380 840 1409 821 1422 818 1422 814 1422 811 1422 722 1409"/>
                  </Shape>
                  <String CONTENT="lui donna derechieff du poulsat"
                          HPOS="722"
                          VPOS="1285"
                          WIDTH="1273"
                          HEIGHT="143"/>
               </TextLine>
               <TextLine ID="eSc_line_46d2852f"
                         BASELINE="697 1504 821 1492 1219 1492 2463 1514"
                         HPOS="690"
                         VPOS="1399"
                         WIDTH="1773"
                         HEIGHT="156"
                         TAGREFS="LT118">
                  <Shape>
                     <Polygon POINTS="697 1504 693 1399 878 1425 958 1406 977 1403 980 1403 1024 1409 1209 1434 1441 1434 1499 1422 1534 1412 1537 1412 1540 1412 1543 1412 1588 1425 1639 1438 1655 1425 1661 1419 1664 1419 1667 1419 1671 1419 1674 1419 1709 1428 1741 1434 1769 1428 1833 1415 1836 1415 1909 1434 1948 1444 2463 1450 2463 1514 2463 1527 2361 1555 2358 1555 2355 1555 2352 1555 2256 1527 2250 1527 2244 1527 2069 1552 2065 1552 2062 1552 2059 1552 2059 1549 2034 1527 2030 1524 1992 1527 1836 1536 1833 1536 1830 1536 1792 1524 1776 1520 1763 1524 1709 1539 1706 1539 1702 1539 1632 1524 1604 1517 1591 1524 1559 1539 1556 1539 1553 1539 1550 1539 1508 1524 1496 1517 1486 1524 1454 1539 1451 1539 1448 1539 1445 1539 1397 1524 1257 1539 1254 1539 1250 1539 1215 1520 1206 1514 1200 1520 1184 1533 1184 1536 1180 1536 1177 1536 1174 1536 1098 1520 1050 1511 1021 1520 986 1533 983 1533 980 1533 884 1520 802 1508 779 1520 757 1530 754 1530 751 1530 690 1517"/>
                  </Shape>
                  <String CONTENT="Dit nestre este que deux fois derrier chastillion"
                          HPOS="690"
                          VPOS="1399"
                          WIDTH="1773"
                          HEIGHT="156"/>
               </TextLine>
               <TextLine ID="eSc_line_29287440"
                         BASELINE="732 1578 1814 1587 2473 1613"
                         HPOS="725"
                         VPOS="1504"
                         WIDTH="1748"
                         HEIGHT="140"
                         TAGREFS="LT118">
                  <Shape>
                     <Polygon POINTS="732 1578 728 1520 1104 1508 1107 1508 1110 1508 1168 1527 1171 1527 1177 1527 1238 1504 1241 1504 1244 1504 1247 1504 1250 1504 1282 1527 1282 1530 1308 1530 1343 1530 1359 1514 1359 1511 1362 1511 1365 1511 1518 1508 1521 1508 1712 1514 1715 1514 1753 1536 1757 1536 1760 1536 1852 1514 1855 1514 1983 1517 1986 1517 1989 1517 2014 1539 2018 1543 2167 1543 2170 1543 2234 1520 2237 1520 2240 1520 2470 1549 2473 1613 2463 1635 2419 1619 2349 1632 2285 1644 2282 1644 2279 1644 2275 1644 2260 1632 2240 1619 2177 1619 2126 1629 2081 1635 2078 1635 2075 1635 2046 1625 1986 1606 1906 1622 1839 1635 1836 1635 1833 1635 1782 1619 1715 1600 1591 1613 1588 1613 1585 1613 1527 1597 1505 1613 1492 1625 1489 1625 1486 1625 1387 1629 1384 1629 1381 1629 1327 1609 1282 1594 1244 1606 1235 1609 1231 1609 1228 1609 1225 1609 1212 1606 1152 1590 1044 1590 1034 1603 1015 1619 1015 1622 1012 1622 1009 1622 1009 1625 967 1625 964 1622 725 1594"/>
                  </Shape>
                  <String CONTENT="ou estoient la vefve Guenin verne et Adelheit"
                          HPOS="725"
                          VPOS="1504"
                          WIDTH="1748"
                          HEIGHT="140"/>
               </TextLine>
               <TextLine ID="eSc_line_c31b1ea7"
                         BASELINE="732 1686 1429 1664"
                         HPOS="725"
                         VPOS="1587"
                         WIDTH="704"
                         HEIGHT="147"
                         TAGREFS="LT118">
                  <Shape>
                     <Polygon POINTS="732 1686 725 1625 805 1625 811 1622 830 1606 830 1603 833 1603 837 1603 840 1603 970 1619 1012 1622 1031 1616 1120 1587 1123 1587 1126 1587 1422 1609 1429 1664 1426 1676 1305 1695 1301 1695 1298 1695 1279 1689 1228 1676 1149 1699 1145 1699 1142 1699 1056 1683 1034 1711 1031 1711 1031 1714 1028 1714 1024 1714 961 1727 732 1734"/>
                  </Shape>
                  <String CONTENT="quest prisonniere"
                          HPOS="725"
                          VPOS="1587"
                          WIDTH="704"
                          HEIGHT="147"/>
               </TextLine>
               <TextLine ID="eSc_line_cdd03ea6"
                         BASELINE="674 1791 741 1778 1235 1765 2425 1778"
                         HPOS="668"
                         VPOS="1679"
                         WIDTH="1757"
                         HEIGHT="137"
                         TAGREFS="LT118">
                  <Shape>
                     <Polygon POINTS="674 1791 668 1708 948 1708 951 1702 980 1679 983 1679 986 1679 989 1679 993 1679 1059 1702 1069 1705 1082 1702 1142 1679 1145 1679 1149 1679 1152 1679 1215 1699 1244 1708 1305 1699 1406 1683 1410 1683 1413 1683 1470 1695 1515 1708 1540 1695 1566 1683 1569 1683 1572 1683 1575 1683 1607 1695 1632 1705 1658 1695 1693 1679 1696 1679 1699 1679 1763 1692 1788 1699 1862 1692 1963 1683 1967 1683 1970 1683 1999 1689 2046 1705 2091 1689 2110 1683 2113 1683 2116 1683 2119 1683 2145 1689 2199 1702 2228 1689 2240 1683 2244 1683 2247 1683 2371 1683 2374 1683 2377 1683 2377 1686 2380 1686 2390 1699 2415 1686 2425 1778 2422 1781 2151 1800 2148 1800 2145 1800 2119 1788 2110 1784 1893 1784 1871 1791 1849 1800 1846 1800 1843 1800 1782 1794 1693 1781 1674 1794 1648 1813 1645 1813 1642 1813 1642 1816 1524 1816 1521 1813 1518 1813 1515 1813 1492 1797 1476 1788 1454 1797 1422 1813 1419 1813 1416 1813 1352 1800 1311 1791 1298 1800 1289 1810 1289 1813 1285 1813 1282 1813 1282 1816 1104 1816 1101 1813 1098 1813 1082 1804 1037 1781 942 1807 939 1807 935 1807 932 1807 926 1807 843 1791 814 1804 811 1804 808 1804 805 1804 802 1804 770 1784 674 1810"/>
                  </Shape>
                  <String CONTENT="Lune des fois y alloyent a pied et laultre des fois"
                          HPOS="668"
                          VPOS="1679"
                          WIDTH="1757"
                          HEIGHT="137"/>
               </TextLine>
               <TextLine ID="eSc_line_1b51a73f"
                         BASELINE="735 1858 1314 1861"
                         HPOS="728"
                         VPOS="1784"
                         WIDTH="586"
                         HEIGHT="118"
                         TAGREFS="LT118">
                  <Shape>
                     <Polygon POINTS="735 1858 738 1784 818 1807 872 1788 875 1788 878 1788 881 1788 891 1788 980 1807 1066 1794 1098 1791 1101 1791 1311 1804 1314 1861 1308 1902 728 1899"/>
                  </Shape>
                  <String CONTENT="sur ung baston"
                          HPOS="728"
                          VPOS="1784"
                          WIDTH="586"
                          HEIGHT="118"/>
               </TextLine>
               <TextLine ID="eSc_line_cc4cc477"
                         BASELINE="725 1963 1219 1956 2396 1982"
                         HPOS="719"
                         VPOS="1874"
                         WIDTH="1677"
                         HEIGHT="136"
                         TAGREFS="LT118">
                  <Shape>
                     <Polygon POINTS="725 1963 719 1896 1044 1874 1047 1874 1050 1874 1130 1899 1165 1883 1168 1883 1171 1883 1174 1883 1247 1902 1270 1883 1270 1880 1273 1880 1276 1880 1279 1880 1282 1880 1362 1902 1445 1886 1448 1886 1451 1886 1531 1905 1534 1905 1817 1886 1820 1886 1823 1886 1893 1912 1897 1912 1900 1912 2008 1889 2011 1889 2148 1915 2151 1918 2396 1921 2396 1982 2393 1988 2253 2010 2250 2010 2247 2010 2244 2010 2215 1991 2107 2007 2104 2007 2100 2007 2097 2007 2078 1988 2075 1985 1976 1985 1960 1988 1916 2004 1913 2004 1909 2004 1709 1988 1582 1978 1518 1988 1454 1998 1451 1998 1448 1998 1445 1998 1435 1988 1426 1978 1394 1988 1371 1994 1368 1994 1365 1994 1362 1994 1359 1994 1352 1988 1340 1975 1314 1988 1298 1994 1295 1994 1292 1994 1257 1988 1206 1975 1161 1988 1145 1991 1142 1991 1139 1991 1107 1988 993 1969 923 1988 916 1988 913 1988 910 1988 719 1985"/>
                  </Shape>
                  <String CONTENT="Ouquel lieu Il y avoit du feug Et y en avoit"
                          HPOS="719"
                          VPOS="1874"
                          WIDTH="1677"
                          HEIGHT="136"/>
               </TextLine>
               <TextLine ID="eSc_line_2811b1ae"
                         BASELINE="754 2036 1878 2045"
                         HPOS="748"
                         VPOS="1966"
                         WIDTH="1130"
                         HEIGHT="130"
                         TAGREFS="LT118">
                  <Shape>
                     <Polygon POINTS="754 2036 754 1969 1260 1985 1276 1978 1301 1966 1305 1966 1308 1966 1476 1966 1553 1985 1578 1988 1607 1985 1715 1969 1718 1969 1874 1991 1878 2045 1871 2083 1766 2071 1744 2083 1725 2096 1722 2096 1718 2096 1715 2096 1515 2093 1511 2093 1508 2093 1496 2083 1470 2068 1263 2068 1247 2083 1235 2093 1235 2096 1231 2096 1228 2096 1225 2096 1222 2096 1177 2083 1155 2077 1145 2083 1130 2093 1126 2093 1123 2093 1120 2093 748 2080"/>
                  </Shape>
                  <String CONTENT="plusieurs quavoyent des chaperons."
                          HPOS="748"
                          VPOS="1966"
                          WIDTH="1130"
                          HEIGHT="130"/>
               </TextLine>
               <TextLine ID="eSc_line_d1508777"
                         BASELINE="706 2185 1015 2169 2387 2173"
                         HPOS="697"
                         VPOS="2080"
                         WIDTH="1690"
                         HEIGHT="137"
                         TAGREFS="LT118">
                  <Shape>
                     <Polygon POINTS="706 2185 697 2115 751 2090 754 2090 757 2090 760 2090 763 2090 795 2109 868 2093 872 2093 875 2093 913 2109 913 2112 1235 2112 1250 2103 1298 2083 1301 2083 1305 2083 1308 2083 1365 2103 1384 2106 1441 2099 1550 2087 1553 2087 1556 2087 1559 2087 1572 2096 1594 2112 1715 2112 1782 2093 1827 2080 1830 2080 1833 2080 2180 2080 2202 2083 2320 2106 2377 2080 2387 2173 2380 2195 2151 2188 2132 2198 2110 2214 2107 2214 2104 2214 2104 2217 1995 2217 1992 2214 1989 2214 1986 2214 1986 2211 1970 2198 1960 2192 1871 2201 1728 2214 1725 2214 1722 2214 1718 2214 1702 2201 1680 2188 1629 2188 1594 2201 1566 2214 1562 2214 1559 2214 1476 2204 1371 2188 1311 2204 1289 2211 1285 2211 1282 2211 1279 2211 1254 2204 1209 2195 1149 2204 1101 2214 1098 2214 1094 2214 1091 2214 1082 2208 1047 2188 980 2188 932 2208 916 2214 913 2214 910 2214 907 2214 894 2208 853 2188 706 2208"/>
                  </Shape>
                  <String CONTENT="Dit que au mesme lieu dudit Sabath derrier"
                          HPOS="697"
                          VPOS="2080"
                          WIDTH="1690"
                          HEIGHT="137"/>
               </TextLine>
               <TextLine ID="eSc_line_03efa9f3"
                         BASELINE="748 2258 1282 2249 2489 2265"
                         HPOS="744"
                         VPOS="2173"
                         WIDTH="1745"
                         HEIGHT="130"
                         TAGREFS="LT118">
                  <Shape>
                     <Polygon POINTS="748 2258 744 2185 929 2195 945 2185 964 2173 967 2173 970 2173 974 2173 1069 2173 1072 2173 1101 2188 1117 2195 1161 2188 1266 2173 1270 2173 1410 2192 1464 2198 1483 2192 1534 2176 1537 2176 1540 2176 1629 2195 1652 2198 1661 2195 1696 2179 1699 2179 1702 2179 1706 2179 1709 2179 1731 2195 1744 2204 1878 2204 1887 2198 1919 2182 1922 2182 1925 2182 2062 2198 2088 2201 2107 2198 2215 2182 2218 2182 2221 2182 2279 2201 2291 2204 2310 2201 2428 2182 2431 2182 2435 2182 2489 2204 2489 2265 2482 2287 2218 2274 2199 2290 2193 2293 2193 2297 2189 2297 2186 2297 2183 2297 2180 2297 2177 2297 2177 2293 2170 2290 2154 2274 2049 2287 2046 2287 2043 2287 2040 2287 2021 2271 1957 2290 1919 2300 1916 2300 1916 2303 1702 2303 1699 2300 1562 2290 1273 2268 1247 2290 1247 2293 1244 2293 1241 2293 1241 2297 1130 2297 1126 2293 1123 2293 1120 2293 1117 2290 1088 2271 1075 2281 1075 2284 1072 2284 1069 2284 1066 2284 1063 2284 986 2265 945 2281 942 2281 939 2281 935 2281 894 2262 849 2290 846 2290 843 2290 843 2293 744 2293"/>
                  </Shape>
                  <String CONTENT="chastillion estoyent la vefve Pierrat girardat"
                          HPOS="744"
                          VPOS="2173"
                          WIDTH="1745"
                          HEIGHT="130"/>
               </TextLine>
               <TextLine ID="eSc_line_e3255420"
                         BASELINE="744 2332 2514 2348"
                         HPOS="735"
                         VPOS="2252"
                         WIDTH="1779"
                         HEIGHT="146"
                         TAGREFS="LT118">
                  <Shape>
                     <Polygon POINTS="744 2332 751 2252 798 2281 875 2262 878 2262 881 2262 1005 2281 1056 2258 1063 2255 1066 2255 1069 2255 1072 2255 1075 2255 1079 2258 1114 2287 1174 2287 1200 2262 1200 2258 1203 2258 1206 2258 1209 2258 1212 2258 1219 2262 1250 2281 1273 2262 1276 2258 1279 2258 1282 2258 1285 2258 1457 2258 1537 2262 1540 2262 1543 2262 1550 2268 1585 2290 1900 2290 1916 2274 1925 2268 1925 2265 1928 2265 1932 2265 1935 2265 1938 2265 1973 2274 2018 2290 2034 2278 2046 2265 2049 2265 2053 2265 2056 2265 2139 2265 2142 2265 2170 2278 2202 2293 2272 2281 2349 2268 2352 2268 2355 2268 2384 2284 2403 2293 2511 2287 2514 2348 2511 2357 2339 2398 2336 2398 2237 2395 2234 2395 2154 2360 2148 2357 2119 2360 2037 2367 2011 2392 2011 2395 2008 2395 2005 2395 2002 2395 1747 2392 1744 2392 1674 2360 1661 2354 1610 2354 1601 2360 1566 2389 1562 2389 1559 2389 1556 2389 1553 2389 1464 2360 1432 2351 1340 2360 1270 2367 1266 2367 1263 2367 1247 2360 1231 2351 1222 2360 1215 2367 1212 2367 1209 2367 1206 2367 1114 2360 951 2348 891 2360 789 2383 786 2383 783 2383 735 2360"/>
                  </Shape>
                  <String CONTENT="et la femme Nicolas quain questoyent accopagnees"
                          HPOS="735"
                          VPOS="2252"
                          WIDTH="1779"
                          HEIGHT="146"/>
               </TextLine>
               <TextLine ID="eSc_line_f057eac6"
                         BASELINE="735 2430 1441 2411"
                         HPOS="728"
                         VPOS="2328"
                         WIDTH="713"
                         HEIGHT="134"
                         TAGREFS="LT118">
                  <Shape>
                     <Polygon POINTS="735 2430 728 2341 837 2357 878 2338 881 2338 884 2338 888 2338 1079 2351 1432 2328 1441 2411 1441 2443 1285 2449 1282 2449 1279 2449 1270 2446 1206 2430 1165 2449 1161 2449 1158 2449 1155 2449 1152 2449 1110 2437 1098 2449 1098 2453 1094 2453 1094 2456 1091 2456 1088 2456 1085 2456 1059 2453 999 2437 942 2453 923 2459 919 2459 919 2462 814 2462 811 2459 808 2459 805 2459 805 2456 802 2456 789 2443 738 2456"/>
                  </Shape>
                  <String CONTENT="de chacun leur maitre"
                          HPOS="728"
                          VPOS="2328"
                          WIDTH="713"
                          HEIGHT="134"/>
               </TextLine>
               <TextLine ID="eSc_line_ef2521d3"
                         BASELINE="725 2551 1285 2535 2374 2548"
                         HPOS="719"
                         VPOS="2456"
                         WIDTH="1655"
                         HEIGHT="130"
                         TAGREFS="LT118">
                  <Shape>
                     <Polygon POINTS="725 2551 722 2465 1059 2478 1088 2462 1091 2459 1094 2459 1098 2459 1101 2459 1123 2462 1180 2475 1212 2462 1228 2456 1231 2456 1235 2456 1238 2456 1254 2462 1298 2478 1384 2462 1387 2462 1391 2462 1394 2462 1397 2462 1397 2465 1400 2465 1413 2484 1505 2484 1537 2462 1537 2459 1540 2459 1543 2459 1547 2459 1550 2459 1559 2459 1632 2481 1652 2462 1655 2462 1658 2462 1683 2459 1979 2456 1983 2456 1986 2456 1989 2456 1989 2459 1992 2459 2014 2484 2113 2484 2368 2459 2374 2548 2374 2554 2330 2570 2326 2570 2323 2570 2228 2558 2205 2554 2193 2558 2126 2583 2123 2583 2119 2583 2116 2583 2053 2558 2037 2554 1973 2561 1808 2577 1804 2577 1737 2564 1715 2558 1709 2564 1683 2583 1683 2586 1680 2586 1677 2586 1674 2586 1671 2586 1623 2564 1607 2558 1569 2564 1467 2586 1464 2586 1461 2586 1403 2567 1400 2567 1397 2567 1336 2583 1333 2583 1330 2583 1327 2583 1298 2567 1263 2551 1200 2551 1171 2570 1155 2583 1152 2583 1149 2583 1145 2583 970 2580 967 2580 964 2580 964 2577 958 2573 948 2561 929 2573 910 2583 907 2583 904 2583 719 2573"/>
                  </Shape>
                  <String CONTENT="Et que audit lieu estoyent aussi la vouille la"
                          HPOS="719"
                          VPOS="2456"
                          WIDTH="1655"
                          HEIGHT="130"/>
               </TextLine>
               <TextLine ID="eSc_line_5f09f7a9"
                         BASELINE="744 2640 1174 2628 2473 2631"
                         HPOS="741"
                         VPOS="2545"
                         WIDTH="1732"
                         HEIGHT="146"
                         TAGREFS="LT118">
                  <Shape>
                     <Polygon POINTS="744 2640 741 2561 904 2573 926 2561 932 2554 935 2554 939 2554 942 2554 945 2554 974 2561 1021 2573 1050 2561 1075 2551 1079 2551 1082 2551 1085 2551 1088 2551 1101 2564 1117 2577 1193 2577 1235 2564 1311 2545 1314 2545 1317 2545 1321 2545 1324 2545 1324 2548 1343 2564 1352 2573 1375 2564 1397 2558 1400 2558 1403 2558 1406 2558 1410 2558 1419 2567 1429 2577 1597 2577 1607 2567 1620 2558 1623 2558 1626 2558 1629 2558 1632 2558 1671 2567 1690 2573 1696 2567 1728 2545 1731 2545 1734 2545 1737 2545 2014 2545 2018 2545 2021 2545 2046 2564 2158 2545 2161 2545 2164 2545 2256 2570 2352 2545 2355 2545 2358 2545 2361 2545 2473 2577 2473 2631 2466 2663 2368 2647 2317 2650 2298 2666 2269 2688 2266 2688 2263 2688 2263 2691 1725 2691 1722 2688 1718 2688 1667 2672 1610 2653 1556 2666 1553 2666 1550 2666 1547 2666 1543 2666 1527 2653 1505 2669 1502 2669 1499 2669 1496 2669 1492 2669 1489 2669 1489 2666 1467 2647 1012 2647 977 2663 974 2663 970 2663 875 2647 748 2678"/>
                  </Shape>
                  <String CONTENT="bonne femme de Boix et la Phillippe dudit lieu"
                          HPOS="741"
                          VPOS="2545"
                          WIDTH="1732"
                          HEIGHT="146"/>
               </TextLine>
               <TextLine ID="eSc_line_467e639b"
                         BASELINE="1136 2879 2209 2866"
                         HPOS="1126"
                         VPOS="2768"
                         WIDTH="1083"
                         HEIGHT="143"
                         TAGREFS="LT118">
                  <Shape>
                     <Polygon POINTS="1136 2879 1126 2815 1219 2771 1222 2771 1397 2768 1400 2768 1597 2777 1601 2777 1661 2803 1909 2803 1932 2780 1932 2777 1935 2777 1938 2777 1941 2777 2202 2803 2209 2866 2202 2892 1999 2882 1932 2898 1900 2904 1897 2904 1843 2901 1715 2885 1699 2898 1699 2901 1696 2901 1693 2901 1690 2901 1687 2901 1683 2901 1667 2888 1511 2904 1483 2908 1480 2908 1476 2908 1470 2908 1400 2888 1136 2911"/>
                  </Shape>
                  <String CONTENT="Le 21 dudit mois estant"
                          HPOS="1126"
                          VPOS="2768"
                          WIDTH="1083"
                          HEIGHT="143"/>
               </TextLine>
               <TextLine ID="eSc_line_209c97b7"
                         BASELINE="703 2968 1397 2965 2470 2997"
                         HPOS="697"
                         VPOS="2863"
                         WIDTH="1776"
                         HEIGHT="156"
                         TAGREFS="LT118">
                  <Shape>
                     <Polygon POINTS="703 2968 700 2863 827 2885 942 2869 980 2866 983 2866 986 2866 989 2866 989 2869 996 2873 1021 2895 1091 2876 1104 2873 1107 2873 1110 2873 1114 2873 1123 2876 1174 2901 1314 2901 1349 2885 1368 2876 1371 2876 1375 2876 1470 2876 1473 2876 1476 2876 1492 2888 1502 2895 1547 2892 1655 2879 1658 2879 1661 2879 1693 2895 1722 2911 2097 2914 2104 2911 2116 2898 2116 2895 2119 2895 2123 2895 2234 2892 2237 2892 2240 2892 2244 2892 2275 2917 2285 2917 2374 2898 2377 2898 2380 2898 2473 2923 2470 2997 2463 3019 697 2984"/>
                  </Shape>
                  <String CONTENT="derechieff simplement Intterroguee a dit tout"
                          HPOS="697"
                          VPOS="2863"
                          WIDTH="1776"
                          HEIGHT="156"/>
               </TextLine>
               <TextLine ID="eSc_line_908ee11b"
                         BASELINE="732 3044 2298 3067"
                         HPOS="719"
                         VPOS="2971"
                         WIDTH="1579"
                         HEIGHT="131"
                         TAGREFS="LT118">
                  <Shape>
                     <Polygon POINTS="732 3044 728 2990 843 2971 846 2971 977 2990 1015 2993 1044 2990 1120 2974 1123 2974 1126 2974 1165 2990 1187 2997 1257 2990 1352 2978 1356 2978 1422 2990 1489 3000 1642 2990 1722 2984 1725 2984 1753 2990 1823 3003 1852 2990 1855 2987 1858 2987 1862 2987 1865 2987 1868 2987 1868 2990 1887 3009 1941 3009 1960 2990 1960 2987 1963 2987 1967 2987 1970 2987 1973 2987 1979 2990 2018 3006 2291 2990 2298 3067 2295 3073 2075 3102 2072 3102 1868 3095 1865 3095 1862 3095 1862 3092 1843 3076 1820 3095 1817 3095 1814 3095 1811 3095 1808 3095 1763 3073 1706 3089 1702 3089 1699 3089 1696 3089 1639 3070 1543 3092 1540 3092 1537 3092 1476 3067 1378 3089 1375 3089 1371 3089 1317 3067 1228 3083 1225 3083 954 3057 948 3057 945 3057 878 3073 875 3073 872 3073 795 3057 770 3076 770 3079 767 3079 763 3079 760 3079 757 3079 754 3079 719 3054"/>
                  </Shape>
                  <String CONTENT="entierement mis duny les faictz par elle"
                          HPOS="719"
                          VPOS="2971"
                          WIDTH="1579"
                          HEIGHT="131"/>
               </TextLine>
               <TextLine ID="eSc_line_d2659763"
                         BASELINE="757 3127 1696 3153 2345 3143"
                         HPOS="751"
                         VPOS="3051"
                         WIDTH="1594"
                         HEIGHT="152"
                         TAGREFS="LT118">
                  <Shape>
                     <Polygon POINTS="757 3127 754 3073 929 3051 932 3051 935 3051 939 3051 967 3073 1222 3057 1225 3057 1470 3079 1473 3079 1524 3060 1527 3060 1531 3060 1839 3083 1881 3067 1884 3067 1887 3067 1890 3067 1893 3067 1913 3086 1916 3086 1932 3086 2272 3070 2275 3070 2279 3070 2342 3092 2345 3143 2339 3168 2148 3165 2126 3172 2021 3203 2018 3203 2014 3203 1792 3200 1788 3200 1737 3172 1725 3165 1706 3172 1652 3191 1648 3191 1645 3191 1556 3172 1511 3165 1448 3175 1298 3194 1295 3194 1292 3194 1289 3194 1266 3175 1247 3159 1219 3175 1203 3181 1200 3181 1196 3181 1193 3181 1190 3181 1180 3175 1133 3149 935 3149 856 3175 821 3188 818 3188 814 3188 751 3175"/>
                  </Shape>
                  <String CONTENT="cy devant escriptz et declaires quelle se"
                          HPOS="751"
                          VPOS="3051"
                          WIDTH="1594"
                          HEIGHT="152"/>
               </TextLine>
               <TextLine ID="eSc_line_8c62e39f"
                         BASELINE="744 3238 1559 3223"
                         HPOS="735"
                         VPOS="3143"
                         WIDTH="824"
                         HEIGHT="153"
                         TAGREFS="LT118">
                  <Shape>
                     <Polygon POINTS="744 3238 735 3175 897 3149 1161 3146 1165 3146 1168 3146 1200 3156 1222 3165 1238 3156 1257 3143 1260 3143 1263 3143 1266 3143 1270 3143 1273 3143 1285 3153 1295 3162 1550 3146 1559 3223 1559 3235 1470 3258 1467 3258 1292 3248 1247 3245 1238 3248 1152 3286 1149 3286 1063 3289 1059 3289 1056 3289 989 3258 983 3254 974 3258 900 3293 897 3293 897 3296 795 3296 792 3293 789 3293 738 3267"/>
                  </Shape>
                  <String CONTENT="faisoit grand tord."
                          HPOS="735"
                          VPOS="3143"
                          WIDTH="824"
                          HEIGHT="153"/>
               </TextLine>
               <TextLine ID="eSc_line_c52c47d6"
                         BASELINE="706 3347 2439 3346"
                         HPOS="700"
                         VPOS="3254"
                         WIDTH="1738"
                         HEIGHT="156"
                         TAGREFS="LT118">
                  <Shape>
                     <Polygon POINTS="703 3343 703 3264 1005 3283 1034 3267 1037 3264 1040 3264 1044 3264 1047 3264 1069 3267 1123 3277 1139 3267 1161 3258 1165 3258 1333 3254 1336 3254 1432 3270 1492 3283 1508 3273 1531 3254 1534 3254 1537 3254 1540 3254 1696 3270 1893 3254 1897 3254 1900 3254 1903 3254 1932 3277 1938 3286 2053 3286 2075 3280 2212 3254 2215 3254 2218 3254 2221 3254 2250 3280 2438 3286 2438 3343 2438 3363 2333 3382 2330 3382 2205 3366 2183 3385 2180 3385 2177 3385 2174 3385 2170 3385 2167 3385 2145 3369 2084 3407 2081 3407 2078 3407 2078 3410 1728 3410 1725 3407 1722 3407 1718 3407 1664 3366 1585 3382 1582 3382 1435 3366 1387 3407 1384 3407 1381 3407 1381 3410 1298 3410 1295 3407 1292 3407 1289 3407 1231 3366 1110 3366 1047 3372 1015 3404 1015 3407 1012 3407 1009 3407 1009 3410 843 3410 840 3407 837 3407 833 3407 795 3375 700 3363"/>
                  </Shape>
                  <String CONTENT="Surquoi veu lesdites preuves et informations levees."
                          HPOS="700"
                          VPOS="3254"
                          WIDTH="1738"
                          HEIGHT="156"/>
               </TextLine>
            </TextBlock>
            <TextBlock HPOS="152"
                       VPOS="1552"
                       WIDTH="417"
                       HEIGHT="175"
                       ID="eSc_textblock_45f68f23"
                       TAGREFS="BT368">
               <Shape>
                  <Polygon POINTS="480 1714 152 1727 152 1552 518 1552 569 1600"/>
               </Shape>
               <TextLine ID="eSc_line_766d37fe"
                         BASELINE="127 1632 528 1625"
                         HPOS="124"
                         VPOS="1533"
                         WIDTH="404"
                         HEIGHT="124"
                         TAGREFS="LT118">
                  <Shape>
                     <Polygon POINTS="127 1632 124 1536 197 1555 318 1555 331 1543 340 1533 343 1533 346 1533 350 1533 353 1533 381 1546 401 1552 518 1552 528 1625 528 1654 127 1657"/>
                  </Shape>
                  <String CONTENT="Les a depuis"
                          HPOS="124"
                          VPOS="1533"
                          WIDTH="404"
                          HEIGHT="124"/>
               </TextLine>
               <TextLine ID="eSc_line_b4a9588b"
                         BASELINE="136 1702 439 1692"
                         HPOS="130"
                         VPOS="1625"
                         WIDTH="309"
                         HEIGHT="115"
                         TAGREFS="LT118">
                  <Shape>
                     <Polygon POINTS="136 1702 130 1638 181 1629 184 1629 187 1629 210 1638 229 1648 254 1638 299 1625 302 1625 305 1625 432 1644 439 1692 439 1718 296 1740 292 1740 289 1740 264 1727 232 1714 136 1734"/>
                  </Shape>
                  <String CONTENT="deculpe."
                          HPOS="130"
                          VPOS="1625"
                          WIDTH="309"
                          HEIGHT="115"/>
               </TextLine>
            </TextBlock>
            <TextBlock HPOS="114"
                       VPOS="2328"
                       WIDTH="468"
                       HEIGHT="198"
                       ID="eSc_textblock_98c94ad5"
                       TAGREFS="BT368">
               <Shape>
                  <Polygon POINTS="506 2503 140 2503 114 2453 127 2328 582 2340 582 2470 510 2470 510 2526"/>
               </Shape>
               <TextLine ID="eSc_line_a6c9f0dd"
                         BASELINE="124 2418 560 2395"
                         HPOS="111"
                         VPOS="2303"
                         WIDTH="452"
                         HEIGHT="153"
                         TAGREFS="LT118">
                  <Shape>
                     <Polygon POINTS="124 2418 111 2313 194 2306 197 2306 200 2306 203 2306 213 2313 241 2332 315 2332 327 2316 340 2306 340 2303 343 2303 346 2303 350 2303 553 2322 560 2395 563 2408 496 2437 493 2437 490 2437 487 2437 448 2421 442 2418 439 2424 420 2437 420 2440 416 2440 413 2440 410 2440 359 2430 321 2424 305 2437 299 2443 296 2443 292 2443 289 2443 286 2443 273 2440 232 2430 127 2456"/>
                  </Shape>
                  <String CONTENT="les a depuis"
                          HPOS="111"
                          VPOS="2303"
                          WIDTH="452"
                          HEIGHT="153"/>
               </TextLine>
               <TextLine ID="eSc_line_de52db9d"
                         BASELINE="165 2478 464 2465"
                         HPOS="159.0"
                         VPOS="2398.0"
                         WIDTH="308.0"
                         HEIGHT="144.0"
                         TAGREFS="LT118">
                  <Shape>
                     <Polygon POINTS="165 2478 159 2427 455 2398 464 2465 467 2503 354 2542 346 2542 343 2542 162 2535"/>
                  </Shape>
                  <String CONTENT="deculpe."
                          HPOS="159.0"
                          VPOS="2398.0"
                          WIDTH="308.0"
                          HEIGHT="144.0"/>
               </TextLine>
            </TextBlock>
            <TextBlock HPOS="2352"
                       VPOS="3601"
                       WIDTH="60"
                       HEIGHT="86"
                       ID="eSc_textblock_664b61a7"
                       TAGREFS="BT371">
               <Shape>
                  <Polygon POINTS="2412 3614 2400 3687 2352 3687 2365 3601"/>
               </Shape>
               <TextLine ID="eSc_line_b5f91954"
                         BASELINE="2364 3675 2395 3677"
                         HPOS="2358"
                         VPOS="3601"
                         WIDTH="35"
                         HEIGHT="92"
                         TAGREFS="LT118">
                  <Shape>
                     <Polygon POINTS="2361 3674 2361 3601 2393 3601 2393 3674 2390 3693 2358 3687"/>
                  </Shape>
                  <String CONTENT="2" HPOS="2358" VPOS="3601" WIDTH="35" HEIGHT="92"/>
               </TextLine>
            </TextBlock>
         </PrintSpace>
      </Page>
   </Layout>
</alto>
