<alto xmlns:xsi="http://www.w3.org/2001/XMLSchema-instance"
      xmlns="http://www.loc.gov/standards/alto/ns-v4#"
      xsi:schemaLocation="http://www.loc.gov/standards/alto/ns-v4# http://www.loc.gov/standards/alto/v4/alto-4-2.xsd">
   <Description>
      <MeasurementUnit>pixel</MeasurementUnit>
      <sourceImageInformation>
         <fileName>B_168_15-2-4_0003.jpg</fileName>
      </sourceImageInformation>
   </Description>
   <Tags>
      <OtherTag ID="BT365"
                LABEL="MainZone:column"
                DESCRIPTION="block type MainZone:column"/>
      <OtherTag ID="BT367" LABEL="MainZone" DESCRIPTION="block type MainZone"/>
      <OtherTag ID="BT368"
                LABEL="MarginTextZone"
                DESCRIPTION="block type MarginTextZone"/>
      <OtherTag ID="BT369"
                LABEL="MarginTextZone:note"
                DESCRIPTION="block type MarginTextZone:note"/>
      <OtherTag ID="BT370"
                LABEL="NumberingZone:other"
                DESCRIPTION="block type NumberingZone:other"/>
      <OtherTag ID="BT371"
                LABEL="NumberingZone:page"
                DESCRIPTION="block type NumberingZone:page"/>
      <OtherTag ID="BT379"
                LABEL="DecorationZone"
                DESCRIPTION="block type DecorationZone"/>
      <OtherTag ID="BT380"
                LABEL="CustomZone:signature"
                DESCRIPTION="block type CustomZone:signature"/>
      <OtherTag ID="LT118" LABEL="DefaultLine" DESCRIPTION="line type DefaultLine"/>
      <OtherTag ID="LT119" LABEL="HeadingLine" DESCRIPTION="line type HeadingLine"/>
      <OtherTag ID="LT120"
                LABEL="InterlinearLine"
                DESCRIPTION="line type InterlinearLine"/>
   </Tags>
   <Layout>
      <Page WIDTH="2637"
            HEIGHT="3968"
            PHYSICAL_IMG_NR="20"
            ID="eSc_dummypage_">
         <PrintSpace HPOS="0" VPOS="0" WIDTH="2637" HEIGHT="3968">
            <TextBlock HPOS="198"
                       VPOS="224"
                       WIDTH="423"
                       HEIGHT="209"
                       ID="eSc_textblock_eff18ed3"
                       TAGREFS="BT370">
               <Shape>
                  <Polygon POINTS="198 433 211 317 274 304 304 224 420 238 340 251 621 287 621 433"/>
               </Shape>
               <TextLine ID="eSc_line_1db64fe4"
                         TAGREFS="LT118"
                         BASELINE="266 416 536 407"
                         HPOS="261"
                         VPOS="171"
                         WIDTH="271"
                         HEIGHT="285">
                  <Shape>
                     <Polygon POINTS="264 413 284 171 366 191 448 256 530 277 532 406 529 456 261 446"/>
                  </Shape>
                  <String CONTENT="63" HPOS="261" VPOS="171" WIDTH="271" HEIGHT="285"/>
               </TextLine>
            </TextBlock>
            <TextBlock HPOS="728"
                       VPOS="145"
                       WIDTH="1697"
                       HEIGHT="622"
                       ID="eSc_textblock_061c996b"
                       TAGREFS="BT367">
               <Shape>
                  <Polygon POINTS="2425 211 2345 538 2266 634 2272 638 2104 638 2074 699 1530 720 762 767 754 515 728 466 728 257 794 185 1962 185 2044 145"/>
               </Shape>
               <TextLine ID="eSc_line_b52a0bde"
                         BASELINE="762 271 1783 244 2173 255"
                         HPOS="754"
                         VPOS="158"
                         WIDTH="1416"
                         HEIGHT="156"
                         TAGREFS="LT118">
                  <Shape>
                     <Polygon POINTS="760 267 754 195 883 205 956 191 1045 175 1048 175 1052 175 1085 191 1091 195 1098 191 1134 171 1138 171 1141 171 1277 171 1280 171 1313 188 1323 195 1336 188 1389 168 1392 168 1396 168 1518 188 1548 191 1591 188 1753 168 1756 168 1760 168 1813 185 1823 188 1829 185 1882 158 1885 158 1889 158 1892 158 1991 185 1998 185 2163 185 2170 254 2163 294 1869 264 1710 294 1660 304 1657 304 1601 294 1564 290 1535 294 1475 307 1472 307 1469 307 1465 307 1465 304 1455 294 1432 274 1171 274 1118 294 1068 314 1065 314 1062 314 1058 314 995 294 989 294 985 294 956 314 952 314 949 314 946 314 942 314 939 314 916 294 896 284 760 294"/>
                  </Shape>
                  <String CONTENT="et requeste sans le prejudice de lui  ni des"
                          HPOS="754"
                          VPOS="158"
                          WIDTH="1416"
                          HEIGHT="156"/>
               </TextLine>
               <TextLine ID="eSc_line_2d1eb189"
                         TAGREFS="LT120"
                         BASELINE="2064 189 2201 205"
                         HPOS="2051"
                         VPOS="135"
                         WIDTH="152"
                         HEIGHT="103">
                  <Shape>
                     <Polygon POINTS="2061 188 2064 135 2203 138 2200 201 2187 238 2051 201"/>
                  </Shape>
                  <String CONTENT="leur"
                          HPOS="2051"
                          VPOS="135"
                          WIDTH="152"
                          HEIGHT="103"/>
               </TextLine>
               <TextLine ID="eSc_line_d0140253"
                         BASELINE="2183 255 2398 261"
                         HPOS="2177"
                         VPOS="171"
                         WIDTH="218"
                         HEIGHT="146"
                         TAGREFS="LT118">
                  <Shape>
                     <Polygon POINTS="2180 254 2177 198 2289 171 2292 171 2395 185 2395 257 2392 277 2177 317"/>
                  </Shape>
                  <String CONTENT="ny des"
                          HPOS="2177"
                          VPOS="171"
                          WIDTH="218"
                          HEIGHT="146"/>
               </TextLine>
               <TextLine ID="eSc_line_28f63fed"
                         TAGREFS="LT120"
                         BASELINE="721 317 947 314"
                         HPOS="708"
                         VPOS="248"
                         WIDTH="238"
                         HEIGHT="85">
                  <Shape>
                     <Polygon POINTS="717 314 708 264 936 248 946 310 946 330 717 333"/>
                  </Shape>
                  <String CONTENT="leurs"
                          HPOS="708"
                          VPOS="248"
                          WIDTH="238"
                          HEIGHT="85"/>
               </TextLine>
               <TextLine ID="eSc_line_b133b440"
                         BASELINE="797 370 972 347 2335 350"
                         HPOS="790.0"
                         VPOS="267.0"
                         WIDTH="1545.0"
                         HEIGHT="126.0"
                         TAGREFS="LT118">
                  <Shape>
                     <Polygon POINTS="797 370 790 300 946 300 946 297 972 277 972 277 976 277 976 277 976 277 979 277 979 277 982 277 982 277 982 277 1088 297 1088 297 1091 297 1124 267 1124 267 1128 267 1128 267 1128 267 1131 267 1131 267 1134 267 1277 267 1277 267 1277 267 1280 267 1280 267 1343 294 1359 277 1359 277 1363 277 1363 277 1363 277 1366 277 1366 277 1366 277 1369 277 1369 277 1515 294 1568 277 1571 277 1571 277 1571 277 1574 277 1574 277 1574 277 1664 294 1677 297 1684 294 1737 267 1737 267 1737 267 1740 267 1740 267 1743 267 1935 267 1935 267 1935 267 1938 267 1938 267 1938 267 1942 267 1981 294 1991 300 2091 300 2100 294 2130 274 2134 274 2134 274 2137 274 2137 274 2137 274 2140 274 2140 274 2144 274 2144 274 2144 274 2147 274 2147 274 2170 294 2177 297 2329 294 2335 350 2329 370 2077 367 2051 376 2008 390 2008 390 2005 390 2005 390 2001 390 2001 390 2001 390 1998 390 1998 390 1998 390 1971 376 1952 367 1892 376 1823 390 1823 390 1823 390 1819 390 1819 390 1816 390 1816 390 1816 390 1813 390 1813 390 1799 380 1789 370 1776 380 1763 390 1763 390 1760 390 1760 390 1760 390 1756 390 1756 390 1756 393 1674 393 1670 390 1670 390 1667 390 1667 390 1667 390 1651 380 1624 367 1591 380 1568 390 1568 390 1564 390 1564 390 1561 390 1561 390 1561 390 1558 390 1558 390 1558 390 1555 390 1555 390 1548 383 1531 367 1323 367 1296 386 1293 390 1293 390 1290 390 1290 390 1290 390 1287 390 1287 390 1287 393 1131 393 1128 390 1128 390 1124 390 1124 390 1124 390 1121 390 1121 386 1121 386 1095 367 1002 367 794 390"/>
                  </Shape>
                  <String CONTENT="audit Pourrentruy Le Cinquieme"
                          HPOS="790.0"
                          VPOS="267.0"
                          WIDTH="1545.0"
                          HEIGHT="126.0"/>
               </TextLine>
               <TextLine ID="eSc_line_595ab216"
                         BASELINE="757 453 1422 433 2335 426"
                         HPOS="751.0"
                         VPOS="347.0"
                         WIDTH="1584.0"
                         HEIGHT="135.0"
                         TAGREFS="LT118">
                  <Shape>
                     <Polygon POINTS="757 453 751 380 952 386 972 376 985 367 989 367 989 367 992 367 992 367 992 367 995 367 995 367 1072 373 1174 386 1201 373 1220 363 1220 363 1220 363 1224 363 1224 363 1227 363 1227 363 1227 363 1230 363 1230 363 1234 363 1247 373 1263 383 1280 373 1296 360 1300 360 1300 360 1300 360 1303 360 1303 360 1303 360 1306 360 1306 360 1310 360 1310 360 1310 360 1313 360 1313 360 1326 373 1340 383 1366 373 1402 357 1402 357 1406 357 1406 357 1409 357 1521 357 1521 357 1521 357 1525 357 1525 357 1555 370 1581 380 1684 370 1789 357 1789 357 1793 357 1793 357 1796 357 1796 357 1796 357 1799 357 1799 357 1799 360 1809 367 1819 376 1862 367 1909 357 1909 357 1909 357 1912 357 1912 357 1965 367 2011 373 2024 363 2054 347 2057 347 2057 347 2061 347 2061 347 2061 347 2064 347 2064 347 2064 347 2067 347 2117 363 2137 370 2325 363 2335 426 2335 436 2296 456 2296 456 2296 456 2292 456 2292 456 2289 456 2289 456 2130 443 2120 443 2120 443 2074 466 2074 466 2074 466 2071 466 2071 466 2067 466 2067 466 1909 449 1876 446 1856 449 1786 469 1783 469 1783 469 1780 469 1780 469 1780 469 1703 453 1677 449 1654 456 1604 472 1601 472 1601 472 1601 472 1598 472 1598 472 1495 459 1426 453 1244 453 1207 469 1174 479 1174 479 1171 479 1171 479 1167 479 1167 479 1167 479 1121 469 1068 459 1058 472 1055 476 1052 476 1052 479 1052 479 1048 479 1048 479 1048 479 1045 479 1045 479 1045 482 757 482"/>
                  </Shape>
                  <String CONTENT="jour du mois de decembre mil six cens"
                          HPOS="751.0"
                          VPOS="347.0"
                          WIDTH="1584.0"
                          HEIGHT="135.0"/>
               </TextLine>
               <TextLine ID="eSc_line_56a3948a"
                         BASELINE="767 552 1545 515 2276 509"
                         HPOS="764.0"
                         VPOS="426.0"
                         WIDTH="1512.0"
                         HEIGHT="159.0"
                         TAGREFS="LT118">
                  <Shape>
                     <Polygon POINTS="767 552 764 466 1098 472 1154 456 1214 439 1217 439 1217 439 1220 439 1581 446 1667 426 1670 426 1670 426 1674 426 1674 426 1674 426 1776 446 1793 449 1809 446 1876 426 1879 426 1879 426 1882 426 1882 426 1882 426 1885 426 1885 426 1928 443 1935 446 2266 439 2276 509 2266 538 2206 525 2084 545 2014 555 2014 555 2011 555 2011 555 2011 555 1975 548 1912 532 1899 548 1895 555 1892 555 1892 558 1892 558 1889 558 1889 558 1889 558 1885 558 1885 558 1885 558 1882 558 1882 558 1832 552 1786 545 1687 555 1591 565 1591 565 1588 565 1588 565 1584 565 1584 565 1584 565 1581 565 1581 565 1581 562 1574 558 1558 542 1492 562 1452 572 1449 572 1449 572 1445 572 1445 572 1445 572 1442 572 1416 562 1373 548 1346 565 1333 575 1330 575 1330 575 1330 575 1326 575 1326 575 1323 575 1323 575 1323 575 1280 565 1217 552 995 555 966 575 949 585 946 585 946 585 942 585 942 585 942 585 939 585 764 578"/>
                  </Shape>
                  <String CONTENT="et huict Presents Petit jehan henselin de"
                          HPOS="764.0"
                          VPOS="426.0"
                          WIDTH="1512.0"
                          HEIGHT="159.0"/>
               </TextLine>
               <TextLine ID="eSc_line_072f690b"
                         BASELINE="780 634 2243 588"
                         HPOS="770.0"
                         VPOS="512.0"
                         WIDTH="1473.0"
                         HEIGHT="139.0"
                         TAGREFS="LT118">
                  <Shape>
                     <Polygon POINTS="780 634 770 581 810 562 810 562 810 562 813 562 813 562 817 562 817 562 916 575 919 575 919 575 989 545 989 545 992 545 992 545 992 545 1207 538 1210 538 1210 538 1210 538 1214 538 1214 538 1214 538 1260 562 1260 565 1263 562 1290 545 1293 545 1293 545 1293 545 1296 545 1296 545 1296 545 1300 545 1439 555 1469 558 1472 555 1498 532 1498 529 1498 529 1502 529 1502 529 1502 529 1505 529 1505 529 1505 529 1508 529 1508 529 1624 548 1644 552 1862 548 1876 542 1922 515 1922 515 1922 515 1925 515 1925 515 1925 515 1928 515 1928 515 1928 515 1932 515 1932 515 1978 535 1991 542 2104 542 2114 532 2134 515 2134 512 2134 512 2137 512 2137 512 2140 512 2140 512 2140 512 2144 512 2144 512 2147 512 2147 512 2147 512 2180 529 2193 535 2233 529 2243 588 2236 621 2150 605 2057 624 2057 624 2057 624 2054 624 2054 624 1942 611 1912 628 1912 631 1909 631 1909 631 1909 631 1905 631 1905 631 1902 631 1902 631 1899 631 1899 631 1899 631 1895 631 1862 615 1826 631 1816 634 1816 634 1813 634 1813 634 1813 634 1809 634 1809 634 1806 634 1806 634 1796 631 1766 621 1733 634 1720 638 1720 638 1717 638 1717 638 1713 638 1713 638 1680 634 1617 624 1604 634 1601 638 1601 641 1601 641 1598 641 1598 641 1598 641 1594 641 1594 641 1591 641 1591 641 1548 638 1475 628 1435 638 1409 648 1406 648 1406 648 1406 648 780 651"/>
                  </Shape>
                  <String CONTENT="miecort et petit Jehan le mercier de"
                          HPOS="770.0"
                          VPOS="512.0"
                          WIDTH="1473.0"
                          HEIGHT="139.0"/>
               </TextLine>
               <TextLine ID="eSc_line_beae98c9"
                         BASELINE="784 724 2054 664"
                         HPOS="770.0"
                         VPOS="598.0"
                         WIDTH="1284.0"
                         HEIGHT="169.0"
                         TAGREFS="LT118">
                  <Shape>
                     <Polygon POINTS="784 724 770 664 843 641 847 641 847 641 850 641 850 641 962 651 989 634 992 634 992 634 992 634 995 634 995 634 999 634 999 634 999 634 1002 634 1002 634 1002 634 1005 634 1025 651 1025 651 1025 651 1052 631 1055 631 1055 631 1055 631 1058 631 1058 631 1062 631 1062 631 1167 641 1194 644 1210 641 1267 621 1270 621 1270 621 1270 621 1273 621 1273 621 1273 621 1277 621 1320 634 1330 638 1336 634 1349 621 1349 618 1349 618 1353 618 1353 618 1353 618 1356 618 1356 618 1356 618 1359 618 1359 618 1363 618 1363 618 1399 631 1412 634 1432 628 1492 611 1495 611 1495 611 1495 611 1498 611 1498 611 1502 611 1502 611 1535 624 1551 628 1571 621 1621 605 1624 605 1624 605 1624 605 1627 605 1627 605 1713 615 1763 618 2044 598 2054 664 2051 681 1723 717 1723 717 1720 717 1720 717 1717 717 1677 707 1647 701 1584 714 1488 734 1488 734 1488 734 1485 734 1396 727 1283 717 1177 740 1134 750 1134 750 1134 750 1131 750 1131 750 1131 750 1128 750 1128 750 1115 747 1072 727 926 730 784 767"/>
                  </Shape>
                  <String CONTENT="Chermoille tesmoings ad ce requis."
                          HPOS="770.0"
                          VPOS="598.0"
                          WIDTH="1284.0"
                          HEIGHT="169.0"/>
               </TextLine>
            </TextBlock>
            <TextBlock HPOS="728"
                       VPOS="757"
                       WIDTH="672"
                       HEIGHT="250"
                       ID="eSc_textblock_6f6a6a9d"
                       TAGREFS="BT380">
               <Shape>
                  <Polygon POINTS="1400 1007 1400 757 728 757 728 1007"/>
               </Shape>
               <TextLine ID="eSc_line_f6b103fe"
                         BASELINE="790 896 1171 898"
                         HPOS="780"
                         VPOS="800"
                         WIDTH="391"
                         HEIGHT="135"
                         TAGREFS="LT118">
                  <Shape>
                     <Polygon POINTS="787 892 784 836 868 816 956 836 962 836 1108 800 1171 836 1167 896 1164 906 1045 906 1032 915 949 922 909 909 876 925 856 935 853 935 850 935 780 932"/>
                  </Shape>
                  <String CONTENT="JGigendet"
                          HPOS="780"
                          VPOS="800"
                          WIDTH="391"
                          HEIGHT="135"/>
               </TextLine>
            </TextBlock>
            <TextBlock HPOS="1557"
                       VPOS="643"
                       WIDTH="857"
                       HEIGHT="214"
                       ID="eSc_textblock_d17e5263"
                       TAGREFS="BT380">
               <Shape>
                  <Polygon POINTS="2414 857 2378 643 1557 728 1557 857"/>
               </Shape>
               <TextLine ID="eSc_line_ff17d6b1"
                         BASELINE="1584 790 1634 773 2024 744 2179 740"
                         HPOS="1568"
                         VPOS="671"
                         WIDTH="615"
                         HEIGHT="201"
                         TAGREFS="LT118">
                  <Shape>
                     <Polygon POINTS="1581 786 1568 724 1909 671 1912 671 2173 681 2177 737 2183 872 1889 803 1780 806 1700 849 1687 856 1684 856 1680 856 1677 856 1660 849 1631 833 1581 843"/>
                  </Shape>
                  <String CONTENT="Richard Thomas"
                          HPOS="1568"
                          VPOS="671"
                          WIDTH="615"
                          HEIGHT="201"/>
               </TextLine>
            </TextBlock>
            <TextBlock HPOS="2312"
                       VPOS="3675"
                       WIDTH="99"
                       HEIGHT="104"
                       ID="eSc_textblock_357bed93"
                       TAGREFS="BT371">
               <Shape>
                  <Polygon POINTS="2312 3675 2312 3779 2411 3779 2411 3675"/>
               </Shape>
               <TextLine ID="eSc_line_76c0e068"
                         BASELINE="2330 3750 2387 3750"
                         HPOS="2329"
                         VPOS="3673"
                         WIDTH="56"
                         HEIGHT="119"
                         TAGREFS="LT118">
                  <Shape>
                     <Polygon POINTS="2329 3749 2329 3673 2385 3673 2385 3749 2385 3782 2329 3792"/>
                  </Shape>
                  <String CONTENT="3" HPOS="2329" VPOS="3673" WIDTH="56" HEIGHT="119"/>
               </TextLine>
            </TextBlock>
         </PrintSpace>
      </Page>
   </Layout>
</alto>
