<alto xmlns:xsi="http://www.w3.org/2001/XMLSchema-instance"
      xmlns="http://www.loc.gov/standards/alto/ns-v4#"
      xsi:schemaLocation="http://www.loc.gov/standards/alto/ns-v4# http://www.loc.gov/standards/alto/v4/alto-4-2.xsd">
   <Description>
      <MeasurementUnit>pixel</MeasurementUnit>
      <sourceImageInformation>
         <fileName>B_168_15-9-2_0002.jpg</fileName>
      </sourceImageInformation>
   </Description>
   <Tags>
      <OtherTag ID="BT365"
                LABEL="MainZone:column"
                DESCRIPTION="block type MainZone:column"/>
      <OtherTag ID="BT367" LABEL="MainZone" DESCRIPTION="block type MainZone"/>
      <OtherTag ID="BT368"
                LABEL="MarginTextZone"
                DESCRIPTION="block type MarginTextZone"/>
      <OtherTag ID="BT369"
                LABEL="MarginTextZone:note"
                DESCRIPTION="block type MarginTextZone:note"/>
      <OtherTag ID="BT370"
                LABEL="NumberingZone:other"
                DESCRIPTION="block type NumberingZone:other"/>
      <OtherTag ID="BT371"
                LABEL="NumberingZone:page"
                DESCRIPTION="block type NumberingZone:page"/>
      <OtherTag ID="BT379"
                LABEL="DecorationZone"
                DESCRIPTION="block type DecorationZone"/>
      <OtherTag ID="BT380"
                LABEL="CustomZone:signature"
                DESCRIPTION="block type CustomZone:signature"/>
      <OtherTag ID="LT118" LABEL="DefaultLine" DESCRIPTION="line type DefaultLine"/>
      <OtherTag ID="LT119" LABEL="HeadingLine" DESCRIPTION="line type HeadingLine"/>
      <OtherTag ID="LT120"
                LABEL="InterlinearLine"
                DESCRIPTION="line type InterlinearLine"/>
   </Tags>
   <Layout>
      <Page WIDTH="2754"
            HEIGHT="3743"
            PHYSICAL_IMG_NR="23"
            ID="eSc_dummypage_">
         <PrintSpace HPOS="0" VPOS="0" WIDTH="2754" HEIGHT="3743">
            <TextBlock HPOS="699"
                       VPOS="187"
                       WIDTH="1792"
                       HEIGHT="1993"
                       ID="eSc_textblock_9e75b138"
                       TAGREFS="BT367">
               <Shape>
                  <Polygon POINTS="2379 835 2366 982 2454 1119 2379 1272 2366 1643 2491 1759 2404 2043 1236 2092 846 2180 749 2130 749 1547 699 1506 699 1422 761 670 724 286 774 187 2465 224 2465 757"/>
               </Shape>
               <TextLine ID="eSc_line_71eb71eb"
                         BASELINE="749 283 2426 283"
                         HPOS="746"
                         VPOS="190"
                         WIDTH="1680"
                         HEIGHT="134"
                         TAGREFS="LT118">
                  <Shape>
                     <Polygon POINTS="749 283 746 202 877 190 880 190 883 190 886 190 886 193 896 199 918 224 958 224 1008 224 1039 199 1052 190 1055 190 1058 190 1061 190 1064 190 1067 190 1077 199 1102 218 1308 199 1311 199 1314 199 1317 199 1355 227 1433 227 1467 196 1470 193 1473 193 1476 193 1480 193 1517 196 1592 205 1642 196 1676 190 1679 190 1683 190 1695 196 1761 227 1970 227 2010 205 2013 205 2017 205 2020 205 2057 224 2104 193 2107 190 2110 190 2113 190 2117 190 2120 190 2123 190 2126 193 2148 208 2170 193 2173 190 2176 190 2179 190 2182 190 2185 190 2188 190 2188 193 2191 193 2226 227 2263 227 2304 193 2304 190 2307 190 2310 190 2313 190 2426 193 2426 283 2426 305 2248 321 2245 321 2241 321 2238 321 2226 308 2210 299 2132 299 2067 311 2017 318 2013 318 2010 318 1985 311 1939 299 1879 311 1836 321 1836 324 1579 324 1576 321 1573 321 1554 315 1514 302 1430 315 1426 315 1423 315 1420 315 1401 299 1245 299 1217 315 1214 315 1211 315 1208 315 1205 315 1161 299 1139 318 1139 321 1136 321 1133 321 1133 324 1049 324 1046 321 1042 321 1039 321 989 299 936 315 933 315 930 315 852 299 749 321"/>
                  </Shape>
                  <String CONTENT="Frene vefve de feu Jehan muat et au présent"
                          HPOS="746"
                          VPOS="190"
                          WIDTH="1680"
                          HEIGHT="134"/>
               </TextLine>
               <TextLine ID="eSc_line_1f9dcb68"
                         BASELINE="789 374 2426 368"
                         HPOS="780"
                         VPOS="290"
                         WIDTH="1646"
                         HEIGHT="124"
                         TAGREFS="LT118">
                  <Shape>
                     <Polygon POINTS="789 374 780 327 852 293 855 293 858 293 861 293 864 293 914 321 1099 318 1127 293 1130 293 1133 293 1136 293 1139 293 1142 293 1142 296 1161 311 1192 293 1195 293 1199 293 1202 293 1505 293 1508 293 1511 293 1551 321 1667 321 1839 290 1842 290 1917 305 1976 290 1979 290 1982 290 1985 290 2042 318 2163 299 2166 299 2419 321 2426 368 2423 383 2117 405 2113 405 2110 405 2073 389 2060 386 2038 393 1960 411 1957 411 1954 411 1717 396 1592 389 1551 399 1495 414 1492 414 1489 414 1426 402 1395 396 1323 402 1224 414 1220 414 1217 414 1214 414 1214 411 1205 405 1189 389 874 389 793 411"/>
                  </Shape>
                  <String CONTENT="femme de Jehan Dieu le fils. Par serement"
                          HPOS="780"
                          VPOS="290"
                          WIDTH="1646"
                          HEIGHT="124"/>
               </TextLine>
               <TextLine ID="eSc_line_ef561018"
                         BASELINE="768 470 2394 452"
                         HPOS="765"
                         VPOS="380"
                         WIDTH="1629"
                         HEIGHT="122"
                         TAGREFS="LT118">
                  <Shape>
                     <Polygon POINTS="768 470 765 399 989 421 1021 399 1027 393 1030 393 1033 393 1036 393 1039 393 1042 393 1052 399 1080 417 1164 399 1205 393 1208 393 1211 393 1233 399 1280 417 1298 402 1308 393 1311 393 1314 393 1317 393 1361 402 1430 414 1461 402 1489 389 1492 389 1495 389 1498 389 1533 402 1567 414 1654 402 1770 386 1773 386 1776 386 1823 402 1842 411 1848 405 1867 386 1867 383 1870 383 1873 383 1876 383 1879 383 1960 405 1979 408 1995 405 2063 383 2067 383 2070 383 2073 383 2076 383 2110 405 2117 408 2126 405 2198 380 2201 380 2204 380 2388 408 2394 452 2391 470 2257 486 2254 486 2251 486 2248 486 2229 474 2226 474 2220 483 2216 483 2216 486 2213 486 2210 486 2207 486 2154 474 2138 470 2135 474 2126 486 2123 486 2123 489 2120 489 2117 489 2117 492 2048 492 2045 489 2042 489 2038 489 2023 477 2007 489 2004 489 2001 489 1998 489 1892 477 1857 474 1845 477 1804 492 1801 492 1798 492 1732 480 1698 470 1689 480 1673 492 1670 492 1667 492 1664 492 1661 492 1633 480 1611 470 1564 480 1489 495 1486 495 1420 480 1380 474 1314 483 1261 489 1258 489 1167 483 1058 477 1030 486 977 502 974 502 971 502 765 486"/>
                  </Shape>
                  <String CONTENT="depose Que par une fois sont bien douze"
                          HPOS="765"
                          VPOS="380"
                          WIDTH="1629"
                          HEIGHT="122"/>
               </TextLine>
               <TextLine ID="eSc_line_6607a0d8"
                         BASELINE="796 564 1458 548 2404 555"
                         HPOS="789"
                         VPOS="467"
                         WIDTH="1615"
                         HEIGHT="122"
                         TAGREFS="LT118">
                  <Shape>
                     <Polygon POINTS="796 564 789 508 889 505 933 470 936 470 939 470 942 470 946 470 949 470 996 505 1142 505 1195 480 1199 480 1202 480 1264 492 1286 474 1286 470 1289 470 1292 470 1295 470 1448 470 1451 470 1570 502 1573 502 1636 470 1639 470 1642 470 1645 470 1692 495 1723 467 1726 467 1729 467 1732 467 1736 467 1820 495 1851 467 1854 467 1857 467 1860 467 1954 467 1957 467 2023 499 2029 499 2216 480 2220 480 2401 499 2404 555 2404 567 2348 583 2344 583 2341 583 2285 570 2248 561 2235 570 2223 583 2220 583 2216 583 2213 583 2210 583 2188 570 2170 561 2132 573 2095 583 2092 583 2088 583 2085 583 2082 583 2082 580 2073 573 2060 561 1864 561 1826 577 1811 583 1807 583 1804 583 1801 583 1782 577 1732 561 1639 580 1595 586 1592 586 1589 586 1586 586 1576 580 1548 564 1383 564 1355 583 1352 586 1348 586 1345 586 1345 589 1220 589 1217 586 1214 586 1208 586 1152 564 1052 586 1049 586 1046 586 1042 586 961 567 796 589"/>
                  </Shape>
                  <String CONTENT="ans que deposante avoir ung veau questoit"
                          HPOS="789"
                          VPOS="467"
                          WIDTH="1615"
                          HEIGHT="122"/>
               </TextLine>
               <TextLine ID="eSc_line_9c480563"
                         BASELINE="786 655 1564 639 2416 651"
                         HPOS="780"
                         VPOS="564"
                         WIDTH="1636"
                         HEIGHT="144"
                         TAGREFS="LT118">
                  <Shape>
                     <Polygon POINTS="786 655 780 589 955 570 958 570 961 570 964 570 986 586 992 592 1139 592 1142 586 1167 567 1167 564 1170 564 1174 564 1177 564 1180 564 1233 586 1239 592 1367 592 1370 586 1392 567 1392 564 1395 564 1398 564 1401 564 1498 586 1517 589 1554 586 1757 564 1761 564 1764 564 1848 586 1864 589 1867 586 1892 564 1895 564 1898 564 1901 564 2088 564 2092 564 2135 586 2145 589 2166 586 2235 570 2238 570 2241 570 2245 570 2263 586 2273 589 2410 586 2416 651 2413 708 2191 708 2188 704 2185 704 2182 704 2182 701 2148 667 2104 689 2101 689 2098 689 2095 689 2092 689 2042 651 1586 655 1545 692 1530 704 1526 704 1523 704 1520 704 1517 704 1514 704 1492 689 1442 658 1377 655 1236 664 1211 686 1208 686 1205 686 1202 686 1199 686 1195 686 1149 651 1083 651 1024 683 983 701 980 701 977 701 974 701 933 679 899 664 786 676"/>
                  </Shape>
                  <String CONTENT="de Sept sepmaines quelle vouloit desallayter"
                          HPOS="780"
                          VPOS="564"
                          WIDTH="1636"
                          HEIGHT="144"/>
               </TextLine>
               <TextLine ID="eSc_line_6bcd09ed"
                         BASELINE="768 745 1355 729 2466 739"
                         HPOS="758"
                         VPOS="661"
                         WIDTH="1708"
                         HEIGHT="115"
                         TAGREFS="LT118">
                  <Shape>
                     <Polygon POINTS="768 745 758 683 799 661 802 661 805 661 939 661 942 661 946 661 946 664 964 683 1158 683 1180 664 1183 664 1186 664 1189 664 1283 679 1308 661 1311 661 1314 661 1317 661 1320 661 1361 676 1473 661 1476 661 1480 661 1483 661 1483 664 1498 679 1539 661 1542 661 1545 661 1667 679 1736 661 1739 661 1742 661 1836 661 1839 661 1842 661 1842 664 1857 679 1895 661 1898 661 1901 661 1904 661 1964 676 2113 661 2117 661 2120 661 2123 661 2148 683 2391 683 2419 664 2423 664 2426 664 2429 664 2432 664 2466 683 2466 739 2457 770 2373 748 2201 748 2173 767 2166 773 2163 773 2160 773 2157 773 2154 773 2132 767 2063 748 1995 748 1964 767 1954 773 1951 773 1948 773 1948 776 1686 776 1683 773 1679 773 1636 764 1579 748 1451 748 1426 761 1411 767 1408 767 1405 767 1401 767 1380 761 1348 748 1336 757 1323 770 1323 773 1320 773 1317 773 1317 776 1152 776 1149 773 1145 773 1142 773 1142 770 1127 757 1117 748 974 748 964 754 942 773 939 773 936 773 933 773 930 773 889 754 883 751 765 751"/>
                  </Shape>
                  <String CONTENT="Et estant en son estable Ladite Agatte y advint"
                          HPOS="758"
                          VPOS="661"
                          WIDTH="1708"
                          HEIGHT="115"/>
               </TextLine>
               <TextLine ID="eSc_line_9137c0a7"
                         BASELINE="789 835 1498 820 2338 826"
                         HPOS="777"
                         VPOS="745"
                         WIDTH="1561"
                         HEIGHT="115"
                         TAGREFS="LT118">
                  <Shape>
                     <Polygon POINTS="789 835 777 779 811 751 814 751 818 751 821 751 896 751 899 751 902 751 902 754 927 776 1086 776 1111 754 1114 754 1117 754 1120 754 1124 754 1127 754 1127 757 1145 776 1217 776 1242 754 1242 751 1245 751 1248 751 1252 751 1327 751 1330 751 1333 751 1333 754 1352 773 1398 751 1401 751 1405 751 1489 770 1520 748 1523 748 1526 748 1530 748 1533 748 1536 748 1570 770 1623 748 1626 748 1629 748 1736 770 1848 748 1851 748 1854 748 1907 767 2042 754 2045 754 2048 754 2051 754 2070 770 2173 745 2176 745 2335 770 2338 826 2332 835 2092 835 2082 839 2048 857 2045 857 2042 857 2038 857 1998 839 1985 835 1945 842 1836 854 1832 854 1829 854 1826 854 1826 851 1814 842 1811 839 1804 842 1779 857 1776 857 1773 857 1770 857 1661 842 1611 835 1598 842 1579 857 1576 857 1573 857 1433 860 1430 860 1426 860 1423 860 1405 845 1392 839 1158 839 1142 848 1124 860 1120 860 1117 860 1114 860 1049 848 1021 842 989 848 946 857 942 857 786 848"/>
                  </Shape>
                  <String CONTENT="advint que dit voycy ung bel veau dieu"
                          HPOS="777"
                          VPOS="745"
                          WIDTH="1561"
                          HEIGHT="115"/>
               </TextLine>
               <TextLine ID="eSc_line_056542fc"
                         BASELINE="730 920 1380 910 2348 932"
                         HPOS="724"
                         VPOS="835"
                         WIDTH="1624"
                         HEIGHT="131"
                         TAGREFS="LT118">
                  <Shape>
                     <Polygon POINTS="730 920 724 860 905 839 908 839 911 839 958 860 1052 839 1055 839 1058 839 1061 839 1083 857 1108 839 1108 835 1111 835 1114 835 1117 835 1120 835 1167 860 1227 839 1230 839 1233 839 1367 839 1370 839 1373 839 1405 867 1523 867 1639 842 1642 842 1645 842 1704 867 1773 842 1776 842 1779 842 1782 842 1786 842 1786 845 1817 870 1923 848 1926 848 1929 848 2010 870 2063 848 2067 848 2070 848 2232 848 2235 848 2348 879 2348 932 2341 957 2151 938 2129 957 2123 960 2123 963 2120 963 2117 963 2117 966 2070 966 2067 963 2017 954 1923 935 1786 935 1767 951 1761 954 1761 957 1757 957 1754 957 1751 957 1748 957 1726 951 1698 941 1683 951 1673 957 1670 957 1667 957 1664 957 1455 954 1451 954 1448 954 1439 948 1411 929 1370 945 1348 954 1345 954 1342 954 1298 945 1217 926 1024 926 986 941 955 951 952 951 949 951 946 951 921 938 905 932 727 935"/>
                  </Shape>
                  <String CONTENT="Le garde et en apres sen alla. Et tout"
                          HPOS="724"
                          VPOS="835"
                          WIDTH="1624"
                          HEIGHT="131"/>
               </TextLine>
               <TextLine ID="eSc_line_f5eb06a4"
                         BASELINE="777 995 2132 1007 2310 1023"
                         HPOS="771"
                         VPOS="920"
                         WIDTH="1539"
                         HEIGHT="118"
                         TAGREFS="LT118">
                  <Shape>
                     <Polygon POINTS="777 995 771 935 811 920 814 920 818 920 821 920 824 920 849 935 852 935 918 923 921 923 924 923 927 923 946 935 958 945 1011 935 1046 932 1049 932 1080 938 1139 948 1161 938 1186 926 1189 926 1192 926 1286 926 1289 926 1292 926 1311 938 1327 948 1377 938 1439 929 1442 929 1514 941 1576 951 1626 941 1689 929 1692 929 1695 929 1698 929 1698 932 1711 941 1723 957 1857 957 1870 945 1879 935 1879 932 1882 932 1885 932 1889 932 1945 945 1967 948 1992 945 2048 935 2051 935 2054 935 2057 935 2067 945 2082 957 2120 945 2135 941 2138 941 2142 941 2145 941 2154 945 2179 957 2204 945 2226 935 2229 935 2232 935 2235 935 2238 935 2251 948 2266 957 2301 948 2310 1023 2304 1038 2166 1023 2054 1035 2029 1035 2026 1035 2023 1035 2017 1032 1970 1016 1836 1016 1820 1029 1814 1035 1811 1035 1807 1035 1804 1035 1767 1026 1726 1019 1686 1026 1642 1032 1639 1032 1636 1032 1633 1032 1626 1023 1611 1013 1448 1019 1236 1029 1233 1029 1161 1013 1142 1010 1120 1013 1030 1026 1027 1026 855 1007 849 1007 827 1023 824 1023 821 1023 818 1023 814 1023 771 1004"/>
                  </Shape>
                  <String CONTENT="Incontinent quelle fust sortie ledit"
                          HPOS="771"
                          VPOS="920"
                          WIDTH="1539"
                          HEIGHT="118"/>
               </TextLine>
               <TextLine ID="eSc_line_a70cf0f6"
                         BASELINE="711 1085 2441 1113"
                         HPOS="705"
                         VPOS="1007"
                         WIDTH="1736"
                         HEIGHT="137"
                         TAGREFS="LT118">
                  <Shape>
                     <Polygon POINTS="711 1085 708 1019 799 1007 802 1007 805 1007 849 1023 896 1038 911 1026 911 1023 914 1023 918 1023 921 1023 949 1026 1024 1032 1033 1026 1058 1010 1061 1010 1064 1010 1067 1010 1071 1010 1074 1010 1089 1026 1120 1013 1124 1013 1127 1013 1130 1013 1133 1013 1152 1029 1167 1041 1327 1035 1414 1032 1417 1032 1420 1032 1442 1038 1476 1048 1530 1041 1664 1019 1667 1019 1732 1023 1736 1023 1739 1023 1739 1026 1761 1048 1764 1051 1770 1048 1804 1029 1807 1029 1811 1029 1814 1029 1870 1048 1898 1029 1901 1029 1904 1029 1907 1029 1910 1029 1951 1041 2048 1026 2051 1026 2054 1026 2142 1057 2145 1057 2151 1057 2301 1032 2304 1032 2307 1032 2310 1032 2351 1060 2441 1066 2441 1113 2438 1122 2332 1144 2329 1144 2326 1144 2273 1129 2166 1144 2163 1144 2160 1144 2098 1122 1926 1141 1923 1141 1920 1141 1864 1116 1848 1132 1845 1132 1842 1132 1839 1132 1751 1116 1483 1135 1480 1135 1367 1110 1105 1129 1102 1129 1099 1129 1095 1129 1095 1126 1067 1104 908 1116 905 1116 705 1094"/>
                  </Shape>
                  <String CONTENT="veau se print a gruller et dejecter par terre"
                          HPOS="705"
                          VPOS="1007"
                          WIDTH="1736"
                          HEIGHT="137"/>
               </TextLine>
               <TextLine ID="eSc_line_b45b85eb"
                         BASELINE="783 1185 2382 1210"
                         HPOS="780"
                         VPOS="1110"
                         WIDTH="1602"
                         HEIGHT="140"
                         TAGREFS="LT118">
                  <Shape>
                     <Polygon POINTS="783 1185 780 1135 880 1119 883 1119 1046 1138 1058 1138 1102 1110 1105 1110 1108 1110 1111 1110 1114 1110 1117 1110 1117 1113 1142 1135 1214 1113 1217 1113 1220 1113 1224 1113 1277 1138 1320 1116 1323 1116 1327 1116 1330 1116 1333 1116 1370 1141 1426 1122 1430 1122 1433 1122 1436 1122 1508 1144 1554 1116 1558 1116 1561 1116 1564 1116 1567 1116 1570 1116 1570 1119 1598 1147 1601 1147 1720 1119 1723 1119 1726 1119 1729 1119 1761 1144 1873 1122 1876 1122 1879 1122 1995 1154 2001 1154 2007 1154 2166 1126 2170 1126 2173 1126 2176 1126 2210 1150 2319 1135 2323 1135 2326 1135 2382 1160 2382 1210 2376 1222 2285 1216 2270 1222 2238 1247 2235 1247 2232 1247 2232 1250 2185 1250 2182 1247 2179 1247 2085 1222 2042 1213 2029 1222 2004 1244 2001 1244 1998 1244 1995 1244 1992 1244 1989 1244 1967 1222 1948 1210 1757 1210 1723 1222 1686 1238 1683 1238 1683 1241 1586 1241 1583 1238 1414 1235 1411 1235 1408 1235 1408 1232 1398 1222 1373 1200 1248 1219 1245 1219 1242 1219 1152 1197 949 1197 930 1213 927 1213 924 1213 921 1213 918 1213 855 1197 783 1222"/>
                  </Shape>
                  <String CONTENT="puis saultoit en haulst. Ce que voyant"
                          HPOS="780"
                          VPOS="1110"
                          WIDTH="1602"
                          HEIGHT="140"/>
               </TextLine>
               <TextLine ID="eSc_line_752e2719"
                         BASELINE="752 1285 1489 1303 2304 1294"
                         HPOS="743"
                         VPOS="1216"
                         WIDTH="1561"
                         HEIGHT="122"
                         TAGREFS="LT118">
                  <Shape>
                     <Polygon POINTS="752 1285 743 1244 780 1216 783 1216 786 1216 789 1216 927 1241 930 1241 1042 1216 1046 1216 1049 1216 1052 1216 1080 1241 1086 1244 1089 1241 1111 1225 1114 1225 1117 1225 1120 1225 1177 1238 1208 1244 1292 1238 1442 1222 1445 1222 1448 1222 1473 1235 1495 1247 1695 1250 1745 1250 1764 1228 1770 1225 1770 1222 1773 1222 1776 1222 1779 1222 1782 1222 1801 1228 1860 1247 1932 1232 1935 1232 1939 1232 1942 1232 1960 1247 2079 1244 2107 1222 2110 1222 2113 1222 2117 1222 2120 1222 2126 1222 2198 1247 2223 1225 2223 1222 2226 1222 2229 1222 2232 1222 2298 1222 2304 1294 2298 1316 2092 1310 2082 1316 2067 1328 2067 1331 2063 1331 2060 1331 2057 1331 2054 1331 1998 1316 1939 1331 1935 1331 1932 1331 1929 1331 1892 1316 1823 1338 1820 1338 1817 1338 1814 1338 1811 1338 1789 1319 1473 1335 1470 1335 1467 1335 1414 1316 1392 1335 1389 1335 1386 1335 1386 1338 1292 1338 1289 1335 1286 1335 1192 1306 1189 1306 1149 1325 1145 1325 1142 1325 958 1303 942 1303 939 1303 868 1331 864 1331 861 1331 858 1331 855 1331 855 1328 830 1303 746 1300"/>
                  </Shape>
                  <String CONTENT="deposante envoya querir de ses voisinnes"
                          HPOS="743"
                          VPOS="1216"
                          WIDTH="1561"
                          HEIGHT="122"/>
               </TextLine>
               <TextLine ID="eSc_line_6aebc66d"
                         BASELINE="783 1391 2382 1409"
                         HPOS="780"
                         VPOS="1322"
                         WIDTH="1608"
                         HEIGHT="122"
                         TAGREFS="LT118">
                  <Shape>
                     <Polygon POINTS="783 1391 780 1338 1011 1325 1014 1325 1136 1341 1145 1341 1149 1341 1189 1322 1192 1322 1195 1322 1199 1322 1248 1341 1295 1322 1298 1322 1302 1322 1395 1344 1398 1344 1455 1325 1458 1325 1461 1325 1464 1325 1467 1325 1492 1344 1839 1328 1842 1328 2017 1347 2110 1331 2113 1331 2210 1353 2351 1335 2354 1335 2357 1335 2360 1335 2388 1356 2382 1409 2373 1444 2326 1419 1985 1431 1982 1431 1979 1431 1976 1431 1951 1416 1885 1441 1873 1444 1870 1444 1867 1444 1754 1441 1751 1441 1748 1441 1745 1437 1717 1416 1639 1437 1636 1437 1633 1437 1629 1437 1626 1437 1623 1437 1573 1416 1501 1437 1495 1437 1492 1437 1489 1437 1486 1437 1483 1437 1483 1434 1439 1409 1398 1434 1395 1437 1392 1437 1389 1437 1389 1441 1323 1441 1320 1437 1317 1437 1314 1437 1311 1434 1283 1416 1033 1422 1030 1422 1027 1422 1024 1422 1024 1419 1005 1403 780 1428"/>
                  </Shape>
                  <String CONTENT="pour veoir ledit veau, lesquelles dirent"
                          HPOS="780"
                          VPOS="1322"
                          WIDTH="1608"
                          HEIGHT="122"/>
               </TextLine>
               <TextLine ID="eSc_line_4e8c15d0"
                         BASELINE="715 1490 2291 1522"
                         HPOS="705"
                         VPOS="1416"
                         WIDTH="1586"
                         HEIGHT="152"
                         TAGREFS="LT118">
                  <Shape>
                     <Polygon POINTS="715 1490 705 1437 736 1416 740 1416 743 1416 746 1416 839 1416 843 1416 846 1416 846 1419 874 1441 964 1419 967 1419 1342 1425 1345 1425 1348 1425 1348 1428 1373 1450 1377 1450 1589 1431 1592 1431 1595 1431 1598 1431 1598 1434 1623 1453 1786 1441 1789 1441 1792 1441 1795 1441 1817 1459 1823 1459 1885 1447 1889 1447 2026 1462 2029 1462 2048 1447 2051 1447 2054 1447 2057 1447 2182 1462 2213 1447 2216 1447 2220 1447 2223 1447 2291 1469 2291 1522 2285 1537 2107 1537 2104 1537 2070 1565 2067 1565 2063 1565 2063 1568 1989 1568 1985 1565 1982 1565 1917 1534 1914 1534 1910 1534 1823 1562 1820 1562 1817 1562 1598 1534 1508 1556 1505 1556 1501 1556 1358 1528 1323 1522 1292 1528 1189 1550 1186 1550 1049 1525 999 1515 964 1522 930 1531 927 1531 924 1531 921 1531 896 1522 868 1512 711 1519"/>
                  </Shape>
                  <String CONTENT="toutes que ledit veau estoit engenauche et"
                          HPOS="705"
                          VPOS="1416"
                          WIDTH="1586"
                          HEIGHT="152"/>
               </TextLine>
               <TextLine ID="eSc_line_a45daba4"
                         BASELINE="774 1593 2344 1621"
                         HPOS="771"
                         VPOS="1537"
                         WIDTH="1573"
                         HEIGHT="119"
                         TAGREFS="LT118">
                  <Shape>
                     <Polygon POINTS="774 1593 774 1537 2344 1565 2344 1621 2344 1631 2288 1656 2285 1656 2282 1656 2279 1656 2232 1634 1970 1646 1967 1646 1964 1646 1929 1634 1917 1628 1857 1634 1648 1653 1645 1653 1589 1650 1586 1650 1583 1650 1564 1634 1545 1618 1411 1618 1283 1634 1205 1643 1202 1643 1199 1643 1167 1634 1089 1612 771 1634"/>
                  </Shape>
                  <String CONTENT="quon lavoit greve, lequel mourut ce"
                          HPOS="771"
                          VPOS="1537"
                          WIDTH="1573"
                          HEIGHT="119"/>
               </TextLine>
               <TextLine ID="eSc_line_87135d40"
                         BASELINE="774 1703 2335 1718"
                         HPOS="768"
                         VPOS="1634"
                         WIDTH="1567"
                         HEIGHT="125"
                         TAGREFS="LT118">
                  <Shape>
                     <Polygon POINTS="774 1703 771 1653 1014 1634 1017 1634 1021 1634 1024 1634 1049 1653 1074 1634 1077 1634 1080 1634 1083 1634 1086 1634 1089 1634 1120 1656 1124 1656 1133 1656 1214 1637 1217 1637 1220 1637 1224 1637 1224 1640 1242 1656 1255 1656 1461 1640 1464 1640 1654 1659 1658 1659 1704 1640 1707 1640 1711 1640 1714 1640 1782 1662 1789 1662 1807 1662 2017 1643 2020 1643 2023 1643 2026 1643 2051 1665 2057 1665 2126 1646 2129 1646 2132 1646 2332 1668 2335 1718 2329 1746 2148 1728 2123 1746 2120 1746 2117 1746 2113 1746 2104 1746 2007 1724 1954 1746 1917 1759 1914 1759 1910 1759 1907 1759 1876 1743 1842 1724 1739 1724 1704 1743 1683 1756 1679 1756 1676 1756 1676 1759 1586 1759 1583 1756 1579 1756 1576 1756 1576 1752 1564 1743 1539 1718 1370 1718 1267 1721 1252 1740 1239 1749 1239 1752 1236 1752 1233 1752 1233 1756 1092 1756 1089 1752 1086 1752 1055 1737 1008 1715 961 1737 933 1749 930 1749 927 1749 768 1734"/>
                  </Shape>
                  <String CONTENT="mesme jour environ une heure et"
                          HPOS="768"
                          VPOS="1634"
                          WIDTH="1567"
                          HEIGHT="125"/>
               </TextLine>
               <TextLine ID="eSc_line_3b8131a8"
                         BASELINE="733 1802 1664 1812 2472 1796"
                         HPOS="724"
                         VPOS="1728"
                         WIDTH="1748"
                         HEIGHT="134"
                         TAGREFS="LT118">
                  <Shape>
                     <Polygon POINTS="733 1802 724 1752 799 1731 802 1731 805 1731 808 1731 880 1749 880 1752 1436 1752 1442 1746 1461 1731 1464 1731 1467 1731 1470 1731 1773 1746 1870 1749 1889 1746 1948 1728 1951 1728 1954 1728 1957 1728 2017 1743 2063 1728 2067 1728 2070 1728 2166 1728 2170 1728 2173 1728 2173 1731 2188 1743 2191 1746 2201 1743 2254 1728 2257 1728 2260 1728 2466 1743 2472 1796 2472 1818 2148 1818 2142 1821 2088 1855 2085 1855 2082 1855 2079 1855 2076 1855 2073 1855 2042 1834 1948 1859 1945 1859 1942 1859 1939 1859 1935 1859 1885 1821 1882 1821 1873 1824 1798 1843 1795 1843 1792 1843 1736 1830 1701 1859 1698 1859 1695 1859 1695 1862 1548 1862 1545 1859 1542 1859 1473 1827 1467 1824 1464 1827 1423 1855 1420 1855 1417 1855 1414 1855 1411 1855 1311 1827 1289 1824 1248 1830 1133 1846 1130 1846 1127 1846 1089 1830 1064 1821 1042 1830 989 1859 986 1859 986 1862 868 1862 864 1859 861 1859 858 1859 827 1834 808 1821 733 1834"/>
                  </Shape>
                  <String CONTENT="demye apres ce que ladite Agatte en fust sortie"
                          HPOS="724"
                          VPOS="1728"
                          WIDTH="1748"
                          HEIGHT="134"/>
               </TextLine>
               <TextLine ID="eSc_line_1b93580d"
                         BASELINE="743 1930 2426 1930"
                         HPOS="736"
                         VPOS="1846"
                         WIDTH="1690"
                         HEIGHT="131"
                         TAGREFS="LT118">
                  <Shape>
                     <Polygon POINTS="743 1930 736 1880 799 1846 802 1846 805 1846 871 1846 874 1846 933 1877 992 1846 996 1846 999 1846 1002 1846 1077 1871 1330 1846 1333 1846 1336 1846 1339 1846 1370 1874 1377 1880 1939 1880 1960 1865 1992 1846 1995 1846 1998 1846 2001 1846 2107 1849 2110 1849 2113 1849 2135 1865 2148 1871 2179 1862 2241 1846 2245 1846 2248 1846 2426 1862 2426 1930 2426 1946 2260 1949 2213 1974 2210 1974 2207 1974 1989 1952 1932 1946 1836 1946 1826 1952 1804 1971 1804 1974 1801 1974 1798 1974 1798 1977 1639 1977 1636 1974 1633 1974 1629 1974 1601 1952 1589 1946 1573 1955 1548 1965 1545 1965 1542 1965 1539 1965 1517 1955 1505 1946 1498 1955 1476 1971 1476 1974 1473 1974 1470 1974 1470 1977 1342 1977 1339 1974 1336 1974 1333 1974 1333 1971 1314 1955 1302 1946 1174 1946 1158 1958 1142 1971 1139 1971 1136 1971 1133 1971 1130 1971 1127 1971 1127 1968 1114 1958 1111 1955 1108 1958 1086 1974 1083 1974 1080 1974 1077 1974 1074 1974 1014 1958 967 1946 743 1958"/>
                  </Shape>
                  <String CONTENT="Et a deposante opinion que ladite Agatte"
                          HPOS="736"
                          VPOS="1846"
                          WIDTH="1690"
                          HEIGHT="131"/>
               </TextLine>
               <TextLine ID="eSc_line_2de6dcb2"
                         BASELINE="736 2014 2401 2014"
                         HPOS="730"
                         VPOS="1946"
                         WIDTH="1674"
                         HEIGHT="143"
                         TAGREFS="LT118">
                  <Shape>
                     <Polygon POINTS="736 2014 730 1971 818 1946 821 1946 824 1946 933 1965 1036 1946 1039 1946 1042 1946 1046 1946 1046 1949 1064 1965 1089 1946 1092 1946 1095 1946 1099 1946 1380 1968 1386 1968 1420 1946 1423 1946 1426 1946 1430 1946 1433 1946 1436 1946 1461 1968 1526 1946 1530 1946 1533 1946 1536 1946 1586 1968 1586 1971 1851 1971 1854 1968 1873 1949 1876 1949 1879 1949 1882 1949 1967 1968 1973 1968 1976 1968 2017 1946 2020 1946 2023 1946 2198 1968 2213 1968 2223 1968 2313 1946 2316 1946 2319 1946 2404 1968 2401 2014 2401 2036 2323 2039 2285 2071 2282 2071 2279 2071 2276 2071 2273 2071 2220 2043 2160 2086 2157 2086 2154 2086 2151 2086 2067 2083 2063 2083 1951 2039 1945 2039 1914 2039 1876 2043 1817 2086 1814 2086 1811 2086 1811 2089 1564 2089 1561 2086 1558 2086 1554 2086 1501 2049 1467 2049 1423 2083 1420 2083 1417 2083 1414 2083 1411 2083 1408 2083 1355 2043 1352 2043 1342 2043 1239 2068 1236 2068 1233 2068 1208 2055 1167 2086 1164 2086 1161 2086 1161 2089 1095 2089 1092 2086 1089 2086 1011 2046 999 2039 736 2046"/>
                  </Shape>
                  <String CONTENT="Lavoit engenauche quest tout ce quelle"
                          HPOS="730"
                          VPOS="1946"
                          WIDTH="1674"
                          HEIGHT="143"/>
               </TextLine>
               <TextLine ID="eSc_line_e316cd21"
                         BASELINE="752 2105 1136 2086"
                         HPOS="743"
                         VPOS="2021"
                         WIDTH="393"
                         HEIGHT="162"
                         TAGREFS="LT118">
                  <Shape>
                     <Polygon POINTS="752 2105 743 2058 864 2055 883 2043 899 2033 902 2033 905 2033 908 2033 942 2036 996 2046 1017 2030 1021 2027 1024 2027 1027 2027 1030 2027 1033 2027 1039 2027 1077 2039 1124 2021 1136 2086 1136 2111 967 2117 924 2152 902 2170 899 2170 896 2170 755 2183"/>
                  </Shape>
                  <String CONTENT="en scait"
                          HPOS="743"
                          VPOS="2021"
                          WIDTH="393"
                          HEIGHT="162"/>
               </TextLine>
            </TextBlock>
            <TextBlock HPOS="2317"
                       VPOS="3508"
                       WIDTH="88"
                       HEIGHT="90"
                       ID="eSc_textblock_b85d28d8"
                       TAGREFS="BT371">
               <Shape>
                  <Polygon POINTS="2405 3508 2403 3595 2321 3598 2317 3509"/>
               </Shape>
               <TextLine ID="eSc_line_a7991026"
                         BASELINE="2343 3570 2391 3566"
                         HPOS="2332"
                         VPOS="3496"
                         WIDTH="59"
                         HEIGHT="106"
                         TAGREFS="LT118">
                  <Shape>
                     <Polygon POINTS="2341 3568 2332 3499 2379 3496 2388 3565 2391 3583 2344 3602"/>
                  </Shape>
                  <String CONTENT="2" HPOS="2332" VPOS="3496" WIDTH="59" HEIGHT="106"/>
               </TextLine>
            </TextBlock>
         </PrintSpace>
      </Page>
   </Layout>
</alto>
