<alto xmlns:xsi="http://www.w3.org/2001/XMLSchema-instance"
      xmlns="http://www.loc.gov/standards/alto/ns-v4#"
      xsi:schemaLocation="http://www.loc.gov/standards/alto/ns-v4# http://www.loc.gov/standards/alto/v4/alto-4-2.xsd">
   <Description>
      <MeasurementUnit>pixel</MeasurementUnit>
      <sourceImageInformation>
         <fileName>B_168_15-2-4_0004.jpg</fileName>
      </sourceImageInformation>
   </Description>
   <Tags>
      <OtherTag ID="BT365"
                LABEL="MainZone:column"
                DESCRIPTION="block type MainZone:column"/>
      <OtherTag ID="BT367" LABEL="MainZone" DESCRIPTION="block type MainZone"/>
      <OtherTag ID="BT368"
                LABEL="MarginTextZone"
                DESCRIPTION="block type MarginTextZone"/>
      <OtherTag ID="BT369"
                LABEL="MarginTextZone:note"
                DESCRIPTION="block type MarginTextZone:note"/>
      <OtherTag ID="BT370"
                LABEL="NumberingZone:other"
                DESCRIPTION="block type NumberingZone:other"/>
      <OtherTag ID="BT371"
                LABEL="NumberingZone:page"
                DESCRIPTION="block type NumberingZone:page"/>
      <OtherTag ID="BT379"
                LABEL="DecorationZone"
                DESCRIPTION="block type DecorationZone"/>
      <OtherTag ID="BT380"
                LABEL="CustomZone:signature"
                DESCRIPTION="block type CustomZone:signature"/>
      <OtherTag ID="LT118" LABEL="DefaultLine" DESCRIPTION="line type DefaultLine"/>
      <OtherTag ID="LT119" LABEL="HeadingLine" DESCRIPTION="line type HeadingLine"/>
      <OtherTag ID="LT120"
                LABEL="InterlinearLine"
                DESCRIPTION="line type InterlinearLine"/>
   </Tags>
   <Layout>
      <Page WIDTH="2654"
            HEIGHT="3988"
            PHYSICAL_IMG_NR="21"
            ID="eSc_dummypage_">
         <PrintSpace HPOS="0" VPOS="0" WIDTH="2654" HEIGHT="3988">
            <TextBlock HPOS="1579"
                       VPOS="2166"
                       WIDTH="848"
                       HEIGHT="369"
                       ID="eSc_textblock_8196714d"
                       TAGREFS="BT367">
               <Shape>
                  <Polygon POINTS="2374 2219 2427 2389 2201 2535 1606 2495 1632 2379 1579 2219 1659 2166"/>
               </Shape>
               <TextLine ID="eSc_line_96ea02b0"
                         BASELINE="1622 2306 2378 2293"
                         HPOS="1609"
                         VPOS="2233"
                         WIDTH="775"
                         HEIGHT="109"
                         TAGREFS="LT118">
                  <Shape>
                     <Polygon POINTS="1619 2303 1609 2246 2367 2233 2377 2289 2384 2309 2364 2329 2364 2332 2361 2332 2358 2332 2354 2332 2261 2316 2248 2313 2241 2316 2211 2329 2208 2329 2205 2329 2095 2319 2035 2316 2022 2323 2002 2339 1998 2339 1995 2339 1992 2339 1988 2339 1935 2326 1905 2319 1862 2329 1809 2342 1805 2342 1802 2342 1616 2336"/>
                  </Shape>
                  <String CONTENT="Urphed de Annelin"
                          HPOS="1609"
                          VPOS="2233"
                          WIDTH="775"
                          HEIGHT="109"/>
               </TextLine>
               <TextLine ID="eSc_line_f1940c12"
                         BASELINE="1646 2389 2411 2376"
                         HPOS="1642"
                         VPOS="2289"
                         WIDTH="769"
                         HEIGHT="140"
                         TAGREFS="LT118">
                  <Shape>
                     <Polygon POINTS="1646 2389 1642 2316 1812 2319 1855 2313 1942 2296 1945 2296 2015 2313 2038 2316 2055 2309 2108 2293 2111 2293 2115 2293 2195 2309 2198 2309 2238 2289 2241 2289 2244 2289 2404 2309 2411 2376 2407 2409 2224 2426 2221 2426 2161 2416 2028 2396 1918 2416 1915 2416 1835 2402 1789 2422 1785 2422 1782 2422 1706 2409 1649 2429"/>
                  </Shape>
                  <String CONTENT="vefve Pierrat vauthier"
                          HPOS="1642"
                          VPOS="2289"
                          WIDTH="769"
                          HEIGHT="140"/>
               </TextLine>
               <TextLine ID="eSc_line_40074720"
                         BASELINE="1695 2468 2205 2449"
                         HPOS="1686"
                         VPOS="2372"
                         WIDTH="515"
                         HEIGHT="170"
                         TAGREFS="LT118">
                  <Shape>
                     <Polygon POINTS="1692 2465 1686 2392 2191 2372 2201 2445 2201 2535 2101 2542 2098 2542 2095 2542 2091 2542 2065 2525 2032 2505 2005 2522 1965 2542 1962 2542 1958 2542 1955 2542 1859 2509 1809 2492 1692 2492"/>
                  </Shape>
                  <String CONTENT="de Courthedoubs"
                          HPOS="1686"
                          VPOS="2372"
                          WIDTH="515"
                          HEIGHT="170"/>
               </TextLine>
            </TextBlock>
            <TextBlock HPOS="2380"
                       VPOS="3687"
                       WIDTH="112"
                       HEIGHT="129"
                       ID="eSc_textblock_bf9f92c5"
                       TAGREFS="BT371">
               <Shape>
                  <Polygon POINTS="2492 3816 2492 3687 2380 3687 2380 3816"/>
               </Shape>
               <TextLine ID="eSc_line_2ee9b3b7"
                         TAGREFS="LT118"
                         BASELINE="2419 3786 2479 3790"
                         HPOS="2407"
                         VPOS="3688"
                         WIDTH="70"
                         HEIGHT="163">
                  <Shape>
                     <Polygon POINTS="2417 3785 2417 3688 2477 3692 2477 3788 2467 3851 2407 3831"/>
                  </Shape>
                  <String CONTENT="4" HPOS="2407" VPOS="3688" WIDTH="70" HEIGHT="163"/>
               </TextLine>
            </TextBlock>
         </PrintSpace>
      </Page>
   </Layout>
</alto>
