<alto xmlns:xsi="http://www.w3.org/2001/XMLSchema-instance"
      xmlns="http://www.loc.gov/standards/alto/ns-v4#"
      xsi:schemaLocation="http://www.loc.gov/standards/alto/ns-v4# http://www.loc.gov/standards/alto/v4/alto-4-2.xsd">
   <Description>
      <MeasurementUnit>pixel</MeasurementUnit>
      <sourceImageInformation>
         <fileName>B_168_15-23-3_0002.jpg</fileName>
      </sourceImageInformation>
   </Description>
   <Tags>
      <OtherTag ID="BT365"
                LABEL="MainZone:column"
                DESCRIPTION="block type MainZone:column"/>
      <OtherTag ID="BT367" LABEL="MainZone" DESCRIPTION="block type MainZone"/>
      <OtherTag ID="BT368"
                LABEL="MarginTextZone"
                DESCRIPTION="block type MarginTextZone"/>
      <OtherTag ID="BT369"
                LABEL="MarginTextZone:note"
                DESCRIPTION="block type MarginTextZone:note"/>
      <OtherTag ID="BT370"
                LABEL="NumberingZone:other"
                DESCRIPTION="block type NumberingZone:other"/>
      <OtherTag ID="BT371"
                LABEL="NumberingZone:page"
                DESCRIPTION="block type NumberingZone:page"/>
      <OtherTag ID="BT379"
                LABEL="DecorationZone"
                DESCRIPTION="block type DecorationZone"/>
      <OtherTag ID="BT380"
                LABEL="CustomZone:signature"
                DESCRIPTION="block type CustomZone:signature"/>
      <OtherTag ID="LT118" LABEL="DefaultLine" DESCRIPTION="line type DefaultLine"/>
      <OtherTag ID="LT119" LABEL="HeadingLine" DESCRIPTION="line type HeadingLine"/>
      <OtherTag ID="LT120"
                LABEL="InterlinearLine"
                DESCRIPTION="line type InterlinearLine"/>
   </Tags>
   <Layout>
      <Page WIDTH="2637"
            HEIGHT="3848"
            PHYSICAL_IMG_NR="47"
            ID="eSc_dummypage_">
         <PrintSpace HPOS="0" VPOS="0" WIDTH="2637" HEIGHT="3848">
            <TextBlock HPOS="577"
                       VPOS="102"
                       WIDTH="1893"
                       HEIGHT="3139"
                       ID="eSc_textblock_a1e2ae82"
                       TAGREFS="BT367">
               <Shape>
                  <Polygon POINTS="2264 1266 2380 1423 2329 1590 2367 1795 2341 2215 2470 2526 2457 2869 2406 2911 2406 3075 2341 3190 933 3241 641 3203 641 2398 590 2257 654 2190 667 1872 590 1805 577 1641 628 885 680 869 692 692 603 548 590 256 705 115 1231 102 2290 205 2329 1074"/>
               </Shape>
               <TextLine ID="eSc_line_a7673b17"
                         BASELINE="648 266 1392 253 2271 262"
                         HPOS="641"
                         VPOS="150"
                         WIDTH="1630"
                         HEIGHT="154"
                         TAGREFS="LT118">
                  <Shape>
                     <Polygon POINTS="648 266 641 153 814 150 818 150 821 150 824 150 824 153 827 153 869 198 911 198 959 160 962 160 965 160 968 160 972 160 1068 192 1106 176 1109 176 1113 176 1283 198 1543 198 1597 166 1610 160 1613 160 1616 160 1655 166 1706 179 1738 169 1783 153 1786 153 1790 153 1793 153 1857 169 1934 192 1960 173 1976 160 1979 160 1982 160 1985 160 2268 179 2271 262 2264 295 2130 278 2001 295 1960 301 1956 301 1924 295 1828 278 1806 295 1799 301 1796 301 1793 301 1790 301 1786 301 1774 295 1741 282 1616 295 1613 295 1459 278 1289 295 1231 301 1228 301 1225 301 1212 295 1167 278 1151 295 1148 298 1148 301 1145 301 1142 301 1142 304 1020 304 1016 301 1013 301 997 295 936 278 879 295 872 298 869 298 866 298 850 295 766 282 648 295"/>
                  </Shape>
                  <String CONTENT="Item confesse qualors ledi elle heust sa"
                          HPOS="641"
                          VPOS="150"
                          WIDTH="1630"
                          HEIGHT="154"/>
               </TextLine>
               <TextLine ID="eSc_line_a6e9f879"
                         BASELINE="596 362 2216 339"
                         HPOS="590"
                         VPOS="259"
                         WIDTH="1626"
                         HEIGHT="161"
                         TAGREFS="LT118">
                  <Shape>
                     <Polygon POINTS="596 362 590 275 657 275 660 275 664 275 699 307 753 307 782 282 782 278 785 278 789 278 792 278 795 278 856 301 898 275 898 272 901 272 904 272 907 272 1007 272 1010 272 1013 272 1013 275 1042 301 1129 275 1145 269 1148 269 1151 269 1186 275 1308 298 1347 298 1369 275 1373 272 1373 269 1376 269 1379 269 1382 269 1385 269 1389 269 1395 275 1424 295 1510 275 1536 269 1539 269 1568 275 1661 291 1774 275 1812 269 1815 269 1818 269 1831 275 1870 288 1902 275 1915 269 1918 269 1921 269 1924 269 1940 275 1963 282 1972 275 1988 259 1992 259 1995 259 1998 259 2210 275 2216 339 2216 384 1953 407 1950 407 1947 407 1905 388 1863 368 1751 368 1703 368 1684 388 1664 404 1664 407 1661 407 1658 407 1655 407 1652 407 1648 407 1620 388 1604 378 1591 388 1571 404 1568 404 1565 404 1408 413 1405 413 1401 413 1353 391 1347 388 1337 391 1299 400 1296 400 1292 400 1289 400 1263 391 1238 378 1106 378 1077 391 1013 420 1010 420 1007 420 744 407 741 407 705 391 686 384 596 391"/>
                  </Shape>
                  <String CONTENT="compagnie et copulation avec Iceluy"
                          HPOS="590"
                          VPOS="259"
                          WIDTH="1626"
                          HEIGHT="161"/>
               </TextLine>
               <TextLine ID="eSc_line_ec616ea7"
                         BASELINE="657 503 1276 484 2239 487"
                         HPOS="651"
                         VPOS="391"
                         WIDTH="1588"
                         HEIGHT="150"
                         TAGREFS="LT118">
                  <Shape>
                     <Polygon POINTS="657 503 651 397 792 394 795 394 798 394 802 394 808 397 862 432 917 432 949 400 952 400 952 397 955 397 959 397 962 397 1045 404 1106 407 1113 404 1126 391 1129 391 1132 391 1135 391 1292 397 1296 397 1299 397 1308 407 1337 429 1433 413 1437 413 1440 413 1475 429 1494 410 1498 410 1498 407 1501 407 1504 407 1507 407 1536 413 1559 416 1571 413 1600 400 1604 400 1607 400 1610 400 1636 413 1661 426 1738 416 1806 407 1809 407 1812 407 1844 416 1870 426 1879 416 1895 404 1899 404 1902 404 1905 404 1908 404 1953 420 1966 423 1976 420 2017 407 2021 407 2024 407 2027 407 2030 407 2049 420 2059 426 2232 426 2239 487 2239 509 2171 525 2168 525 2165 525 2162 525 2162 522 2149 513 2146 506 2130 513 2094 525 2091 525 2088 525 2033 516 1963 500 1918 516 1902 522 1899 522 1895 522 1892 522 1876 516 1806 497 1706 513 1703 513 1610 497 1536 519 1533 519 1530 519 1401 500 1289 525 1286 525 1283 525 1280 525 1280 522 1257 500 1225 516 1222 516 1219 516 1215 516 1177 500 1109 532 1093 538 1090 538 1090 541 1029 541 1026 538 1023 538 1020 538 1016 532 991 513 962 535 959 538 955 538 952 538 949 538 946 538 943 538 939 535 895 506 856 535 856 538 853 538 850 538 846 538 843 538 837 535 782 519 763 538 760 538 757 538 757 541 657 541"/>
                  </Shape>
                  <String CONTENT="Item confesse qualors aussy elle receut"
                          HPOS="651"
                          VPOS="391"
                          WIDTH="1588"
                          HEIGHT="150"/>
               </TextLine>
               <TextLine ID="eSc_line_ba1f4529"
                         BASELINE="696 586 2226 577"
                         HPOS="686"
                         VPOS="500"
                         WIDTH="1540"
                         HEIGHT="134"
                         TAGREFS="LT118">
                  <Shape>
                     <Polygon POINTS="696 586 686 538 757 516 760 516 763 516 766 516 814 532 846 506 850 506 853 506 856 506 1081 529 1138 532 1154 525 1174 516 1177 516 1180 516 1273 522 1363 529 1376 519 1392 506 1392 503 1395 503 1398 503 1401 503 1405 503 1459 519 1507 532 1706 532 1770 529 1786 509 1796 503 1796 500 1799 500 1802 500 1806 500 2024 503 2027 503 2030 503 2049 522 2088 503 2091 500 2094 500 2098 500 2219 500 2226 577 2226 593 2082 628 2078 628 1863 602 1815 599 1806 606 1786 622 1783 622 1780 622 1777 622 1774 622 1738 609 1722 602 1533 602 1514 612 1488 631 1485 631 1482 631 1482 634 1430 634 1427 631 1424 631 1421 631 1405 615 1389 602 1334 618 1286 631 1283 631 1280 631 1276 631 1251 622 1212 602 1126 625 1077 634 1074 634 1010 628 914 615 840 631 821 634 818 634 814 634 811 634 811 631 785 609 699 634"/>
                  </Shape>
                  <String CONTENT="dudit Hämmerlin son maitre, de largent"
                          HPOS="686"
                          VPOS="500"
                          WIDTH="1540"
                          HEIGHT="134"/>
               </TextLine>
               <TextLine ID="eSc_line_a7113e11"
                         BASELINE="725 676 2277 663"
                         HPOS="712"
                         VPOS="593"
                         WIDTH="1565"
                         HEIGHT="115"
                         TAGREFS="LT118">
                  <Shape>
                     <Polygon POINTS="725 676 712 625 741 602 744 602 747 602 750 602 837 622 898 602 901 602 904 602 907 602 946 622 949 625 1074 625 1081 618 1100 602 1100 599 1103 599 1106 599 1109 599 1340 612 1466 618 1514 609 1571 596 1575 596 1652 606 1735 615 1767 602 1786 596 1790 596 1793 596 1873 599 2053 612 2094 596 2101 593 2104 593 2107 593 2123 596 2194 612 2264 593 2277 663 2274 695 2178 683 2091 699 2082 699 2078 699 2075 699 2072 699 2037 683 1985 699 1982 699 1299 705 1296 705 1292 705 1289 705 1263 689 1113 689 725 708"/>
                  </Shape>
                  <String CONTENT="comme elle pensoit, mais quayant"
                          HPOS="712"
                          VPOS="593"
                          WIDTH="1565"
                          HEIGHT="115"/>
               </TextLine>
               <TextLine ID="eSc_line_94d132cc"
                         BASELINE="715 759 2271 766"
                         HPOS="708"
                         VPOS="679"
                         WIDTH="1563"
                         HEIGHT="132"
                         TAGREFS="LT118">
                  <Shape>
                     <Polygon POINTS="715 759 708 699 779 679 782 679 785 679 789 679 827 699 830 699 850 699 984 683 988 683 1206 699 1241 699 1244 699 1260 683 1260 679 1263 679 1267 679 1270 679 1443 679 1446 679 1450 679 1472 699 1504 683 1507 683 1510 683 1719 683 1722 683 1761 699 1774 702 1786 699 1828 683 1831 683 1834 683 1982 686 1985 686 1988 686 2001 699 2008 702 2264 699 2271 766 2271 785 2226 808 2223 808 2219 808 2126 788 2101 782 2094 788 2072 804 2069 804 2065 804 2062 804 1944 788 1889 782 1879 788 1863 804 1863 808 1860 808 1857 808 1857 811 1770 811 1767 808 1764 808 1716 792 1684 782 1616 792 1533 804 1533 808 1360 808 1356 804 1353 804 1350 804 1337 795 1324 788 1302 795 1276 804 1273 804 1270 804 1267 804 1247 795 1206 779 895 779 859 801 856 804 853 804 850 804 846 804 843 804 840 804 840 801 837 801 814 779 766 779 715 801"/>
                  </Shape>
                  <String CONTENT="regardé a son depart, ce nestoit esté que"
                          HPOS="708"
                          VPOS="679"
                          WIDTH="1563"
                          HEIGHT="132"/>
               </TextLine>
               <TextLine ID="eSc_line_53186fd1"
                         BASELINE="741 862 1254 856"
                         HPOS="734"
                         VPOS="756"
                         WIDTH="520"
                         HEIGHT="125"
                         TAGREFS="LT118">
                  <Shape>
                     <Polygon POINTS="741 862 734 772 821 759 824 759 827 759 830 759 856 776 882 792 904 779 946 759 949 759 1004 756 1007 756 1010 756 1013 756 1039 779 1109 756 1113 756 1116 756 1119 756 1122 756 1122 759 1161 792 1164 798 1247 798 1254 856 1254 869 741 881"/>
                  </Shape>
                  <String CONTENT="de feuilles."
                          HPOS="734"
                          VPOS="756"
                          WIDTH="520"
                          HEIGHT="125"/>
               </TextLine>
               <TextLine ID="eSc_line_031af198"
                         BASELINE="673 997 2309 1003"
                         HPOS="670"
                         VPOS="897"
                         WIDTH="1639"
                         HEIGHT="151"
                         TAGREFS="LT118">
                  <Shape>
                     <Polygon POINTS="673 997 673 897 802 901 805 901 808 901 859 939 1122 939 1177 913 1180 913 1183 913 1186 913 1273 936 1379 920 1382 920 1472 936 1543 904 1546 904 1549 904 1607 904 1610 904 1613 904 1613 907 1639 926 1671 904 1674 904 1677 904 1681 904 1857 904 1860 904 1921 936 1972 910 1976 910 1979 910 1982 910 2053 942 2219 942 2300 907 2309 1003 2303 1035 2024 1019 1988 1038 1982 1045 1979 1045 1976 1045 1972 1045 1969 1045 1966 1045 1960 1038 1934 1019 1777 1035 1774 1035 1648 1019 1626 1038 1623 1038 1620 1038 1616 1038 1488 1022 1382 1042 1344 1048 1340 1048 1305 1042 1241 1032 1100 1045 1039 1048 1036 1048 1032 1048 1029 1048 1026 1045 988 1016 936 1016 901 1045 898 1048 895 1048 891 1048 888 1048 885 1048 875 1045 811 1026 670 1045"/>
                  </Shape>
                  <String CONTENT="Item confesse que ledit Hammerlin avoit"
                          HPOS="670"
                          VPOS="897"
                          WIDTH="1639"
                          HEIGHT="151"/>
               </TextLine>
               <TextLine ID="eSc_line_b1349f90"
                         BASELINE="712 1106 2309 1093"
                         HPOS="696"
                         VPOS="1000"
                         WIDTH="1610"
                         HEIGHT="144"
                         TAGREFS="LT118">
                  <Shape>
                     <Polygon POINTS="708 1103 696 1045 750 1010 753 1010 757 1010 760 1010 866 1019 869 1019 872 1019 898 1042 939 1010 943 1010 946 1010 949 1010 952 1010 1052 1042 1058 1042 1071 1042 1186 1022 1190 1022 1411 1035 1469 1038 1475 1035 1507 1006 1507 1003 1510 1003 1514 1003 1517 1003 1748 1019 1921 1000 1924 1000 1928 1000 1995 1029 2021 1003 2021 1000 2024 1000 2027 1000 2030 1000 2033 1000 2037 1000 2082 1026 2091 1032 2110 1026 2165 1010 2168 1010 2171 1010 2300 1026 2306 1090 2306 1122 2146 1135 2142 1135 2139 1135 2136 1135 2136 1131 2126 1125 2107 1109 1908 1109 1857 1128 1854 1128 1851 1128 1732 1112 1674 1131 1671 1131 1668 1131 1664 1131 1575 1112 1433 1135 1395 1141 1392 1141 1389 1141 1385 1141 1385 1138 1382 1138 1373 1128 1363 1138 1360 1141 1356 1141 1353 1141 1353 1144 1193 1144 1190 1141 1186 1141 1180 1138 1106 1115 708 1144"/>
                  </Shape>
                  <String CONTENT="des pieds comme des pieds de vache."
                          HPOS="696"
                          VPOS="1000"
                          WIDTH="1610"
                          HEIGHT="144"/>
               </TextLine>
               <TextLine ID="eSc_line_43d7ea4b"
                         BASELINE="615 1253 1549 1282 2213 1279"
                         HPOS="609"
                         VPOS="1154"
                         WIDTH="1604"
                         HEIGHT="186"
                         TAGREFS="LT118">
                  <Shape>
                     <Polygon POINTS="615 1253 612 1183 785 1154 789 1154 792 1154 846 1180 872 1192 914 1180 930 1176 933 1176 936 1176 962 1180 1023 1192 1036 1180 1061 1160 1065 1160 1068 1160 1071 1160 1190 1160 1193 1160 1196 1160 1219 1180 1241 1202 1494 1202 1520 1183 1523 1183 1527 1183 1530 1183 1533 1183 1536 1183 1536 1186 1562 1208 1671 1208 1722 1180 1725 1180 1729 1180 1732 1180 1735 1180 1754 1196 1774 1180 1780 1173 1783 1173 1786 1173 1790 1173 1860 1173 1863 1173 1873 1180 1937 1215 2072 1215 2139 1180 2142 1180 2146 1180 2210 1180 2213 1279 2213 1314 2146 1337 2142 1337 2139 1337 2136 1337 2133 1337 2133 1333 2114 1314 2107 1308 1947 1308 1918 1314 1851 1337 1847 1337 1847 1340 1725 1340 1722 1337 1719 1337 1716 1337 1716 1333 1697 1317 1645 1333 1642 1333 1639 1333 1636 1333 1632 1333 1604 1314 1584 1305 1552 1314 1504 1330 1501 1330 1498 1330 1494 1330 1491 1330 1469 1314 1443 1298 1405 1314 1382 1324 1379 1324 1376 1324 1373 1324 1356 1314 1324 1298 1302 1314 1299 1314 1296 1314 1292 1314 1289 1314 1238 1301 1206 1314 1186 1324 1183 1324 1183 1327 1029 1327 1026 1324 965 1314 773 1285 699 1314 692 1317 689 1317 686 1317 609 1314"/>
                  </Shape>
                  <String CONTENT="Item confesse qu'alors ledit Hammerlin"
                          HPOS="609"
                          VPOS="1154"
                          WIDTH="1604"
                          HEIGHT="186"/>
               </TextLine>
               <TextLine ID="eSc_line_740babe1"
                         BASELINE="692 1353 2270 1385"
                         HPOS="683"
                         VPOS="1276"
                         WIDTH="1585"
                         HEIGHT="138"
                         TAGREFS="LT118">
                  <Shape>
                     <Polygon POINTS="689 1350 686 1301 814 1276 818 1276 891 1279 895 1279 898 1279 898 1282 923 1301 1116 1295 1119 1295 1122 1295 1167 1311 1170 1311 1190 1292 1190 1289 1193 1289 1196 1289 1286 1285 1289 1285 1292 1285 1296 1285 1296 1289 1324 1314 1328 1317 1369 1317 1373 1314 1398 1292 1398 1289 1401 1289 1405 1289 1408 1289 1475 1289 1478 1289 1482 1289 1482 1292 1507 1311 1623 1295 1626 1295 1629 1295 1632 1295 1632 1298 1658 1321 1703 1295 1706 1295 1709 1295 1713 1295 1716 1295 1716 1298 1741 1321 1741 1324 1828 1324 1831 1324 1860 1298 1863 1298 1867 1298 1870 1298 1873 1298 1876 1298 1876 1301 1905 1324 2033 1301 2037 1301 2040 1301 2110 1327 2146 1314 2149 1314 2152 1314 2268 1333 2268 1382 2264 1414 1703 1414 1700 1410 1697 1410 1655 1394 1632 1385 1559 1385 1552 1391 1536 1404 1536 1407 1533 1407 1530 1407 1527 1407 1523 1407 1456 1388 1433 1382 1411 1385 1324 1404 1321 1404 1055 1398 1052 1398 968 1372 965 1372 959 1372 888 1394 885 1394 882 1394 879 1394 875 1394 875 1391 853 1369 683 1362"/>
                  </Shape>
                  <String CONTENT="sondit maitre, Lui donna du poulsat en"
                          HPOS="683"
                          VPOS="1276"
                          WIDTH="1585"
                          HEIGHT="138"/>
               </TextLine>
               <TextLine ID="eSc_line_ddd982a7"
                         BASELINE="651 1433 2364 1484"
                         HPOS="641"
                         VPOS="1366"
                         WIDTH="1723"
                         HEIGHT="157"
                         TAGREFS="LT118">
                  <Shape>
                     <Polygon POINTS="651 1433 651 1366 1010 1388 1055 1372 1077 1366 1081 1366 1084 1366 1087 1366 1119 1375 1158 1385 1177 1375 1193 1369 1196 1369 1199 1369 1241 1378 1331 1398 1417 1382 1424 1382 1427 1382 1430 1382 1433 1382 1433 1385 1453 1404 1523 1404 1687 1388 1722 1385 1725 1385 1780 1388 2059 1420 2091 1398 2094 1398 2098 1398 2101 1398 2104 1398 2248 1420 2361 1404 2364 1484 2361 1507 2085 1523 2082 1523 2078 1523 1995 1494 1979 1491 1966 1494 1870 1516 1867 1516 1748 1513 1745 1513 1741 1513 1709 1484 1677 1481 1575 1475 1568 1478 1559 1487 1559 1491 1555 1491 1552 1491 1549 1491 1469 1475 1446 1471 1353 1471 1350 1471 1302 1500 1299 1500 1296 1500 1292 1500 875 1452 862 1452 811 1484 808 1484 805 1484 802 1484 798 1484 641 1443"/>
                  </Shape>
                  <String CONTENT="une bouete pour nuire a gens et a bestes."
                          HPOS="641"
                          VPOS="1366"
                          WIDTH="1723"
                          HEIGHT="157"/>
               </TextLine>
               <TextLine ID="eSc_line_a9a7cfb9"
                         BASELINE="638 1632 692 1619 2239 1632"
                         HPOS="628"
                         VPOS="1510"
                         WIDTH="1611"
                         HEIGHT="157"
                         TAGREFS="LT118">
                  <Shape>
                     <Polygon POINTS="638 1632 628 1523 766 1510 769 1510 773 1510 808 1526 859 1548 907 1529 927 1519 930 1519 933 1519 936 1519 939 1519 949 1529 962 1535 1004 1529 1103 1516 1106 1516 1222 1535 1263 1542 1270 1535 1292 1519 1296 1519 1299 1519 1401 1513 1405 1513 1475 1516 1478 1516 1527 1542 1552 1558 1729 1558 1748 1548 1831 1516 1834 1516 1838 1516 1841 1516 1976 1555 1985 1558 2239 1561 2239 1632 2232 1667 2091 1648 1741 1661 1738 1661 1735 1661 1671 1645 1581 1664 1578 1664 1575 1664 1565 1664 1337 1645 1045 1661 1036 1661 1032 1661 1029 1661 988 1638 635 1657"/>
                  </Shape>
                  <String CONTENT="Item confesse que dudit poulsat elle en"
                          HPOS="628"
                          VPOS="1510"
                          WIDTH="1611"
                          HEIGHT="157"/>
               </TextLine>
               <TextLine ID="eSc_line_9d30d0c4"
                         BASELINE="673 1699 2322 1715"
                         HPOS="667"
                         VPOS="1625"
                         WIDTH="1655"
                         HEIGHT="116"
                         TAGREFS="LT118">
                  <Shape>
                     <Polygon POINTS="673 1699 670 1641 850 1625 853 1625 856 1625 901 1641 920 1648 936 1641 975 1625 978 1625 981 1625 984 1625 1045 1641 1081 1654 1392 1654 1405 1645 1411 1638 1411 1635 1414 1635 1417 1635 1421 1635 1536 1645 1677 1657 1716 1645 1748 1635 1751 1635 1754 1635 1828 1648 1895 1657 1918 1648 1944 1635 1947 1635 1950 1635 2322 1651 2322 1715 2319 1731 1334 1741 1331 1741 667 1715"/>
                  </Shape>
                  <String CONTENT="avoit jecté sur les porcs de Caspar"
                          HPOS="667"
                          VPOS="1625"
                          WIDTH="1655"
                          HEIGHT="116"/>
               </TextLine>
               <TextLine ID="eSc_line_5516829c"
                         BASELINE="635 1766 2339 1820"
                         HPOS="625"
                         VPOS="1702"
                         WIDTH="1716"
                         HEIGHT="138"
                         TAGREFS="LT118">
                  <Shape>
                     <Polygon POINTS="631 1763 628 1705 1135 1702 1138 1702 1142 1702 1203 1721 1206 1721 1276 1709 1280 1709 1430 1731 1450 1731 1459 1731 1533 1715 1536 1715 1539 1715 1616 1734 1620 1734 1921 1728 1924 1728 1928 1728 1931 1728 1950 1747 1953 1747 1966 1747 2117 1734 2120 1734 2123 1734 2126 1734 2149 1754 2152 1754 2162 1754 2268 1741 2271 1741 2274 1741 2341 1760 2338 1818 2335 1831 1982 1840 1979 1840 1976 1840 1972 1840 1972 1837 1956 1821 1764 1818 1549 1840 1546 1840 1392 1811 1347 1834 1344 1834 1340 1834 1231 1831 1084 1802 834 1818 830 1818 625 1776"/>
                  </Shape>
                  <String CONTENT="vallat, Questoyent dessus le grainier"
                          HPOS="625"
                          VPOS="1702"
                          WIDTH="1716"
                          HEIGHT="138"/>
               </TextLine>
               <TextLine ID="eSc_line_12605cc5"
                         BASELINE="680 1869 2306 1911"
                         HPOS="673"
                         VPOS="1786"
                         WIDTH="1633"
                         HEIGHT="166"
                         TAGREFS="LT118">
                  <Shape>
                     <Polygon POINTS="680 1869 683 1795 737 1811 760 1798 776 1786 779 1786 782 1786 785 1786 789 1786 821 1798 834 1805 843 1798 866 1789 869 1789 872 1789 1032 1792 1036 1792 1068 1808 1100 1824 1305 1827 1363 1818 1446 1805 1450 1805 1453 1805 1498 1824 1501 1824 1504 1824 1530 1805 1533 1805 1536 1805 1539 1805 1543 1805 1610 1827 1632 1834 1671 1831 1790 1811 1793 1811 1902 1837 1934 1843 1956 1840 2030 1824 2033 1824 2037 1824 2040 1824 2059 1843 2062 1847 2306 1853 2306 1911 2300 1952 2152 1949 2149 1949 2146 1949 2146 1946 2098 1920 1677 1927 1668 1927 1664 1927 1658 1927 1501 1907 1462 1920 1437 1927 1433 1927 1430 1927 1427 1927 1401 1917 1376 1907 1356 1914 1321 1927 1318 1927 1315 1927 1312 1927 1280 1911 1247 1898 1215 1907 1174 1924 1170 1924 1167 1924 1164 1924 1161 1924 1161 1920 1142 1907 1129 1891 1029 1891 997 1901 933 1920 930 1920 927 1920 862 1917 859 1917 856 1917 856 1914 834 1891 830 1891 824 1891 766 1904 763 1904 673 1885"/>
                  </Shape>
                  <String CONTENT="et lesquelx en morurent, Et ce a raison"
                          HPOS="673"
                          VPOS="1786"
                          WIDTH="1633"
                          HEIGHT="166"/>
               </TextLine>
               <TextLine ID="eSc_line_70bffe1f"
                         BASELINE="689 1984 1299 1981 2303 2007"
                         HPOS="683"
                         VPOS="1879"
                         WIDTH="1620"
                         HEIGHT="137"
                         TAGREFS="LT118">
                  <Shape>
                     <Polygon POINTS="689 1984 689 1882 721 1895 776 1885 811 1879 814 1879 818 1879 821 1879 830 1885 882 1917 1004 1920 1061 1920 1084 1895 1093 1888 1093 1885 1097 1885 1100 1885 1103 1885 1106 1885 1129 1898 1151 1907 1177 1898 1222 1882 1225 1882 1228 1882 1318 1898 1401 1885 1405 1885 1408 1885 1456 1904 1478 1885 1482 1885 1485 1885 1488 1885 1761 1907 1863 1891 1867 1891 2046 1904 2049 1904 2053 1904 2085 1930 2091 1936 2303 1940 2303 2007 2296 2016 683 2000"/>
                  </Shape>
                  <String CONTENT="de ce que ledit Caspar laccusoit davoir"
                          HPOS="683"
                          VPOS="1879"
                          WIDTH="1620"
                          HEIGHT="137"/>
               </TextLine>
               <TextLine ID="eSc_line_7cbe1bd2"
                         BASELINE="686 2065 2287 2087"
                         HPOS="683"
                         VPOS="1981"
                         WIDTH="1604"
                         HEIGHT="145"
                         TAGREFS="LT118">
                  <Shape>
                     <Polygon POINTS="686 2065 686 2000 888 2007 898 2004 927 1984 930 1984 933 1984 1049 1981 1052 1981 1055 1981 1122 2007 1132 2010 1135 2007 1161 1988 1164 1988 1167 1988 1292 1984 1296 1984 1456 2013 1462 2013 1469 2013 1559 1988 1562 1988 1565 1988 1568 1988 1571 1988 1571 1991 1600 2016 1607 2023 1703 2023 1709 2016 1754 1991 1758 1991 1761 1991 1764 1991 1828 1991 1963 2023 1972 2023 1979 2023 2049 2007 2053 2007 2142 2026 2149 2026 2152 2026 2181 2007 2184 2007 2187 2007 2191 2007 2284 2029 2287 2087 2280 2126 1985 2100 1908 2122 1895 2126 1892 2126 1889 2126 1828 2122 1645 2106 1559 2119 1543 2119 1539 2119 1536 2119 1533 2119 1488 2100 1411 2116 1392 2119 1389 2119 1385 2119 1379 2116 1331 2090 1225 2103 1222 2103 904 2084 683 2106"/>
                  </Shape>
                  <String CONTENT="prins de la closure en une barre."
                          HPOS="683"
                          VPOS="1981"
                          WIDTH="1604"
                          HEIGHT="145"/>
               </TextLine>
               <TextLine ID="eSc_line_10dd34aa"
                         BASELINE="676 2238 1722 2270 1942 2284"
                         HPOS="667"
                         VPOS="2199"
                         WIDTH="1273"
                         HEIGHT="122"
                         TAGREFS="LT118">
                  <Shape>
                     <Polygon POINTS="673 2235 670 2202 1937 2199 1940 2283 1934 2321 1642 2283 1510 2305 1507 2305 1302 2276 1061 2295 1052 2295 1049 2295 1045 2295 1042 2295 997 2260 949 2260 818 2286 814 2286 667 2283"/>
                  </Shape>
                  <String CONTENT="Item confesse quelle avoit"
                          HPOS="667"
                          VPOS="2199"
                          WIDTH="1273"
                          HEIGHT="122"/>
               </TextLine>
               <TextLine ID="eSc_line_c9cd0344"
                         TAGREFS="LT120"
                         BASELINE="1905 2196 2043 2212"
                         HPOS="1895"
                         VPOS="2068"
                         WIDTH="151"
                         HEIGHT="163">
                  <Shape>
                     <Polygon POINTS="1902 2193 1911 2068 2046 2081 2040 2209 2033 2231 1895 2212"/>
                  </Shape>
                  <String CONTENT="aussi"
                          HPOS="1895"
                          VPOS="2068"
                          WIDTH="151"
                          HEIGHT="163"/>
               </TextLine>
               <TextLine ID="eSc_line_8fde997f"
                         BASELINE="1950 2284 2322 2308"
                         HPOS="1947"
                         VPOS="2251"
                         WIDTH="372"
                         HEIGHT="112"
                         TAGREFS="LT118">
                  <Shape>
                     <Polygon POINTS="1947 2283 1947 2251 2316 2270 2319 2305 2312 2363 2277 2363 2274 2360 2271 2360 2268 2360 2268 2356 2232 2324 2181 2340 2178 2340 2175 2340 2053 2312 1947 2337"/>
                  </Shape>
                  <String CONTENT="jecté dudit"
                          HPOS="1947"
                          VPOS="2251"
                          WIDTH="372"
                          HEIGHT="112"/>
               </TextLine>
               <TextLine ID="eSc_line_44fd0c68"
                         BASELINE="670 2344 2312 2382"
                         HPOS="664"
                         VPOS="2270"
                         WIDTH="1648"
                         HEIGHT="179"
                         TAGREFS="LT118">
                  <Shape>
                     <Polygon POINTS="670 2344 664 2292 744 2270 747 2270 750 2270 753 2270 757 2270 779 2289 904 2279 907 2279 911 2279 962 2295 965 2295 968 2295 1010 2273 1013 2273 1016 2273 1020 2273 1071 2295 1077 2299 1093 2295 1209 2276 1212 2276 1324 2299 1350 2305 1369 2302 1424 2283 1427 2283 1430 2283 1433 2283 1437 2283 1437 2286 1456 2302 1462 2308 1523 2308 1616 2305 1815 2292 1818 2292 1822 2292 1870 2308 1905 2318 1944 2308 1995 2295 1998 2295 2001 2295 2005 2295 2037 2308 2049 2315 2059 2308 2075 2299 2078 2299 2082 2299 2085 2299 2309 2315 2312 2382 2309 2449 2178 2449 2175 2446 2171 2446 2162 2443 2078 2421 1944 2440 1928 2440 1924 2440 1921 2440 1918 2440 1854 2398 1783 2424 1780 2424 1777 2424 1774 2424 1770 2424 1716 2385 1671 2414 1668 2414 1664 2414 1661 2414 1658 2414 1604 2385 1568 2414 1565 2414 1562 2414 1559 2414 1494 2411 1491 2411 1488 2411 1488 2408 1456 2376 1350 2372 1013 2372 904 2414 901 2414 898 2414 895 2414 891 2414 776 2382 667 2408"/>
                  </Shape>
                  <String CONTENT="poulsat sur lung des chevaulx de chez"
                          HPOS="664"
                          VPOS="2270"
                          WIDTH="1648"
                          HEIGHT="179"/>
               </TextLine>
               <TextLine ID="eSc_line_d2cc698b"
                         BASELINE="654 2456 2383 2485"
                         HPOS="648"
                         VPOS="2372"
                         WIDTH="1735"
                         HEIGHT="161"
                         TAGREFS="LT118">
                  <Shape>
                     <Polygon POINTS="654 2456 654 2392 1052 2405 1071 2392 1081 2382 1084 2382 1087 2382 1090 2382 1093 2382 1097 2382 1097 2385 1103 2392 1122 2408 1174 2408 1206 2392 1238 2372 1241 2372 1244 2372 1340 2392 1446 2411 1485 2392 1501 2382 1504 2382 1597 2379 1600 2379 1604 2379 1607 2379 1620 2392 1639 2405 1658 2392 1668 2382 1671 2382 1674 2382 1677 2382 1822 2382 1879 2385 1883 2385 1886 2385 1892 2392 1931 2417 2078 2398 2082 2398 2210 2424 2380 2392 2383 2485 2383 2497 2316 2530 2312 2530 2309 2530 2306 2530 2261 2517 2197 2533 2194 2533 2191 2533 1995 2494 1796 2507 1793 2507 1790 2507 1786 2507 1764 2491 1745 2507 1741 2507 1738 2507 1735 2507 1581 2488 1427 2520 1424 2520 1421 2520 1417 2520 1417 2517 1392 2494 1315 2517 1312 2517 1308 2517 1305 2517 1203 2481 1199 2481 1116 2481 1113 2481 1042 2514 1039 2514 1036 2514 1032 2514 1029 2514 1029 2510 994 2478 943 2510 939 2510 936 2510 936 2514 846 2514 843 2510 648 2472"/>
                  </Shape>
                  <String CONTENT="Mori guyon Et questant sollicitee des"
                          HPOS="648"
                          VPOS="2372"
                          WIDTH="1735"
                          HEIGHT="161"/>
               </TextLine>
               <TextLine ID="eSc_line_fd66fe3b"
                         BASELINE="667 2565 2454 2594"
                         HPOS="660"
                         VPOS="2469"
                         WIDTH="1794"
                         HEIGHT="173"
                         TAGREFS="LT118">
                  <Shape>
                     <Polygon POINTS="667 2565 673 2469 721 2497 872 2481 875 2481 879 2481 882 2481 882 2485 885 2485 895 2497 946 2475 955 2469 959 2469 962 2469 1013 2469 1016 2469 1020 2469 1020 2472 1026 2475 1052 2501 1122 2475 1129 2475 1132 2475 1270 2472 1273 2472 1276 2472 1292 2478 1344 2507 1482 2514 1555 2514 1597 2485 1600 2485 1604 2485 1607 2485 1616 2485 1722 2501 1738 2488 1741 2485 1741 2481 1745 2481 1748 2481 1751 2481 1928 2485 1931 2485 1934 2485 1944 2491 1982 2514 2056 2497 2059 2497 2062 2497 2065 2497 2065 2501 2088 2520 2450 2501 2454 2594 2450 2600 2361 2607 2316 2642 2312 2642 2309 2642 2306 2642 2303 2642 2235 2610 2098 2642 2094 2642 2091 2642 2088 2642 2040 2607 2027 2597 1998 2607 1908 2632 1905 2632 1902 2632 1899 2632 1895 2632 1857 2607 1834 2590 1661 2590 1632 2610 1600 2632 1597 2632 1594 2632 1594 2635 1523 2635 1520 2632 1517 2632 1514 2632 1485 2610 1456 2587 1427 2610 1401 2629 1398 2629 1395 2629 1395 2632 1267 2632 1263 2629 1260 2629 1257 2629 1257 2626 1244 2613 1222 2590 1170 2613 1138 2626 1135 2626 1132 2626 1129 2626 1126 2626 1109 2613 1055 2578 830 2578 753 2616 747 2619 744 2619 741 2619 660 2616"/>
                  </Shape>
                  <String CONTENT="gens de chez ledit guyon de lui ayder, quicelle"
                          HPOS="660"
                          VPOS="2469"
                          WIDTH="1794"
                          HEIGHT="173"/>
               </TextLine>
               <TextLine ID="eSc_line_e77fe987"
                         BASELINE="696 2671 2422 2677"
                         HPOS="686"
                         VPOS="2584"
                         WIDTH="1736"
                         HEIGHT="135"
                         TAGREFS="LT118">
                  <Shape>
                     <Polygon POINTS="696 2671 686 2626 750 2584 753 2584 757 2584 760 2584 1103 2584 1106 2584 1161 2607 1196 2584 1199 2584 1203 2584 1206 2584 1209 2584 1276 2613 1308 2629 1485 2629 1510 2607 1514 2607 1517 2607 1520 2607 1523 2607 1527 2607 1562 2626 1613 2603 1658 2587 1661 2587 1664 2587 1668 2587 1700 2603 1754 2632 2040 2632 2101 2610 2104 2610 2107 2610 2261 2629 2412 2587 2422 2677 2418 2719 2341 2719 2338 2716 2335 2716 2332 2716 2303 2693 2232 2712 2229 2712 2226 2712 2130 2693 2088 2712 2085 2712 2082 2712 2078 2712 2075 2712 2072 2712 2030 2696 1998 2712 1985 2716 1982 2716 1982 2719 1671 2719 1668 2716 1664 2716 1642 2706 1620 2696 1523 2703 1453 2709 1450 2709 1446 2709 1427 2703 1395 2690 1235 2690 1222 2700 1215 2706 1212 2706 1209 2706 1206 2706 1203 2706 1183 2700 1154 2690 1126 2700 1087 2709 1084 2709 1081 2709 1077 2709 1074 2709 1058 2696 1052 2693 692 2693"/>
                  </Shape>
                  <String CONTENT="conseilla de faire ung veu pour ledit"
                          HPOS="686"
                          VPOS="2584"
                          WIDTH="1736"
                          HEIGHT="135"/>
               </TextLine>
               <TextLine ID="eSc_line_17e53668"
                         BASELINE="737 2754 2415 2767"
                         HPOS="725"
                         VPOS="2680"
                         WIDTH="1690"
                         HEIGHT="119"
                         TAGREFS="LT118">
                  <Shape>
                     <Polygon POINTS="737 2754 734 2703 901 2680 904 2680 907 2680 911 2680 911 2683 930 2700 1004 2683 1007 2683 1010 2683 1013 2683 1036 2703 1052 2703 1427 2680 1430 2680 1433 2680 1520 2706 1523 2706 1565 2680 1568 2680 1571 2680 1575 2680 1703 2706 1719 2709 1735 2706 1831 2687 1834 2687 1838 2687 1886 2709 1892 2712 2033 2712 2043 2709 2059 2696 2062 2696 2065 2696 2069 2696 2072 2696 2114 2709 2123 2712 2130 2709 2162 2687 2165 2687 2168 2687 2171 2687 2412 2712 2415 2767 2412 2799 1998 2799 1995 2796 1992 2796 1966 2789 1928 2780 1648 2783 1238 2789 1235 2789 1164 2773 1151 2773 1109 2773 763 2786 760 2786 757 2786 753 2786 725 2767"/>
                  </Shape>
                  <String CONTENT="cheval a Souharce, Ce que ayant"
                          HPOS="725"
                          VPOS="2680"
                          WIDTH="1690"
                          HEIGHT="119"/>
               </TextLine>
               <TextLine ID="eSc_line_8f8e34dd"
                         BASELINE="667 2828 2412 2853"
                         HPOS="664"
                         VPOS="2757"
                         WIDTH="1748"
                         HEIGHT="125"
                         TAGREFS="LT118">
                  <Shape>
                     <Polygon POINTS="667 2828 664 2773 1042 2757 1045 2757 1049 2757 1109 2773 1138 2780 1145 2773 1161 2760 1164 2760 1167 2760 1170 2760 1318 2760 1433 2773 1565 2789 1658 2773 1713 2767 1716 2767 1793 2776 1972 2796 2005 2776 2008 2773 2011 2773 2014 2773 2017 2773 2110 2773 2114 2773 2117 2773 2117 2776 2120 2776 2136 2799 2194 2802 2364 2802 2402 2776 2412 2853 2409 2863 2197 2882 2194 2882 1507 2869 1504 2869 1501 2869 1491 2860 1478 2853 1433 2860 1382 2869 1379 2869 1376 2869 1340 2860 1299 2850 664 2857"/>
                  </Shape>
                  <String CONTENT="prins ung estaulx et faict ledit voyaige"
                          HPOS="664"
                          VPOS="2757"
                          WIDTH="1748"
                          HEIGHT="125"/>
               </TextLine>
               <TextLine ID="eSc_line_a7b486f7"
                         BASELINE="670 2921 1045 2918 2348 2956"
                         HPOS="664"
                         VPOS="2818"
                         WIDTH="1684"
                         HEIGHT="173"
                         TAGREFS="LT118">
                  <Shape>
                     <Polygon POINTS="670 2921 667 2847 702 2850 708 2847 753 2818 757 2818 760 2818 763 2818 766 2818 769 2818 769 2821 798 2850 802 2857 901 2857 981 2853 1039 2853 1074 2828 1077 2828 1081 2828 1084 2828 1363 2834 1366 2834 1369 2834 1369 2837 1398 2860 1475 2844 1478 2844 1482 2844 1485 2844 1485 2847 1510 2869 1539 2844 1539 2841 1543 2841 1546 2841 1549 2841 1623 2841 1626 2841 1629 2841 1658 2863 1725 2847 1729 2847 1732 2847 1735 2847 1738 2847 1780 2876 1783 2879 1796 2879 1892 2863 1895 2863 2146 2889 2165 2889 2168 2889 2207 2860 2210 2860 2213 2860 2216 2860 2219 2860 2223 2860 2271 2892 2274 2895 2348 2895 2348 2956 2345 2966 2229 2991 2226 2991 2104 2988 2101 2988 2098 2988 2098 2985 2078 2969 2005 2982 2001 2982 1998 2982 1931 2959 1834 2972 1831 2972 1700 2953 1697 2953 1645 2975 1642 2975 1639 2975 1636 2975 1632 2975 1594 2950 1591 2950 1575 2950 1315 2966 1312 2966 1308 2966 1305 2966 1305 2962 1283 2946 1263 2962 1260 2962 1257 2962 1257 2966 1145 2966 1142 2962 1138 2962 1093 2943 1052 2959 1049 2959 1045 2959 1042 2959 991 2937 984 2934 959 2937 782 2953 779 2953 664 2927"/>
                  </Shape>
                  <String CONTENT="et prins des herbes et de la terre du"
                          HPOS="664"
                          VPOS="2818"
                          WIDTH="1684"
                          HEIGHT="173"/>
               </TextLine>
               <TextLine ID="eSc_line_8f4b8c49"
                         BASELINE="651 3027 1241 3020 2235 3046"
                         HPOS="641"
                         VPOS="2934"
                         WIDTH="1601"
                         HEIGHT="137"
                         TAGREFS="LT118">
                  <Shape>
                     <Polygon POINTS="651 3027 641 2956 708 2934 712 2934 715 2934 718 2934 721 2934 721 2937 744 2956 747 2956 930 2943 933 2943 936 2943 981 2959 997 2943 1000 2943 1004 2943 1007 2943 1010 2943 1052 2962 1055 2962 1097 2940 1100 2940 1103 2940 1212 2940 1215 2940 1219 2940 1247 2966 1251 2969 1347 2969 1347 2966 1369 2946 1369 2943 1373 2943 1376 2943 1379 2943 1443 2943 1446 2943 1501 2969 1559 2950 1562 2950 1565 2950 1568 2950 1636 2972 1655 2956 1655 2953 1658 2953 1661 2953 1834 2950 1838 2950 1841 2950 1844 2950 1844 2953 1873 2975 1873 2978 2085 2978 2136 2978 2194 2959 2197 2959 2200 2959 2203 2959 2207 2959 2242 2982 2235 3046 2229 3071 1928 3046 1854 3068 1847 3068 1844 3068 1841 3068 1838 3068 1834 3068 1834 3065 1796 3043 1677 3055 1674 3055 1671 3055 1639 3039 1389 3052 1385 3052 1382 3052 1379 3052 1356 3036 1324 3059 1321 3059 1318 3059 1315 3059 1312 3059 1308 3059 1225 3033 1074 3055 1058 3055 1055 3055 1052 3055 1049 3055 1010 3033 648 3046"/>
                  </Shape>
                  <String CONTENT="Cymetiere et en donné a manger audit"
                          HPOS="641"
                          VPOS="2934"
                          WIDTH="1601"
                          HEIGHT="137"/>
               </TextLine>
               <TextLine ID="eSc_line_6910d8fd"
                         BASELINE="660 3113 2335 3132"
                         HPOS="654"
                         VPOS="3027"
                         WIDTH="1681"
                         HEIGHT="163"
                         TAGREFS="LT118">
                  <Shape>
                     <Polygon POINTS="660 3113 657 3049 805 3027 808 3027 927 3052 943 3052 952 3052 1045 3033 1049 3033 1148 3046 1174 3027 1177 3027 1180 3027 1183 3027 1283 3049 1494 3030 1498 3030 1697 3033 1700 3033 1774 3062 1780 3065 1921 3065 1921 3062 1950 3039 1950 3036 1953 3036 1956 3036 1960 3036 2017 3036 2021 3036 2107 3065 2114 3068 2335 3068 2335 3132 2335 3155 2271 3187 2268 3187 2268 3190 2203 3190 2200 3187 2197 3187 2194 3187 2146 3155 2142 3155 2072 3187 2069 3187 2065 3187 1828 3184 1825 3184 1770 3164 1690 3181 1687 3181 1684 3181 1681 3181 1655 3158 1636 3145 1520 3158 1514 3158 1510 3158 1507 3158 1504 3158 1485 3142 1283 3158 1280 3158 1276 3158 1215 3139 1170 3161 1148 3171 1145 3171 1142 3171 1138 3171 1116 3161 1074 3142 946 3155 943 3155 939 3155 936 3155 904 3136 802 3161 766 3171 763 3171 760 3171 654 3161"/>
                  </Shape>
                  <String CONTENT="cheval, Il estoit devenu guairis et luy"
                          HPOS="654"
                          VPOS="3027"
                          WIDTH="1681"
                          HEIGHT="163"/>
               </TextLine>
               <TextLine ID="eSc_line_921f74af"
                         BASELINE="657 3197 1331 3197"
                         HPOS="654"
                         VPOS="3123"
                         WIDTH="677"
                         HEIGHT="118"
                         TAGREFS="LT118">
                  <Shape>
                     <Polygon POINTS="657 3197 654 3145 837 3123 840 3123 843 3123 846 3123 846 3126 866 3142 975 3123 978 3123 1116 3142 1235 3123 1238 3123 1331 3145 1331 3197 1328 3241 1244 3225 657 3232"/>
                  </Shape>
                  <String CONTENT="avoit osté le mal"
                          HPOS="654"
                          VPOS="3123"
                          WIDTH="677"
                          HEIGHT="118"/>
               </TextLine>
            </TextBlock>
            <TextBlock HPOS="2356"
                       VPOS="3671"
                       WIDTH="76"
                       HEIGHT="64"
                       ID="eSc_textblock_3383dc37"
                       TAGREFS="BT371">
               <Shape>
                  <Polygon POINTS="2356 3735 2356 3671 2432 3671 2431 3734"/>
               </Shape>
               <TextLine ID="eSc_line_7d7a8a82"
                         BASELINE="2372 3713 2418 3713"
                         HPOS="2370"
                         VPOS="3658"
                         WIDTH="45"
                         HEIGHT="103"
                         TAGREFS="LT118">
                  <Shape>
                     <Polygon POINTS="2370 3710 2370 3658 2415 3665 2415 3710 2415 3755 2370 3761"/>
                  </Shape>
                  <String CONTENT="2" HPOS="2370" VPOS="3658" WIDTH="45" HEIGHT="103"/>
               </TextLine>
            </TextBlock>
         </PrintSpace>
      </Page>
   </Layout>
</alto>
