<alto xmlns:xsi="http://www.w3.org/2001/XMLSchema-instance"
      xmlns="http://www.loc.gov/standards/alto/ns-v4#"
      xsi:schemaLocation="http://www.loc.gov/standards/alto/ns-v4# http://www.loc.gov/standards/alto/v4/alto-4-2.xsd">
   <Description>
      <MeasurementUnit>pixel</MeasurementUnit>
      <sourceImageInformation>
         <fileName>B_168_15-23-3_0003.jpg</fileName>
      </sourceImageInformation>
   </Description>
   <Tags>
      <OtherTag ID="BT365"
                LABEL="MainZone:column"
                DESCRIPTION="block type MainZone:column"/>
      <OtherTag ID="BT367" LABEL="MainZone" DESCRIPTION="block type MainZone"/>
      <OtherTag ID="BT368"
                LABEL="MarginTextZone"
                DESCRIPTION="block type MarginTextZone"/>
      <OtherTag ID="BT369"
                LABEL="MarginTextZone:note"
                DESCRIPTION="block type MarginTextZone:note"/>
      <OtherTag ID="BT370"
                LABEL="NumberingZone:other"
                DESCRIPTION="block type NumberingZone:other"/>
      <OtherTag ID="BT371"
                LABEL="NumberingZone:page"
                DESCRIPTION="block type NumberingZone:page"/>
      <OtherTag ID="BT379"
                LABEL="DecorationZone"
                DESCRIPTION="block type DecorationZone"/>
      <OtherTag ID="BT380"
                LABEL="CustomZone:signature"
                DESCRIPTION="block type CustomZone:signature"/>
      <OtherTag ID="LT118" LABEL="DefaultLine" DESCRIPTION="line type DefaultLine"/>
      <OtherTag ID="LT119" LABEL="HeadingLine" DESCRIPTION="line type HeadingLine"/>
      <OtherTag ID="LT120"
                LABEL="InterlinearLine"
                DESCRIPTION="line type InterlinearLine"/>
   </Tags>
   <Layout>
      <Page WIDTH="2601"
            HEIGHT="3864"
            PHYSICAL_IMG_NR="48"
            ID="eSc_dummypage_">
         <PrintSpace HPOS="0" VPOS="0" WIDTH="2601" HEIGHT="3864">
            <TextBlock HPOS="270"
                       VPOS="322"
                       WIDTH="374"
                       HEIGHT="293"
                       ID="eSc_textblock_6f5506e9"
                       TAGREFS="BT370">
               <Shape>
                  <Polygon POINTS="605 537 296 615 270 360 309 322 644 345 644 548"/>
               </Shape>
               <TextLine ID="eSc_line_15d20513"
                         BASELINE="297 460 578 515"
                         HPOS="261"
                         VPOS="309"
                         WIDTH="348"
                         HEIGHT="331"
                         TAGREFS="LT118">
                  <Shape>
                     <Polygon POINTS="296 457 360 309 609 318 576 511 557 602 496 592 454 608 367 640 367 640 364 640 364 640 360 640 360 640 360 640 261 615"/>
                  </Shape>
                  <String CONTENT="178"
                          HPOS="261"
                          VPOS="309"
                          WIDTH="348"
                          HEIGHT="331"/>
               </TextLine>
            </TextBlock>
            <TextBlock HPOS="618"
                       VPOS="141"
                       WIDTH="1931"
                       HEIGHT="1646"
                       ID="eSc_textblock_9afeb4e3"
                       TAGREFS="BT367">
               <Shape>
                  <Polygon POINTS="2394 244 2446 399 2433 885 2394 949 2407 1052 2523 1120 2549 1671 1663 1671 1505 1735 1057 1787 786 1774 731 1671 618 1658 618 1571 734 1542 773 1413 812 1004 747 937 747 785 696 756 736 644 757 644 757 586 760 579 757 578 757 226 812 141"/>
               </Shape>
               <TextLine ID="eSc_line_7e063f34"
                         BASELINE="789 228 1679 267 2388 325"
                         HPOS="783"
                         VPOS="128"
                         WIDTH="1608"
                         HEIGHT="210"
                         TAGREFS="LT118">
                  <Shape>
                     <Polygon POINTS="789 228 796 128 905 164 1057 148 1060 148 1063 148 1128 173 1182 154 1189 154 1192 154 1195 154 1198 154 1202 154 1202 157 1205 157 1221 177 1244 164 1247 164 1250 164 1253 164 1295 183 1360 167 1382 164 1385 164 1389 164 1392 164 1392 167 1395 167 1398 170 1408 183 1424 173 1431 170 1434 170 1437 170 1440 170 1456 177 1524 199 1582 183 1611 177 1614 177 1617 177 1621 177 1624 177 1643 189 1679 209 1769 199 1837 189 1840 189 2007 199 2011 199 2014 199 2043 218 2046 218 2049 218 2094 206 2098 206 2101 206 2104 206 2146 225 2175 241 2391 244 2388 325 2381 338 783 244"/>
                  </Shape>
                  <String CONTENT="Item confesse Icelle avoir jecté dudit poulsat"
                          HPOS="783"
                          VPOS="128"
                          WIDTH="1608"
                          HEIGHT="210"/>
               </TextLine>
               <TextLine ID="eSc_line_857e4879"
                         BASELINE="821 325 1650 347 2381 396"
                         HPOS="818"
                         VPOS="241"
                         WIDTH="1563"
                         HEIGHT="184"
                         TAGREFS="LT118">
                  <Shape>
                     <Polygon POINTS="821 325 821 264 876 264 879 264 915 241 918 241 921 241 925 241 928 241 999 267 1063 244 1066 244 1070 244 1073 244 1198 276 1218 283 1305 283 1311 280 1353 257 1356 257 1360 257 1505 264 1508 264 1511 264 1511 267 1534 289 1537 293 1550 289 1624 270 1627 270 1630 270 1634 270 1704 296 1727 302 1763 296 1866 280 1869 280 1872 280 1924 302 1937 309 1956 305 2001 293 2004 293 2007 293 2011 293 2014 293 2014 296 2027 305 2036 318 2381 322 2381 396 2378 412 2091 425 2088 425 2085 425 2011 402 1953 386 1734 389 1730 389 1566 367 1527 389 1524 392 1521 392 1518 392 1518 396 1363 396 1360 392 1356 392 1318 383 1211 354 1160 379 1150 383 1147 383 1144 383 1140 383 1137 383 1137 379 1134 376 1102 347 995 341 818 367"/>
                  </Shape>
                  <String CONTENT="sur les porcs Jehan du pray, a raison de"
                          HPOS="818"
                          VPOS="241"
                          WIDTH="1563"
                          HEIGHT="184"/>
               </TextLine>
               <TextLine ID="eSc_line_3fa7933f"
                         BASELINE="812 412 1779 441 2220 476 2426 476"
                         HPOS="802"
                         VPOS="338"
                         WIDTH="1624"
                         HEIGHT="161"
                         TAGREFS="LT118">
                  <Shape>
                     <Polygon POINTS="812 412 808 360 931 338 934 338 937 338 941 338 983 363 1041 341 1044 341 1047 341 1050 341 1124 367 1137 370 1160 367 1263 350 1266 350 1269 350 1324 370 1340 376 1353 373 1389 360 1392 360 1395 360 1398 360 1402 360 1402 363 1414 373 1421 383 1543 383 1579 376 1650 363 1653 363 1872 373 1875 373 1879 373 1895 386 1917 399 1978 386 2017 379 2020 379 2024 379 2046 389 2088 405 2140 389 2146 389 2149 389 2152 389 2156 389 2159 389 2159 392 2178 408 2227 392 2230 392 2233 392 2236 392 2246 392 2323 408 2423 399 2426 476 2423 495 1998 499 1995 499 1991 499 1933 476 1904 466 1872 473 1843 479 1840 479 1772 470 1711 460 1701 466 1688 479 1685 479 1682 479 1679 479 1675 479 1643 463 1634 460 1617 463 1569 473 1566 473 1563 473 1559 473 1543 460 1537 454 1521 460 1472 476 1469 476 1466 476 1376 460 1324 473 1321 473 1318 473 1163 444 1124 437 1079 441 879 457 876 457 873 457 802 428"/>
                  </Shape>
                  <String CONTENT="ce quil ne lui avoit volsus aller querir du"
                          HPOS="802"
                          VPOS="338"
                          WIDTH="1624"
                          HEIGHT="161"/>
               </TextLine>
               <TextLine ID="eSc_line_79881e84"
                         BASELINE="802 508 2143 547"
                         HPOS="792"
                         VPOS="431"
                         WIDTH="1351"
                         HEIGHT="155"
                         TAGREFS="LT118">
                  <Shape>
                     <Polygon POINTS="802 508 796 457 854 431 857 431 860 431 863 431 915 457 1131 437 1134 437 1298 466 1576 450 1579 450 1653 454 1656 454 1659 454 1695 479 1698 483 1740 483 1920 483 1959 463 1962 463 1966 463 1969 463 1972 463 1972 466 1995 489 2049 489 2069 473 2069 470 2072 470 2075 470 2078 470 2082 470 2143 492 2143 547 2140 573 2065 586 2062 586 1895 566 1801 553 1785 560 1750 579 1746 579 1743 579 1588 576 1585 576 1582 576 1582 573 1579 573 1563 553 1563 550 1469 544 1431 547 1250 566 1247 566 1244 566 1240 566 1198 537 1192 537 1092 560 1089 560 1086 560 1024 531 1021 531 1018 531 918 557 915 557 912 557 908 557 792 521"/>
                  </Shape>
                  <String CONTENT="bois, Et que partant ils en morurent."
                          HPOS="792"
                          VPOS="431"
                          WIDTH="1351"
                          HEIGHT="155"/>
               </TextLine>
               <TextLine ID="eSc_line_3474fe7d"
                         BASELINE="776 663 2407 672"
                         HPOS="773"
                         VPOS="566"
                         WIDTH="1634"
                         HEIGHT="148"
                         TAGREFS="LT118">
                  <Shape>
                     <Polygon POINTS="776 663 776 566 908 569 912 569 915 569 954 605 1021 573 1024 573 1028 573 1031 573 1076 595 1134 573 1140 569 1144 569 1147 569 1276 569 1279 569 1292 576 1356 611 1495 611 1527 579 1534 576 1534 573 1537 573 1540 573 1543 573 1547 573 1569 579 1653 611 1888 611 1914 586 1920 582 1920 579 1924 579 1927 579 1930 579 1933 579 1956 589 2011 611 2098 592 2165 576 2169 576 2172 576 2175 576 2194 592 2207 602 2401 598 2407 672 2404 714 2152 714 2149 711 2146 711 2143 711 2111 689 2053 708 2049 708 2046 708 2043 708 1985 689 1920 701 1917 701 1824 682 1711 682 1624 708 1621 708 1617 708 1614 708 1611 708 1530 685 1472 708 1469 708 1466 708 1463 708 1460 708 1456 708 1385 682 1263 695 1260 695 1256 695 1253 695 1234 679 1128 705 1124 705 1121 705 1118 705 1066 679 773 701"/>
                  </Shape>
                  <String CONTENT="Item confesse que sondit maitre Hemmerlin lui"
                          HPOS="773"
                          VPOS="566"
                          WIDTH="1634"
                          HEIGHT="148"/>
               </TextLine>
               <TextLine ID="eSc_line_c9cc4dd5"
                         BASELINE="741 737 1482 743 2375 776"
                         HPOS="738"
                         VPOS="653"
                         WIDTH="1637"
                         HEIGHT="155"
                         TAGREFS="LT118">
                  <Shape>
                     <Polygon POINTS="741 737 741 669 957 679 963 672 983 656 983 653 986 653 989 653 992 653 1070 653 1073 653 1076 653 1076 656 1095 676 1102 685 1250 685 1266 682 1324 660 1327 660 1331 660 1334 660 1385 685 1392 689 1398 685 1434 663 1437 663 1440 663 1443 663 1447 663 1450 663 1450 666 1469 685 1498 672 1501 672 1505 672 1508 672 1566 689 1588 695 1598 689 1637 669 1640 669 1643 669 1717 669 1721 669 1724 669 1759 695 1766 698 1779 695 1843 672 1846 672 1850 672 1982 679 1985 679 1988 679 2014 701 2020 705 2043 701 2140 682 2143 682 2146 682 2191 705 2194 708 2375 711 2375 776 2368 808 2240 785 2143 801 2140 801 2136 801 2133 801 2091 779 2017 798 1991 805 1988 805 1985 805 1982 805 1949 798 1850 772 1679 788 1601 795 1598 795 1469 792 1466 792 1463 792 1447 782 1414 763 1360 779 1337 785 1334 785 1331 785 1279 776 1166 753 1079 753 1057 769 1057 772 1053 772 1050 772 1047 772 1044 772 1041 772 1041 769 1037 769 1021 753 896 753 879 766 870 772 870 776 867 776 863 776 860 776 857 776 825 763 786 750 738 759"/>
                  </Shape>
                  <String CONTENT="avoit donné de la graisse, et que dicelle"
                          HPOS="738"
                          VPOS="653"
                          WIDTH="1637"
                          HEIGHT="155"/>
               </TextLine>
               <TextLine ID="eSc_line_0ffd887f"
                         BASELINE="808 837 2317 866"
                         HPOS="802"
                         VPOS="759"
                         WIDTH="1515"
                         HEIGHT="142"
                         TAGREFS="LT118">
                  <Shape>
                     <Polygon POINTS="808 837 808 779 989 782 1002 779 1057 759 1060 759 1063 759 1066 759 1128 779 1144 785 1150 779 1176 763 1179 763 1182 763 1186 763 1263 763 1411 782 1485 792 1508 782 1543 769 1547 769 1550 769 1553 769 1598 785 1608 785 1627 785 1743 772 1746 772 1750 772 1753 772 1766 785 1772 788 1801 785 1898 776 1901 776 1904 776 1908 776 1920 785 1940 801 2011 801 2314 792 2317 866 2314 879 2198 891 2194 891 2133 879 2091 872 2072 879 2024 901 2020 901 2017 901 2014 901 2011 901 1982 879 1975 875 1959 879 1924 888 1920 888 1917 888 1866 879 1798 866 1779 879 1766 891 1763 891 1759 891 1650 895 1646 895 1643 895 1605 879 1579 866 1418 859 1360 879 1331 888 1327 888 1324 888 1266 879 1137 853 1044 853 1015 879 1012 879 1012 882 1008 882 1005 882 1002 882 802 875"/>
                  </Shape>
                  <String CONTENT="graisse elle en avoit frotte une petite"
                          HPOS="802"
                          VPOS="759"
                          WIDTH="1515"
                          HEIGHT="142"/>
               </TextLine>
               <TextLine ID="eSc_line_130951e3"
                         BASELINE="783 933 2368 953"
                         HPOS="770"
                         VPOS="862"
                         WIDTH="1598"
                         HEIGHT="126"
                         TAGREFS="LT118">
                  <Shape>
                     <Polygon POINTS="783 933 779 882 886 862 889 862 892 862 896 862 896 866 912 879 1050 869 1053 869 1057 869 1060 869 1076 882 1079 885 1086 882 1124 866 1128 866 1131 866 1134 866 1137 866 1163 882 1166 882 1256 866 1260 866 1263 866 1308 882 1327 888 1350 882 1405 869 1408 869 1411 869 1624 872 1627 872 1659 885 1682 891 1701 885 1737 872 1740 872 1743 872 1830 872 1833 872 1837 872 1853 885 1869 895 2365 888 2368 953 2365 975 1869 988 1866 988 1862 988 1792 966 1785 962 1782 966 1769 975 1769 978 1766 978 1763 978 1759 978 1518 959 1492 959 1489 959 1463 982 1460 982 1456 982 1453 982 1450 982 1447 982 1418 959 1315 982 1311 982 1308 982 1211 956 1086 972 1082 972 1079 972 1031 953 983 975 979 975 976 975 857 953 818 972 815 972 812 972 808 972 805 972 770 946"/>
                  </Shape>
                  <String CONTENT="verge, de laquelle elle frappa lune"
                          HPOS="770"
                          VPOS="862"
                          WIDTH="1598"
                          HEIGHT="126"/>
               </TextLine>
               <TextLine ID="eSc_line_1d12fec0"
                         BASELINE="834 1036 2362 1065"
                         HPOS="831"
                         VPOS="943"
                         WIDTH="1531"
                         HEIGHT="148"
                         TAGREFS="LT118">
                  <Shape>
                     <Polygon POINTS="834 1036 841 943 876 966 960 946 970 946 973 946 976 946 979 946 1034 969 1121 956 1124 956 1128 956 1131 956 1131 959 1150 975 1244 956 1260 953 1263 953 1266 953 1269 953 1269 956 1273 956 1292 978 1340 959 1347 956 1350 956 1353 956 1356 956 1363 959 1405 972 1469 962 1508 956 1511 956 1514 956 1530 962 1582 985 1640 966 1653 962 1656 962 1659 962 1708 969 1882 991 2359 988 2362 1065 2359 1078 2024 1091 2020 1091 1908 1075 1866 1088 1862 1088 1859 1088 1856 1088 1853 1088 1833 1072 1827 1069 1804 1072 1685 1085 1682 1085 1453 1078 1450 1078 1447 1078 1447 1075 1434 1065 1431 1059 1244 1059 1237 1062 1202 1075 1198 1075 1195 1075 1192 1075 1189 1075 1173 1059 1166 1056 831 1056"/>
                  </Shape>
                  <String CONTENT="des fille de Caspar vallat quen devint"
                          HPOS="831"
                          VPOS="943"
                          WIDTH="1531"
                          HEIGHT="148"/>
               </TextLine>
               <TextLine ID="eSc_line_29a73aeb"
                         BASELINE="850 1130 1508 1130 1975 1155 2494 1159"
                         HPOS="847"
                         VPOS="1049"
                         WIDTH="1647"
                         HEIGHT="132"
                         TAGREFS="LT118">
                  <Shape>
                     <Polygon POINTS="850 1130 850 1078 931 1078 976 1049 979 1049 983 1049 986 1049 1166 1072 1205 1056 1208 1056 1211 1056 1408 1056 1411 1056 1463 1075 1624 1062 1627 1062 1630 1062 1634 1062 1634 1065 1659 1085 1663 1088 1669 1088 1746 1069 1750 1069 1753 1069 1792 1088 1795 1088 1798 1088 1840 1075 1843 1075 1846 1075 1850 1075 1853 1075 1875 1088 1882 1094 2169 1094 2185 1091 2265 1075 2269 1075 2272 1075 2307 1094 2317 1098 2488 1098 2494 1159 2491 1168 2065 1181 2062 1181 2059 1181 2017 1165 2014 1165 1978 1165 1675 1175 1672 1175 1669 1175 1643 1162 1627 1152 1521 1162 1418 1168 1414 1168 1347 1159 1282 1149 1244 1159 1224 1162 1221 1162 1218 1162 1215 1162 1211 1162 1208 1159 1192 1146 847 1152"/>
                  </Shape>
                  <String CONTENT="malade. Et ce a raison de ce quelle ne"
                          HPOS="847"
                          VPOS="1049"
                          WIDTH="1647"
                          HEIGHT="132"/>
               </TextLine>
               <TextLine ID="eSc_line_b835dc17"
                         BASELINE="847 1220 1421 1213 2391 1255"
                         HPOS="844"
                         VPOS="1130"
                         WIDTH="1547"
                         HEIGHT="148"
                         TAGREFS="LT118">
                  <Shape>
                     <Polygon POINTS="847 1220 844 1152 1192 1152 1276 1130 1279 1130 1282 1130 1285 1130 1289 1130 1331 1155 1498 1136 1501 1136 1669 1143 1672 1143 1743 1168 1759 1175 1782 1172 1879 1149 1882 1149 1885 1149 1949 1168 2027 1152 2030 1152 2033 1152 2036 1152 2072 1175 2085 1184 2111 1178 2175 1159 2178 1159 2182 1159 2391 1184 2391 1255 2388 1271 2059 1278 2056 1278 1966 1265 1837 1246 1763 1262 1727 1268 1724 1268 1685 1259 1601 1239 1572 1259 1566 1262 1563 1262 1559 1262 1556 1262 1553 1262 1543 1259 1498 1236 1418 1255 1395 1259 1392 1259 1389 1259 1369 1252 1279 1230 1021 1230 976 1246 973 1246 970 1246 966 1246 921 1226 844 1242"/>
                  </Shape>
                  <String CONTENT="Lui avoit volsus donner des blassons,"
                          HPOS="844"
                          VPOS="1130"
                          WIDTH="1547"
                          HEIGHT="148"/>
               </TextLine>
               <TextLine ID="eSc_line_c4289d64"
                         BASELINE="829 1325 1289 1335 1855 1348"
                         HPOS="825"
                         VPOS="1233"
                         WIDTH="1028"
                         HEIGHT="164"
                         TAGREFS="LT118">
                  <Shape>
                     <Polygon POINTS="828 1323 828 1262 963 1262 1012 1233 1015 1233 1018 1233 1021 1233 1024 1233 1105 1259 1263 1233 1266 1233 1366 1236 1369 1236 1373 1236 1418 1275 1485 1242 1489 1242 1492 1242 1495 1242 1582 1271 1624 1246 1627 1246 1630 1246 1634 1246 1637 1246 1708 1281 1711 1284 1853 1288 1853 1345 1840 1378 1824 1365 1737 1374 1685 1381 1682 1381 1679 1381 1656 1374 1637 1365 1630 1371 1608 1394 1608 1397 1605 1397 1601 1397 1598 1397 1431 1394 1427 1394 1424 1394 1424 1391 1398 1365 1389 1355 1302 1355 1266 1362 1124 1387 1121 1387 1118 1387 1024 1352 1008 1349 825 1349"/>
                  </Shape>
                  <String CONTENT="mais ne scait sy ceste la"
                          HPOS="825"
                          VPOS="1233"
                          WIDTH="1028"
                          HEIGHT="164"/>
               </TextLine>
               <TextLine ID="eSc_line_8f15b4b8"
                         TAGREFS="LT120"
                         BASELINE="1753 1291 1904 1288"
                         HPOS="1746"
                         VPOS="1220"
                         WIDTH="158"
                         HEIGHT="96">
                  <Shape>
                     <Polygon POINTS="1753 1291 1746 1233 1833 1220 1837 1220 1840 1220 1901 1242 1904 1288 1901 1304 1753 1316"/>
                  </Shape>
                  <String CONTENT="celle"
                          HPOS="1746"
                          VPOS="1220"
                          WIDTH="158"
                          HEIGHT="96"/>
               </TextLine>
               <TextLine ID="eSc_line_5ee5516c"
                         BASELINE="1890 1344 2488 1365"
                         HPOS="1882"
                         VPOS="1268"
                         WIDTH="602"
                         HEIGHT="135"
                         TAGREFS="LT118">
                  <Shape>
                     <Polygon POINTS="1888 1342 1885 1288 2062 1268 2065 1268 2069 1268 2140 1294 2162 1275 2165 1275 2169 1275 2172 1275 2285 1275 2484 1307 2484 1362 2475 1391 2388 1368 2246 1387 2243 1387 2098 1362 2020 1397 2004 1403 2001 1403 1998 1403 1882 1397"/>
                  </Shape>
                  <String CONTENT="quest morte ou"
                          HPOS="1882"
                          VPOS="1268"
                          WIDTH="602"
                          HEIGHT="135"/>
               </TextLine>
               <TextLine ID="eSc_line_e19075bc"
                         BASELINE="796 1416 973 1416"
                         HPOS="792"
                         VPOS="1345"
                         WIDTH="181"
                         HEIGHT="104"
                         TAGREFS="LT118">
                  <Shape>
                     <Polygon POINTS="796 1416 792 1352 970 1345 973 1416 970 1449 792 1442"/>
                  </Shape>
                  <String CONTENT="non"
                          HPOS="792"
                          VPOS="1345"
                          WIDTH="181"
                          HEIGHT="104"/>
               </TextLine>
               <TextLine ID="eSc_line_71005679"
                         BASELINE="763 1539 2443 1555"
                         HPOS="760"
                         VPOS="1452"
                         WIDTH="1683"
                         HEIGHT="119"
                         TAGREFS="LT118">
                  <Shape>
                     <Polygon POINTS="763 1539 763 1452 892 1461 896 1461 899 1461 931 1490 1095 1490 1176 1458 1179 1458 1182 1458 1247 1458 1250 1458 1315 1490 1382 1471 1385 1471 1389 1471 1392 1471 1437 1497 1534 1497 1592 1465 1595 1465 1598 1465 1601 1465 1695 1494 1879 1468 1908 1465 1911 1465 1914 1465 1917 1465 1920 1468 1962 1497 1982 1481 1985 1481 1988 1481 1991 1481 2101 1500 2188 1471 2204 1468 2207 1468 2211 1468 2439 1477 2443 1555 2439 1571 760 1571"/>
                  </Shape>
                  <String CONTENT="Item confesse que au rond bois de millandre"
                          HPOS="760"
                          VPOS="1452"
                          WIDTH="1683"
                          HEIGHT="119"/>
               </TextLine>
               <TextLine ID="eSc_line_9972fc2d"
                         BASELINE="618 1635 1076 1626 2549 1645"
                         HPOS="612"
                         VPOS="1539"
                         WIDTH="1940"
                         HEIGHT="161"
                         TAGREFS="LT118">
                  <Shape>
                     <Polygon POINTS="618 1635 615 1539 705 1542 709 1542 712 1542 712 1545 731 1561 915 1545 947 1542 950 1542 954 1542 957 1542 957 1545 960 1545 979 1568 1192 1568 1247 1552 1269 1545 1273 1545 1276 1545 1279 1545 1308 1552 1369 1568 1553 1558 1682 1552 1685 1552 1795 1564 1869 1571 1879 1564 1901 1552 1904 1552 1908 1552 1911 1552 1914 1552 1917 1552 1940 1568 1946 1571 1972 1568 2043 1555 2046 1555 2049 1555 2053 1555 2075 1571 2085 1574 2111 1571 2162 1561 2165 1561 2317 1574 2359 1577 2375 1577 2488 1558 2491 1558 2494 1558 2552 1581 2549 1645 2546 1700 2481 1700 2478 1696 2475 1696 2472 1696 2417 1661 2291 1687 2288 1687 2285 1687 2223 1655 1850 1655 1743 1687 1740 1687 1737 1687 1734 1687 1646 1655 1566 1674 1563 1674 1559 1674 1556 1674 1521 1658 1363 1658 1305 1684 1302 1684 1298 1684 1295 1684 1292 1684 1289 1684 1227 1655 1195 1684 1192 1684 1189 1684 1186 1684 915 1680 912 1680 908 1680 908 1677 876 1651 783 1677 770 1680 767 1680 763 1680 612 1674"/>
                  </Shape>
                  <String CONTENT="que ledit son maitre la venoit treuver et avoit allors"
                          HPOS="612"
                          VPOS="1539"
                          WIDTH="1940"
                          HEIGHT="161"/>
               </TextLine>
               <TextLine ID="eSc_line_2fdc7fd1"
                         BASELINE="805 1713 1489 1706"
                         HPOS="799"
                         VPOS="1632"
                         WIDTH="690"
                         HEIGHT="158"
                         TAGREFS="LT118">
                  <Shape>
                     <Polygon POINTS="805 1713 799 1655 1031 1635 1034 1635 1115 1655 1137 1658 1157 1655 1221 1632 1224 1632 1227 1632 1231 1632 1276 1655 1279 1655 1289 1655 1356 1638 1360 1638 1482 1655 1489 1706 1485 1732 1263 1742 1253 1751 1221 1777 1218 1777 1215 1777 1144 1787 1144 1790 1041 1790 1037 1787 1034 1787 989 1767 918 1738 860 1777 854 1783 850 1783 847 1783 844 1783 802 1780"/>
                  </Shape>
                  <String CONTENT="sa compagnie."
                          HPOS="799"
                          VPOS="1632"
                          WIDTH="690"
                          HEIGHT="158"/>
               </TextLine>
            </TextBlock>
            <TextBlock HPOS="2365"
                       VPOS="3662"
                       WIDTH="117"
                       HEIGHT="117"
                       ID="eSc_textblock_29f4e0a0"
                       TAGREFS="BT371">
               <Shape>
                  <Polygon POINTS="2365 3662 2365 3779 2482 3779 2482 3662"/>
               </Shape>
               <TextLine ID="eSc_line_3dd2572c"
                         BASELINE="2390 3741 2465 3750"
                         HPOS="2375"
                         VPOS="3654"
                         WIDTH="93"
                         HEIGHT="184"
                         TAGREFS="LT118">
                  <Shape>
                     <Polygon POINTS="2388 3738 2394 3654 2468 3664 2462 3748 2449 3838 2375 3838"/>
                  </Shape>
                  <String CONTENT="3" HPOS="2375" VPOS="3654" WIDTH="93" HEIGHT="184"/>
               </TextLine>
            </TextBlock>
         </PrintSpace>
      </Page>
   </Layout>
</alto>
