<alto xmlns:xsi="http://www.w3.org/2001/XMLSchema-instance"
      xmlns="http://www.loc.gov/standards/alto/ns-v4#"
      xsi:schemaLocation="http://www.loc.gov/standards/alto/ns-v4# http://www.loc.gov/standards/alto/v4/alto-4-2.xsd">
   <Description>
      <MeasurementUnit>pixel</MeasurementUnit>
      <sourceImageInformation>
         <fileName>B_168_15-2-3_0001.jpg</fileName>
      </sourceImageInformation>
   </Description>
   <Tags>
      <OtherTag ID="BT365"
                LABEL="MainZone:column"
                DESCRIPTION="block type MainZone:column"/>
      <OtherTag ID="BT367" LABEL="MainZone" DESCRIPTION="block type MainZone"/>
      <OtherTag ID="BT368"
                LABEL="MarginTextZone"
                DESCRIPTION="block type MarginTextZone"/>
      <OtherTag ID="BT369"
                LABEL="MarginTextZone:note"
                DESCRIPTION="block type MarginTextZone:note"/>
      <OtherTag ID="BT370"
                LABEL="NumberingZone:other"
                DESCRIPTION="block type NumberingZone:other"/>
      <OtherTag ID="BT371"
                LABEL="NumberingZone:page"
                DESCRIPTION="block type NumberingZone:page"/>
      <OtherTag ID="BT379"
                LABEL="DecorationZone"
                DESCRIPTION="block type DecorationZone"/>
      <OtherTag ID="BT380"
                LABEL="CustomZone:signature"
                DESCRIPTION="block type CustomZone:signature"/>
      <OtherTag ID="LT118" LABEL="DefaultLine" DESCRIPTION="line type DefaultLine"/>
      <OtherTag ID="LT119" LABEL="HeadingLine" DESCRIPTION="line type HeadingLine"/>
      <OtherTag ID="LT120"
                LABEL="InterlinearLine"
                DESCRIPTION="line type InterlinearLine"/>
   </Tags>
   <Layout>
      <Page WIDTH="2633"
            HEIGHT="3956"
            PHYSICAL_IMG_NR="14"
            ID="eSc_dummypage_">
         <PrintSpace HPOS="0" VPOS="0" WIDTH="2633" HEIGHT="3956">
            <TextBlock HPOS="448"
                       VPOS="184"
                       WIDTH="394"
                       HEIGHT="249"
                       ID="eSc_textblock_e41a7f7b"
                       TAGREFS="BT370">
               <Shape>
                  <Polygon POINTS="488 431 448 290 488 197 564 184 842 218 829 346 681 432 552 432 552 433"/>
               </Shape>
               <TextLine ID="eSc_line_fa9ff747"
                         BASELINE="509 381 757 372"
                         HPOS="498"
                         VPOS="204"
                         WIDTH="264"
                         HEIGHT="323"
                         TAGREFS="LT118">
                  <Shape>
                     <Polygon POINTS="508 379 498 257 580 237 584 237 587 237 590 237 607 247 626 230 653 207 653 204 656 204 659 204 663 204 745 210 755 369 762 524 679 527 676 527 673 527 669 527 669 524 623 484 587 451 511 451"/>
                  </Shape>
                  <String CONTENT="64" HPOS="498" VPOS="204" WIDTH="264" HEIGHT="323"/>
               </TextLine>
            </TextBlock>
            <TextBlock HPOS="475"
                       VPOS="145"
                       WIDTH="2105"
                       HEIGHT="3491"
                       ID="eSc_textblock_e3768d98"
                       TAGREFS="BT367">
               <Shape>
                  <Polygon POINTS="2408 827 2263 959 2514 1028 2553 1117 2527 1183 2263 1265 2342 1305 2355 1447 2329 1552 2223 1605 2395 1635 2580 1912 2553 2264 2382 2386 2421 2515 2369 2650 2421 2765 2567 2848 2580 3161 2527 3398 2474 3438 1567 3464 1121 3517 801 3636 580 3609 541 3217 475 3187 475 3098 567 3042 580 2887 575 2784 572 2690 567 2594 541 2096 614 2031 673 1898 518 1819 532 1766 621 1636 641 1604 659 1565 646 1503 580 1486 580 1358 709 1358 725 1213 554 1170 514 1041 686 1012 567 867 580 698 778 659 580 629 580 475 757 475 757 471 1131 461 1187 418 1201 197 1293 145 2210 171 2293 263 2501 316 2369 685"/>
               </Shape>
               <TextLine ID="eSc_line_12b049f1"
                         TAGREFS="LT119"
                         BASELINE="1237 247 1735 243 2230 260"
                         HPOS="1230"
                         VPOS="158"
                         WIDTH="1000"
                         HEIGHT="125">
                  <Shape>
                     <Polygon POINTS="1237 247 1230 161 1352 158 1356 158 1359 158 1362 158 1365 161 1395 181 1557 164 1560 164 1563 164 1567 164 1596 184 1709 164 1725 161 1728 161 1732 161 1738 164 1808 187 1907 174 1910 174 1913 174 1982 191 2118 174 2121 174 2124 174 2164 191 2223 168 2230 260 2223 280 1897 267 1771 280 1732 283 1728 283 1695 280 1577 263 1494 280 1484 280 1481 280 1478 280 1474 280 1431 260 1234 276"/>
                  </Shape>
                  <String CONTENT="Du 24 de Novembre 1608"
                          HPOS="1230"
                          VPOS="158"
                          WIDTH="1000"
                          HEIGHT="125"/>
               </TextLine>
               <TextLine ID="eSc_line_9eface90"
                         TAGREFS="LT119"
                         BASELINE="1201 339 2055 352 2484 375"
                         HPOS="1197.0"
                         VPOS="257.0"
                         WIDTH="1287.0"
                         HEIGHT="151.0">
                  <Shape>
                     <Polygon POINTS="1201 339 1201 263 1412 276 1431 270 1461 257 1461 257 1464 257 1464 257 1468 257 1613 260 1613 260 1613 260 1616 260 1666 276 1679 280 1689 276 1725 263 1725 263 1728 263 1728 263 1732 263 1732 263 1857 283 1917 290 1976 286 2128 273 2131 273 2131 273 2131 273 2134 273 2134 273 2134 273 2171 293 2174 293 2174 293 2200 280 2200 280 2200 280 2204 280 2204 280 2207 280 2207 280 2207 280 2210 280 2210 280 2210 280 2213 280 2213 280 2213 283 2227 293 2230 299 2481 303 2484 375 2481 389 2342 408 2342 408 2339 408 2339 408 2336 408 2336 408 2286 392 2237 405 2233 405 2233 405 2230 405 2230 405 2230 405 2227 405 2227 405 2223 405 2223 405 2200 389 2194 382 2157 389 2075 402 2075 402 2075 402 2072 402 1831 385 1639 372 1593 382 1570 389 1567 389 1567 389 1563 389 1563 389 1507 382 1342 362 1197 379"/>
                  </Shape>
                  <String CONTENT="Interrogaulx faict a Annelin vefve de"
                          HPOS="1197.0"
                          VPOS="257.0"
                          WIDTH="1287.0"
                          HEIGHT="151.0"/>
               </TextLine>
               <TextLine ID="eSc_line_375ff3b9"
                         TAGREFS="LT119"
                         BASELINE="1234 425 2398 435"
                         HPOS="1230.0"
                         VPOS="362.0"
                         WIDTH="1168.0"
                         HEIGHT="142.0">
                  <Shape>
                     <Polygon POINTS="1234 425 1234 362 2395 382 2398 435 2398 481 2362 501 2362 501 2362 501 2359 501 2359 501 2359 504 2029 504 2025 501 2025 501 2022 501 2022 501 2022 501 1982 478 1953 464 1768 464 1738 478 1699 497 1699 497 1699 497 1695 497 1695 497 1692 497 1511 494 1511 494 1511 494 1507 494 1507 494 1507 494 1504 494 1504 494 1504 491 1488 478 1471 461 1230 474"/>
                  </Shape>
                  <String CONTENT="Pierrat vauthier, de Courthedoubs"
                          HPOS="1230.0"
                          VPOS="362.0"
                          WIDTH="1168.0"
                          HEIGHT="142.0"/>
               </TextLine>
               <TextLine ID="eSc_line_4bc3d4b3"
                         BASELINE="597 575 872 581 2345 606"
                         HPOS="587"
                         VPOS="494"
                         WIDTH="1755"
                         HEIGHT="155"
                         TAGREFS="LT118">
                  <Shape>
                     <Polygon POINTS="593 573 593 494 696 517 1009 504 1085 501 1088 501 1115 504 1187 524 1243 507 1263 504 1267 504 1270 504 1273 504 1286 510 1326 527 1507 514 1590 510 1593 510 1596 510 1600 510 1600 514 1606 517 1620 530 1745 520 1847 514 1851 514 1900 524 1953 537 1999 527 2039 517 2042 517 2045 517 2048 517 2078 530 2095 537 2105 530 2121 517 2124 517 2128 517 2131 517 2342 537 2342 603 2342 629 2286 649 2283 649 2279 649 2276 649 2237 629 2210 649 2207 649 2204 649 2200 649 2022 646 2019 646 2015 646 2015 642 1992 623 1982 613 1781 613 1738 616 1547 639 1544 639 1540 639 1478 609 1464 606 1448 609 1356 636 1352 636 1349 636 1164 632 1161 632 1158 632 1158 629 1128 603 1078 616 1075 616 1072 616 1069 616 1029 599 1022 599 1016 599 897 629 894 629 890 629 887 629 841 603 673 609 669 609 587 590"/>
                  </Shape>
                  <String CONTENT="1 A quelle raison elle est estee tiree en prison."
                          HPOS="587"
                          VPOS="494"
                          WIDTH="1755"
                          HEIGHT="155"/>
               </TextLine>
               <TextLine ID="eSc_line_78dbdd26"
                         BASELINE="574 797 1438 781 2375 807"
                         HPOS="564"
                         VPOS="702"
                         WIDTH="1814"
                         HEIGHT="132"
                         TAGREFS="LT118">
                  <Shape>
                     <Polygon POINTS="574 797 564 725 643 702 646 702 650 702 653 702 702 725 709 731 930 731 946 728 1032 705 1036 705 1039 705 1042 705 1045 705 1078 728 1131 702 1135 702 1138 702 1349 702 1560 735 1567 735 1573 735 1705 705 1709 705 1712 705 1778 738 1864 738 1930 738 1963 712 1966 712 1969 712 1973 712 2029 712 2032 712 2035 712 2035 715 2062 738 2299 715 2303 715 2306 715 2378 745 2375 807 2369 830 2151 814 1953 830 1910 834 1907 834 1903 834 1897 830 1841 807 1732 824 1728 824 1497 807 1464 827 1461 827 1458 827 1455 827 1451 827 1412 810 1181 830 1158 830 1154 830 1151 830 1148 830 1115 804 989 830 976 830 973 830 567 827"/>
                  </Shape>
                  <String CONTENT="2 Sy point elle a frappe au Louvre lucie fille"
                          HPOS="564"
                          VPOS="702"
                          WIDTH="1814"
                          HEIGHT="132"/>
               </TextLine>
               <TextLine ID="eSc_line_ea734b12"
                         BASELINE="617 923 847 929"
                         HPOS="607"
                         VPOS="847"
                         WIDTH="240"
                         HEIGHT="151"
                         TAGREFS="LT118">
                  <Shape>
                     <Polygon POINTS="617 923 613 857 844 847 847 929 841 998 702 995 699 995 607 962"/>
                  </Shape>
                  <String CONTENT="Negat"
                          HPOS="607"
                          VPOS="847"
                          WIDTH="240"
                          HEIGHT="151"/>
               </TextLine>
               <TextLine ID="eSc_line_86da4c7d"
                         BASELINE="821 876 1382 857"
                         HPOS="814"
                         VPOS="804"
                         WIDTH="568"
                         HEIGHT="109"
                         TAGREFS="LT118">
                  <Shape>
                     <Polygon POINTS="821 876 814 814 1372 804 1382 857 1382 870 1280 899 1276 899 1273 899 1187 886 1125 876 821 913"/>
                  </Shape>
                  <String CONTENT="Pierre Broingne"
                          HPOS="814"
                          VPOS="804"
                          WIDTH="568"
                          HEIGHT="109"/>
               </TextLine>
               <TextLine ID="eSc_line_2c4ed1e3"
                         BASELINE="534 1136 821 1095 1083 1083 1494 1084 2514 1134"
                         HPOS="524"
                         VPOS="985"
                         WIDTH="1986"
                         HEIGHT="195"
                         TAGREFS="LT118">
                  <Shape>
                     <Polygon POINTS="531 1134 524 1028 732 1028 775 1002 778 1002 781 1002 785 1002 877 1008 989 985 993 985 996 985 999 985 1045 1018 1164 1002 1168 1002 1171 1002 1260 1038 1379 998 1382 998 1385 998 1610 1005 1613 1005 1616 1005 1616 1008 1643 1031 1758 1005 1761 1005 1765 1005 1867 1031 1946 1012 1950 1012 1953 1012 1956 1012 2032 1045 2128 1028 2131 1028 2134 1028 2138 1028 2194 1068 2197 1071 2510 1078 2510 1130 2504 1180 2326 1176 2322 1176 2319 1176 2246 1153 2217 1173 2213 1173 2210 1173 2207 1173 2204 1173 2128 1134 2088 1153 2085 1153 2081 1153 2078 1153 2002 1130 1798 1163 1788 1163 1785 1163 1781 1163 1778 1163 1705 1124 1593 1140 1590 1140 1497 1120 1441 1153 1438 1153 1435 1153 1431 1153 1428 1153 1425 1153 1276 1110 996 1104 884 1140 880 1140 877 1140 874 1140 861 1140 739 1114 580 1130"/>
                  </Shape>
                  <String CONTENT="3 Sy point elle a heu frappe lenfant henri Coinson"
                          HPOS="524"
                          VPOS="985"
                          WIDTH="1986"
                          HEIGHT="195"/>
               </TextLine>
               <TextLine ID="eSc_line_241a1a4c"
                         BASELINE="706 1160 930 1153"
                         HPOS="699"
                         VPOS="1084"
                         WIDTH="231"
                         HEIGHT="99"
                         TAGREFS="LT118">
                  <Shape>
                     <Polygon POINTS="706 1160 699 1084 821 1110 920 1101 930 1153 927 1183 706 1183"/>
                  </Shape>
                  <String CONTENT="Negat"
                          HPOS="699"
                          VPOS="1084"
                          WIDTH="231"
                          HEIGHT="99"/>
               </TextLine>
               <TextLine ID="eSc_line_eb91a45c"
                         BASELINE="587 1456 792 1376 1286 1348 2293 1417"
                         HPOS="577"
                         VPOS="1262"
                         WIDTH="1712"
                         HEIGHT="198"
                         TAGREFS="LT118">
                  <Shape>
                     <Polygon POINTS="584 1453 577 1288 702 1292 715 1292 824 1262 828 1262 831 1262 966 1285 1026 1265 1029 1265 1032 1265 1036 1265 1098 1292 1138 1275 1141 1275 1144 1275 1267 1292 1362 1275 1365 1275 1369 1275 1418 1302 1488 1279 1491 1279 1494 1279 1497 1279 1560 1312 1600 1282 1603 1282 1606 1282 1610 1282 1821 1318 1864 1325 1887 1318 1969 1295 1973 1295 1976 1295 1979 1295 1982 1295 2019 1321 2029 1331 2286 1331 2289 1414 2286 1424 2091 1443 2088 1443 2085 1443 2025 1427 1953 1457 1950 1457 1946 1457 1943 1457 1940 1457 1940 1453 1913 1430 1860 1460 1857 1460 1854 1460 1851 1460 1847 1460 1808 1424 1765 1387 1715 1384 1659 1401 1656 1401 1653 1401 1649 1401 1593 1381 1534 1424 1517 1440 1514 1440 1511 1440 1507 1440 1504 1440 1474 1424 1372 1374 1332 1404 1329 1404 1326 1404 1323 1404 1319 1404 1240 1368 1016 1368 890 1420 887 1420 884 1420 795 1407 768 1424 768 1427 765 1427 762 1427 758 1427 669 1424"/>
                  </Shape>
                  <String CONTENT="4 Sy point elle a heu greve a la femme dudit"
                          HPOS="577"
                          VPOS="1262"
                          WIDTH="1712"
                          HEIGHT="198"/>
               </TextLine>
               <TextLine ID="eSc_line_cc190169"
                         BASELINE="735 1450 1283 1440"
                         HPOS="729"
                         VPOS="1374"
                         WIDTH="554"
                         HEIGHT="145"
                         TAGREFS="LT118">
                  <Shape>
                     <Polygon POINTS="735 1450 729 1384 910 1397 1273 1374 1283 1440 1280 1496 950 1519 946 1519 943 1519 877 1486 864 1480 735 1480"/>
                  </Shape>
                  <String CONTENT="henri Coinson"
                          HPOS="729"
                          VPOS="1374"
                          WIDTH="554"
                          HEIGHT="145"/>
               </TextLine>
               <TextLine ID="eSc_line_65fa4b69"
                         BASELINE="663 1536 956 1529"
                         HPOS="653"
                         VPOS="1437"
                         WIDTH="303"
                         HEIGHT="151"
                         TAGREFS="LT118">
                  <Shape>
                     <Polygon POINTS="663 1536 653 1453 758 1437 762 1437 765 1437 814 1460 834 1470 946 1470 956 1529 956 1559 831 1559 808 1572 801 1579 798 1579 795 1579 791 1579 788 1579 778 1575 735 1562 666 1588"/>
                  </Shape>
                  <String CONTENT="Negat"
                          HPOS="653"
                          VPOS="1437"
                          WIDTH="303"
                          HEIGHT="151"/>
               </TextLine>
               <TextLine ID="eSc_line_5dea1c5e"
                         BASELINE="772 1783 1329 1793 2497 1856"
                         HPOS="768"
                         VPOS="1704"
                         WIDTH="1729"
                         HEIGHT="184"
                         TAGREFS="LT118">
                  <Shape>
                     <Polygon POINTS="772 1783 768 1717 960 1704 963 1704 966 1704 970 1704 1003 1727 1006 1730 1105 1730 1118 1730 1197 1704 1201 1704 1204 1704 1207 1704 1210 1704 1243 1727 1329 1717 1332 1717 1336 1717 1415 1747 1418 1750 1478 1750 1636 1750 1669 1727 1672 1727 1676 1727 1679 1727 1910 1753 2042 1743 2045 1743 2048 1743 2118 1780 2124 1780 2326 1757 2329 1757 2332 1757 2336 1757 2336 1760 2365 1783 2385 1770 2388 1770 2392 1770 2395 1770 2398 1770 2402 1770 2402 1773 2405 1773 2421 1793 2421 1796 2494 1799 2497 1856 2494 1875 2359 1888 2355 1888 2352 1888 2296 1869 2276 1862 2256 1869 2220 1882 2217 1882 2213 1882 2095 1862 2002 1846 1940 1856 1880 1865 1877 1865 1874 1865 1870 1865 1870 1862 1860 1852 1847 1836 1705 1832 1649 1846 1613 1852 1610 1852 1547 1842 1441 1819 1415 1836 1405 1842 1402 1842 1398 1842 1395 1842 1303 1839 1257 1829 1154 1806 1059 1823 1029 1826 1026 1826 1022 1826 1006 1819 940 1796 768 1809"/>
                  </Shape>
                  <String CONTENT="derrier sa maison et dessus son toict en temps"
                          HPOS="768"
                          VPOS="1704"
                          WIDTH="1729"
                          HEIGHT="184"/>
               </TextLine>
               <TextLine ID="eSc_line_bc33148b"
                         BASELINE="537 1832 598 1832 825 1701 1164 1701 2385 1753"
                         HPOS="534"
                         VPOS="1651"
                         WIDTH="1851"
                         HEIGHT="178"
                         TAGREFS="LT118">
                  <Shape>
                     <Polygon POINTS="534 1829 534 1691 725 1691 729 1691 864 1651 867 1651 871 1651 874 1651 877 1651 913 1681 1016 1681 1049 1654 1052 1654 1055 1654 1059 1654 1270 1658 1273 1658 1276 1658 1323 1687 1451 1664 1455 1664 1458 1664 1491 1681 1646 1674 1649 1674 1653 1674 1656 1674 1656 1678 1686 1701 1689 1704 1722 1701 1920 1684 1923 1684 2378 1710 2382 1750 2385 1780 2355 1799 2352 1799 2349 1799 2345 1799 2342 1799 2339 1799 2312 1780 2296 1767 2217 1767 2187 1776 2157 1790 2154 1790 2151 1790 2147 1790 2108 1776 2035 1753 1854 1773 1851 1773 1847 1773 1844 1773 1712 1734 1633 1773 1616 1780 1613 1780 1610 1780 1606 1780 1580 1773 1445 1727 1408 1740 1405 1740 1402 1740 1257 1724 1105 1763 1102 1763 1102 1767 1012 1767 1009 1763 1006 1763 1003 1763 1003 1760 966 1727 867 1743 864 1743 861 1743 857 1743 841 1727 722 1763"/>
                  </Shape>
                  <String CONTENT="5 Quel passes de vache se retreuvyent"
                          HPOS="534"
                          VPOS="1651"
                          WIDTH="1851"
                          HEIGHT="178"/>
               </TextLine>
               <TextLine ID="eSc_line_8514d177"
                         BASELINE="772 1869 989 1862"
                         HPOS="765"
                         VPOS="1783"
                         WIDTH="224"
                         HEIGHT="102"
                         TAGREFS="LT118">
                  <Shape>
                     <Polygon POINTS="772 1869 765 1796 979 1783 989 1862 989 1882 772 1885"/>
                  </Shape>
                  <String CONTENT="dhivers"
                          HPOS="765"
                          VPOS="1783"
                          WIDTH="224"
                          HEIGHT="102"/>
               </TextLine>
               <TextLine ID="eSc_line_dd3a30f3"
                         BASELINE="689 1931 1785 1925 2560 1961"
                         HPOS="682"
                         VPOS="1852"
                         WIDTH="1878"
                         HEIGHT="116"
                         TAGREFS="LT118">
                  <Shape>
                     <Polygon POINTS="689 1931 686 1856 1138 1856 1141 1856 1144 1856 1154 1862 1171 1872 1204 1862 1243 1852 1247 1852 1250 1852 1316 1865 1342 1869 1379 1865 1491 1856 1494 1856 1497 1856 1501 1856 1501 1859 1514 1869 1517 1872 1557 1869 1712 1856 1715 1856 1719 1856 1722 1856 1745 1872 1758 1879 1811 1875 1966 1859 1969 1859 1973 1859 1976 1859 2002 1879 2012 1882 2072 1879 2263 1865 2266 1865 2362 1885 2375 1885 2382 1885 2435 1865 2438 1865 2441 1865 2560 1888 2560 1961 2553 1968 682 1945"/>
                  </Shape>
                  <String CONTENT="Respond que ce nest seulement derrier chies elle mais partout le vilage"
                          HPOS="682"
                          VPOS="1852"
                          WIDTH="1878"
                          HEIGHT="116"/>
               </TextLine>
               <TextLine ID="eSc_line_752a15f4"
                         BASELINE="551 2186 614 2169 801 2071 1577 2086 2530 2126"
                         HPOS="534"
                         VPOS="2024"
                         WIDTH="1993"
                         HEIGHT="161"
                         TAGREFS="LT118">
                  <Shape>
                     <Polygon POINTS="547 2185 534 2047 626 2024 630 2024 633 2024 676 2047 890 2050 913 2030 913 2027 917 2027 920 2027 923 2027 983 2027 986 2027 989 2027 1026 2050 1049 2034 1049 2030 1052 2030 1055 2030 1059 2030 1181 2030 1184 2030 1187 2030 1214 2047 1352 2034 1356 2034 1359 2034 1362 2034 1362 2037 1365 2037 1379 2053 1527 2037 1530 2037 1801 2047 1804 2047 1808 2047 1808 2050 1827 2067 1880 2050 1884 2050 1887 2050 1979 2073 2527 2083 2527 2123 2520 2172 2303 2136 2220 2152 2217 2152 2213 2152 2134 2116 1811 2162 1801 2162 1798 2162 1794 2162 1791 2162 1748 2136 1603 2139 1600 2139 1596 2139 1514 2106 1375 2126 1372 2126 1369 2126 1365 2126 1336 2106 1220 2123 1217 2123 1214 2123 1135 2099 1049 2126 1045 2126 1042 2126 844 2096 669 2142"/>
                  </Shape>
                  <String CONTENT="6. Qui estoit ce Noir homme que se retreuvoit"
                          HPOS="534"
                          VPOS="2024"
                          WIDTH="1993"
                          HEIGHT="161"/>
               </TextLine>
               <TextLine ID="eSc_line_a4adf50c"
                         BASELINE="798 2172 2505 2240"
                         HPOS="791"
                         VPOS="2076"
                         WIDTH="1713"
                         HEIGHT="215"
                         TAGREFS="LT118">
                  <Shape>
                     <Polygon POINTS="795 2169 798 2076 880 2109 973 2090 976 2090 979 2090 983 2090 983 2093 1006 2116 1082 2116 1181 2093 1191 2093 1194 2093 1197 2093 1201 2093 1201 2096 1204 2096 1214 2109 1263 2099 1276 2096 1280 2096 1283 2096 1286 2096 1286 2099 1290 2099 1303 2116 1375 2103 1385 2103 1389 2103 1392 2103 1395 2103 1431 2129 1504 2109 1521 2106 1524 2106 1527 2106 1530 2106 1554 2113 1653 2139 1735 2119 1761 2116 1765 2116 1768 2116 1788 2123 1857 2149 1986 2132 1996 2132 1999 2132 2002 2132 2006 2132 2045 2156 2078 2136 2088 2132 2091 2132 2095 2132 2098 2132 2101 2132 2101 2136 2105 2139 2124 2162 2200 2162 2227 2146 2237 2136 2240 2136 2243 2136 2246 2136 2250 2136 2279 2146 2342 2169 2501 2159 2504 2238 2497 2261 2283 2248 2266 2254 2180 2291 2177 2291 2174 2291 1771 2274 1768 2274 1709 2254 1669 2268 1666 2268 1662 2268 1659 2268 1557 2228 1524 2215 1497 2225 1451 2245 1448 2245 1445 2245 1441 2245 1438 2245 1438 2241 1435 2241 1422 2225 1405 2238 1402 2238 1398 2238 1395 2238 1392 2238 1356 2221 1326 2205 1125 2202 1105 2212 1042 2241 1039 2241 1036 2241 1032 2241 1029 2241 976 2208 946 2192 791 2198"/>
                  </Shape>
                  <String CONTENT="en son poille et en sa maison que son fils aveu"
                          HPOS="791"
                          VPOS="2076"
                          WIDTH="1713"
                          HEIGHT="215"/>
               </TextLine>
               <TextLine ID="eSc_line_1d5a7352"
                         BASELINE="791 2261 1339 2277"
                         HPOS="788"
                         VPOS="2195"
                         WIDTH="551"
                         HEIGHT="119"
                         TAGREFS="LT118">
                  <Shape>
                     <Polygon POINTS="791 2261 791 2208 956 2212 966 2208 996 2195 999 2195 1003 2195 1006 2195 1009 2195 1029 2208 1039 2215 1059 2208 1111 2195 1115 2195 1118 2195 1339 2215 1339 2277 1336 2304 1237 2314 1234 2314 1230 2314 1201 2304 1174 2294 1144 2304 1125 2310 1121 2310 1118 2310 1042 2301 900 2284 788 2297"/>
                  </Shape>
                  <String CONTENT="souventesfois."
                          HPOS="788"
                          VPOS="2195"
                          WIDTH="551"
                          HEIGHT="119"/>
               </TextLine>
               <TextLine ID="eSc_line_b0e6547a"
                         BASELINE="580 2337 867 2347"
                         HPOS="574"
                         VPOS="2248"
                         WIDTH="293"
                         HEIGHT="148"
                         TAGREFS="LT118">
                  <Shape>
                     <Polygon POINTS="580 2337 577 2268 659 2248 663 2248 867 2268 867 2347 861 2396 758 2380 735 2383 682 2393 679 2393 676 2393 673 2393 673 2390 656 2373 650 2367 574 2363"/>
                  </Shape>
                  <String CONTENT="Negat"
                          HPOS="574"
                          VPOS="2248"
                          WIDTH="293"
                          HEIGHT="148"/>
               </TextLine>
               <TextLine ID="eSc_line_7599a969"
                         BASELINE="576 2560 619 2558 806 2466 1517 2498 1847 2531 2369 2545"
                         HPOS="570"
                         VPOS="2429"
                         WIDTH="1795"
                         HEIGHT="165"
                         TAGREFS="LT118">
                  <Shape>
                     <Polygon POINTS="574 2558 570 2459 702 2465 712 2459 752 2436 755 2436 758 2436 762 2436 765 2436 808 2446 847 2429 851 2429 854 2429 1111 2449 1151 2436 1154 2436 1158 2436 1161 2436 1234 2462 1276 2442 1280 2442 1283 2442 1511 2449 1610 2459 1613 2459 1616 2459 1636 2475 1653 2488 1712 2475 1735 2472 1738 2472 1742 2472 1745 2472 1745 2475 1748 2475 1765 2492 2362 2488 2365 2541 2359 2571 2167 2548 2131 2571 2131 2574 2128 2574 2124 2574 2121 2574 2105 2571 2068 2564 2025 2571 1903 2594 1900 2594 1712 2591 1709 2591 1662 2571 1639 2561 1616 2571 1583 2587 1580 2587 1577 2587 1573 2587 1570 2587 1550 2571 1540 2564 1501 2571 1415 2584 1412 2584 1408 2584 1379 2571 1276 2521 1098 2521 1016 2551 1012 2551 1009 2551 1006 2551 1003 2551 966 2521 854 2515 791 2545 788 2545 785 2545 781 2545 778 2545 735 2518 633 2568 630 2568 630 2571 574 2571"/>
                  </Shape>
                  <String CONTENT="7 Pourquoi elle a baptuz son fils que lavoit"
                          HPOS="570"
                          VPOS="2429"
                          WIDTH="1795"
                          HEIGHT="165"/>
               </TextLine>
               <TextLine ID="eSc_line_551951aa"
                         BASELINE="755 2558 1118 2568"
                         HPOS="752"
                         VPOS="2505"
                         WIDTH="366"
                         HEIGHT="102"
                         TAGREFS="LT118">
                  <Shape>
                     <Polygon POINTS="755 2558 752 2512 1115 2505 1118 2568 1118 2581 1045 2607 1042 2607 1039 2607 913 2587 857 2577 752 2587"/>
                  </Shape>
                  <String CONTENT="divulgue"
                          HPOS="752"
                          VPOS="2505"
                          WIDTH="366"
                          HEIGHT="102"/>
               </TextLine>
               <TextLine ID="eSc_line_aba11192"
                         BASELINE="673 2634 983 2617"
                         HPOS="663"
                         VPOS="2558"
                         WIDTH="320"
                         HEIGHT="95"
                         TAGREFS="LT118">
                  <Shape>
                     <Polygon POINTS="673 2634 663 2577 973 2558 983 2617 983 2634 673 2653"/>
                  </Shape>
                  <String CONTENT="Negat."
                          HPOS="663"
                          VPOS="2558"
                          WIDTH="320"
                          HEIGHT="95"/>
               </TextLine>
               <TextLine ID="eSc_line_4be70ef8"
                         BASELINE="768 2887 1986 2894 2550 2917"
                         HPOS="762"
                         VPOS="2798"
                         WIDTH="1788"
                         HEIGHT="142"
                         TAGREFS="LT118">
                  <Shape>
                     <Polygon POINTS="768 2887 765 2821 907 2798 910 2798 913 2798 917 2798 943 2818 946 2821 986 2818 1135 2808 1138 2808 1191 2818 1220 2825 1227 2818 1240 2808 1243 2808 1247 2808 1250 2808 1303 2818 1336 2825 1362 2818 1418 2802 1422 2802 1425 2802 1428 2802 1431 2802 1431 2805 1448 2818 1451 2821 1494 2818 1629 2805 1633 2805 1636 2805 1672 2818 1712 2831 1755 2818 1785 2808 1788 2808 1791 2808 1857 2808 1860 2808 1864 2808 1864 2812 1870 2818 1887 2831 1986 2815 2006 2815 2009 2815 2012 2815 2019 2815 2095 2835 2227 2815 2263 2812 2266 2812 2309 2815 2494 2838 2540 2815 2550 2917 2547 2940 2322 2940 2319 2937 2316 2937 2309 2934 2276 2920 2177 2934 2164 2934 2161 2934 2157 2934 2154 2934 2108 2914 2012 2930 1989 2934 1986 2934 1982 2934 1969 2930 1900 2910 1824 2927 1808 2930 1804 2930 1781 2927 1679 2907 1544 2924 1507 2927 1504 2927 1478 2924 1389 2904 1362 2920 1359 2924 1356 2924 1352 2924 1349 2924 1300 2920 1095 2901 1059 2917 1049 2920 1045 2920 1042 2920 1039 2920 1029 2917 1003 2904 979 2914 966 2920 963 2920 960 2920 762 2910"/>
                  </Shape>
                  <String CONTENT="devant les fenestres de Vernier thorel que vouloit"
                          HPOS="762"
                          VPOS="2798"
                          WIDTH="1788"
                          HEIGHT="142"/>
               </TextLine>
               <TextLine ID="eSc_line_ded8e685"
                         BASELINE="579 2972 613 2971 771 2792 2359 2815"
                         HPOS="576"
                         VPOS="2706"
                         WIDTH="1779"
                         HEIGHT="269"
                         TAGREFS="LT118">
                  <Shape>
                     <Polygon POINTS="576 2973 579 2912 689 2792 689 2788 745 2742 748 2742 752 2742 755 2742 758 2742 850 2706 963 2746 966 2746 970 2746 973 2746 999 2765 1161 2749 1164 2749 1168 2749 1227 2765 1280 2752 1283 2752 1286 2752 1290 2752 1293 2752 1293 2756 1313 2772 1441 2752 1445 2752 1448 2752 1517 2769 1666 2756 1669 2756 2352 2782 2355 2812 2355 2815 2105 2864 2101 2864 2098 2864 2012 2828 1992 2821 1973 2831 1903 2858 1900 2858 1897 2858 1893 2858 1851 2835 1821 2818 1781 2838 1725 2861 1722 2861 1719 2861 1715 2861 1646 2841 1596 2828 1451 2848 1445 2848 1441 2848 1438 2848 1435 2848 1412 2828 1319 2854 1300 2858 1296 2858 1293 2858 1290 2858 1286 2858 1283 2854 1227 2818 1085 2854 1082 2854 1078 2854 1075 2854 979 2812 844 2812 774 2810 717 2866 612 2975"/>
                  </Shape>
                  <String CONTENT="8 Quell estoit cest homme que fust avec elle"
                          HPOS="576"
                          VPOS="2706"
                          WIDTH="1779"
                          HEIGHT="269"/>
               </TextLine>
               <TextLine ID="eSc_line_a1afc58b"
                         BASELINE="739 2983 1903 2983 2454 3006"
                         HPOS="735"
                         VPOS="2894"
                         WIDTH="1719"
                         HEIGHT="135"
                         TAGREFS="LT118">
                  <Shape>
                     <Polygon POINTS="739 2983 735 2904 877 2894 880 2894 937 2907 1012 2924 1078 2910 1121 2901 1125 2901 1191 2910 1290 2927 1408 2914 1583 2897 1587 2897 1590 2897 1593 2897 1623 2920 1639 2930 1662 2920 1705 2901 1709 2901 1712 2901 1798 2901 1801 2901 1804 2901 1831 2924 1841 2930 1860 2924 1907 2907 1910 2907 1913 2907 1917 2907 1959 2927 1966 2927 1982 2927 2151 2904 2154 2904 2157 2904 2223 2930 2233 2937 2454 2937 2454 3006 2448 3029 2326 3013 2072 3029 2025 3029 2022 3029 2019 3029 2015 3029 2015 3026 1969 2999 1758 3013 1755 3013 1593 2996 1392 2999 1342 3023 1339 3023 1336 3023 1332 3023 1323 3023 1187 2996 735 3016"/>
                  </Shape>
                  <String CONTENT="donner de largent a la femme dudit Vernier"
                          HPOS="735"
                          VPOS="2894"
                          WIDTH="1719"
                          HEIGHT="135"/>
               </TextLine>
               <TextLine ID="eSc_line_54d5be67"
                         BASELINE="752 3072 2197 3092 2557 3108"
                         HPOS="752"
                         VPOS="2993"
                         WIDTH="1805"
                         HEIGHT="152"
                         TAGREFS="LT118">
                  <Shape>
                     <Polygon POINTS="752 3072 758 2996 781 3016 996 3016 1022 3003 1036 2993 1039 2993 1042 2993 1045 2993 1049 2993 1078 3003 1118 3019 1161 3006 1194 2996 1197 2996 1201 2996 1270 3006 1356 3026 1474 3026 1504 3013 1537 2999 1540 2999 1544 2999 1547 2999 1606 3016 1649 3026 1679 3016 1722 2999 1725 2999 1728 2999 1732 2999 1778 3019 1808 3029 1877 3019 1986 3006 1989 3006 1992 3006 2042 3023 2048 3023 2359 3009 2362 3009 2365 3009 2418 3032 2438 3039 2550 3036 2557 3108 2550 3145 2405 3115 2283 3131 2279 3131 2276 3131 2220 3108 2118 3138 2114 3138 2114 3141 1973 3141 1969 3138 1966 3138 1963 3138 1890 3102 1788 3128 1785 3128 1781 3128 1778 3128 1659 3098 1570 3131 1567 3131 1563 3131 1560 3131 1557 3131 1554 3131 1488 3092 1283 3092 970 3121 963 3121 960 3121 956 3121 857 3085 752 3118"/>
                  </Shape>
                  <String CONTENT="pour payer les emendes Que ladite femme debvoit"
                          HPOS="752"
                          VPOS="2993"
                          WIDTH="1805"
                          HEIGHT="152"/>
               </TextLine>
               <TextLine ID="eSc_line_dba040d1"
                         BASELINE="475 3151 778 3151"
                         HPOS="471"
                         VPOS="3052"
                         WIDTH="307"
                         HEIGHT="178"
                         TAGREFS="LT118">
                  <Shape>
                     <Polygon POINTS="475 3151 471 3062 775 3052 778 3151 778 3204 640 3230 636 3230 633 3230 554 3187 541 3184 475 3184"/>
                  </Shape>
                  <String CONTENT="Negat"
                          HPOS="471"
                          VPOS="3052"
                          WIDTH="307"
                          HEIGHT="178"/>
               </TextLine>
               <TextLine ID="eSc_line_5f2f0ee1"
                         BASELINE="548 3393 576 3392 748 3290 1313 3283 2438 3313"
                         HPOS="544"
                         VPOS="3187"
                         WIDTH="1891"
                         HEIGHT="220"
                         TAGREFS="LT118">
                  <Shape>
                     <Polygon POINTS="545 3345 544 3234 712 3234 715 3234 758 3191 758 3187 762 3187 765 3187 768 3187 989 3187 993 3187 1135 3227 1214 3197 1217 3197 1220 3197 1224 3197 1227 3197 1286 3237 1290 3237 1389 3194 1392 3194 1395 3194 1504 3207 1521 3194 1521 3191 1524 3191 1527 3191 1530 3191 1639 3191 1643 3191 1755 3224 1794 3210 1798 3210 1801 3210 1804 3210 1857 3240 1864 3243 2296 3243 2296 3240 2339 3220 2342 3220 2345 3220 2349 3220 2435 3243 2435 3309 2428 3352 2144 3326 2095 3352 2088 3356 2085 3356 2085 3359 1966 3359 1963 3356 1943 3352 1745 3306 1669 3332 1666 3332 1662 3332 1514 3309 1445 3329 1441 3329 1438 3329 1435 3329 1385 3309 1300 3319 1296 3319 1293 3319 1290 3319 1263 3303 1006 3303 950 3326 946 3326 943 3326 940 3326 857 3306 781 3339 778 3339 775 3339 772 3339 729 3316 696 3346 696 3349 692 3349 689 3349 686 3349 570 3407"/>
                  </Shape>
                  <String CONTENT="9 Qui a cause la maladie de ladite femme dudit"
                          HPOS="544"
                          VPOS="3187"
                          WIDTH="1891"
                          HEIGHT="220"/>
               </TextLine>
               <TextLine ID="eSc_line_f1c82f95"
                         BASELINE="663 3379 1161 3372 1676 3398 2435 3408"
                         HPOS="656"
                         VPOS="3293"
                         WIDTH="1779"
                         HEIGHT="155"
                         TAGREFS="LT118">
                  <Shape>
                     <Polygon POINTS="663 3379 656 3303 930 3293 933 3293 1016 3306 1049 3313 1088 3309 1194 3296 1197 3296 1201 3296 1204 3296 1227 3313 1247 3323 1283 3313 1309 3306 1313 3306 1316 3306 1319 3306 1332 3313 1369 3332 1455 3316 1524 3303 1527 3303 1530 3303 1563 3316 1610 3339 1672 3319 1719 3306 1722 3306 1725 3306 1728 3306 1761 3323 1811 3346 2045 3346 2081 3326 2091 3319 2095 3319 2098 3319 2101 3319 2105 3319 2108 3319 2118 3326 2151 3349 2398 3349 2425 3332 2435 3408 2428 3448 2237 3431 2081 3441 2032 3445 2029 3445 2025 3445 2015 3441 1966 3415 1917 3438 1910 3441 1907 3441 1903 3441 1900 3441 1890 3438 1821 3415 1738 3435 1722 3438 1719 3438 1715 3438 1712 3438 1709 3435 1676 3412 1636 3421 1633 3421 1629 3421 1524 3398 1342 3402 1300 3425 1286 3431 1283 3431 1280 3431 1276 3431 1273 3431 1267 3425 1217 3392 1072 3412 1069 3412 1065 3412 1016 3385 732 3385 663 3412"/>
                  </Shape>
                  <String CONTENT="vernier quelle avoit les mains closes Et par apres"
                          HPOS="656"
                          VPOS="3293"
                          WIDTH="1779"
                          HEIGHT="155"/>
               </TextLine>
               <TextLine ID="eSc_line_49a0a09b"
                         BASELINE="706 3458 1474 3445"
                         HPOS="699"
                         VPOS="3365"
                         WIDTH="775"
                         HEIGHT="129"
                         TAGREFS="LT118">
                  <Shape>
                     <Polygon POINTS="706 3458 699 3379 801 3369 805 3369 808 3369 831 3375 871 3392 887 3375 900 3365 904 3365 907 3365 910 3365 1029 3375 1177 3388 1464 3375 1474 3445 1471 3464 1435 3461 1425 3468 1395 3487 1392 3487 1389 3487 1385 3487 1227 3474 1201 3474 1158 3477 1019 3494 1016 3494 1012 3494 1009 3494 1009 3491 999 3484 979 3468 904 3468 706 3494"/>
                  </Shape>
                  <String CONTENT="perdit La parolle"
                          HPOS="699"
                          VPOS="3365"
                          WIDTH="775"
                          HEIGHT="129"/>
               </TextLine>
               <TextLine ID="eSc_line_fedf23f2"
                         BASELINE="567 3563 814 3553"
                         HPOS="557"
                         VPOS="3471"
                         WIDTH="257"
                         HEIGHT="125"
                         TAGREFS="LT118">
                  <Shape>
                     <Polygon POINTS="567 3563 557 3497 709 3494 712 3487 729 3474 729 3471 732 3471 735 3471 739 3471 808 3484 814 3553 814 3586 567 3596"/>
                  </Shape>
                  <String CONTENT="Negat"
                          HPOS="557"
                          VPOS="3471"
                          WIDTH="257"
                          HEIGHT="125"/>
               </TextLine>
            </TextBlock>
            <TextBlock HPOS="1355"
                       VPOS="3750"
                       WIDTH="143"
                       HEIGHT="108"
                       ID="eSc_textblock_c1724440"
                       TAGREFS="BT370">
               <Shape>
                  <Polygon POINTS="1488 3750 1498 3858 1355 3850 1363 3766"/>
               </Shape>
               <TextLine ID="eSc_line_7d01f54e"
                         BASELINE="1381 3819 1451 3827"
                         HPOS="1372"
                         VPOS="3754"
                         WIDTH="76"
                         HEIGHT="93"
                         TAGREFS="LT118">
                  <Shape>
                     <Polygon POINTS="1379 3817 1379 3754 1448 3754 1448 3824 1441 3847 1372 3837"/>
                  </Shape>
                  <String CONTENT="3" HPOS="1372" VPOS="3754" WIDTH="76" HEIGHT="93"/>
               </TextLine>
            </TextBlock>
            <TextBlock HPOS="2342"
                       VPOS="3754"
                       WIDTH="118"
                       HEIGHT="101"
                       ID="eSc_textblock_c8931d0e"
                       TAGREFS="BT371">
               <Shape>
                  <Polygon POINTS="2342 3754 2342 3855 2460 3855 2460 3754"/>
               </Shape>
               <TextLine ID="eSc_line_ce79ca7b"
                         BASELINE="2370 3816 2438 3819"
                         HPOS="2362"
                         VPOS="3745"
                         WIDTH="73"
                         HEIGHT="89"
                         TAGREFS="LT118">
                  <Shape>
                     <Polygon POINTS="2369 3814 2369 3745 2435 3748 2435 3817 2428 3834 2362 3830"/>
                  </Shape>
                  <String CONTENT="1" HPOS="2362" VPOS="3745" WIDTH="73" HEIGHT="89"/>
               </TextLine>
            </TextBlock>
         </PrintSpace>
      </Page>
   </Layout>
</alto>
