<alto xmlns:xsi="http://www.w3.org/2001/XMLSchema-instance"
      xmlns="http://www.loc.gov/standards/alto/ns-v4#"
      xsi:schemaLocation="http://www.loc.gov/standards/alto/ns-v4# http://www.loc.gov/standards/alto/v4/alto-4-2.xsd">
   <Description>
      <MeasurementUnit>pixel</MeasurementUnit>
      <sourceImageInformation>
         <fileName>B_168_15-23-4_0001.jpg</fileName>
      </sourceImageInformation>
   </Description>
   <Tags>
      <OtherTag ID="BT365"
                LABEL="MainZone:column"
                DESCRIPTION="block type MainZone:column"/>
      <OtherTag ID="BT367" LABEL="MainZone" DESCRIPTION="block type MainZone"/>
      <OtherTag ID="BT368"
                LABEL="MarginTextZone"
                DESCRIPTION="block type MarginTextZone"/>
      <OtherTag ID="BT369"
                LABEL="MarginTextZone:note"
                DESCRIPTION="block type MarginTextZone:note"/>
      <OtherTag ID="BT370"
                LABEL="NumberingZone:other"
                DESCRIPTION="block type NumberingZone:other"/>
      <OtherTag ID="BT371"
                LABEL="NumberingZone:page"
                DESCRIPTION="block type NumberingZone:page"/>
      <OtherTag ID="BT379"
                LABEL="DecorationZone"
                DESCRIPTION="block type DecorationZone"/>
      <OtherTag ID="BT380"
                LABEL="CustomZone:signature"
                DESCRIPTION="block type CustomZone:signature"/>
      <OtherTag ID="LT118" LABEL="DefaultLine" DESCRIPTION="line type DefaultLine"/>
      <OtherTag ID="LT119" LABEL="HeadingLine" DESCRIPTION="line type HeadingLine"/>
      <OtherTag ID="LT120"
                LABEL="InterlinearLine"
                DESCRIPTION="line type InterlinearLine"/>
   </Tags>
   <Layout>
      <Page WIDTH="2596"
            HEIGHT="3832"
            PHYSICAL_IMG_NR="50"
            ID="eSc_dummypage_">
         <PrintSpace HPOS="0" VPOS="0" WIDTH="2596" HEIGHT="3832">
            <TextBlock HPOS="181"
                       VPOS="158"
                       WIDTH="235"
                       HEIGHT="174"
                       ID="eSc_textblock_51185727"
                       TAGREFS="BT370">
               <Shape>
                  <Polygon POINTS="181 158 181 332 416 332 416 158"/>
               </Shape>
               <TextLine ID="eSc_line_6f25a63c"
                         BASELINE="232 295 392 278"
                         HPOS="214"
                         VPOS="150"
                         WIDTH="176"
                         HEIGHT="178"
                         TAGREFS="LT118">
                  <Shape>
                     <Polygon POINTS="230 293 214 150 374 150 390 277 390 316 230 328"/>
                  </Shape>
                  <String CONTENT="140"
                          HPOS="214"
                          VPOS="150"
                          WIDTH="176"
                          HEIGHT="178"/>
               </TextLine>
            </TextBlock>
            <TextBlock HPOS="543"
                       VPOS="229"
                       WIDTH="501"
                       HEIGHT="138"
                       ID="eSc_textblock_70951b49"
                       TAGREFS="BT369">
               <Shape>
                  <Polygon POINTS="543 229 543 367 1044 367 1044 229"/>
               </Shape>
               <TextLine ID="eSc_line_10601fcd"
                         BASELINE="591 309 1026 316"
                         HPOS="585"
                         VPOS="204"
                         WIDTH="441"
                         HEIGHT="134"
                         TAGREFS="LT118">
                  <Shape>
                     <Polygon POINTS="591 309 594 204 642 226 888 210 891 210 895 210 975 229 1016 210 1026 316 1023 332 642 338 639 338 636 338 585 319"/>
                  </Shape>
                  <String CONTENT="17-27 mai"
                          HPOS="585"
                          VPOS="204"
                          WIDTH="441"
                          HEIGHT="134"/>
               </TextLine>
            </TextBlock>
            <TextBlock HPOS="639"
                       VPOS="89"
                       WIDTH="1889"
                       HEIGHT="3101"
                       ID="eSc_textblock_fd79e9ab"
                       TAGREFS="BT367">
               <Shape>
                  <Polygon POINTS="2033 523 2413 549 2464 676 2477 1108 2413 1491 2490 1724 2439 1938 2516 2082 2528 2311 2477 3113 1509 3100 1275 3177 703 3190 652 2717 703 2337 639 2206 703 1861 677 510 706 508 1064 508 1064 218 1071 217 1125 89 2298 102 2490 217 2464 303 1966 434"/>
               </Shape>
               <TextLine ID="eSc_line_af20a58e"
                         TAGREFS="LT119"
                         BASELINE="1125 162 2330 188"
                         HPOS="1118"
                         VPOS="67"
                         WIDTH="1212"
                         HEIGHT="162">
                  <Shape>
                     <Polygon POINTS="1125 162 1125 67 1349 73 1352 73 1365 76 1422 105 1473 92 1477 92 1480 92 1579 114 1755 98 1803 95 1806 95 1809 95 1812 95 1819 102 1841 114 1908 108 1956 102 1959 102 1962 102 1994 111 2039 124 2058 114 2090 98 2094 98 2097 98 2330 130 2330 188 2327 204 2196 204 2193 204 2158 229 2154 229 2151 229 2148 229 2145 229 2142 229 2100 204 2094 201 2090 204 2049 223 2046 223 1883 226 1879 226 1876 226 1873 226 1851 204 1835 191 1579 188 1550 207 1544 213 1540 213 1537 213 1534 213 1531 213 1505 207 1461 194 1400 207 1365 213 1361 213 1358 213 1339 207 1256 182 1214 207 1214 210 1211 210 1208 210 1205 210 1118 207"/>
                  </Shape>
                  <String CONTENT="Proces Criminel de Alix vefve"
                          HPOS="1118"
                          VPOS="67"
                          WIDTH="1212"
                          HEIGHT="162"/>
               </TextLine>
               <TextLine ID="eSc_line_c6fa13b4"
                         TAGREFS="LT119"
                         BASELINE="1202 245 2477 268"
                         HPOS="1198"
                         VPOS="172"
                         WIDTH="1279"
                         HEIGHT="131">
                  <Shape>
                     <Polygon POINTS="1202 245 1202 172 1381 194 1467 178 1489 175 1493 175 1857 182 1860 182 1892 191 1943 210 2474 210 2477 268 2474 296 2365 303 2362 303 2359 303 2333 296 2276 281 2215 293 2202 296 2199 296 2196 296 2189 293 2161 281 1892 290 1799 293 1796 293 1793 293 1783 290 1742 271 1604 287 1569 290 1566 290 1524 287 1349 265 1198 281"/>
                  </Shape>
                  <String CONTENT="George Rossel de Boncourt accusee"
                          HPOS="1198"
                          VPOS="172"
                          WIDTH="1279"
                          HEIGHT="131"/>
               </TextLine>
               <TextLine ID="eSc_line_8ae3d27a"
                         TAGREFS="LT119"
                         BASELINE="1182 335 2151 325"
                         HPOS="1176"
                         VPOS="255"
                         WIDTH="978"
                         HEIGHT="150">
                  <Shape>
                     <Polygon POINTS="1182 335 1176 255 1307 255 1310 255 1313 255 1313 258 1336 277 1390 255 1393 255 1397 255 1400 255 1435 258 1668 277 2142 268 2151 325 2154 351 2039 395 2036 395 2033 395 2030 395 1943 357 1937 354 1803 354 1799 360 1758 395 1758 399 1755 399 1751 399 1751 402 1675 402 1672 399 1668 399 1665 399 1620 364 1608 357 1521 357 1496 367 1409 402 1406 402 1406 405 1269 405 1266 402 1262 402 1176 373"/>
                  </Shape>
                  <String CONTENT="et saisie pour sortilege"
                          HPOS="1176"
                          VPOS="255"
                          WIDTH="978"
                          HEIGHT="150"/>
               </TextLine>
               <TextLine ID="eSc_line_796bf4e6"
                         BASELINE="1064 491 1138 479 1886 479"
                         HPOS="1051"
                         VPOS="386"
                         WIDTH="835"
                         HEIGHT="124"
                         TAGREFS="LT118">
                  <Shape>
                     <Polygon POINTS="1064 491 1051 408 1115 386 1118 386 1122 386 1125 386 1163 402 1224 386 1227 386 1230 386 1419 402 1464 386 1467 386 1470 386 1585 402 1780 386 1783 386 1883 405 1886 479 1886 488 1841 507 1838 507 1835 507 1831 507 1777 491 1771 491 1649 494 1345 507 1342 507 1320 504 1250 491 1147 507 1144 507 1141 507 1138 507 1122 491 1067 510"/>
                  </Shape>
                  <String CONTENT="Le 17 de may 1610"
                          HPOS="1051"
                          VPOS="386"
                          WIDTH="835"
                          HEIGHT="124"/>
               </TextLine>
               <TextLine ID="eSc_line_bfcece2d"
                         BASELINE="687 597 1924 603 2407 622"
                         HPOS="680"
                         VPOS="488"
                         WIDTH="1727"
                         HEIGHT="160"
                         TAGREFS="LT118">
                  <Shape>
                     <Polygon POINTS="687 597 687 488 751 488 754 488 757 488 757 491 805 533 901 514 904 514 907 514 955 526 997 501 1000 501 1003 501 1007 501 1077 507 1080 507 1083 507 1083 510 1106 530 1205 507 1208 507 1480 542 1633 542 1668 523 1720 498 1723 498 1726 498 1905 514 2074 501 2078 501 2081 501 2173 542 2177 546 2407 552 2407 622 2400 638 2078 629 2055 635 2023 648 2020 648 2017 648 2014 648 2010 648 2010 645 1998 635 1991 629 1947 635 1854 648 1851 648 1847 648 1844 648 1825 632 1812 622 1595 622 1579 632 1560 645 1556 645 1553 645 1553 648 1461 648 1457 645 1454 645 1393 629 1368 622 1342 629 1291 641 1288 641 1285 641 1282 641 1253 625 1234 619 1134 619 1122 625 1102 638 1099 638 1096 638 1093 638 1090 638 1039 625 1016 619 1010 625 991 638 987 638 984 638 981 638 680 619"/>
                  </Shape>
                  <String CONTENT="Ladite Alix estant Interrogue Sur les faictz dont elle"
                          HPOS="680"
                          VPOS="488"
                          WIDTH="1727"
                          HEIGHT="160"/>
               </TextLine>
               <TextLine ID="eSc_line_393f5894"
                         BASELINE="719 680 2432 699"
                         HPOS="712"
                         VPOS="600"
                         WIDTH="1720"
                         HEIGHT="112"
                         TAGREFS="LT118">
                  <Shape>
                     <Polygon POINTS="719 680 716 606 786 600 789 600 792 600 805 606 837 622 869 606 882 600 885 600 888 600 891 600 911 606 959 622 1007 606 1019 603 1023 603 1026 603 1029 603 1032 603 1035 606 1064 629 1128 629 1147 609 1147 606 1150 606 1154 606 1157 606 1182 606 1336 625 1416 609 1438 606 1441 606 1445 606 1448 606 1451 609 1480 632 1534 632 1556 609 1560 609 1560 606 1563 606 1566 606 1569 606 1838 609 1841 609 1844 609 1844 613 1847 613 1870 635 1991 613 2004 613 2007 613 2010 613 2014 613 2014 616 2036 638 2151 641 2381 641 2420 616 2432 699 2426 712 712 696"/>
                  </Shape>
                  <String CONTENT="estoit accusee et sur les Informations  prin levees"
                          HPOS="712"
                          VPOS="600"
                          WIDTH="1720"
                          HEIGHT="112"/>
               </TextLine>
               <TextLine ID="eSc_line_aa58c5a1"
                         BASELINE="696 766 1592 760 2269 779"
                         HPOS="690"
                         VPOS="683"
                         WIDTH="1579"
                         HEIGHT="118"
                         TAGREFS="LT118">
                  <Shape>
                     <Polygon POINTS="696 766 690 712 824 683 828 683 898 683 901 683 904 683 904 686 933 712 1003 712 1042 686 1045 686 1048 686 1051 686 1055 686 1115 708 1345 692 1349 692 1352 692 1355 692 1355 696 1374 712 1435 692 1438 692 1441 692 1445 692 1448 692 1473 708 1710 686 1713 686 1716 686 1803 715 1838 689 1841 689 1844 689 1847 689 1851 689 1883 705 1975 689 1978 689 1982 689 2026 712 2078 689 2081 689 2084 689 2087 689 2090 689 2090 692 2116 715 2266 718 2269 779 2263 795 1751 782 1729 795 1723 801 1720 801 1716 801 1713 801 1678 795 1585 779 1553 795 1547 798 1544 798 1544 801 1259 801 1256 798 1253 798 1246 795 1208 775 1003 775 920 795 917 795 914 795 911 795 757 775 696 795"/>
                  </Shape>
                  <String CONTENT="doffice le matin na rien volsus confesser."
                          HPOS="690"
                          VPOS="683"
                          WIDTH="1579"
                          HEIGHT="118"/>
               </TextLine>
               <TextLine ID="eSc_line_256a7844"
                         BASELINE="690 862 1540 849 2461 887"
                         HPOS="687"
                         VPOS="766"
                         WIDTH="1774"
                         HEIGHT="169"
                         TAGREFS="LT118">
                  <Shape>
                     <Polygon POINTS="690 862 687 788 860 791 866 788 895 772 898 772 901 772 1067 766 1071 766 1074 766 1125 795 1128 795 1131 795 1224 766 1227 766 1230 766 1234 766 1237 766 1237 769 1240 769 1256 788 1384 769 1387 769 1390 769 1393 769 1393 772 1425 798 1560 779 1563 779 1566 779 1646 801 1656 804 1665 801 1739 775 1742 775 1745 775 1847 775 1918 779 1921 779 1924 779 1962 807 2026 788 2030 788 2033 788 2036 788 2039 788 2039 791 2058 807 2273 791 2276 791 2279 791 2282 791 2282 795 2301 814 2461 817 2461 887 2461 916 2439 929 2436 929 2432 929 2429 929 2426 929 2410 916 2391 897 2349 913 2298 935 2295 935 2292 935 2158 932 2154 932 2151 932 2122 910 2119 906 2103 910 2055 922 2052 922 2049 922 2046 922 2042 922 2026 910 1985 881 1947 881 1908 906 1899 916 1895 916 1892 916 1889 916 1886 916 1860 906 1806 881 1636 871 1416 871 1365 887 1361 887 1358 887 1259 871 1221 894 1186 916 1182 916 1179 916 1179 919 1026 919 1023 916 1019 916 1016 916 1016 913 1000 900 821 913 818 913 815 913 812 913 773 887 764 884 687 884"/>
                  </Shape>
                  <String CONTENT="Surquoy luy fust donne terme jusques apres disne."
                          HPOS="687"
                          VPOS="766"
                          WIDTH="1774"
                          HEIGHT="169"/>
               </TextLine>
               <TextLine ID="eSc_line_9f732393"
                         BASELINE="1326 967 2065 980"
                         HPOS="1313"
                         VPOS="887"
                         WIDTH="752"
                         HEIGHT="125"
                         TAGREFS="LT118">
                  <Shape>
                     <Polygon POINTS="1326 967 1323 906 1425 887 1429 887 1432 887 1435 887 1467 906 1470 906 1633 890 1636 890 1841 910 1873 894 1876 894 1879 894 1883 894 1921 916 1927 919 2065 919 2065 980 2062 986 1883 1012 1879 1012 1691 983 1544 999 1540 999 1445 980 1422 999 1422 1002 1419 1002 1416 1002 1416 1005 1349 1005 1345 1002 1342 1002 1339 1002 1339 999 1336 999 1313 973"/>
                  </Shape>
                  <String CONTENT="Apres disne dudit jour"
                          HPOS="1313"
                          VPOS="887"
                          WIDTH="752"
                          HEIGHT="125"/>
               </TextLine>
               <TextLine ID="eSc_line_4997edb6"
                         BASELINE="706 1060 1329 1066 2452 1124"
                         HPOS="700"
                         VPOS="970"
                         WIDTH="1752"
                         HEIGHT="189"
                         TAGREFS="LT118">
                  <Shape>
                     <Polygon POINTS="706 1060 700 989 767 970 770 970 773 970 1029 999 1144 973 1147 973 1253 996 1291 980 1294 980 1298 980 1528 1005 1739 999 1742 999 1745 999 1748 999 1748 1002 1751 1002 1774 1031 1867 1012 1870 1012 1873 1012 1947 1037 1988 1015 1991 1015 1994 1015 1998 1015 2001 1015 2036 1037 2180 1025 2183 1025 2186 1025 2247 1050 2250 1053 2452 1060 2452 1124 2448 1155 2257 1159 2253 1159 2250 1159 2247 1159 2234 1149 2212 1133 2135 1143 2084 1149 2081 1149 2078 1149 2058 1140 2014 1117 1978 1136 1966 1146 1962 1146 1959 1146 1956 1146 1835 1143 1831 1143 1803 1130 1751 1104 1688 1117 1684 1117 1524 1095 1483 1114 1464 1124 1461 1124 1457 1124 1454 1124 1432 1114 1406 1098 1329 1104 1326 1104 1323 1104 1272 1085 978 1085 962 1092 933 1104 930 1104 927 1104 923 1104 888 1088 853 1072 812 1085 786 1092 783 1092 780 1092 776 1092 773 1092 764 1082 751 1072 703 1079"/>
                  </Shape>
                  <String CONTENT="Na rien volsus confesser. Dont elle fust condempnee"
                          HPOS="700"
                          VPOS="970"
                          WIDTH="1752"
                          HEIGHT="189"/>
               </TextLine>
               <TextLine ID="eSc_line_164c32e6"
                         BASELINE="719 1149 1397 1149"
                         HPOS="719"
                         VPOS="1072"
                         WIDTH="678"
                         HEIGHT="99"
                         TAGREFS="LT118">
                  <Shape>
                     <Polygon POINTS="719 1149 719 1076 971 1076 975 1076 978 1076 991 1085 1013 1098 1061 1088 1128 1072 1131 1072 1134 1072 1138 1072 1138 1076 1154 1092 1163 1101 1397 1101 1397 1149 1397 1171 719 1171"/>
                  </Shape>
                  <String CONTENT="a la tourture."
                          HPOS="719"
                          VPOS="1072"
                          WIDTH="678"
                          HEIGHT="99"/>
               </TextLine>
               <TextLine ID="eSc_line_0a4b60c6"
                         BASELINE="722 1232 1592 1239 2407 1280"
                         HPOS="716"
                         VPOS="1136"
                         WIDTH="1691"
                         HEIGHT="166"
                         TAGREFS="LT118">
                  <Shape>
                     <Polygon POINTS="722 1232 716 1149 764 1136 767 1136 770 1136 773 1136 802 1152 824 1162 860 1152 901 1143 904 1143 907 1143 975 1155 1032 1168 1093 1162 1179 1149 1182 1149 1294 1168 1345 1175 1409 1171 1601 1159 1604 1159 1608 1159 1611 1159 1643 1178 1652 1184 1710 1181 1924 1168 1927 1168 2039 1194 2065 1197 2090 1194 2170 1184 2173 1184 2177 1184 2180 1184 2180 1187 2183 1187 2189 1197 2189 1200 2202 1197 2273 1187 2276 1187 2404 1207 2407 1280 2400 1302 2186 1299 2183 1299 2180 1299 2180 1296 2158 1277 2081 1293 2078 1293 2074 1293 2068 1293 1940 1267 1704 1280 1700 1280 1697 1280 1694 1280 1595 1258 1365 1270 1342 1270 1339 1270 1336 1270 1329 1270 1269 1251 1189 1264 1150 1270 1147 1270 1144 1270 1125 1264 1090 1248 984 1258 917 1264 914 1264 716 1248"/>
                  </Shape>
                  <String CONTENT="Ou estant simplement solevee de terre confessa"
                          HPOS="716"
                          VPOS="1136"
                          WIDTH="1691"
                          HEIGHT="166"/>
               </TextLine>
               <TextLine ID="eSc_line_1f7865ab"
                         BASELINE="744 1312 1048 1306 2391 1347"
                         HPOS="741"
                         VPOS="1239"
                         WIDTH="1650"
                         HEIGHT="137"
                         TAGREFS="LT118">
                  <Shape>
                     <Polygon POINTS="744 1312 741 1239 1144 1239 1147 1239 1150 1239 1170 1251 1186 1264 1377 1267 1409 1261 1457 1248 1461 1248 1464 1248 1467 1248 1470 1248 1493 1264 1509 1270 1601 1267 1809 1258 1812 1258 1815 1258 1819 1258 1841 1277 1851 1283 1940 1283 1959 1280 2020 1264 2023 1264 2026 1264 2030 1264 2033 1264 2055 1283 2062 1286 2084 1283 2180 1270 2183 1270 2186 1270 2189 1270 2189 1274 2205 1286 2209 1293 2391 1296 2391 1347 2384 1376 2263 1373 2260 1373 2257 1373 2231 1353 2183 1373 2180 1373 2177 1373 2173 1373 2170 1373 2167 1373 2129 1350 1774 1360 1755 1360 1751 1360 1748 1360 1745 1360 1707 1334 1592 1334 1448 1350 1445 1350 1441 1350 1409 1334 1387 1350 1384 1350 1381 1350 1377 1350 1355 1350 1035 1318 987 1338 984 1338 981 1338 978 1338 933 1318 741 1331"/>
                  </Shape>
                  <String CONTENT="Quil y a environ dix ans, Qung homme entre"
                          HPOS="741"
                          VPOS="1239"
                          WIDTH="1650"
                          HEIGHT="137"/>
               </TextLine>
               <TextLine ID="eSc_line_f5d2380c"
                         BASELINE="728 1385 1275 1385 2314 1414"
                         HPOS="722"
                         VPOS="1315"
                         WIDTH="1592"
                         HEIGHT="115"
                         TAGREFS="LT118">
                  <Shape>
                     <Polygon POINTS="728 1385 725 1328 1099 1315 1102 1315 1106 1315 1109 1315 1134 1334 1141 1341 1214 1341 1221 1338 1275 1318 1278 1318 1282 1318 1285 1318 1342 1334 1425 1322 1429 1322 1432 1322 1435 1322 1464 1341 1470 1344 1509 1341 1700 1328 1704 1328 1707 1328 1767 1347 1780 1350 1793 1347 1854 1334 1857 1334 1860 1334 1863 1334 1883 1350 1889 1357 1985 1357 1988 1350 2004 1338 2004 1334 2007 1334 2010 1334 2014 1334 2017 1334 2020 1334 2020 1338 2023 1338 2036 1353 2039 1357 2049 1353 2094 1338 2097 1338 2100 1338 2314 1360 2314 1414 2308 1430 722 1401"/>
                  </Shape>
                  <String CONTENT="nuit et jour sadressa a elle. Luy donna du"
                          HPOS="722"
                          VPOS="1315"
                          WIDTH="1592"
                          HEIGHT="115"/>
               </TextLine>
               <TextLine ID="eSc_line_9b5b8e32"
                         BASELINE="728 1468 1409 1465 2317 1504"
                         HPOS="725"
                         VPOS="1385"
                         WIDTH="1592"
                         HEIGHT="144"
                         TAGREFS="LT118">
                  <Shape>
                     <Polygon POINTS="728 1468 725 1408 856 1408 923 1385 927 1385 930 1385 1048 1405 1150 1392 1154 1392 1157 1392 1160 1392 1189 1417 1246 1395 1250 1395 1253 1395 1256 1395 1310 1421 1313 1421 1384 1398 1387 1398 1390 1398 1553 1427 1566 1430 1908 1433 1943 1414 1947 1414 1950 1414 1953 1414 2065 1440 2074 1440 2081 1440 2148 1417 2151 1417 2154 1417 2317 1446 2317 1504 2311 1526 2215 1510 2170 1526 2158 1529 2154 1529 2151 1529 2148 1529 2135 1523 2100 1507 1927 1520 1873 1523 1870 1523 1867 1523 1844 1520 1764 1497 1707 1516 1691 1520 1688 1520 1684 1520 1560 1516 1556 1516 1553 1516 1547 1513 1509 1488 1307 1484 1202 1504 1186 1507 1182 1507 1179 1507 1176 1507 1176 1504 1141 1481 1077 1497 1074 1497 1071 1497 1067 1497 997 1478 725 1494"/>
                  </Shape>
                  <String CONTENT="poulsat pour nuire a gens et a bestes. Et"
                          HPOS="725"
                          VPOS="1385"
                          WIDTH="1592"
                          HEIGHT="144"/>
               </TextLine>
               <TextLine ID="eSc_line_6d020783"
                         BASELINE="693 1561 1403 1558 2400 1596"
                         HPOS="687"
                         VPOS="1472"
                         WIDTH="1713"
                         HEIGHT="153"
                         TAGREFS="LT118">
                  <Shape>
                     <Polygon POINTS="693 1561 687 1494 917 1472 920 1472 923 1472 978 1491 1096 1478 1099 1478 1102 1478 1150 1497 1160 1500 1163 1497 1182 1481 1182 1478 1186 1478 1189 1478 1192 1478 1358 1484 1361 1484 1365 1484 1365 1488 1377 1500 1381 1500 1387 1500 1409 1484 1413 1484 1416 1484 1419 1484 1422 1484 1425 1484 1441 1500 1454 1507 1518 1500 1556 1497 1560 1497 1563 1497 1572 1500 1604 1513 1735 1504 1771 1500 1774 1500 1803 1504 1940 1520 2017 1504 2046 1500 2049 1500 2081 1507 2183 1526 2397 1510 2400 1596 2397 1615 2269 1625 2266 1625 2205 1612 2106 1593 2071 1612 2068 1612 2065 1612 2062 1612 2058 1612 2055 1612 2017 1593 1966 1606 1962 1606 1959 1606 1956 1606 1953 1606 1934 1587 1716 1583 1630 1603 1604 1609 1601 1609 1598 1609 1572 1603 1467 1574 1317 1574 1272 1593 1269 1593 1266 1593 1262 1593 1202 1571 690 1587"/>
                  </Shape>
                  <String CONTENT="Lui donna de lor et de largent mais ce ne fust"
                          HPOS="687"
                          VPOS="1472"
                          WIDTH="1713"
                          HEIGHT="153"/>
               </TextLine>
               <TextLine ID="eSc_line_4e1a1cec"
                         BASELINE="709 1650 1371 1641 2369 1676"
                         HPOS="703"
                         VPOS="1555"
                         WIDTH="1666"
                         HEIGHT="147"
                         TAGREFS="LT118">
                  <Shape>
                     <Polygon POINTS="709 1650 703 1577 891 1555 895 1555 898 1555 971 1580 994 1561 994 1558 997 1558 1000 1558 1003 1558 1093 1558 1298 1577 1397 1564 1400 1564 1403 1564 1438 1580 1505 1567 1509 1567 1512 1567 1569 1593 1572 1593 1582 1593 1726 1571 1729 1571 1732 1571 1735 1571 1735 1574 1761 1596 1764 1596 1767 1596 1886 1574 1889 1574 2129 1603 2135 1603 2177 1580 2180 1580 2183 1580 2365 1609 2369 1676 2365 1682 2215 1702 2212 1702 2065 1698 2062 1698 2058 1698 2039 1682 2036 1679 2023 1682 1959 1695 1956 1695 1953 1695 1911 1679 1886 1673 1828 1679 1751 1689 1748 1689 1745 1689 1723 1679 1707 1670 1688 1679 1675 1686 1672 1686 1668 1686 1572 1679 1445 1666 1429 1676 1419 1686 1416 1686 1413 1686 1409 1686 1406 1686 1403 1686 1403 1682 1400 1682 1397 1676 1384 1663 1326 1676 1320 1676 1317 1676 1307 1676 1214 1660 706 1670"/>
                  </Shape>
                  <String CONTENT="que des feuilles de chasnes Et la sollicita de"
                          HPOS="703"
                          VPOS="1555"
                          WIDTH="1666"
                          HEIGHT="147"/>
               </TextLine>
               <TextLine ID="eSc_line_6973ea72"
                         BASELINE="728 1730 1518 1724 2461 1756"
                         HPOS="719"
                         VPOS="1641"
                         WIDTH="1742"
                         HEIGHT="137"
                         TAGREFS="LT118">
                  <Shape>
                     <Polygon POINTS="728 1730 719 1660 770 1641 773 1641 776 1641 866 1660 923 1644 927 1644 930 1644 933 1644 936 1644 959 1663 997 1644 1000 1644 1003 1644 1125 1644 1128 1644 1189 1663 1313 1647 1317 1647 1732 1673 1790 1676 1806 1676 1879 1663 1883 1663 1886 1663 1889 1663 1889 1666 1892 1666 1899 1676 1902 1682 2461 1686 2461 1756 2458 1759 2269 1778 2266 1778 2110 1756 2074 1753 2062 1756 2014 1772 2010 1772 2007 1772 1918 1756 1902 1753 1870 1753 1700 1769 1697 1769 1694 1769 1691 1769 1672 1753 1662 1746 1588 1749 1467 1759 1464 1759 1461 1759 1422 1749 1400 1743 1381 1749 1352 1759 1349 1759 1345 1759 1342 1759 1317 1749 1298 1740 1272 1746 1256 1753 1253 1753 1250 1753 1179 1746 1077 1737 1051 1746 1019 1756 1016 1756 1013 1756 952 1743 911 1737 725 1740"/>
                  </Shape>
                  <String CONTENT="Renuncer dieu Cresme et baptesme ce quelle"
                          HPOS="719"
                          VPOS="1641"
                          WIDTH="1742"
                          HEIGHT="137"/>
               </TextLine>
               <TextLine ID="eSc_line_9716c81a"
                         BASELINE="738 1807 2420 1836"
                         HPOS="732"
                         VPOS="1721"
                         WIDTH="1688"
                         HEIGHT="147"
                         TAGREFS="LT118">
                  <Shape>
                     <Polygon POINTS="738 1807 744 1727 760 1740 818 1730 882 1721 885 1721 888 1721 891 1721 904 1733 927 1749 1007 1733 1067 1724 1071 1724 1074 1724 1077 1724 1077 1727 1090 1737 1096 1743 1118 1737 1147 1730 1150 1730 1154 1730 1157 1730 1182 1740 1205 1746 1250 1740 1323 1730 1326 1730 1329 1730 1355 1743 1371 1753 1384 1743 1400 1730 1403 1730 1406 1730 1409 1730 1483 1730 1569 1746 1582 1749 1588 1749 1633 1733 1636 1733 1640 1733 1643 1733 1707 1749 1751 1765 1943 1765 1962 1756 1972 1749 1975 1749 1978 1749 1982 1749 1985 1749 1988 1749 2001 1759 2014 1765 2026 1759 2039 1753 2042 1753 2046 1753 2142 1762 2253 1772 2282 1765 2346 1746 2349 1746 2353 1746 2356 1746 2420 1769 2420 1836 2416 1852 2113 1868 2110 1868 2106 1868 2103 1868 2078 1845 2071 1839 1959 1839 1947 1842 1895 1864 1892 1864 1889 1864 1886 1864 1883 1864 1883 1861 1860 1842 1851 1836 1745 1836 1735 1839 1694 1861 1691 1861 1688 1861 1684 1861 1633 1836 1620 1832 1563 1836 1371 1848 1368 1848 1365 1848 1307 1829 1294 1826 1288 1829 1246 1852 1243 1852 1240 1852 1237 1852 1234 1852 1205 1832 1112 1852 1109 1852 732 1817"/>
                  </Shape>
                  <String CONTENT="feist. Et heust alors sa compagnie questoit"
                          HPOS="732"
                          VPOS="1721"
                          WIDTH="1688"
                          HEIGHT="147"/>
               </TextLine>
               <TextLine ID="eSc_line_04ec9c69"
                         BASELINE="719 1906 1435 1906 2375 1928"
                         HPOS="716"
                         VPOS="1813"
                         WIDTH="1659"
                         HEIGHT="166"
                         TAGREFS="LT118">
                  <Shape>
                     <Polygon POINTS="719 1906 719 1813 834 1813 837 1813 844 1817 891 1842 1058 1823 1064 1823 1067 1823 1071 1823 1074 1823 1109 1848 1240 1848 1278 1829 1301 1820 1304 1820 1307 1820 1461 1836 1601 1848 1617 1839 1643 1826 1646 1826 1649 1826 1755 1845 1790 1848 1819 1845 1947 1829 1950 1829 1953 1829 2033 1848 2084 1839 2087 1839 2090 1839 2094 1839 2094 1842 2097 1842 2106 1855 2110 1861 2372 1864 2375 1928 2369 1947 2228 1938 2209 1947 2154 1976 2151 1976 2151 1979 1953 1979 1950 1976 1681 1944 1524 1925 1489 1941 1483 1944 1480 1944 1477 1944 1473 1944 1470 1944 1470 1941 1448 1925 1339 1938 1336 1938 1243 1922 1218 1941 1205 1951 1202 1951 1198 1951 1195 1951 1192 1951 1147 1941 1080 1922 1061 1938 1042 1957 1042 1960 1039 1960 1035 1960 1032 1960 1029 1960 952 1938 882 1919 716 1935"/>
                  </Shape>
                  <String CONTENT="merveleusement froide Et dit quil sappelloit"
                          HPOS="716"
                          VPOS="1813"
                          WIDTH="1659"
                          HEIGHT="166"/>
               </TextLine>
               <TextLine ID="eSc_line_c1339211"
                         BASELINE="719 1999 984 1999"
                         HPOS="716"
                         VPOS="1922"
                         WIDTH="275"
                         HEIGHT="124"
                         TAGREFS="LT118">
                  <Shape>
                     <Polygon POINTS="719 1999 716 1938 981 1922 984 1999 991 2024 962 2043 959 2043 955 2043 952 2043 949 2043 901 2030 866 2024 719 2046"/>
                  </Shape>
                  <String CONTENT="charbon."
                          HPOS="716"
                          VPOS="1922"
                          WIDTH="275"
                          HEIGHT="124"/>
               </TextLine>
               <TextLine ID="eSc_line_00735f85"
                         BASELINE="703 2129 1480 2123 2503 2158"
                         HPOS="700"
                         VPOS="2034"
                         WIDTH="1803"
                         HEIGHT="153"
                         TAGREFS="LT118">
                  <Shape>
                     <Polygon POINTS="703 2129 700 2053 991 2056 994 2056 1055 2034 1058 2034 1061 2034 1064 2034 1067 2034 1102 2056 1381 2040 1384 2040 1387 2040 1454 2062 1528 2043 1531 2043 1534 2043 1537 2043 1604 2066 1761 2050 1764 2050 1863 2072 1870 2072 1873 2072 1991 2050 1994 2050 2074 2053 2078 2053 2081 2053 2081 2056 2106 2075 2337 2056 2340 2056 2343 2056 2388 2082 2394 2085 2500 2085 2503 2158 2500 2184 2340 2187 2337 2187 2333 2187 2314 2184 2260 2168 2116 2181 2084 2181 2081 2181 2078 2181 2074 2181 2074 2177 2052 2158 1940 2171 1937 2171 1774 2152 1681 2171 1665 2174 1662 2174 1659 2174 1656 2174 1652 2171 1614 2145 1480 2145 1205 2165 1179 2165 1176 2165 1173 2165 1170 2165 1106 2139 866 2158 853 2158 850 2158 847 2158 844 2158 764 2136 703 2155"/>
                  </Shape>
                  <String CONTENT="Dit que dudit Poulsat elle en avoit jecte sur une"
                          HPOS="700"
                          VPOS="2034"
                          WIDTH="1803"
                          HEIGHT="153"/>
               </TextLine>
               <TextLine ID="eSc_line_792fd482"
                         BASELINE="677 2206 2247 2222"
                         HPOS="671"
                         VPOS="2126"
                         WIDTH="1576"
                         HEIGHT="134"
                         TAGREFS="LT118">
                  <Shape>
                     <Polygon POINTS="677 2206 680 2126 732 2145 780 2126 783 2126 786 2126 789 2126 802 2126 901 2145 965 2129 978 2126 981 2126 984 2126 987 2126 997 2129 1032 2149 1071 2129 1077 2129 1080 2129 1083 2129 1170 2129 1173 2129 1176 2129 1176 2133 1179 2133 1195 2149 1272 2136 1275 2136 1278 2136 1282 2136 1301 2152 1342 2136 1349 2133 1352 2133 1355 2133 1358 2133 1361 2133 1365 2136 1384 2152 1403 2136 1406 2133 1409 2133 1413 2133 1416 2133 1470 2136 1675 2155 1828 2142 1899 2136 1902 2136 1934 2142 2001 2158 2241 2149 2247 2222 2241 2260 2110 2235 2074 2257 2071 2257 2068 2257 2065 2257 2062 2257 2020 2241 1959 2257 1943 2260 1940 2260 1937 2260 1934 2260 1931 2260 1927 2257 1892 2232 1764 2232 1735 2254 1732 2257 1729 2257 1726 2257 1723 2257 1720 2257 1700 2251 1614 2228 1518 2248 1486 2254 1486 2257 1384 2257 1381 2254 1377 2254 1352 2244 1294 2225 1176 2225 1154 2241 1150 2244 1147 2244 1144 2244 1141 2244 1138 2244 1128 2241 1077 2225 1042 2241 1023 2248 1019 2248 1016 2248 1013 2248 997 2238 975 2225 965 2238 955 2244 955 2248 952 2248 949 2248 946 2248 671 2232"/>
                  </Shape>
                  <String CONTENT="vache de Nicolas guyon Laquelle en morut"
                          HPOS="671"
                          VPOS="2126"
                          WIDTH="1576"
                          HEIGHT="134"/>
               </TextLine>
               <TextLine ID="eSc_line_b19a4d18"
                         BASELINE="719 2350 1448 2347 2500 2375"
                         HPOS="716"
                         VPOS="2257"
                         WIDTH="1784"
                         HEIGHT="150"
                         TAGREFS="LT118">
                  <Shape>
                     <Polygon POINTS="719 2350 716 2257 844 2280 1003 2264 1051 2260 1055 2260 1093 2267 1189 2286 1259 2270 1288 2267 1291 2267 1323 2273 1377 2286 1406 2276 1429 2267 1432 2267 1435 2267 1438 2267 1441 2267 1451 2276 1467 2289 1505 2280 1547 2267 1550 2267 1553 2267 1624 2283 1672 2292 1688 2283 1713 2270 1716 2270 1720 2270 1809 2286 1841 2292 1863 2289 1937 2273 1940 2273 2078 2296 2129 2302 2161 2296 2260 2280 2263 2280 2266 2280 2314 2302 2324 2308 2500 2308 2500 2375 2493 2395 2353 2388 2340 2395 2321 2407 2317 2407 2314 2407 2311 2407 2308 2407 2305 2407 2289 2395 2276 2385 2221 2395 2170 2401 2167 2401 2164 2401 2161 2401 2148 2395 2119 2375 1943 2388 1940 2388 1937 2388 1873 2372 1819 2391 1796 2398 1793 2398 1790 2398 1787 2398 1783 2398 1771 2388 1735 2369 1656 2369 1598 2388 1576 2395 1572 2395 1569 2395 1566 2395 1563 2395 1563 2391 1556 2388 1537 2366 1457 2388 1438 2391 1435 2391 1432 2391 1429 2391 1425 2391 1419 2385 1390 2363 1329 2363 1269 2385 1259 2388 1256 2388 1253 2388 1250 2388 1246 2388 1246 2385 1243 2385 1218 2363 1058 2382 1032 2385 1029 2385 872 2382 869 2382 866 2382 847 2366 716 2379"/>
                  </Shape>
                  <String CONTENT="Plus en jecta sur ung cheval de Pierrat Borquenei"
                          HPOS="716"
                          VPOS="2257"
                          WIDTH="1784"
                          HEIGHT="150"/>
               </TextLine>
               <TextLine ID="eSc_line_000c3b13"
                         BASELINE="709 2436 1758 2433 2474 2455"
                         HPOS="703"
                         VPOS="2353"
                         WIDTH="1771"
                         HEIGHT="131"
                         TAGREFS="LT118">
                  <Shape>
                     <Polygon POINTS="709 2436 703 2379 815 2353 818 2353 821 2353 866 2375 872 2379 907 2375 1080 2356 1083 2356 1218 2359 1221 2359 1224 2359 1243 2372 1256 2382 1285 2372 1326 2359 1329 2359 1333 2359 1336 2359 1374 2372 1406 2382 1461 2372 1531 2359 1534 2359 1537 2359 1566 2372 1592 2382 1620 2369 1652 2359 1656 2359 1659 2359 1720 2369 1806 2385 1876 2369 1908 2363 1911 2363 1915 2363 1918 2363 1924 2369 1947 2388 2142 2388 2279 2366 2285 2366 2289 2366 2292 2366 2365 2388 2388 2369 2388 2366 2391 2366 2394 2366 2397 2366 2474 2366 2474 2455 2471 2474 2273 2484 2269 2484 2266 2484 2247 2474 2205 2455 2039 2452 1985 2474 1969 2481 1966 2481 1962 2481 1959 2481 1956 2481 1950 2474 1918 2452 1857 2468 1854 2468 1851 2468 1847 2468 1815 2452 1761 2474 1745 2481 1742 2481 1739 2481 1735 2481 1720 2474 1652 2449 1588 2474 1579 2478 1576 2478 1572 2478 1569 2478 1566 2478 1566 2474 1563 2474 1544 2452 1368 2449 1285 2474 1272 2478 1269 2478 1266 2478 1262 2478 1259 2478 1253 2474 1205 2446 706 2471"/>
                  </Shape>
                  <String CONTENT="questoit devant sa maison lequel en mourut Et"
                          HPOS="703"
                          VPOS="2353"
                          WIDTH="1771"
                          HEIGHT="131"/>
               </TextLine>
               <TextLine ID="eSc_line_c3ef4405"
                         BASELINE="725 2532 1256 2516 2378 2516"
                         HPOS="716"
                         VPOS="2436"
                         WIDTH="1662"
                         HEIGHT="131"
                         TAGREFS="LT118">
                  <Shape>
                     <Polygon POINTS="725 2532 716 2478 799 2452 802 2452 805 2452 808 2452 812 2452 834 2474 1000 2474 1045 2442 1048 2442 1051 2442 1055 2442 1441 2462 1470 2439 1473 2439 1477 2439 1480 2439 1720 2439 1723 2439 1726 2439 1726 2442 1758 2468 1879 2436 1883 2436 1886 2436 1889 2436 1972 2465 2257 2449 2260 2449 2375 2468 2378 2516 2375 2545 2279 2561 2276 2561 2215 2548 2164 2535 2049 2548 1883 2564 1883 2567 1809 2567 1806 2564 1803 2564 1799 2564 1777 2548 1748 2532 1662 2532 1633 2548 1624 2554 1620 2554 1617 2554 1614 2554 1576 2548 1518 2535 1505 2548 1489 2561 1489 2564 1486 2564 1483 2564 1483 2567 1413 2567 1409 2564 1406 2564 1403 2564 1381 2548 1355 2532 1250 2548 1205 2554 1202 2554 1163 2548 1086 2535 725 2548"/>
                  </Shape>
                  <String CONTENT="ce a raison de ce que ledit Bourquenei ne lui"
                          HPOS="716"
                          VPOS="2436"
                          WIDTH="1662"
                          HEIGHT="131"/>
               </TextLine>
               <TextLine ID="eSc_line_8fc5e264"
                         BASELINE="700 2618 1189 2605 2490 2615"
                         HPOS="696"
                         VPOS="2525"
                         WIDTH="1794"
                         HEIGHT="147"
                         TAGREFS="LT118">
                  <Shape>
                     <Polygon POINTS="700 2618 696 2554 1074 2554 1074 2551 1122 2532 1125 2532 1128 2532 1131 2532 1208 2551 1262 2525 1266 2525 1269 2525 1477 2545 1608 2529 1611 2529 1614 2529 1617 2529 1649 2551 1707 2529 1710 2529 1713 2529 1796 2529 1799 2529 1803 2529 1803 2532 1825 2551 1831 2554 1844 2551 1899 2535 1902 2535 1905 2535 1991 2551 2017 2554 2030 2551 2078 2529 2081 2529 2084 2529 2170 2529 2173 2529 2177 2529 2177 2532 2199 2551 2205 2554 2484 2551 2490 2615 2487 2637 2365 2640 2330 2672 2327 2672 2324 2672 2321 2672 2317 2672 2241 2647 2177 2663 2173 2663 2170 2663 2167 2663 2164 2663 2164 2660 2145 2644 2138 2640 1924 2640 1905 2650 1886 2663 1883 2663 1879 2663 1876 2663 1873 2663 1844 2650 1822 2640 1761 2644 1755 2653 1735 2669 1735 2672 1732 2672 1729 2672 1726 2672 1643 2653 1585 2640 1528 2656 1480 2669 1477 2669 1473 2669 1470 2669 1422 2656 1390 2650 1358 2660 1323 2669 1320 2669 1317 2669 1313 2669 1310 2669 1298 2660 1269 2644 1237 2660 1221 2669 1218 2669 1214 2669 1141 2663 1042 2653 946 2666 917 2669 914 2669 911 2669 907 2669 907 2666 888 2650 696 2669"/>
                  </Shape>
                  <String CONTENT="poyoit point sa chievre que ses chiens lui avoient"
                          HPOS="696"
                          VPOS="2525"
                          WIDTH="1794"
                          HEIGHT="147"/>
               </TextLine>
               <TextLine ID="eSc_line_748f5c2c"
                         BASELINE="741 2704 925 2701"
                         HPOS="732"
                         VPOS="2644"
                         WIDTH="191"
                         HEIGHT="108"
                         TAGREFS="LT118">
                  <Shape>
                     <Polygon POINTS="738 2701 732 2653 914 2644 923 2698 920 2727 853 2720 824 2739 812 2749 808 2749 805 2749 805 2752 738 2752"/>
                  </Shape>
                  <String CONTENT="gaste"
                          HPOS="732"
                          VPOS="2644"
                          WIDTH="191"
                          HEIGHT="108"/>
               </TextLine>
               <TextLine ID="eSc_line_7bd7462c"
                         BASELINE="716 2826 1461 2806 2474 2819"
                         HPOS="703"
                         VPOS="2717"
                         WIDTH="1771"
                         HEIGHT="141"
                         TAGREFS="LT118">
                  <Shape>
                     <Polygon POINTS="716 2826 703 2752 738 2730 741 2730 744 2730 748 2730 847 2746 869 2727 872 2727 875 2727 879 2727 882 2727 917 2746 943 2723 946 2723 949 2723 952 2723 1080 2746 1118 2717 1122 2717 1125 2717 1128 2717 1275 2717 1278 2717 1342 2749 1409 2749 1441 2720 1445 2720 1448 2720 1451 2720 1681 2746 1735 2717 1739 2717 1742 2717 1873 2717 1876 2717 1879 2717 1915 2749 2001 2749 2033 2720 2033 2717 2036 2717 2039 2717 2042 2717 2046 2717 2142 2743 2276 2730 2279 2730 2282 2730 2285 2730 2308 2749 2471 2749 2474 2819 2464 2854 2397 2829 2221 2854 2218 2854 2215 2854 2212 2854 2097 2826 1873 2826 1675 2854 1672 2854 1668 2854 1601 2826 1361 2826 1317 2854 1313 2854 1310 2854 1307 2854 1198 2832 1003 2854 1000 2854 997 2854 936 2829 716 2858"/>
                  </Shape>
                  <String CONTENT="Plus dit quelle en avoit aussi jecte ung cheval"
                          HPOS="703"
                          VPOS="2717"
                          WIDTH="1771"
                          HEIGHT="141"/>
               </TextLine>
               <TextLine ID="eSc_line_07a48d21"
                         BASELINE="732 2905 2388 2889"
                         HPOS="722"
                         VPOS="2816"
                         WIDTH="1666"
                         HEIGHT="134"
                         TAGREFS="LT118">
                  <Shape>
                     <Polygon POINTS="732 2905 722 2854 799 2826 802 2826 805 2826 994 2826 997 2826 1048 2848 1051 2848 1055 2848 1128 2822 1131 2822 1134 2822 1278 2822 1282 2822 1333 2842 1345 2845 1377 2842 1493 2822 1496 2822 1499 2822 1502 2822 1518 2838 1524 2842 1553 2838 1649 2822 1652 2822 1656 2822 1691 2835 1713 2842 1735 2832 1780 2816 1783 2816 1787 2816 1790 2816 1831 2832 1835 2832 1841 2832 1899 2819 1902 2819 1905 2819 1908 2819 1908 2822 1918 2829 1927 2838 2378 2822 2388 2889 2388 2902 2298 2937 2295 2937 2052 2941 2049 2941 1927 2937 1924 2937 1867 2909 1799 2925 1796 2925 1793 2925 1790 2925 1787 2925 1787 2921 1774 2909 1771 2909 1652 2909 1649 2912 1588 2944 1585 2944 1582 2944 1486 2941 1483 2941 1435 2915 1352 2915 1313 2941 1310 2941 1307 2941 1304 2941 1301 2941 1298 2941 1262 2915 1259 2915 1195 2915 1192 2915 1128 2937 1125 2937 1122 2937 930 2921 828 2950 824 2950 821 2950 818 2950 815 2950 780 2918 776 2918 732 2918"/>
                  </Shape>
                  <String CONTENT="chastrels de poil gris questoit a mori guyon,"
                          HPOS="722"
                          VPOS="2816"
                          WIDTH="1666"
                          HEIGHT="134"/>
               </TextLine>
               <TextLine ID="eSc_line_294d63d1"
                         BASELINE="722 2985 2404 2969"
                         HPOS="712"
                         VPOS="2899"
                         WIDTH="1692"
                         HEIGHT="121"
                         TAGREFS="LT118">
                  <Shape>
                     <Polygon POINTS="722 2985 712 2937 792 2909 796 2909 799 2909 802 2909 805 2909 834 2928 1051 2905 1055 2905 1189 2921 1371 2905 1374 2905 1489 2925 1547 2905 1550 2905 1553 2905 1556 2905 1604 2925 1726 2899 1729 2899 1905 2899 1908 2899 1911 2899 1947 2921 2394 2921 2404 2969 2397 3001 2126 2988 2100 3004 2097 3004 2094 3004 1931 3008 1851 3008 1847 3008 1745 2992 1732 3008 1729 3008 1729 3011 1726 3011 1723 3011 1723 3014 1556 3014 1467 3014 1464 3011 1461 3011 1393 2995 1326 3014 1323 3014 1320 3014 1317 3014 1138 2998 1112 3014 1109 3014 1106 3014 1102 3014 1099 3014 1061 2998 722 3020"/>
                  </Shape>
                  <String CONTENT="sont 6 ans a Raison de ce que ledit Mori ne lui"
                          HPOS="712"
                          VPOS="2899"
                          WIDTH="1692"
                          HEIGHT="121"/>
               </TextLine>
               <TextLine ID="eSc_line_00368e59"
                         BASELINE="693 3049 2487 3056"
                         HPOS="690"
                         VPOS="2979"
                         WIDTH="1803"
                         HEIGHT="140"
                         TAGREFS="LT118">
                  <Shape>
                     <Polygon POINTS="693 3049 693 2992 927 2998 959 2992 1019 2979 1023 2979 1397 2995 1467 2998 1483 2998 1569 2982 1572 2982 1576 2982 1617 2998 1627 3001 1636 2998 1675 2979 1678 2979 1681 2979 1684 2979 1726 2998 1732 3004 1886 3004 1889 3001 1905 2985 1905 2982 1908 2982 1911 2982 1915 2982 1918 2982 1985 2998 2036 2979 2039 2979 2042 2979 2046 2979 2116 2995 2448 2979 2452 2979 2455 2979 2458 2979 2493 3004 2487 3056 2484 3119 2301 3119 2298 3116 2295 3116 2292 3116 2196 3091 2081 3113 2058 3116 2055 3116 2052 3116 2049 3116 2046 3113 2001 3084 1915 3084 1857 3110 1844 3116 1841 3116 1841 3119 1691 3119 1688 3116 1684 3116 1656 3110 1553 3081 1454 3107 1429 3113 1425 3113 1422 3113 1419 3113 1390 3107 1294 3081 1010 3081 962 3100 949 3107 946 3107 943 3107 914 3100 828 3081 690 3097"/>
                  </Shape>
                  <String CONTENT="vouloit donner aulcune recompense de sa maison"
                          HPOS="690"
                          VPOS="2979"
                          WIDTH="1803"
                          HEIGHT="140"/>
               </TextLine>
               <TextLine ID="eSc_line_e04987da"
                         BASELINE="722 3139 1345 3126"
                         HPOS="709"
                         VPOS="3062"
                         WIDTH="636"
                         HEIGHT="144"
                         TAGREFS="LT118">
                  <Shape>
                     <Polygon POINTS="722 3139 709 3091 741 3071 744 3071 748 3071 751 3071 754 3071 757 3071 783 3087 885 3068 888 3068 1023 3084 1029 3084 1182 3062 1186 3062 1339 3081 1345 3126 1336 3174 1285 3161 1198 3183 1138 3196 1134 3196 1131 3196 1128 3196 1128 3193 1118 3186 1090 3161 1032 3161 722 3206"/>
                  </Shape>
                  <String CONTENT="quil avoit heu."
                          HPOS="709"
                          VPOS="3062"
                          WIDTH="636"
                          HEIGHT="144"/>
               </TextLine>
            </TextBlock>
            <TextBlock HPOS="1329"
                       VPOS="3550"
                       WIDTH="138"
                       HEIGHT="151"
                       ID="eSc_textblock_49c7fbe0"
                       TAGREFS="BT370">
               <Shape>
                  <Polygon POINTS="1441 3550 1467 3675 1329 3701 1329 3550"/>
               </Shape>
               <TextLine ID="eSc_line_f07c2b17"
                         BASELINE="1362 3659 1433 3659"
                         HPOS="1361"
                         VPOS="3582"
                         WIDTH="71"
                         HEIGHT="135"
                         TAGREFS="LT118">
                  <Shape>
                     <Polygon POINTS="1361 3656 1361 3582 1432 3582 1432 3656 1432 3717 1361 3717"/>
                  </Shape>
                  <String CONTENT="4" HPOS="1361" VPOS="3582" WIDTH="71" HEIGHT="135"/>
               </TextLine>
            </TextBlock>
            <TextBlock HPOS="2350"
                       VPOS="3611"
                       WIDTH="78"
                       HEIGHT="74"
                       ID="eSc_textblock_e9958e15"
                       TAGREFS="BT371">
               <Shape>
                  <Polygon POINTS="2428 3611 2425 3685 2350 3685 2365 3614"/>
               </Shape>
               <TextLine ID="eSc_line_19ee6a3e"
                         BASELINE="2369 3663 2416 3665"
                         HPOS="2362"
                         VPOS="3608"
                         WIDTH="51"
                         HEIGHT="176"
                         TAGREFS="LT118">
                  <Shape>
                     <Polygon POINTS="2365 3662 2365 3608 2413 3608 2413 3662 2410 3784 2362 3780"/>
                  </Shape>
                  <String CONTENT="1" HPOS="2362" VPOS="3608" WIDTH="51" HEIGHT="176"/>
               </TextLine>
            </TextBlock>
         </PrintSpace>
      </Page>
   </Layout>
</alto>
