<alto xmlns:xsi="http://www.w3.org/2001/XMLSchema-instance"
      xmlns="http://www.loc.gov/standards/alto/ns-v4#"
      xsi:schemaLocation="http://www.loc.gov/standards/alto/ns-v4# http://www.loc.gov/standards/alto/v4/alto-4-2.xsd">
   <Description>
      <MeasurementUnit>pixel</MeasurementUnit>
      <sourceImageInformation>
         <fileName>B_168_15-2-1_0003.jpg</fileName>
      </sourceImageInformation>
   </Description>
   <Tags>
      <OtherTag ID="BT365"
                LABEL="MainZone:column"
                DESCRIPTION="block type MainZone:column"/>
      <OtherTag ID="BT367" LABEL="MainZone" DESCRIPTION="block type MainZone"/>
      <OtherTag ID="BT368"
                LABEL="MarginTextZone"
                DESCRIPTION="block type MarginTextZone"/>
      <OtherTag ID="BT369"
                LABEL="MarginTextZone:note"
                DESCRIPTION="block type MarginTextZone:note"/>
      <OtherTag ID="BT370"
                LABEL="NumberingZone:other"
                DESCRIPTION="block type NumberingZone:other"/>
      <OtherTag ID="BT371"
                LABEL="NumberingZone:page"
                DESCRIPTION="block type NumberingZone:page"/>
      <OtherTag ID="BT379"
                LABEL="DecorationZone"
                DESCRIPTION="block type DecorationZone"/>
      <OtherTag ID="BT380"
                LABEL="CustomZone:signature"
                DESCRIPTION="block type CustomZone:signature"/>
      <OtherTag ID="LT118" LABEL="DefaultLine" DESCRIPTION="line type DefaultLine"/>
      <OtherTag ID="LT119" LABEL="HeadingLine" DESCRIPTION="line type HeadingLine"/>
      <OtherTag ID="LT120"
                LABEL="InterlinearLine"
                DESCRIPTION="line type InterlinearLine"/>
   </Tags>
   <Layout>
      <Page WIDTH="2628"
            HEIGHT="4046"
            PHYSICAL_IMG_NR="2"
            ID="eSc_dummypage_">
         <PrintSpace HPOS="0" VPOS="0" WIDTH="2628" HEIGHT="4046">
            <TextBlock HPOS="1430"
                       VPOS="2130"
                       WIDTH="1022"
                       HEIGHT="388"
                       ID="eSc_textblock_224412d8"
                       TAGREFS="BT367">
               <Shape>
                  <Polygon POINTS="2145 2306 2439 2333 2452 2424 2142 2518 1497 2505 1430 2451 1430 2319 1642 2306 1659 2130 2115 2157 2169 2238"/>
               </Shape>
               <TextLine ID="eSc_line_96f91e9c"
                         BASELINE="1703 2255 1916 2252 2135 2272"
                         HPOS="1696"
                         VPOS="2144"
                         WIDTH="439"
                         HEIGHT="182"
                         TAGREFS="LT118">
                  <Shape>
                     <Polygon POINTS="1703 2255 1703 2144 1804 2171 1831 2161 1835 2161 1838 2161 1841 2161 1845 2161 1845 2164 1872 2188 2054 2188 2132 2167 2135 2272 2132 2316 2067 2323 2064 2323 2061 2323 2051 2319 1956 2275 1882 2275 1791 2323 1784 2326 1781 2326 1777 2326 1696 2323"/>
                  </Shape>
                  <String CONTENT="Informations"
                          HPOS="1696"
                          VPOS="2144"
                          WIDTH="439"
                          HEIGHT="182"/>
               </TextLine>
               <TextLine ID="eSc_line_e28598de"
                         BASELINE="1447 2393 2165 2393 2432 2410"
                         HPOS="1447"
                         VPOS="2296"
                         WIDTH="985"
                         HEIGHT="145"
                         TAGREFS="LT118">
                  <Shape>
                     <Polygon POINTS="1447 2393 1447 2319 1723 2329 1740 2319 1781 2296 1784 2296 1787 2296 1791 2296 1794 2296 1862 2323 1868 2323 1922 2302 1926 2302 1929 2302 2027 2316 2145 2299 2148 2299 2152 2299 2155 2299 2182 2316 2270 2299 2273 2299 2428 2329 2432 2410 2425 2441 2020 2434 2017 2434 2014 2434 1983 2417 1636 2430 1632 2430 1504 2414 1447 2430"/>
                  </Shape>
                  <String CONTENT="Contre Annelin fille henrisat"
                          HPOS="1447"
                          VPOS="2296"
                          WIDTH="985"
                          HEIGHT="145"/>
               </TextLine>
               <TextLine ID="eSc_line_2fba8d89"
                         BASELINE="1477 2474 2172 2484"
                         HPOS="1470"
                         VPOS="2400"
                         WIDTH="702"
                         HEIGHT="138"
                         TAGREFS="LT118">
                  <Shape>
                     <Polygon POINTS="1477 2474 1477 2400 2169 2414 2172 2484 2169 2525 1943 2538 1939 2538 1470 2505"/>
                  </Shape>
                  <String CONTENT="Boulet de Courthedoubs"
                          HPOS="1470"
                          VPOS="2400"
                          WIDTH="702"
                          HEIGHT="138"/>
               </TextLine>
            </TextBlock>
            <TextBlock HPOS="2301"
                       VPOS="3714"
                       WIDTH="67"
                       HEIGHT="88"
                       ID="eSc_textblock_c2bd68ee"
                       TAGREFS="BT371">
               <Shape>
                  <Polygon POINTS="2301 3802 2302 3714 2359 3715 2368 3797"/>
               </Shape>
               <TextLine ID="eSc_line_92004085"
                         BASELINE="2309 3787 2353 3784"
                         HPOS="2300"
                         VPOS="3718"
                         WIDTH="54"
                         HEIGHT="91"
                         TAGREFS="LT118">
                  <Shape>
                     <Polygon POINTS="2307 3786 2300 3722 2341 3718 2351 3783 2354 3796 2310 3809"/>
                  </Shape>
                  <String CONTENT="4" HPOS="2300" VPOS="3718" WIDTH="54" HEIGHT="91"/>
               </TextLine>
            </TextBlock>
         </PrintSpace>
      </Page>
   </Layout>
</alto>
