<alto xmlns:xsi="http://www.w3.org/2001/XMLSchema-instance"
      xmlns="http://www.loc.gov/standards/alto/ns-v4#"
      xsi:schemaLocation="http://www.loc.gov/standards/alto/ns-v4# http://www.loc.gov/standards/alto/v4/alto-4-2.xsd">
   <Description>
      <MeasurementUnit>pixel</MeasurementUnit>
      <sourceImageInformation>
         <fileName>B_168_15-9-2_0004.jpg</fileName>
      </sourceImageInformation>
   </Description>
   <Tags>
      <OtherTag ID="BT365"
                LABEL="MainZone:column"
                DESCRIPTION="block type MainZone:column"/>
      <OtherTag ID="BT367" LABEL="MainZone" DESCRIPTION="block type MainZone"/>
      <OtherTag ID="BT368"
                LABEL="MarginTextZone"
                DESCRIPTION="block type MarginTextZone"/>
      <OtherTag ID="BT369"
                LABEL="MarginTextZone:note"
                DESCRIPTION="block type MarginTextZone:note"/>
      <OtherTag ID="BT370"
                LABEL="NumberingZone:other"
                DESCRIPTION="block type NumberingZone:other"/>
      <OtherTag ID="BT371"
                LABEL="NumberingZone:page"
                DESCRIPTION="block type NumberingZone:page"/>
      <OtherTag ID="BT379"
                LABEL="DecorationZone"
                DESCRIPTION="block type DecorationZone"/>
      <OtherTag ID="BT380"
                LABEL="CustomZone:signature"
                DESCRIPTION="block type CustomZone:signature"/>
      <OtherTag ID="LT118" LABEL="DefaultLine" DESCRIPTION="line type DefaultLine"/>
      <OtherTag ID="LT119" LABEL="HeadingLine" DESCRIPTION="line type HeadingLine"/>
      <OtherTag ID="LT120"
                LABEL="InterlinearLine"
                DESCRIPTION="line type InterlinearLine"/>
   </Tags>
   <Layout>
      <Page WIDTH="2754"
            HEIGHT="3743"
            PHYSICAL_IMG_NR="25"
            ID="eSc_dummypage_">
         <PrintSpace HPOS="0" VPOS="0" WIDTH="2754" HEIGHT="3743">
            <TextBlock HPOS="223"
                       VPOS="1104"
                       WIDTH="183"
                       HEIGHT="103"
                       ID="eSc_textblock_bbffe965"
                       TAGREFS="BT368">
               <Shape>
                  <Polygon POINTS="223 1104 299 1110 323 1129 406 1194 262 1207"/>
               </Shape>
               <TextLine ID="eSc_line_b9509ca4"
                         BASELINE="262 1185 365 1185"
                         HPOS="259"
                         VPOS="1113"
                         WIDTH="106"
                         HEIGHT="215"
                         TAGREFS="LT118">
                  <Shape>
                     <Polygon POINTS="259 1182 262 1113 315 1138 359 1135 362 1182 365 1300 262 1328"/>
                  </Shape>
                  <String CONTENT="2" HPOS="259" VPOS="1113" WIDTH="106" HEIGHT="215"/>
               </TextLine>
            </TextBlock>
            <TextBlock HPOS="412"
                       VPOS="199"
                       WIDTH="2117"
                       HEIGHT="3029"
                       ID="eSc_textblock_bbc7058a"
                       TAGREFS="BT367">
               <Shape>
                  <Polygon POINTS="1879 998 1954 1048 1932 1097 2479 1122 2529 1210 2441 2092 1992 2183 2020 2233 2429 2333 2429 2854 2391 2928 2454 3116 761 3228 736 2956 661 2891 674 2807 749 2741 749 2545 674 2479 736 2379 711 1597 774 1069 749 798 699 720 724 524 437 520 412 474 449 411 708 386 736 212 1508 199 2366 237 2516 374 2466 449 2479 782 2429 920 1995 932"/>
               </Shape>
               <TextLine ID="eSc_line_c0f893a4"
                         BASELINE="721 296 2079 308 2391 327"
                         HPOS="715"
                         VPOS="202"
                         WIDTH="1679"
                         HEIGHT="144"
                         TAGREFS="LT118">
                  <Shape>
                     <Polygon POINTS="721 296 715 237 789 202 793 202 796 202 980 205 983 205 1058 233 1083 212 1083 208 1086 208 1089 208 1092 208 1152 208 1155 208 1158 208 1158 212 1192 240 1358 221 1361 221 1364 221 1398 237 1445 224 1448 224 1451 224 1455 224 1526 243 1658 230 1661 230 1664 230 1667 230 1686 246 1686 249 1864 252 1985 252 1992 252 2082 221 2085 221 2088 221 2092 221 2095 221 2132 249 2195 249 2213 230 2213 227 2216 227 2220 227 2326 221 2329 221 2332 221 2394 255 2391 327 2388 333 2213 346 2210 346 2207 346 2204 346 2182 330 2170 324 1998 321 1989 327 1979 336 1976 336 1973 336 1970 336 1967 336 1964 336 1951 327 1942 321 1923 327 1879 343 1876 343 1873 343 1870 343 1832 324 1817 318 1742 318 1701 324 1598 339 1595 339 1592 339 1558 321 1542 315 1476 315 1464 318 1439 336 1436 336 1433 336 1433 339 1358 339 1355 336 1230 315 1205 311 1192 315 1136 333 1133 333 1130 333 1127 333 1071 311 1058 308 1014 311 799 330 796 330 793 330 715 305"/>
                  </Shape>
                  <String CONTENT="Agatte lavoit engenauche. Dont de telles"
                          HPOS="715"
                          VPOS="202"
                          WIDTH="1679"
                          HEIGHT="144"/>
               </TextLine>
               <TextLine ID="eSc_line_e05f8ed4"
                         BASELINE="758 377 2488 405"
                         HPOS="743"
                         VPOS="290"
                         WIDTH="1748"
                         HEIGHT="156"
                         TAGREFS="LT118">
                  <Shape>
                     <Polygon POINTS="758 377 758 311 821 321 830 311 852 293 852 290 855 290 858 290 861 290 864 290 927 308 1111 293 1114 293 1117 293 1183 315 1245 296 1248 296 1252 296 1255 296 1258 296 1292 321 1305 330 1455 330 1467 324 1486 308 1489 308 1492 308 1495 308 1498 308 1501 308 1520 324 1536 336 1679 336 1711 327 1807 305 1811 305 1814 305 1885 330 1914 339 1923 330 1939 318 1939 315 1942 315 1945 315 2042 308 2045 308 2048 308 2085 330 2113 311 2117 311 2120 311 2123 311 2226 327 2282 311 2285 311 2288 311 2291 311 2360 339 2366 343 2488 343 2488 405 2491 414 2457 442 2454 442 2451 442 2448 442 2444 442 2410 427 2319 446 2316 446 2313 446 2310 446 2310 442 2273 411 2273 408 1832 405 1826 408 1779 436 1776 436 1773 436 1773 439 1720 439 1717 436 1714 436 1651 414 1598 433 1595 433 1592 433 1589 433 1586 433 1586 430 1561 408 1523 430 1520 430 1520 433 1355 433 1352 430 1348 430 1258 402 1236 396 1183 399 1095 408 1092 408 1008 399 933 389 921 399 889 421 886 421 883 421 883 424 774 424 771 421 768 421 765 421 765 417 761 417 743 396"/>
                  </Shape>
                  <String CONTENT="Injures elle ne sen est jamais volsus venger"
                          HPOS="743"
                          VPOS="290"
                          WIDTH="1748"
                          HEIGHT="156"/>
               </TextLine>
               <TextLine ID="eSc_line_2a1f3487"
                         BASELINE="437 486 546 480 720 460 1258 461 2323 489"
                         HPOS="427"
                         VPOS="380"
                         WIDTH="1892"
                         HEIGHT="147"
                         TAGREFS="LT118">
                  <Shape>
                     <Polygon POINTS="434 483 430 402 596 402 602 402 630 383 633 383 636 383 640 383 643 383 705 399 746 380 749 380 752 380 755 380 758 380 783 402 786 405 911 405 921 402 949 383 952 383 955 383 958 383 1049 383 1052 383 1092 402 1111 411 1152 402 1230 386 1233 386 1236 386 1239 386 1239 389 1255 402 1258 405 1264 402 1330 389 1333 389 1336 389 1339 389 1358 405 1370 414 1411 405 1433 399 1436 399 1439 399 1442 399 1445 399 1451 405 1476 421 1530 421 1551 405 1564 393 1567 393 1570 393 1573 393 1576 393 1579 393 1595 405 1614 417 1629 405 1639 396 1642 396 1645 396 1648 396 1651 396 1683 405 1739 421 1807 405 1826 402 1829 402 1832 402 1845 405 1889 421 1920 405 1929 402 1932 402 1935 402 1939 402 1948 405 1985 427 2085 405 2113 402 2117 402 2120 402 2135 405 2210 430 2316 408 2319 486 2316 508 2185 524 2182 524 2098 508 2051 502 2017 508 1951 527 1948 527 1945 527 1942 527 1910 508 1895 502 1873 508 1851 517 1848 517 1845 517 1842 517 1811 508 1754 495 1723 508 1701 520 1698 520 1695 520 1692 520 1648 508 1583 492 1561 508 1539 527 1536 527 1533 527 1530 527 1377 508 1330 505 1311 508 1267 524 1264 524 1261 524 1258 524 1230 508 1186 486 1120 508 1114 511 1111 511 1108 511 1105 511 1099 508 1021 480 864 480 780 502 777 502 774 502 771 502 724 477 649 508 643 511 640 511 636 511 427 508"/>
                  </Shape>
                  <String CONTENT="par droit Et a bien tousjour ouys depuis reputer ladite"
                          HPOS="427"
                          VPOS="380"
                          WIDTH="1892"
                          HEIGHT="147"/>
               </TextLine>
               <TextLine ID="eSc_line_53589763"
                         BASELINE="733 552 1611 542"
                         HPOS="724"
                         VPOS="470"
                         WIDTH="887"
                         HEIGHT="128"
                         TAGREFS="LT118">
                  <Shape>
                     <Polygon POINTS="733 552 724 505 799 470 802 470 805 470 1214 480 1217 480 1220 480 1220 483 1233 492 1236 499 1298 499 1302 492 1311 480 1314 480 1314 477 1317 477 1320 477 1323 477 1383 489 1401 492 1601 486 1611 542 1611 567 1505 595 1501 595 1498 595 1495 595 1423 573 1408 570 1333 570 1323 577 1302 595 1302 598 1298 598 1295 598 1292 598 1180 580 1149 577 1124 583 1071 598 1067 598 1064 598 1061 598 1024 586 999 577 942 589 883 598 880 598 730 592"/>
                  </Shape>
                  <String CONTENT="Agatte estre genauche."
                          HPOS="724"
                          VPOS="470"
                          WIDTH="887"
                          HEIGHT="128"/>
               </TextLine>
               <TextLine ID="eSc_line_73bb6581"
                         BASELINE="768 686 2448 667"
                         HPOS="758"
                         VPOS="589"
                         WIDTH="1690"
                         HEIGHT="147"
                         TAGREFS="LT118">
                  <Shape>
                     <Polygon POINTS="768 686 758 636 839 601 843 601 846 601 999 630 1011 630 1024 626 1124 598 1127 598 1130 598 1273 620 1320 626 1461 626 1470 614 1489 598 1489 595 1492 595 1495 595 1498 595 1698 608 1873 620 1954 601 1985 595 1989 595 1992 595 1995 595 1995 598 1998 601 2017 620 2157 620 2223 592 2229 592 2232 592 2235 592 2238 592 2241 592 2273 611 2438 589 2448 667 2448 714 2329 717 2326 717 2323 717 2319 717 2301 701 2220 717 2213 717 2210 717 2207 717 2095 683 2042 701 2038 701 2035 701 1926 683 1895 704 1892 704 1889 704 1885 704 1795 692 1723 720 1720 720 1717 720 1714 720 1642 686 1573 686 1539 714 1536 714 1533 714 1530 714 1395 689 1295 726 1283 729 1280 729 1280 733 1220 733 1217 729 1214 729 1211 729 1208 726 1149 692 1052 692 1008 729 1005 733 1002 733 999 733 999 736 921 736 918 733 914 733 911 733 908 729 861 695 771 729"/>
                  </Shape>
                  <String CONTENT="Dit que hier pour le jour estant au moulin dudit"
                          HPOS="758"
                          VPOS="589"
                          WIDTH="1690"
                          HEIGHT="147"/>
               </TextLine>
               <TextLine ID="eSc_line_7a63759f"
                         BASELINE="761 773 2369 764"
                         HPOS="755"
                         VPOS="698"
                         WIDTH="1614"
                         HEIGHT="116"
                         TAGREFS="LT118">
                  <Shape>
                     <Polygon POINTS="761 773 755 714 2360 698 2369 764 2369 779 2288 804 2285 804 2282 804 2179 782 2173 782 2076 782 2073 782 2051 801 2051 804 2048 804 2045 804 2042 804 2038 804 2035 804 2007 782 2001 782 1811 782 1807 786 1779 807 1776 807 1773 807 1770 807 1667 789 1633 804 1629 804 1626 804 1623 804 1620 804 1601 789 1601 786 1592 789 1520 807 1517 807 1514 807 1511 807 1458 789 1445 786 1417 789 1292 810 1292 814 1199 814 1195 810 1192 810 1189 810 1189 807 1170 792 1167 792 1142 810 1139 810 1136 810 1133 810 1049 792 1024 789 877 789 858 795 818 810 814 810 811 810 808 810 755 795"/>
                  </Shape>
                  <String CONTENT="Beurnevesain, icellui henri vouelin dit en"
                          HPOS="755"
                          VPOS="698"
                          WIDTH="1614"
                          HEIGHT="116"/>
               </TextLine>
               <TextLine ID="eSc_line_70e64290"
                         BASELINE="768 857 2435 870"
                         HPOS="768"
                         VPOS="779"
                         WIDTH="1667"
                         HEIGHT="141"
                         TAGREFS="LT118">
                  <Shape>
                     <Polygon POINTS="768 857 768 801 1027 801 1030 798 1049 782 1049 779 1052 779 1055 779 1058 779 1145 798 1183 804 1211 795 1245 786 1248 786 1252 786 1255 786 1258 786 1273 795 1289 804 1314 795 1345 786 1348 786 1598 782 1601 782 1604 782 1629 795 1664 807 1779 792 1839 786 1842 786 1845 786 1848 786 1848 789 1854 792 1867 807 1907 792 1910 792 1914 792 1920 792 2042 810 2067 792 2067 789 2070 789 2073 789 2076 789 2079 789 2085 789 2129 807 2251 789 2260 789 2263 789 2266 789 2270 789 2348 810 2426 789 2435 870 2432 895 2266 920 2263 920 2260 920 2257 920 2232 898 2223 892 2170 898 2092 907 2088 907 2029 898 1960 888 1935 901 1901 917 1898 917 1898 920 1604 920 1601 917 1598 917 1595 917 1573 901 1551 888 1533 901 1520 910 1517 910 1514 910 1433 913 1430 913 1426 913 1423 913 1408 904 1392 895 1348 904 1298 913 1295 913 1292 913 1258 904 1214 892 1114 904 1111 904 1108 904 1105 904 1102 904 1102 901 1077 882 883 904 880 904 877 904 818 882 768 907"/>
                  </Shape>
                  <String CONTENT="presentce de plusieurs quil en feroit a repentir ses"
                          HPOS="768"
                          VPOS="779"
                          WIDTH="1667"
                          HEIGHT="141"/>
               </TextLine>
               <TextLine ID="eSc_line_aeedd48e"
                         BASELINE="771 954 1851 963"
                         HPOS="768"
                         VPOS="882"
                         WIDTH="1083"
                         HEIGHT="125"
                         TAGREFS="LT118">
                  <Shape>
                     <Polygon POINTS="771 954 768 901 1011 882 1014 882 1114 901 1130 904 1142 901 1183 888 1186 888 1189 888 1192 888 1220 901 1224 904 1227 901 1245 885 1248 885 1252 885 1255 885 1258 885 1311 901 1486 885 1489 885 1492 885 1495 885 1520 904 1530 910 1667 910 1673 904 1686 892 1689 892 1692 892 1695 892 1848 907 1851 963 1842 1001 1742 973 1626 995 1623 995 1489 976 1420 995 1417 995 1414 995 1292 970 1195 1001 1180 1007 1177 1007 1174 1007 1142 1001 1024 979 768 1001"/>
                  </Shape>
                  <String CONTENT="freres et quil les tueroit."
                          HPOS="768"
                          VPOS="882"
                          WIDTH="1083"
                          HEIGHT="125"/>
               </TextLine>
               <TextLine ID="eSc_line_ecf5cd1e"
                         BASELINE="786 1188 1929 1185 2466 1200"
                         HPOS="783"
                         VPOS="1079"
                         WIDTH="1683"
                         HEIGHT="146"
                         TAGREFS="LT118">
                  <Shape>
                     <Polygon POINTS="786 1188 783 1079 924 1079 927 1079 930 1079 930 1082 933 1082 983 1129 1117 1088 1145 1079 1149 1079 1152 1079 1205 1079 1208 1079 1211 1079 1227 1091 1277 1129 1380 1110 1383 1110 1386 1110 1436 1132 1626 1132 1667 1104 1695 1082 1698 1082 1701 1082 1704 1082 1817 1082 1820 1082 1889 1110 1935 1132 2004 1132 2032 1113 2035 1113 2038 1113 2042 1113 2045 1113 2051 1116 2085 1132 2110 1116 2113 1113 2117 1113 2120 1113 2123 1113 2126 1113 2138 1116 2170 1132 2198 1119 2210 1113 2213 1113 2216 1113 2220 1113 2251 1122 2298 1132 2338 1122 2391 1113 2394 1113 2466 1129 2466 1200 2463 1203 2419 1225 2416 1225 2413 1225 2213 1207 2201 1207 2191 1207 2085 1225 2082 1225 2079 1225 2020 1210 1985 1200 1576 1200 1548 1216 1526 1225 1523 1225 1520 1225 1517 1225 1495 1216 1467 1200 1451 1216 1442 1222 1442 1225 1439 1225 1436 1225 1433 1225 1430 1225 1398 1216 1345 1200 1245 1213 1242 1213 1239 1213 1199 1197 1130 1219 1120 1222 1117 1222 1114 1222 1111 1222 1108 1222 1105 1219 1080 1203 1049 1216 1046 1216 1042 1216 939 1197 783 1222"/>
                  </Shape>
                  <String CONTENT="Petremand mahon par serement depose Que"
                          HPOS="783"
                          VPOS="1079"
                          WIDTH="1683"
                          HEIGHT="146"/>
               </TextLine>
               <TextLine ID="eSc_line_8a2693b7"
                         BASELINE="783 1260 2519 1272"
                         HPOS="780"
                         VPOS="1203"
                         WIDTH="1739"
                         HEIGHT="100"
                         TAGREFS="LT118">
                  <Shape>
                     <Polygon POINTS="783 1260 783 1207 942 1222 955 1210 961 1207 961 1203 964 1203 967 1203 971 1203 1189 1203 1192 1203 1195 1203 1195 1207 1208 1216 1217 1225 1230 1216 1242 1207 1245 1207 1248 1207 1252 1207 1383 1207 1386 1207 1389 1207 1389 1210 1401 1222 1408 1225 1423 1222 1489 1207 1492 1207 1658 1225 1661 1225 1664 1225 1664 1228 1686 1250 2510 1250 2519 1272 2516 1281 2391 1300 2388 1300 2385 1300 2341 1285 2341 1281 1867 1278 1857 1288 1842 1297 1842 1300 1839 1300 1836 1300 1836 1303 1654 1303 1651 1300 1648 1300 1645 1300 1629 1288 1623 1285 1570 1288 1448 1297 1445 1297 1442 1297 1439 1297 1430 1288 1411 1275 1289 1291 1267 1291 1264 1291 1227 1291 930 1272 780 1291"/>
                  </Shape>
                  <String CONTENT="par devant le une grande partie de la Comunaulte"
                          HPOS="780"
                          VPOS="1203"
                          WIDTH="1739"
                          HEIGHT="100"/>
               </TextLine>
               <TextLine ID="eSc_line_6175c567"
                         BASELINE="758 1344 2488 1363"
                         HPOS="749"
                         VPOS="1263"
                         WIDTH="1742"
                         HEIGHT="134"
                         TAGREFS="LT118">
                  <Shape>
                     <Polygon POINTS="758 1344 749 1291 768 1275 771 1275 774 1275 777 1275 780 1275 827 1291 874 1263 877 1263 880 1263 883 1263 967 1263 971 1263 974 1263 1002 1288 1055 1266 1058 1266 1061 1266 1267 1266 1270 1266 1336 1297 1423 1269 1426 1269 1430 1269 1433 1269 1436 1269 1480 1300 1598 1300 1642 1278 1645 1278 1648 1278 1651 1278 1739 1300 1782 1281 1786 1281 1789 1281 1885 1300 2098 1275 2101 1275 2104 1275 2107 1275 2107 1278 2129 1300 2207 1310 2373 1310 2432 1285 2435 1285 2438 1285 2441 1285 2491 1313 2488 1363 2485 1372 2263 1397 2260 1397 2257 1397 2207 1375 2191 1369 2113 1375 1995 1384 1992 1384 1892 1375 1782 1366 1729 1375 1673 1388 1670 1388 1667 1388 1633 1375 1601 1366 1586 1375 1570 1388 1567 1388 1564 1388 1561 1388 1558 1388 1536 1378 1514 1366 1439 1378 1405 1381 1401 1381 1398 1381 1389 1378 1361 1363 1320 1378 1302 1384 1298 1384 1295 1384 1258 1378 1214 1369 1195 1378 1189 1381 1186 1381 1183 1381 1180 1381 1177 1381 1177 1378 1174 1378 1158 1363 1008 1378 971 1381 967 1381 964 1381 952 1378 871 1356 755 1378"/>
                  </Shape>
                  <String CONTENT="Que hue ledit henri dit et se declaira quil"
                          HPOS="749"
                          VPOS="1263"
                          WIDTH="1742"
                          HEIGHT="134"/>
               </TextLine>
               <TextLine ID="eSc_line_f37e767b"
                         BASELINE="774 1434 2432 1441"
                         HPOS="768"
                         VPOS="1363"
                         WIDTH="1664"
                         HEIGHT="121"
                         TAGREFS="LT118">
                  <Shape>
                     <Polygon POINTS="774 1434 768 1391 833 1372 836 1372 839 1372 986 1391 996 1391 999 1391 1021 1372 1024 1372 1027 1372 1030 1372 1108 1384 1174 1363 1177 1363 1180 1363 1392 1363 1395 1363 1398 1363 1442 1391 1445 1394 1601 1394 1608 1394 1629 1375 1633 1375 1636 1375 1639 1375 1723 1394 1732 1394 1736 1394 1761 1375 1764 1375 1767 1375 1770 1375 1773 1375 1776 1375 1776 1378 1792 1394 1795 1397 1920 1397 1932 1394 2129 1366 2132 1366 2135 1366 2138 1366 2173 1394 2226 1375 2229 1375 2232 1375 2235 1375 2238 1375 2270 1394 2273 1397 2429 1397 2432 1441 2429 1450 2304 1481 2301 1481 2298 1481 2220 1453 2213 1453 2092 1453 2088 1456 2029 1481 2026 1481 2026 1484 1973 1484 1970 1481 1967 1481 1964 1481 1964 1478 1945 1459 1885 1481 1882 1481 1879 1481 1876 1481 1836 1459 1823 1453 1520 1466 1183 1478 1180 1478 1177 1478 1174 1478 1174 1475 1167 1469 1145 1450 1052 1469 1049 1469 1046 1469 1042 1469 1017 1450 883 1450 771 1475"/>
                  </Shape>
                  <String CONTENT="se vouloit descharger de ce que sa femme"
                          HPOS="768"
                          VPOS="1363"
                          WIDTH="1664"
                          HEIGHT="121"/>
               </TextLine>
               <TextLine ID="eSc_line_89e7a02b"
                         BASELINE="743 1515 2432 1537"
                         HPOS="740"
                         VPOS="1437"
                         WIDTH="1695"
                         HEIGHT="131"
                         TAGREFS="LT118">
                  <Shape>
                     <Polygon POINTS="743 1515 740 1444 793 1437 796 1437 799 1437 814 1444 852 1462 880 1447 880 1444 883 1444 886 1444 889 1444 930 1447 1024 1456 1046 1450 1071 1441 1074 1441 1077 1441 1080 1441 1083 1441 1092 1450 1105 1462 1224 1469 1420 1459 1654 1447 1658 1447 1661 1447 1664 1447 1692 1466 1711 1478 1807 1478 1814 1469 1823 1462 1823 1459 1826 1459 1829 1459 1832 1459 1942 1472 1976 1475 1992 1472 2082 1453 2085 1453 2088 1453 2151 1478 2154 1478 2176 1456 2176 1453 2179 1453 2182 1453 2185 1453 2188 1453 2260 1478 2270 1481 2276 1481 2363 1456 2366 1456 2369 1456 2373 1456 2435 1484 2432 1537 2426 1556 2326 1547 2276 1556 2216 1568 2213 1568 2210 1568 2179 1556 2135 1540 2017 1556 2001 1556 1998 1556 1982 1556 1864 1537 1823 1553 1811 1559 1807 1559 1804 1559 1736 1553 1530 1534 1417 1553 1383 1556 1380 1556 1377 1556 1358 1553 1295 1534 1248 1550 1233 1556 1230 1556 1227 1556 1199 1550 1111 1531 1011 1550 986 1553 983 1553 980 1553 977 1553 974 1550 946 1531 740 1547"/>
                  </Shape>
                  <String CONTENT="se declairoit quelle vouloit mectre le feu"
                          HPOS="740"
                          VPOS="1437"
                          WIDTH="1695"
                          HEIGHT="131"/>
               </TextLine>
               <TextLine ID="eSc_line_2ef53563"
                         BASELINE="746 1600 2488 1618"
                         HPOS="736"
                         VPOS="1519"
                         WIDTH="1752"
                         HEIGHT="143"
                         TAGREFS="LT118">
                  <Shape>
                     <Polygon POINTS="746 1600 746 1519 855 1522 858 1522 861 1522 861 1525 883 1547 911 1531 914 1531 918 1531 921 1531 924 1531 924 1534 939 1550 1095 1550 1142 1528 1145 1528 1149 1528 1152 1528 1155 1528 1236 1553 1470 1553 1501 1537 1520 1528 1523 1528 1526 1528 1530 1528 1561 1540 1595 1553 1617 1540 1629 1531 1633 1531 1636 1531 1639 1531 1704 1543 1745 1550 1789 1543 1904 1531 1907 1531 2129 1534 2132 1534 2210 1556 2235 1562 2263 1559 2376 1537 2379 1537 2382 1537 2385 1537 2419 1562 2423 1565 2488 1565 2488 1618 2482 1650 2394 1631 2369 1650 2360 1656 2357 1656 2354 1656 2245 1662 2241 1662 2238 1662 2207 1643 2176 1628 2088 1640 1979 1659 1976 1659 1973 1659 1926 1637 1901 1625 1745 1625 1736 1634 1726 1640 1726 1643 1723 1643 1720 1643 1717 1643 1651 1631 1604 1621 1592 1631 1567 1653 1564 1653 1561 1653 1561 1656 1476 1656 1473 1653 1470 1653 1408 1625 1401 1621 1398 1625 1370 1650 1370 1653 1367 1653 1364 1653 1361 1653 1358 1653 1280 1631 1239 1650 1236 1650 1236 1653 1055 1653 1052 1650 1049 1650 961 1615 911 1634 908 1634 905 1634 902 1634 899 1634 874 1615 824 1646 821 1646 818 1646 814 1646 811 1646 736 1609"/>
                  </Shape>
                  <String CONTENT="en la maison des ses freres Et que elle sestoit"
                          HPOS="736"
                          VPOS="1519"
                          WIDTH="1752"
                          HEIGHT="143"/>
               </TextLine>
               <TextLine ID="eSc_line_4e8dad82"
                         BASELINE="721 1687 2404 1718"
                         HPOS="715"
                         VPOS="1621"
                         WIDTH="1689"
                         HEIGHT="128"
                         TAGREFS="LT118">
                  <Shape>
                     <Polygon POINTS="721 1687 718 1637 874 1625 877 1625 1046 1637 1139 1643 1149 1637 1167 1621 1170 1621 1174 1621 1177 1621 1180 1621 1183 1621 1205 1637 1220 1650 1358 1650 1370 1637 1386 1625 1389 1625 1392 1625 1395 1625 1480 1625 1483 1625 1486 1625 1486 1628 1498 1637 1511 1653 1611 1653 1667 1640 1714 1628 1717 1628 1720 1628 1723 1628 1751 1640 1792 1656 1826 1640 1832 1637 1836 1637 1839 1637 1842 1637 1851 1640 1901 1656 1973 1640 2007 1634 2010 1634 2013 1634 2029 1640 2073 1659 2154 1640 2176 1637 2179 1637 2182 1637 2185 1637 2188 1640 2229 1665 2291 1640 2298 1640 2301 1640 2304 1640 2404 1643 2404 1718 2398 1737 2229 1731 2213 1734 2166 1749 2163 1749 2160 1749 2035 1731 1992 1724 1970 1728 1904 1746 1901 1746 1898 1746 1679 1721 1658 1721 1645 1721 1530 1737 1526 1737 1523 1737 1483 1718 1480 1718 1470 1718 1277 1734 1273 1734 1161 1712 1149 1709 1136 1709 1064 1724 1061 1724 1058 1724 1055 1724 1033 1709 1030 1706 1014 1709 902 1728 899 1728 896 1728 893 1728 893 1724 889 1724 877 1706 715 1699"/>
                  </Shape>
                  <String CONTENT="volsus relever pour mectre en execution tel"
                          HPOS="715"
                          VPOS="1621"
                          WIDTH="1689"
                          HEIGHT="128"/>
               </TextLine>
               <TextLine ID="eSc_line_f4725837"
                         BASELINE="796 1796 1620 1793 2438 1818"
                         HPOS="789"
                         VPOS="1706"
                         WIDTH="1649"
                         HEIGHT="134"
                         TAGREFS="LT118">
                  <Shape>
                     <Polygon POINTS="796 1796 789 1737 924 1706 927 1706 930 1706 1021 1737 1027 1740 1120 1740 1127 1737 1164 1712 1167 1712 1170 1712 1174 1712 1295 1737 1317 1740 1327 1737 1377 1712 1380 1712 1383 1712 1576 1734 1633 1721 1636 1721 1639 1721 1642 1721 1698 1737 1732 1746 1782 1746 1792 1737 1811 1721 1811 1718 1814 1718 1817 1718 1820 1718 1823 1718 1864 1737 1882 1746 1917 1737 1932 1734 1935 1734 1939 1734 1942 1734 1945 1734 1951 1737 1973 1752 2113 1752 2135 1737 2145 1731 2148 1731 2151 1731 2154 1731 2157 1731 2160 1731 2166 1737 2182 1752 2260 1752 2298 1737 2332 1724 2335 1724 2338 1724 2438 1740 2438 1818 2432 1834 2220 1821 2145 1834 2101 1840 2098 1840 2095 1840 2070 1834 2026 1821 2007 1834 1998 1840 1995 1840 1992 1840 1989 1840 1985 1840 1964 1834 1904 1809 1648 1809 1589 1830 1579 1834 1576 1834 1573 1834 1548 1830 1423 1805 1367 1830 1361 1830 1358 1830 1355 1830 1180 1827 1177 1827 1174 1827 1139 1805 793 1824"/>
                  </Shape>
                  <String CONTENT="fait mais que lavoit lavoit empeiche Et"
                          HPOS="789"
                          VPOS="1706"
                          WIDTH="1649"
                          HEIGHT="134"/>
               </TextLine>
               <TextLine ID="eSc_line_d27a0055"
                         BASELINE="743 1890 1455 1887 2319 1915"
                         HPOS="740"
                         VPOS="1802"
                         WIDTH="1579"
                         HEIGHT="135"
                         TAGREFS="LT118">
                  <Shape>
                     <Polygon POINTS="743 1890 740 1802 902 1830 1017 1812 1052 1805 1055 1805 1058 1805 1061 1805 1061 1809 1067 1812 1083 1827 1145 1815 1164 1812 1167 1812 1170 1812 1174 1812 1174 1815 1177 1815 1195 1830 1217 1818 1227 1809 1230 1809 1233 1809 1236 1809 1239 1809 1273 1818 1305 1827 1352 1821 1430 1812 1433 1812 1436 1812 1464 1824 1489 1840 1514 1827 1533 1818 1536 1818 1539 1818 1542 1818 1583 1830 1629 1843 1648 1830 1667 1818 1670 1818 1673 1818 1676 1818 1786 1818 1789 1818 1851 1837 1879 1849 2107 1849 2113 1846 2138 1834 2142 1834 2145 1834 2148 1834 2151 1834 2173 1849 2179 1855 2319 1855 2319 1915 2316 1918 2273 1937 2270 1937 2266 1937 1782 1918 1426 1902 1348 1915 1311 1921 1308 1921 1305 1921 1289 1915 1248 1899 1224 1915 1220 1918 1217 1918 1214 1918 1211 1918 1177 1915 1058 1899 740 1912"/>
                  </Shape>
                  <String CONTENT="que surce elle avoit dit que ce"
                          HPOS="740"
                          VPOS="1802"
                          WIDTH="1579"
                          HEIGHT="135"/>
               </TextLine>
               <TextLine ID="eSc_line_988f7784"
                         BASELINE="758 1965 2432 1999"
                         HPOS="755"
                         VPOS="1890"
                         WIDTH="1677"
                         HEIGHT="146"
                         TAGREFS="LT118">
                  <Shape>
                     <Polygon POINTS="758 1965 758 1912 811 1912 814 1912 833 1893 833 1890 836 1890 839 1890 843 1890 846 1890 914 1912 927 1915 964 1912 1161 1893 1164 1893 1167 1893 1208 1915 1220 1921 1258 1915 1367 1896 1370 1896 1658 1902 1661 1902 1664 1902 1683 1918 1692 1927 1714 1918 1751 1905 1754 1905 1757 1905 1836 1921 1854 1924 1860 1921 1873 1908 1876 1908 1879 1908 1882 1908 1885 1908 1889 1908 1889 1912 1901 1921 1914 1937 1982 1937 2429 1927 2432 1999 2429 2021 2170 2036 2166 2036 2163 2036 2104 2021 2073 2011 2042 2018 2020 2024 2017 2024 2013 2024 2010 2024 2007 2024 2001 2018 1970 1999 1920 2018 1917 2018 1914 2018 1910 2018 1907 2018 1904 2018 1848 1999 1792 2018 1757 2027 1754 2027 1751 2027 1748 2027 1707 2014 1626 1993 1573 2014 1548 2024 1545 2024 1542 2024 1539 2024 1517 2014 1464 1990 1277 2011 1217 2018 1214 2018 1211 2018 1192 2011 1124 1980 996 1980 755 2005"/>
                  </Shape>
                  <String CONTENT="sy cela ne se faisoit pour lors quelle"
                          HPOS="755"
                          VPOS="1890"
                          WIDTH="1677"
                          HEIGHT="146"/>
               </TextLine>
               <TextLine ID="eSc_line_20298829"
                         BASELINE="765 2083 2354 2083"
                         HPOS="761"
                         VPOS="2005"
                         WIDTH="1596"
                         HEIGHT="122"
                         TAGREFS="LT118">
                  <Shape>
                     <Polygon POINTS="765 2083 761 2021 827 2008 830 2008 893 2021 942 2030 958 2021 983 2005 986 2005 989 2005 992 2005 996 2005 1036 2021 1061 2030 1083 2021 1120 2005 1124 2005 1127 2005 1217 2005 1220 2005 1224 2005 1224 2008 1239 2021 1248 2030 1289 2021 1333 2014 1336 2014 1339 2014 1370 2021 1401 2030 1411 2021 1420 2014 1420 2011 1423 2011 1426 2011 1561 2008 1564 2008 1567 2008 1570 2008 1592 2024 1601 2030 1617 2024 1639 2014 1642 2014 1645 2014 1698 2024 1736 2030 1745 2024 1764 2008 1764 2005 1767 2005 1770 2005 1773 2005 1832 2005 1836 2005 1910 2024 1932 2030 1939 2024 1960 2005 1964 2005 1967 2005 1970 2005 1973 2005 1976 2005 1998 2024 2007 2030 2045 2024 2160 2008 2163 2008 2166 2008 2223 2027 2238 2030 2251 2027 2298 2005 2301 2005 2304 2005 2307 2005 2357 2027 2354 2083 2357 2096 2279 2117 2276 2117 2273 2117 2270 2117 2204 2102 1951 2121 1948 2121 1945 2121 1885 2099 1860 2121 1860 2124 1857 2124 1854 2124 1854 2127 1592 2127 1589 2124 1586 2124 1583 2124 1551 2099 1545 2099 967 2099 961 2102 939 2121 939 2124 936 2124 933 2124 930 2124 761 2102"/>
                  </Shape>
                  <String CONTENT="le feroit une aultre fois dont de ce"
                          HPOS="761"
                          VPOS="2005"
                          WIDTH="1596"
                          HEIGHT="122"/>
               </TextLine>
               <TextLine ID="eSc_line_001897e4"
                         BASELINE="752 2170 1860 2183"
                         HPOS="746"
                         VPOS="2099"
                         WIDTH="1114"
                         HEIGHT="128"
                         TAGREFS="LT118">
                  <Shape>
                     <Polygon POINTS="752 2170 749 2121 921 2099 924 2099 1021 2124 1030 2124 1036 2124 1083 2105 1086 2105 1089 2105 1092 2105 1130 2124 1164 2102 1167 2102 1170 2102 1174 2102 1177 2102 1180 2102 1208 2124 1286 2105 1289 2105 1292 2105 1295 2105 1298 2105 1298 2108 1302 2108 1314 2127 1323 2127 1461 2127 1483 2108 1483 2105 1486 2105 1489 2105 1492 2105 1542 2105 1545 2105 1595 2130 1598 2130 1601 2130 1639 2111 1642 2111 1645 2111 1648 2111 1686 2130 1689 2133 1860 2133 1860 2183 1857 2208 1620 2227 1617 2227 1614 2227 1611 2227 1611 2223 1595 2211 1592 2208 1583 2211 1539 2223 1536 2223 1533 2223 1530 2223 1508 2211 1489 2202 1442 2211 1398 2220 1395 2220 1392 2220 1358 2211 1314 2202 1292 2214 1277 2220 1273 2220 1273 2223 1042 2223 1039 2220 1036 2220 1033 2220 1027 2214 996 2195 889 2195 868 2214 868 2217 864 2217 861 2217 858 2217 746 2214"/>
                  </Shape>
                  <String CONTENT="se vouloit avoir descharge."
                          HPOS="746"
                          VPOS="2099"
                          WIDTH="1114"
                          HEIGHT="128"/>
               </TextLine>
               <TextLine ID="eSc_line_9b7d9d69"
                         BASELINE="755 2314 1217 2320 1820 2367 2404 2383"
                         HPOS="743"
                         VPOS="2227"
                         WIDTH="1664"
                         HEIGHT="184"
                         TAGREFS="LT118">
                  <Shape>
                     <Polygon POINTS="755 2314 749 2255 839 2227 843 2227 846 2227 849 2227 852 2227 883 2248 908 2230 911 2230 914 2230 918 2230 921 2230 992 2248 1058 2236 1061 2236 1205 2264 1236 2270 1252 2267 1298 2248 1302 2248 1305 2248 1408 2270 1489 2286 1639 2276 1676 2273 1679 2273 1683 2273 1686 2273 1686 2276 1689 2276 1704 2298 1767 2298 1786 2280 1795 2273 1795 2270 1798 2270 1801 2270 1804 2270 1904 2273 1907 2273 1910 2273 1910 2276 1914 2276 1917 2283 1935 2308 2126 2314 2179 2295 2182 2295 2185 2295 2188 2295 2238 2317 2276 2292 2279 2292 2282 2292 2285 2292 2407 2295 2404 2383 2401 2404 2191 2411 2188 2411 2185 2411 2142 2392 2113 2383 2063 2389 1979 2401 1976 2401 1626 2370 1501 2379 1498 2379 1495 2379 1492 2379 1464 2361 1455 2354 1448 2358 1411 2376 1408 2376 1405 2376 1401 2376 1345 2354 1330 2345 1189 2342 1180 2345 1158 2361 1155 2361 1152 2361 1149 2361 1145 2361 1142 2361 1120 2342 1114 2336 977 2333 964 2336 921 2351 918 2351 914 2351 771 2348 768 2348 765 2348 765 2345 743 2323"/>
                  </Shape>
                  <String CONTENT="Depose en oultre que sont bien vingt ans que la"
                          HPOS="743"
                          VPOS="2227"
                          WIDTH="1664"
                          HEIGHT="184"/>
               </TextLine>
               <TextLine ID="eSc_line_4d1f25c2"
                         BASELINE="777 2398 1264 2404 1820 2448 2329 2461"
                         HPOS="771"
                         VPOS="2326"
                         WIDTH="1558"
                         HEIGHT="159"
                         TAGREFS="LT118">
                  <Shape>
                     <Polygon POINTS="777 2398 774 2339 908 2326 911 2326 914 2326 918 2326 918 2330 933 2345 939 2351 958 2345 977 2342 980 2342 983 2342 986 2342 999 2348 1021 2358 1055 2351 1127 2336 1130 2336 1367 2361 1489 2351 1492 2351 1495 2351 1498 2351 1498 2354 1517 2373 1523 2383 1595 2383 1620 2379 1689 2364 1692 2364 1695 2364 1739 2383 1761 2364 1764 2364 1767 2364 1770 2364 1773 2364 1776 2364 1807 2389 1814 2392 1823 2389 1854 2376 1857 2376 1860 2376 1864 2376 1867 2376 1882 2392 1889 2398 2129 2404 2132 2404 2163 2389 2166 2389 2170 2389 2173 2389 2176 2389 2198 2407 2226 2389 2229 2389 2232 2389 2235 2389 2238 2389 2241 2389 2241 2392 2245 2392 2257 2407 2260 2414 2326 2414 2329 2461 2323 2485 2160 2467 2029 2473 1973 2476 1970 2476 1967 2476 1964 2476 1964 2473 1960 2470 1951 2461 1929 2470 1910 2476 1907 2476 1904 2476 1658 2467 1654 2467 1651 2467 1639 2457 1626 2445 1483 2436 1423 2448 1383 2454 1380 2454 1377 2454 1373 2454 1373 2451 1364 2445 1345 2423 771 2417"/>
                  </Shape>
                  <String CONTENT="Comunaulte de Beurnevesain avoyent"
                          HPOS="771"
                          VPOS="2326"
                          WIDTH="1558"
                          HEIGHT="159"/>
               </TextLine>
               <TextLine ID="eSc_line_ca4eb851"
                         BASELINE="686 2482 1295 2492 1776 2526 2398 2542"
                         HPOS="677"
                         VPOS="2407"
                         WIDTH="1724"
                         HEIGHT="166"
                         TAGREFS="LT118">
                  <Shape>
                     <Polygon POINTS="686 2482 686 2429 830 2429 861 2407 864 2407 868 2407 871 2407 874 2407 964 2439 971 2439 977 2439 1089 2414 1092 2414 1095 2414 1099 2414 1136 2439 1164 2417 1167 2417 1170 2417 1174 2417 1308 2420 1311 2420 1408 2445 1539 2429 1542 2429 1545 2429 1548 2429 1586 2457 1683 2448 1686 2448 1970 2470 1998 2451 2001 2451 2004 2451 2007 2451 2010 2451 2013 2451 2035 2467 2054 2451 2057 2451 2060 2451 2063 2451 2067 2451 2070 2451 2070 2454 2073 2454 2085 2470 2095 2461 2095 2457 2098 2457 2101 2457 2104 2457 2235 2461 2238 2461 2241 2461 2263 2479 2341 2467 2344 2467 2348 2467 2401 2489 2398 2542 2398 2551 2360 2570 2357 2570 2354 2570 2198 2548 2113 2573 2110 2573 2107 2573 2104 2573 2026 2542 2017 2539 1998 2539 1820 2563 1817 2563 1642 2557 1639 2557 1636 2557 1636 2554 1611 2529 1611 2526 1523 2520 1511 2526 1467 2548 1464 2548 1461 2548 1458 2548 1455 2548 1426 2523 1414 2514 1189 2510 1180 2517 1149 2542 1145 2542 1142 2542 1139 2542 1071 2539 1067 2539 1064 2539 1024 2514 1011 2504 974 2510 858 2532 855 2532 852 2532 849 2532 808 2507 802 2501 796 2504 765 2523 761 2523 758 2523 755 2523 677 2501"/>
                  </Shape>
                  <String CONTENT="ung bergier de Faverois que les servit"
                          HPOS="677"
                          VPOS="2407"
                          WIDTH="1724"
                          HEIGHT="166"/>
               </TextLine>
               <TextLine ID="eSc_line_2d55d362"
                         BASELINE="758 2588 2363 2629"
                         HPOS="746"
                         VPOS="2510"
                         WIDTH="1620"
                         HEIGHT="156"
                         TAGREFS="LT118">
                  <Shape>
                     <Polygon POINTS="758 2588 758 2510 886 2535 971 2514 977 2514 980 2514 983 2514 986 2514 989 2514 989 2517 1021 2542 1230 2520 1248 2520 1252 2520 1255 2520 1261 2520 1339 2548 1467 2526 1473 2526 1476 2526 1480 2526 1483 2526 1551 2554 1732 2532 1742 2532 1745 2532 1748 2532 1751 2532 1779 2557 1807 2542 1811 2542 1814 2542 1817 2542 1901 2563 1945 2542 1948 2542 1951 2542 1954 2542 2004 2570 2120 2573 2213 2573 2248 2551 2251 2551 2254 2551 2257 2551 2260 2551 2263 2551 2282 2570 2357 2548 2363 2629 2366 2645 2332 2666 2329 2666 2326 2666 2323 2666 2245 2660 2241 2660 2238 2660 2238 2657 2220 2638 2216 2638 2166 2638 2107 2638 2073 2660 2070 2660 2067 2660 2063 2660 1923 2638 1876 2654 1873 2654 1870 2654 1670 2638 1626 2651 1623 2651 1620 2651 1617 2651 1495 2620 1317 2641 1314 2641 1311 2641 1252 2613 1217 2635 1214 2635 1211 2635 1208 2635 1205 2635 1202 2635 1202 2632 1177 2610 958 2607 886 2626 883 2626 880 2626 877 2626 874 2626 849 2604 793 2629 789 2629 786 2629 783 2629 780 2629 780 2626 746 2595"/>
                  </Shape>
                  <String CONTENT="trois ans lequel nest disoit que ladite"
                          HPOS="746"
                          VPOS="2510"
                          WIDTH="1620"
                          HEIGHT="156"/>
               </TextLine>
               <TextLine ID="eSc_line_abe00ad9"
                         BASELINE="771 2679 2332 2723"
                         HPOS="761"
                         VPOS="2610"
                         WIDTH="1571"
                         HEIGHT="141"
                         TAGREFS="LT118">
                  <Shape>
                     <Polygon POINTS="771 2679 768 2632 855 2610 858 2610 861 2610 924 2632 930 2635 939 2632 986 2613 989 2613 992 2613 1120 2635 1164 2641 1214 2635 1302 2626 1305 2626 1308 2626 1311 2626 1311 2629 1320 2638 1333 2648 1405 2638 1436 2635 1439 2635 1489 2638 1661 2657 1692 2641 1704 2635 1707 2635 1711 2635 1795 2638 1798 2638 1801 2638 1801 2641 1804 2645 1823 2660 1910 2648 1914 2648 1917 2648 1964 2663 1989 2645 1992 2645 1995 2645 1998 2645 2001 2645 2004 2645 2029 2666 2107 2648 2110 2648 2113 2648 2117 2648 2204 2663 2329 2651 2332 2723 2329 2732 2163 2751 2160 2751 2157 2751 2073 2729 2004 2751 2001 2751 1998 2751 1995 2751 1992 2751 1992 2747 1964 2723 1757 2723 1739 2738 1739 2741 1736 2741 1732 2741 1732 2744 1664 2744 1661 2741 1658 2741 1576 2716 1442 2735 1439 2735 1436 2735 1383 2707 1277 2707 1245 2729 1242 2729 1239 2729 1236 2729 1233 2729 1230 2729 1195 2704 1058 2723 1055 2723 1052 2723 1049 2723 1049 2719 1027 2701 811 2716 808 2716 805 2716 761 2691"/>
                  </Shape>
                  <String CONTENT="Agatte estoit une genauche, et disoit les"
                          HPOS="761"
                          VPOS="2610"
                          WIDTH="1571"
                          HEIGHT="141"/>
               </TextLine>
               <TextLine ID="eSc_line_1406a9a7"
                         BASELINE="765 2766 1433 2782 1654 2801 2416 2801"
                         HPOS="758"
                         VPOS="2701"
                         WIDTH="1658"
                         HEIGHT="140"
                         TAGREFS="LT118">
                  <Shape>
                     <Polygon POINTS="765 2766 765 2716 905 2729 921 2716 933 2704 933 2701 936 2701 939 2701 942 2701 946 2701 999 2716 1014 2719 1024 2716 1049 2704 1052 2704 1055 2704 1058 2704 1080 2716 1105 2729 1120 2716 1136 2704 1139 2704 1142 2704 1145 2704 1420 2707 1486 2716 1629 2741 1964 2744 2085 2719 2088 2719 2092 2719 2095 2719 2129 2747 2185 2747 2229 2719 2232 2719 2235 2719 2238 2719 2241 2719 2245 2719 2288 2747 2410 2719 2416 2801 2407 2825 2373 2810 2335 2825 2291 2841 2288 2841 2285 2841 2157 2819 2148 2819 2138 2819 2038 2838 2035 2838 2032 2838 1970 2819 1873 2829 1870 2829 1867 2829 1864 2829 1864 2825 1848 2813 1842 2810 1839 2813 1811 2835 1807 2835 1804 2835 1804 2838 1742 2838 1739 2835 1736 2835 1732 2835 1704 2813 1683 2829 1683 2832 1679 2832 1676 2832 1676 2835 1530 2835 1526 2832 1523 2832 1520 2832 1520 2829 1495 2810 1483 2819 1480 2819 1476 2819 1473 2819 1470 2819 1467 2819 1445 2804 1436 2797 1342 2797 1333 2801 1270 2829 1267 2829 1264 2829 1164 2825 1161 2825 1158 2825 1117 2794 1114 2794 1089 2794 839 2804 836 2804 758 2785"/>
                  </Shape>
                  <String CONTENT="raisons lesquelles deposant a oublier depuis"
                          HPOS="758"
                          VPOS="2701"
                          WIDTH="1658"
                          HEIGHT="140"/>
               </TextLine>
               <TextLine ID="eSc_line_ebe344a6"
                         BASELINE="680 2885 1095 2882 1523 2916 2323 2932"
                         HPOS="677"
                         VPOS="2807"
                         WIDTH="1646"
                         HEIGHT="156"
                         TAGREFS="LT118">
                  <Shape>
                     <Polygon POINTS="680 2885 677 2807 1002 2807 1005 2807 1027 2816 1061 2832 1083 2816 1092 2810 1095 2810 1099 2810 1102 2810 1186 2813 1189 2813 1192 2813 1192 2816 1195 2816 1199 2822 1211 2835 1264 2822 1305 2816 1308 2816 1311 2816 1314 2816 1323 2825 1367 2854 1464 2841 1467 2841 1470 2841 1473 2841 1492 2860 1664 2860 1692 2835 1704 2825 1707 2825 1711 2825 1714 2825 1717 2825 1720 2825 1732 2838 1757 2860 1795 2838 1804 2835 1807 2835 1811 2835 1814 2835 1836 2841 1901 2860 1939 2844 1951 2838 1954 2838 1957 2838 1960 2838 1964 2838 1964 2841 1970 2844 1989 2866 2085 2872 2316 2857 2323 2932 2319 2941 2085 2963 2082 2963 1892 2935 1829 2928 1767 2935 1611 2950 1608 2950 1604 2950 1567 2932 1561 2928 1530 2932 1389 2944 1386 2944 1383 2944 1380 2944 1380 2941 1367 2928 1352 2913 1255 2925 1167 2938 1164 2938 1095 2925 999 2903 677 2916"/>
                  </Shape>
                  <String CONTENT="Dit que Jehan du prai oncle de ladite Agatte"
                          HPOS="677"
                          VPOS="2807"
                          WIDTH="1646"
                          HEIGHT="156"/>
               </TextLine>
               <TextLine ID="eSc_line_c1334ed9"
                         BASELINE="761 2969 1186 2975 1907 3016 2373 3019"
                         HPOS="755"
                         VPOS="2891"
                         WIDTH="1618"
                         HEIGHT="162"
                         TAGREFS="LT118">
                  <Shape>
                     <Polygon POINTS="761 2969 761 2891 902 2894 905 2894 908 2894 908 2897 930 2919 989 2897 996 2897 999 2897 1002 2897 1005 2897 1008 2897 1011 2900 1049 2928 1214 2928 1255 2910 1258 2910 1261 2910 1264 2910 1267 2910 1305 2932 1395 2916 1414 2913 1417 2913 1448 2916 1608 2950 2373 2956 2373 3019 2369 3031 2229 3053 2226 3053 2223 3053 2220 3053 2195 3031 2104 3028 2063 3028 2048 3041 2048 3044 2045 3044 2042 3044 2038 3044 2035 3044 2032 3044 2032 3041 2029 3041 2020 3028 2017 3025 2017 3028 1989 3041 1985 3041 1982 3041 1889 3028 1873 3041 1873 3044 1870 3044 1867 3044 1864 3044 1860 3044 1857 3044 1832 3025 1776 3044 1773 3044 1770 3044 1608 3022 1498 3006 1308 3016 1295 3016 1292 3016 1289 3016 1227 2994 1189 3016 1180 3022 1177 3022 1174 3022 1170 3022 1167 3022 1164 3022 1152 3013 1111 2988 908 2981 874 3009 871 3009 868 3009 864 3009 755 3006"/>
                  </Shape>
                  <String CONTENT="sestoit nagueres declaire que les sorcieres"
                          HPOS="755"
                          VPOS="2891"
                          WIDTH="1618"
                          HEIGHT="162"/>
               </TextLine>
               <TextLine ID="eSc_line_65bf2d64"
                         BASELINE="799 3063 1717 3100 2441 3091"
                         HPOS="793"
                         VPOS="3003"
                         WIDTH="1648"
                         HEIGHT="153"
                         TAGREFS="LT118">
                  <Shape>
                     <Polygon POINTS="799 3063 796 3019 1027 3003 1030 3003 1033 3003 1036 3003 1064 3022 1067 3022 1080 3022 1192 3006 1195 3006 1445 3025 1530 3034 1910 3038 1935 3031 1979 3022 1982 3022 1985 3022 1989 3022 1992 3022 2007 3034 2020 3041 2432 3041 2441 3091 2438 3131 2348 3131 2291 3156 2288 3156 2285 3156 2185 3153 2182 3153 2179 3153 2142 3128 2126 3119 1889 3119 1870 3128 1845 3147 1842 3147 1839 3147 1836 3147 1754 3128 1748 3128 1742 3128 1692 3137 1689 3137 1686 3137 1683 3137 1673 3128 1651 3112 1448 3128 1389 3131 1386 3131 1383 3131 1370 3128 1302 3106 1258 3128 1255 3128 1252 3128 1248 3128 1233 3128 1064 3103 1030 3128 1027 3128 1024 3128 1021 3128 793 3125"/>
                  </Shape>
                  <String CONTENT="quon avoit Brusle a dele lavoit accuse"
                          HPOS="793"
                          VPOS="3003"
                          WIDTH="1648"
                          HEIGHT="153"/>
               </TextLine>
               <TextLine ID="eSc_line_6461d637"
                         BASELINE="771 3156 1458 3175"
                         HPOS="765"
                         VPOS="3100"
                         WIDTH="693"
                         HEIGHT="134"
                         TAGREFS="LT118">
                  <Shape>
                     <Polygon POINTS="771 3156 768 3112 1108 3100 1111 3100 1114 3100 1117 3100 1139 3119 1161 3103 1164 3103 1167 3103 1170 3103 1174 3103 1177 3103 1205 3122 1336 3106 1339 3106 1455 3131 1458 3175 1455 3209 1367 3209 1364 3209 1339 3228 1336 3228 1333 3228 1330 3228 1248 3212 1192 3203 1145 3215 1086 3234 1083 3234 1080 3234 992 3222 927 3209 908 3222 899 3231 896 3231 893 3231 889 3231 765 3225"/>
                  </Shape>
                  <String CONTENT="pour estre telle"
                          HPOS="765"
                          VPOS="3100"
                          WIDTH="693"
                          HEIGHT="134"/>
               </TextLine>
            </TextBlock>
            <TextBlock HPOS="2357"
                       VPOS="3566"
                       WIDTH="99"
                       HEIGHT="94"
                       ID="eSc_textblock_22ee26d7"
                       TAGREFS="BT371">
               <Shape>
                  <Polygon POINTS="2450 3566 2456 3649 2363 3660 2357 3566"/>
               </Shape>
               <TextLine ID="eSc_line_9cc04728"
                         BASELINE="2385 3625 2434 3629"
                         HPOS="2376"
                         VPOS="3555"
                         WIDTH="56"
                         HEIGHT="159"
                         TAGREFS="LT118">
                  <Shape>
                     <Polygon POINTS="2382 3624 2385 3555 2432 3558 2432 3627 2426 3711 2376 3714"/>
                  </Shape>
                  <String CONTENT="4" HPOS="2376" VPOS="3555" WIDTH="56" HEIGHT="159"/>
               </TextLine>
            </TextBlock>
         </PrintSpace>
      </Page>
   </Layout>
</alto>
