<alto xmlns:xsi="http://www.w3.org/2001/XMLSchema-instance"
      xmlns="http://www.loc.gov/standards/alto/ns-v4#"
      xsi:schemaLocation="http://www.loc.gov/standards/alto/ns-v4# http://www.loc.gov/standards/alto/v4/alto-4-2.xsd">
   <Description>
      <MeasurementUnit>pixel</MeasurementUnit>
      <sourceImageInformation>
         <fileName>B_168_15-9-2_0008.jpg</fileName>
      </sourceImageInformation>
   </Description>
   <Tags>
      <OtherTag ID="BT365"
                LABEL="MainZone:column"
                DESCRIPTION="block type MainZone:column"/>
      <OtherTag ID="BT367" LABEL="MainZone" DESCRIPTION="block type MainZone"/>
      <OtherTag ID="BT368"
                LABEL="MarginTextZone"
                DESCRIPTION="block type MarginTextZone"/>
      <OtherTag ID="BT369"
                LABEL="MarginTextZone:note"
                DESCRIPTION="block type MarginTextZone:note"/>
      <OtherTag ID="BT370"
                LABEL="NumberingZone:other"
                DESCRIPTION="block type NumberingZone:other"/>
      <OtherTag ID="BT371"
                LABEL="NumberingZone:page"
                DESCRIPTION="block type NumberingZone:page"/>
      <OtherTag ID="BT379"
                LABEL="DecorationZone"
                DESCRIPTION="block type DecorationZone"/>
      <OtherTag ID="BT380"
                LABEL="CustomZone:signature"
                DESCRIPTION="block type CustomZone:signature"/>
      <OtherTag ID="LT118" LABEL="DefaultLine" DESCRIPTION="line type DefaultLine"/>
      <OtherTag ID="LT119" LABEL="HeadingLine" DESCRIPTION="line type HeadingLine"/>
      <OtherTag ID="LT120"
                LABEL="InterlinearLine"
                DESCRIPTION="line type InterlinearLine"/>
   </Tags>
   <Layout>
      <Page WIDTH="2754"
            HEIGHT="3743"
            PHYSICAL_IMG_NR="29"
            ID="eSc_dummypage_">
         <PrintSpace HPOS="0" VPOS="0" WIDTH="2754" HEIGHT="3743">
            <TextBlock HPOS="699"
                       VPOS="149"
                       WIDTH="1830"
                       HEIGHT="783"
                       ID="eSc_textblock_78f62f00"
                       TAGREFS="BT367">
               <Shape>
                  <Polygon POINTS="2504 810 2516 932 699 932 724 212 1480 199 1670 149 2441 174 2516 299 2529 570 2441 761"/>
               </Shape>
               <TextLine ID="eSc_line_136ff6f2"
                         BASELINE="727 308 1782 243 2413 252"
                         HPOS="718"
                         VPOS="146"
                         WIDTH="1695"
                         HEIGHT="190"
                         TAGREFS="LT118">
                  <Shape>
                     <Polygon POINTS="727 308 718 218 846 199 849 199 852 199 874 212 911 230 961 230 996 205 1021 190 1024 190 1027 190 1030 190 1033 190 1077 205 1130 221 1458 212 1505 190 1533 177 1536 177 1539 177 1542 177 1570 187 1595 196 1623 184 1676 162 1679 162 1683 162 1686 162 1723 180 1751 196 1786 180 1836 155 1839 155 1842 155 1989 165 2051 146 2054 146 2057 146 2151 165 2191 174 2213 165 2241 149 2245 149 2248 149 2251 149 2279 162 2304 171 2404 159 2413 252 2413 268 2135 277 2132 277 2129 277 2082 255 2035 280 2032 280 2029 280 2026 280 2023 280 1989 258 1870 262 1820 293 1817 293 1814 293 1811 293 1807 293 1764 280 1679 299 1673 299 1670 299 1667 299 1664 299 1664 296 1645 280 1614 302 1611 302 1608 302 1604 302 1601 302 1548 277 1514 299 1511 299 1508 299 1505 299 1501 299 1498 299 1470 280 1033 321 1030 321 1027 321 1024 321 996 302 727 336"/>
                  </Shape>
                  <String CONTENT="Estienne sen alla a galfinguen vers une femme"
                          HPOS="718"
                          VPOS="146"
                          WIDTH="1695"
                          HEIGHT="190"/>
               </TextLine>
               <TextLine ID="eSc_line_a215ac3f"
                         BASELINE="749 380 1564 371 2126 339 2494 339"
                         HPOS="746"
                         VPOS="255"
                         WIDTH="1748"
                         HEIGHT="175"
                         TAGREFS="LT118">
                  <Shape>
                     <Polygon POINTS="749 380 746 318 949 318 983 308 1030 296 1033 296 1036 296 1039 296 1077 305 1105 315 1117 305 1155 277 1158 277 1161 277 1164 277 1167 277 1170 277 1202 302 1214 311 1298 311 1380 311 1401 296 1442 271 1445 271 1448 271 1629 268 1633 268 1636 268 1639 268 1639 271 1661 290 1676 305 1711 305 1779 283 1832 271 1836 271 1839 271 1914 280 2001 293 2020 277 2038 262 2038 258 2042 258 2045 258 2048 258 2241 271 2260 271 2263 271 2285 255 2288 255 2291 255 2295 255 2298 255 2329 268 2373 286 2488 265 2494 339 2494 352 2341 364 2316 389 2316 393 2313 393 2310 393 2307 393 2304 393 2301 393 2254 364 2245 361 2132 361 2110 371 2048 399 2045 399 2042 399 2038 399 2035 399 2004 374 1989 364 1876 380 1832 386 1829 386 1795 386 1726 380 1717 389 1701 405 1701 408 1698 408 1695 408 1692 408 1604 393 1579 389 1570 396 1551 408 1548 408 1545 408 1414 414 1411 414 1352 405 1314 399 1305 408 1298 411 1295 411 1292 411 1289 411 1286 411 1277 408 1220 383 1186 405 1183 405 1180 405 1177 405 1174 405 1114 389 1046 408 1042 408 1039 408 939 389 846 427 843 427 749 430"/>
                  </Shape>
                  <String CONTENT="pour treuver garison. Laquelle feist responce"
                          HPOS="746"
                          VPOS="255"
                          WIDTH="1748"
                          HEIGHT="175"/>
               </TextLine>
               <TextLine ID="eSc_line_5af2d0aa"
                         BASELINE="783 483 1782 467 2401 417"
                         HPOS="774"
                         VPOS="349"
                         WIDTH="1627"
                         HEIGHT="178"
                         TAGREFS="LT118">
                  <Shape>
                     <Polygon POINTS="783 483 774 424 871 399 1055 393 1058 393 1061 393 1064 393 1086 408 1095 414 1120 405 1177 389 1180 389 1183 389 1186 389 1211 402 1214 405 1217 402 1233 386 1236 386 1239 386 1242 386 1245 386 1292 399 1348 414 1408 396 1411 396 1414 396 1417 396 1448 411 1692 408 1717 383 1717 380 1720 380 1723 380 1726 380 1729 380 1801 399 1957 399 1995 368 1998 361 2001 361 2004 361 2007 361 2010 361 2020 364 2067 393 2107 361 2110 361 2113 361 2117 361 2120 361 2160 377 2204 355 2207 355 2210 355 2213 355 2216 355 2220 355 2288 383 2388 349 2401 417 2398 446 2201 452 2201 455 2170 492 2166 492 2166 495 2163 495 2160 495 2160 499 2054 499 2051 495 2048 495 2045 495 2010 470 1979 499 1979 502 1976 502 1973 502 1895 505 1892 505 1751 486 1707 505 1704 505 1701 505 1698 505 1695 505 1695 502 1670 480 1614 480 1526 517 1523 517 1520 517 1398 492 1345 524 1342 524 1339 524 1336 524 1333 524 1258 499 1155 499 1108 524 1105 524 1102 524 1099 524 1095 524 1095 520 1083 508 1071 524 1067 524 1067 527 1064 527 1061 527 1058 527 1055 527 1052 527 1008 502 783 502"/>
                  </Shape>
                  <String CONTENT="a icellui que deposant estoit greve par une femme"
                          HPOS="774"
                          VPOS="349"
                          WIDTH="1627"
                          HEIGHT="178"/>
               </TextLine>
               <TextLine ID="eSc_line_58d43eae"
                         BASELINE="752 564 1264 573 2251 558 2504 570"
                         HPOS="743"
                         VPOS="486"
                         WIDTH="1761"
                         HEIGHT="128"
                         TAGREFS="LT118">
                  <Shape>
                     <Polygon POINTS="752 564 743 514 793 489 796 489 799 489 802 489 858 508 1024 489 1027 489 1030 489 1033 489 1064 511 1074 517 1095 511 1124 502 1127 502 1130 502 1211 508 1289 517 1311 508 1361 486 1364 486 1367 486 1495 486 1498 486 1501 486 1501 489 1523 508 1530 514 1551 505 1604 486 1608 486 1611 486 1695 486 1698 486 1701 486 1723 505 1739 514 1823 505 1895 495 1898 495 1901 495 1929 502 1967 511 2004 502 2054 489 2057 489 2060 489 2063 489 2104 502 2145 511 2497 499 2504 570 2501 601 2391 580 2273 601 2235 608 2232 608 2229 608 2226 608 2226 605 2220 601 2191 577 1751 577 1707 601 1683 611 1679 611 1676 611 1673 611 1648 598 1626 589 1595 598 1561 611 1558 611 1558 614 1398 614 1395 611 1392 611 1367 598 1336 583 1270 598 1205 614 1202 614 1108 598 1024 583 980 598 930 614 927 614 924 614 921 614 880 598 846 583 752 595"/>
                  </Shape>
                  <String CONTENT="dudit Beurnevesain quelle ne nomma point"
                          HPOS="743"
                          VPOS="486"
                          WIDTH="1761"
                          HEIGHT="128"/>
               </TextLine>
               <TextLine ID="eSc_line_6d185324"
                         BASELINE="789 670 2423 686"
                         HPOS="780"
                         VPOS="589"
                         WIDTH="1643"
                         HEIGHT="140"
                         TAGREFS="LT118">
                  <Shape>
                     <Polygon POINTS="789 670 780 611 805 589 808 589 811 589 814 589 930 614 936 614 949 614 1177 592 1180 592 1183 592 1236 617 1239 617 1286 592 1289 592 1292 592 1295 592 1342 608 1389 592 1392 592 1395 592 1398 592 1401 592 1401 595 1426 617 1486 620 1530 620 1533 620 1567 595 1570 595 1573 595 1576 595 1645 595 1648 595 1714 620 1820 605 1823 605 1826 605 1870 623 1873 626 2017 626 2017 623 2088 598 2092 598 2095 598 2098 598 2191 626 2198 630 2419 630 2423 686 2416 723 2335 708 2316 723 2313 726 2310 726 2307 726 2307 729 2173 729 2170 726 2166 726 2163 726 2157 723 2120 701 2104 714 2104 717 2101 717 2098 717 2023 720 1932 723 1929 723 1926 723 1923 723 1920 720 1879 692 1789 720 1773 723 1770 723 1767 723 1764 723 1751 720 1686 692 1579 689 1548 704 1545 704 1542 704 1539 704 1501 689 1458 704 1455 704 1451 704 1448 704 1377 686 1308 686 1236 714 1230 717 1227 717 1224 717 1220 717 1211 714 1111 683 868 683 789 711"/>
                  </Shape>
                  <String CONTENT="Et na deposant aultre opinion sinon que"
                          HPOS="780"
                          VPOS="589"
                          WIDTH="1643"
                          HEIGHT="140"/>
               </TextLine>
               <TextLine ID="eSc_line_f17e6478"
                         BASELINE="761 776 2366 795"
                         HPOS="755"
                         VPOS="695"
                         WIDTH="1611"
                         HEIGHT="131"
                         TAGREFS="LT118">
                  <Shape>
                     <Polygon POINTS="761 776 761 695 833 698 836 698 839 698 839 701 858 717 886 698 889 698 893 698 896 698 974 698 977 698 980 698 1030 723 1127 704 1130 704 1133 704 1136 704 1211 723 1267 708 1289 701 1292 701 1295 701 1298 701 1317 708 1358 729 1501 729 1533 714 1558 704 1561 704 1564 704 1567 704 1570 704 1583 717 1604 729 1704 720 1826 708 1829 708 1832 708 1898 723 1932 733 1967 726 2038 714 2042 714 2129 729 2157 736 2170 733 2220 714 2223 714 2226 714 2229 714 2232 714 2260 736 2263 739 2366 739 2366 795 2363 810 2291 826 2288 826 2285 826 2282 826 2260 810 2248 804 2120 804 2107 807 2085 823 2082 823 2079 823 2076 823 2073 823 2032 807 2013 801 1954 807 1889 814 1885 814 1801 804 1698 795 1648 804 1579 817 1576 817 1480 801 1448 798 1420 801 1298 817 1295 817 1292 817 1233 798 1199 789 1136 798 1049 810 1046 810 1042 810 1011 795 996 789 983 795 961 810 958 810 955 810 952 810 755 792"/>
                  </Shape>
                  <String CONTENT="ladite Agatte lui a donne le mal par la"
                          HPOS="755"
                          VPOS="695"
                          WIDTH="1611"
                          HEIGHT="131"/>
               </TextLine>
               <TextLine ID="eSc_line_c9f5f491"
                         BASELINE="715 876 2213 873 2494 885"
                         HPOS="708"
                         VPOS="786"
                         WIDTH="1786"
                         HEIGHT="162"
                         TAGREFS="LT118">
                  <Shape>
                     <Polygon POINTS="715 876 708 810 839 786 843 786 846 786 893 807 902 814 911 807 958 786 961 786 964 786 1108 786 1111 786 1114 786 1114 789 1136 807 1142 817 1536 817 1548 807 1573 789 1576 789 1579 789 1583 789 1586 789 1645 807 1664 814 1670 807 1698 786 1701 786 1704 786 1707 786 1711 786 1751 807 1757 810 1773 807 1857 786 1860 786 1864 786 1867 786 1901 801 2129 786 2132 786 2135 786 2138 786 2138 789 2160 807 2163 807 2220 786 2223 786 2226 786 2229 786 2276 807 2295 814 2323 807 2394 786 2398 786 2401 786 2404 786 2407 786 2429 807 2441 814 2488 807 2494 885 2491 926 2354 945 2351 945 2266 929 2223 923 2207 932 2179 945 2176 945 2173 945 2170 945 2166 945 2166 941 2154 932 2117 901 1932 901 1860 935 1839 945 1836 945 1836 948 1676 948 1673 945 1670 945 1667 945 1667 941 1661 938 1633 907 1554 901 1480 929 1476 929 1473 929 1470 929 1408 907 1264 938 1261 938 1258 938 1155 901 1008 901 868 945 864 945 715 948"/>
                  </Shape>
                  <String CONTENT="vertuz de la deposition de ladite femme de galfinguen"
                          HPOS="708"
                          VPOS="786"
                          WIDTH="1786"
                          HEIGHT="162"/>
               </TextLine>
            </TextBlock>
            <TextBlock HPOS="711"
                       VPOS="1147"
                       WIDTH="1793"
                       HEIGHT="2268"
                       ID="eSc_textblock_f9fcdd12"
                       TAGREFS="BT367">
               <Shape>
                  <Polygon POINTS="2504 1369 2429 1397 2491 1880 2429 1933 2429 2354 2391 2395 2504 2632 2454 3078 2316 3169 2279 3303 2154 3403 2107 3415 2095 3331 2029 3303 761 3253 761 2507 711 2167 711 1272 749 1147 924 1185 2254 1172 2416 1197 2504 1285"/>
               </Shape>
               <TextLine ID="eSc_line_177cbaad"
                         BASELINE="733 1266 2413 1250"
                         HPOS="727"
                         VPOS="1160"
                         WIDTH="1686"
                         HEIGHT="146"
                         TAGREFS="LT118">
                  <Shape>
                     <Polygon POINTS="733 1266 727 1169 843 1169 846 1169 849 1169 896 1203 1095 1197 1136 1172 1139 1172 1142 1172 1145 1172 1167 1172 1336 1191 1367 1175 1392 1163 1395 1163 1398 1163 1401 1163 1405 1163 1420 1175 1448 1200 1492 1200 1526 1179 1545 1166 1548 1166 1551 1166 1554 1166 1558 1166 1561 1166 1561 1169 1573 1179 1586 1188 1598 1179 1604 1172 1608 1172 1611 1172 1614 1172 1658 1179 1714 1191 1726 1182 1742 1169 1745 1169 1748 1169 1751 1169 1754 1169 1779 1182 1801 1194 1820 1182 1842 1166 1845 1166 1848 1166 1851 1166 1945 1185 1967 1188 1973 1185 2001 1160 2004 1160 2007 1160 2010 1160 2013 1160 2092 1185 2110 1194 2295 1194 2301 1188 2323 1172 2326 1172 2329 1172 2332 1172 2407 1191 2413 1250 2410 1272 2285 1285 2282 1285 2241 1278 2198 1269 2182 1278 2173 1285 2170 1285 2166 1285 2163 1285 2160 1285 2135 1278 2098 1269 2082 1281 2073 1288 2073 1291 2070 1291 2067 1291 1935 1294 1932 1294 1851 1285 1742 1272 1664 1288 1623 1297 1620 1297 1579 1291 1467 1269 1373 1288 1370 1288 1074 1272 971 1272 930 1303 927 1303 924 1303 733 1306"/>
                  </Shape>
                  <String CONTENT="henri guenat de Beurnevesain depose que le"
                          HPOS="727"
                          VPOS="1160"
                          WIDTH="1686"
                          HEIGHT="146"/>
               </TextLine>
               <TextLine ID="eSc_line_b10b117e"
                         BASELINE="715 1341 2497 1341"
                         HPOS="715"
                         VPOS="1269"
                         WIDTH="1786"
                         HEIGHT="115"
                         TAGREFS="LT118">
                  <Shape>
                     <Polygon POINTS="715 1341 715 1288 977 1291 983 1288 1002 1272 1005 1272 1008 1272 1011 1272 1080 1288 1092 1291 1095 1288 1114 1272 1114 1269 1117 1269 1120 1269 1124 1269 1224 1269 1227 1269 1267 1288 1270 1291 1273 1288 1292 1272 1292 1269 1295 1269 1298 1269 1302 1269 1383 1269 1476 1288 1489 1291 1495 1288 1533 1269 1536 1269 1539 1269 1645 1291 1661 1291 1673 1291 1798 1269 1801 1269 1804 1269 1879 1291 1882 1291 1885 1291 1929 1269 1932 1269 1935 1269 1939 1269 2007 1291 2029 1272 2029 1269 2032 1269 2035 1269 2038 1269 2254 1269 2257 1269 2260 1269 2260 1272 2276 1285 2323 1272 2326 1272 2329 1272 2497 1294 2497 1341 2501 1356 2429 1378 2426 1378 2423 1378 2419 1378 2360 1363 2341 1378 2341 1381 2338 1381 2335 1381 2335 1384 2207 1384 2204 1381 2201 1381 2198 1381 2173 1363 2166 1359 1776 1359 1754 1369 1729 1378 1726 1378 1723 1378 1673 1369 1617 1359 1442 1372 1317 1381 1314 1381 1311 1381 1289 1375 1242 1359 1189 1375 1174 1381 1170 1381 1167 1381 1164 1381 1161 1381 1158 1375 1139 1359 989 1359 715 1381"/>
                  </Shape>
                  <String CONTENT="serviteur de lui deposant et le fils de ladite Agatte"
                          HPOS="715"
                          VPOS="1269"
                          WIDTH="1786"
                          HEIGHT="115"/>
               </TextLine>
               <TextLine ID="eSc_line_87b8522f"
                         BASELINE="768 1431 2360 1419"
                         HPOS="758"
                         VPOS="1347"
                         WIDTH="1602"
                         HEIGHT="128"
                         TAGREFS="LT118">
                  <Shape>
                     <Polygon POINTS="768 1431 758 1381 808 1356 811 1356 814 1356 1002 1375 1017 1363 1017 1359 1021 1359 1024 1359 1027 1359 1180 1372 1239 1353 1242 1353 1245 1353 1358 1372 1398 1356 1401 1356 1405 1356 1408 1356 1461 1372 1854 1350 1857 1350 1860 1350 1864 1350 1885 1372 1951 1372 2173 1347 2176 1347 2179 1347 2182 1347 2182 1350 2201 1369 2354 1369 2360 1419 2357 1437 2307 1437 2304 1437 2273 1462 2270 1462 2266 1462 2263 1462 2163 1441 2157 1441 2154 1441 2110 1459 2107 1459 2104 1459 2101 1459 2098 1459 2073 1444 2067 1437 2057 1444 2029 1462 2026 1462 2023 1462 2020 1462 1948 1447 1920 1441 1895 1447 1839 1466 1836 1466 1832 1466 1754 1450 1714 1444 1698 1453 1673 1466 1670 1466 1561 1469 1558 1469 1554 1469 1508 1456 1451 1444 1377 1459 1336 1469 1333 1469 1239 1466 958 1447 921 1472 918 1472 914 1472 911 1472 908 1472 864 1450 771 1475"/>
                  </Shape>
                  <String CONTENT="estoient es champs lesquelx trouvarent ung"
                          HPOS="758"
                          VPOS="1347"
                          WIDTH="1602"
                          HEIGHT="128"/>
               </TextLine>
               <TextLine ID="eSc_line_fdc7d433"
                         BASELINE="743 1528 2394 1503"
                         HPOS="733"
                         VPOS="1437"
                         WIDTH="1665"
                         HEIGHT="128"
                         TAGREFS="LT118">
                  <Shape>
                     <Polygon POINTS="743 1528 736 1462 1092 1450 1095 1450 1099 1450 1102 1450 1102 1453 1111 1459 1127 1472 1308 1472 1320 1456 1330 1450 1330 1447 1333 1447 1336 1447 1398 1444 1401 1444 1486 1456 1558 1466 1576 1453 1598 1441 1601 1441 1604 1441 1608 1441 1676 1453 1695 1456 1717 1453 1811 1437 1814 1437 1817 1437 1860 1453 1864 1453 1867 1453 1898 1437 1901 1437 1904 1437 1985 1450 2020 1456 2385 1450 2394 1503 2398 1515 2329 1540 2326 1540 2323 1540 2232 1525 2170 1543 2166 1543 2163 1543 2076 1528 1857 1547 1854 1547 1851 1547 1811 1528 1795 1522 1776 1528 1717 1550 1714 1550 1711 1550 1473 1534 1364 1528 1208 1540 1067 1550 1064 1550 1014 1543 949 1534 924 1543 883 1562 880 1562 877 1562 874 1562 814 1547 789 1540 780 1547 765 1562 761 1562 758 1562 758 1565 755 1562 752 1562 749 1562 733 1550"/>
                  </Shape>
                  <String CONTENT="meschant manteau lequel Il pourta le"
                          HPOS="733"
                          VPOS="1437"
                          WIDTH="1665"
                          HEIGHT="128"/>
               </TextLine>
               <TextLine ID="eSc_line_46ae4fbe"
                         BASELINE="761 1618 1339 1597 2419 1606"
                         HPOS="755"
                         VPOS="1531"
                         WIDTH="1664"
                         HEIGHT="109"
                         TAGREFS="LT118">
                  <Shape>
                     <Polygon POINTS="761 1618 755 1556 986 1553 1005 1534 1005 1531 1008 1531 1011 1531 1014 1531 1120 1547 1164 1531 1167 1531 1170 1531 1339 1547 1470 1531 1473 1531 1476 1531 1539 1553 1695 1553 1736 1531 1739 1531 1742 1531 1745 1531 1786 1550 1929 1531 1932 1531 2148 1550 2179 1531 2182 1531 2185 1531 2188 1531 2298 1531 2416 1553 2419 1606 2410 1634 2363 1615 2220 1612 2166 1634 2163 1634 2160 1634 2157 1634 2154 1634 2132 1612 1982 1612 1935 1637 1932 1637 1929 1637 1929 1640 1851 1640 1848 1637 1845 1637 1842 1637 1811 1612 1736 1637 1732 1637 1729 1637 1726 1637 1617 1612 1526 1637 1523 1637 1520 1637 1517 1637 1514 1637 1480 1612 1420 1612 1161 1637 1158 1637 1155 1637 1102 1612 1064 1637 1061 1637 1058 1637 1055 1637 964 1618 761 1640"/>
                  </Shape>
                  <String CONTENT="filz de ladite Agatte pourta en sa mais leur"
                          HPOS="755"
                          VPOS="1531"
                          WIDTH="1664"
                          HEIGHT="109"/>
               </TextLine>
               <TextLine ID="eSc_line_d3572875"
                         BASELINE="749 1693 2354 1665"
                         HPOS="746"
                         VPOS="1593"
                         WIDTH="1608"
                         HEIGHT="141"
                         TAGREFS="LT118">
                  <Shape>
                     <Polygon POINTS="749 1693 746 1631 918 1640 942 1628 964 1615 967 1615 1152 1612 1155 1612 1158 1612 1202 1625 1242 1634 1330 1621 1455 1606 1458 1606 1461 1606 1464 1606 1486 1621 1492 1625 1514 1621 1583 1606 1586 1606 1589 1606 1592 1606 1592 1609 1604 1618 1617 1628 1667 1618 1723 1609 1726 1609 1729 1609 1732 1609 1745 1618 1757 1625 1964 1625 1973 1615 1992 1600 1995 1600 1998 1600 2001 1600 2004 1600 2060 1615 2076 1618 2082 1615 2098 1600 2098 1597 2101 1597 2104 1597 2107 1597 2185 1612 2198 1615 2201 1612 2220 1597 2220 1593 2223 1593 2226 1593 2229 1593 2348 1612 2354 1665 2351 1684 2310 1684 2285 1706 2285 1709 2282 1709 2279 1709 2107 1712 2104 1712 2101 1712 2017 1690 2001 1687 1992 1690 1945 1715 1942 1715 1939 1715 1798 1696 1767 1693 1761 1696 1729 1718 1726 1718 1723 1718 1720 1718 1717 1718 1714 1718 1714 1715 1695 1699 1689 1693 1642 1693 1583 1703 1439 1724 1436 1724 1342 1721 1339 1721 1336 1721 1336 1718 1323 1709 1311 1699 1152 1712 1074 1718 1071 1718 1067 1718 1064 1718 1061 1715 1049 1706 1033 1715 1014 1731 1011 1731 1008 1731 1005 1731 1002 1731 952 1718 942 1715 939 1718 924 1731 924 1734 921 1734 918 1734 914 1734 746 1721"/>
                  </Shape>
                  <String CONTENT="maison dont deposant en nom de son fils"
                          HPOS="746"
                          VPOS="1593"
                          WIDTH="1608"
                          HEIGHT="141"/>
               </TextLine>
               <TextLine ID="eSc_line_774e910b"
                         BASELINE="758 1774 2438 1749"
                         HPOS="752"
                         VPOS="1687"
                         WIDTH="1686"
                         HEIGHT="122"
                         TAGREFS="LT118">
                  <Shape>
                     <Polygon POINTS="758 1774 752 1721 1036 1699 1039 1699 1133 1712 1170 1718 1192 1712 1239 1696 1242 1696 1245 1696 1339 1709 1380 1715 1398 1709 1436 1693 1439 1693 1629 1690 1633 1690 1636 1690 1673 1706 1689 1709 1739 1703 1867 1687 1870 1687 2432 1693 2438 1749 2435 1768 2226 1796 2223 1796 1932 1774 1904 1774 1895 1774 1807 1802 1804 1802 1801 1802 1798 1802 1736 1787 1626 1802 1623 1802 1620 1802 1617 1802 1617 1799 1595 1781 1567 1796 1564 1796 1561 1796 1411 1781 1395 1781 1383 1781 1295 1796 1292 1796 1205 1784 1180 1781 1161 1784 1083 1802 1080 1802 1077 1802 1014 1787 1005 1784 1005 1787 977 1809 974 1809 971 1809 967 1809 964 1809 961 1809 930 1790 758 1790"/>
                  </Shape>
                  <String CONTENT="en repeta la moitie pour sondit fils : Ce que"
                          HPOS="752"
                          VPOS="1687"
                          WIDTH="1686"
                          HEIGHT="122"/>
               </TextLine>
               <TextLine ID="eSc_line_eac2fd2c"
                         BASELINE="730 1865 2482 1865"
                         HPOS="727"
                         VPOS="1777"
                         WIDTH="1755"
                         HEIGHT="128"
                         TAGREFS="LT118">
                  <Shape>
                     <Polygon POINTS="730 1865 727 1805 836 1777 839 1777 843 1777 846 1777 874 1802 877 1802 883 1802 1042 1777 1046 1777 1336 1777 1339 1777 1342 1777 1342 1781 1358 1796 1367 1802 1395 1796 1439 1784 1442 1784 1445 1784 1448 1784 1473 1793 1489 1799 1498 1793 1523 1777 1526 1777 1530 1777 1533 1777 1611 1777 1614 1777 1639 1790 1654 1799 1683 1790 1726 1777 1729 1777 1732 1777 1736 1777 1739 1777 1751 1790 1770 1802 1848 1787 1864 1787 1867 1787 1870 1787 1873 1787 1910 1805 2138 1805 2157 1784 2163 1781 2163 1777 2166 1777 2170 1777 2173 1777 2176 1777 2191 1784 2238 1805 2357 1805 2394 1781 2398 1777 2401 1777 2404 1777 2407 1777 2482 1781 2482 1865 2479 1893 2307 1880 2226 1896 2185 1902 2182 1902 2179 1902 2176 1902 2170 1896 2145 1880 2076 1880 1957 1896 1914 1902 1910 1902 1907 1902 1892 1896 1839 1880 1654 1880 1614 1899 1604 1902 1601 1902 1598 1902 1595 1902 1586 1899 1558 1887 1548 1899 1545 1899 1545 1902 1542 1902 1539 1902 1539 1905 1305 1905 1302 1902 1298 1902 1295 1902 1295 1899 1273 1880 1071 1880 1052 1899 1049 1899 1046 1899 1042 1899 1039 1899 1036 1899 1014 1880 868 1880 730 1902"/>
                  </Shape>
                  <String CONTENT="Le mari de ladite Agatte avec Rigoreuses parolles"
                          HPOS="727"
                          VPOS="1777"
                          WIDTH="1755"
                          HEIGHT="128"/>
               </TextLine>
               <TextLine ID="eSc_line_18171b64"
                         BASELINE="755 1949 2122 1953"
                         HPOS="749"
                         VPOS="1888"
                         WIDTH="1374"
                         HEIGHT="105"
                         TAGREFS="LT118">
                  <Shape>
                     <Polygon POINTS="752 1946 752 1933 935 1888 1076 1912 1114 1912 1117 1912 1145 1933 1149 1937 1213 1908 1245 1915 1248 1915 1252 1915 1255 1915 1258 1915 1308 1930 1364 1912 1367 1912 1370 1912 1373 1912 1430 1933 1439 1940 1533 1940 1539 1933 1564 1918 1567 1918 1570 1918 1573 1918 1664 1933 1679 1937 1689 1933 1751 1915 1754 1915 1757 1915 2067 1915 2070 1915 2120 1937 2120 1952 2123 1968 2098 1990 2095 1990 2092 1990 2088 1990 1848 1968 1779 1986 1776 1986 1773 1986 1770 1986 1717 1965 1714 1965 1692 1986 1692 1990 1689 1990 1686 1990 1686 1993 1570 1993 1567 1990 1564 1990 1498 1965 1495 1965 1486 1965 1333 1986 1330 1986 1327 1986 1323 1986 1323 1983 1302 1965 1295 1961 1124 1961 1052 1965 1011 1965 992 1983 992 1986 989 1986 986 1986 986 1990 936 1990 933 1986 930 1986 927 1986 927 1983 905 1965 843 1986 839 1986 836 1986 833 1986 830 1986 799 1965 793 1961 749 1961"/>
                  </Shape>
                  <String CONTENT="refusa Et estant estes admonestes +"
                          HPOS="749"
                          VPOS="1888"
                          WIDTH="1374"
                          HEIGHT="105"/>
               </TextLine>
               <TextLine ID="eSc_line_6c3b41b1"
                         BASELINE="2151 1957 2379 1958"
                         HPOS="2145"
                         VPOS="1930"
                         WIDTH="231"
                         HEIGHT="50"
                         TAGREFS="LT118">
                  <Shape>
                     <Polygon POINTS="2148 1955 2145 1933 2373 1930 2376 1955 2376 1974 2148 1980"/>
                  </Shape>
                  <String CONTENT="de lui"
                          HPOS="2145"
                          VPOS="1930"
                          WIDTH="231"
                          HEIGHT="50"/>
               </TextLine>
               <TextLine ID="eSc_line_639577c7"
                         BASELINE="765 2036 1539 2033 2363 2052"
                         HPOS="758"
                         VPOS="1958"
                         WIDTH="1605"
                         HEIGHT="131"
                         TAGREFS="LT118">
                  <Shape>
                     <Polygon POINTS="765 2036 758 1980 836 1965 839 1965 843 1965 846 1965 846 1968 858 1977 861 1983 1005 1983 1011 1977 1033 1958 1036 1958 1039 1958 1042 1958 1145 1977 1183 1983 1227 1977 1327 1961 1330 1961 1414 1977 1470 1986 1483 1977 1492 1968 1492 1965 1495 1965 1498 1965 1501 1965 1639 1965 1642 1965 1645 1965 1645 1968 1654 1974 1670 1986 1754 1974 1770 1974 1773 1974 1782 1974 1848 1990 1864 1974 1870 1971 1870 1968 1873 1968 1876 1968 1879 1968 1998 1968 2001 1968 2017 1974 2054 1993 2082 1974 2085 1974 2088 1974 2092 1974 2095 1974 2098 1974 2123 1996 2210 1996 2235 1974 2235 1971 2238 1971 2241 1971 2245 1971 2360 1974 2363 2052 2351 2089 2310 2058 2226 2055 2182 2086 2182 2089 2179 2089 2176 2089 2173 2089 2170 2089 2157 2086 2045 2055 1982 2080 1979 2080 1976 2080 1973 2080 1970 2080 1945 2061 1907 2086 1904 2086 1901 2086 1901 2089 1757 2089 1754 2086 1751 2086 1742 2083 1698 2068 1614 2083 1601 2083 1598 2083 1595 2083 1592 2083 1554 2052 1517 2080 1517 2083 1514 2083 1511 2083 1511 2086 1445 2086 1442 2083 1439 2083 1436 2083 1433 2080 1380 2046 902 2046 761 2074"/>
                  </Shape>
                  <String CONTENT="payer la moitie icelui en fust comptant"
                          HPOS="758"
                          VPOS="1958"
                          WIDTH="1605"
                          HEIGHT="131"/>
               </TextLine>
               <TextLine ID="eSc_line_42c5db13"
                         BASELINE="761 2130 2388 2139"
                         HPOS="758"
                         VPOS="2055"
                         WIDTH="1630"
                         HEIGHT="115"
                         TAGREFS="LT118">
                  <Shape>
                     <Polygon POINTS="761 2130 761 2077 799 2077 802 2074 821 2058 821 2055 824 2055 827 2055 830 2055 971 2055 974 2055 1014 2074 1024 2077 1064 2074 1236 2055 1239 2055 1242 2055 1283 2074 1302 2080 1317 2071 1345 2058 1348 2058 1352 2058 1355 2058 1398 2071 1426 2080 1586 2071 1748 2061 1751 2061 1804 2071 1889 2083 1923 2068 1942 2061 1945 2061 1948 2061 2038 2061 2042 2061 2045 2061 2054 2068 2079 2083 2101 2068 2110 2061 2113 2061 2117 2061 2120 2061 2182 2068 2298 2080 2382 2068 2388 2139 2385 2145 2298 2167 2298 2170 2070 2170 2067 2167 2063 2167 2001 2149 1992 2149 1982 2149 1907 2167 1904 2167 1901 2167 1854 2152 1836 2145 1764 2152 1658 2161 1654 2161 1601 2152 1561 2145 1551 2152 1539 2164 1536 2164 1533 2164 1530 2164 1423 2155 1298 2142 1164 2142 1149 2155 1145 2161 1142 2161 1139 2161 1136 2161 1099 2158 999 2142 758 2158"/>
                  </Shape>
                  <String CONTENT="porveu que lui gaingneroit jus aestoure"
                          HPOS="758"
                          VPOS="2055"
                          WIDTH="1630"
                          HEIGHT="115"/>
               </TextLine>
               <TextLine ID="eSc_line_09c44640"
                         BASELINE="746 2227 2344 2217"
                         HPOS="743"
                         VPOS="2139"
                         WIDTH="1601"
                         HEIGHT="128"
                         TAGREFS="LT118">
                  <Shape>
                     <Polygon POINTS="746 2227 743 2149 1008 2174 1061 2152 1077 2145 1080 2145 1083 2145 1086 2145 1089 2145 1099 2152 1124 2167 1164 2152 1186 2145 1189 2145 1192 2145 1195 2145 1214 2155 1261 2174 1308 2155 1339 2142 1342 2142 1345 2142 1480 2158 1601 2170 1648 2158 1701 2145 1704 2145 1707 2145 1942 2161 1967 2142 1967 2139 1970 2139 1973 2139 1976 2139 1979 2139 2063 2164 2076 2167 2085 2164 2157 2145 2160 2145 2163 2145 2166 2145 2170 2145 2201 2167 2204 2170 2338 2170 2344 2217 2344 2230 2295 2255 2291 2255 2288 2255 2126 2252 2123 2252 2120 2252 2120 2248 2101 2236 2098 2233 2095 2236 2063 2258 2060 2258 2057 2258 2057 2261 1964 2261 1960 2258 1957 2258 1954 2258 1954 2255 1932 2236 1923 2230 1839 2230 1820 2239 1786 2261 1782 2261 1779 2261 1779 2264 1679 2264 1676 2261 1673 2261 1639 2242 1617 2233 1361 2248 1233 2255 1230 2255 1205 2252 1149 2239 1099 2252 1058 2264 1055 2264 1055 2267 883 2267 880 2264 877 2264 874 2264 868 2258 846 2242 746 2258"/>
                  </Shape>
                  <String CONTENT="Ce questant advenu et estant ledit henri"
                          HPOS="743"
                          VPOS="2139"
                          WIDTH="1601"
                          HEIGHT="128"/>
               </TextLine>
               <TextLine ID="eSc_line_d5fbbf5b"
                         BASELINE="749 2301 1920 2308 2401 2330"
                         HPOS="743"
                         VPOS="2230"
                         WIDTH="1658"
                         HEIGHT="124"
                         TAGREFS="LT118">
                  <Shape>
                     <Polygon POINTS="749 2301 752 2233 808 2248 949 2236 996 2233 999 2233 1002 2233 1017 2236 1067 2252 1142 2239 1208 2230 1211 2230 1214 2230 1248 2242 1283 2255 1489 2248 1770 2236 1773 2236 1776 2236 1779 2236 1801 2255 1807 2258 1826 2255 1907 2239 1910 2239 1914 2239 1973 2258 1992 2261 2013 2258 2117 2239 2120 2239 2123 2239 2170 2261 2173 2261 2176 2261 2248 2242 2251 2242 2254 2242 2401 2267 2401 2330 2394 2342 2241 2336 2229 2342 2210 2351 2207 2351 2204 2351 2201 2351 2198 2351 2198 2348 2188 2342 2176 2330 2135 2342 2129 2342 2126 2342 2123 2342 2098 2342 1964 2326 1932 2339 1898 2354 1895 2354 1892 2354 1889 2354 1829 2339 1776 2323 1757 2339 1739 2351 1736 2351 1732 2351 1732 2354 1683 2354 1679 2351 1676 2351 1633 2336 1595 2323 1583 2336 1567 2348 1567 2351 1564 2351 1561 2351 1558 2351 1554 2351 1501 2336 1498 2336 1495 2336 1398 2348 1395 2348 1392 2348 1389 2348 1389 2345 1373 2333 1358 2320 1258 2333 1155 2345 1155 2348 999 2348 996 2345 992 2345 989 2345 989 2342 974 2330 961 2320 914 2330 849 2342 846 2342 743 2326"/>
                  </Shape>
                  <String CONTENT="vouelin en la maison dudit deposant leur"
                          HPOS="743"
                          VPOS="2230"
                          WIDTH="1658"
                          HEIGHT="124"/>
               </TextLine>
               <TextLine ID="eSc_line_bc16eab7"
                         BASELINE="765 2392 2248 2404"
                         HPOS="755"
                         VPOS="2320"
                         WIDTH="1493"
                         HEIGHT="116"
                         TAGREFS="LT118">
                  <Shape>
                     <Polygon POINTS="765 2392 761 2339 1017 2320 1021 2320 1024 2320 1027 2320 1049 2339 1049 2342 1155 2342 1161 2342 1224 2320 1227 2320 1230 2320 1451 2342 1498 2320 1501 2320 1505 2320 1508 2320 1511 2320 1539 2342 1561 2323 1564 2323 1567 2323 1570 2323 1667 2323 1670 2323 1714 2345 1717 2345 1823 2326 1826 2326 1829 2326 1876 2348 1879 2348 1895 2348 2010 2333 2013 2333 2017 2333 2057 2348 2088 2326 2092 2326 2095 2326 2098 2326 2170 2326 2173 2326 2248 2351 2248 2404 2248 2414 2188 2436 2185 2436 2182 2436 1870 2414 1548 2432 1545 2432 1542 2432 1501 2417 1174 2426 1170 2426 1167 2426 1130 2407 818 2426 814 2426 811 2426 755 2401"/>
                  </Shape>
                  <String CONTENT="enffant devint malade et ne veit"
                          HPOS="755"
                          VPOS="2320"
                          WIDTH="1493"
                          HEIGHT="116"/>
               </TextLine>
               <TextLine ID="eSc_line_250a084f"
                         BASELINE="771 2476 2357 2507"
                         HPOS="761"
                         VPOS="2395"
                         WIDTH="1599"
                         HEIGHT="147"
                         TAGREFS="LT118">
                  <Shape>
                     <Polygon POINTS="771 2476 771 2417 883 2417 908 2398 908 2395 911 2395 914 2395 918 2395 1152 2423 1164 2423 1167 2423 1217 2401 1220 2401 1224 2401 1227 2401 1305 2426 1311 2426 1320 2426 1480 2407 1483 2407 1633 2432 1639 2432 1642 2432 1717 2411 1720 2411 1723 2411 1839 2436 1842 2439 1923 2439 1945 2420 1945 2417 1948 2417 1951 2417 1954 2417 1957 2417 2004 2439 2185 2420 2188 2420 2191 2420 2195 2420 2226 2445 2229 2445 2285 2426 2288 2426 2291 2426 2295 2426 2360 2448 2357 2507 2351 2523 2142 2514 2135 2520 2113 2535 2113 2539 2110 2539 2107 2539 2107 2542 2042 2542 2038 2539 2035 2539 2032 2539 1998 2517 1992 2510 1926 2510 1920 2514 1889 2535 1885 2535 1882 2535 1879 2535 1773 2510 1757 2507 1736 2510 1567 2529 1564 2529 1561 2529 1508 2504 1501 2501 1492 2504 1423 2523 1420 2523 1417 2523 1414 2523 1411 2523 1386 2501 1380 2498 1364 2501 1280 2510 1277 2510 1273 2510 1242 2498 1236 2495 1227 2495 1108 2520 1105 2520 1102 2520 1099 2520 1058 2492 1055 2492 930 2517 927 2517 796 2507 793 2507 789 2507 761 2485"/>
                  </Shape>
                  <String CONTENT="aulcunement de quoi deposant estant"
                          HPOS="761"
                          VPOS="2395"
                          WIDTH="1599"
                          HEIGHT="147"/>
               </TextLine>
               <TextLine ID="eSc_line_6f076746"
                         BASELINE="783 2573 1745 2592 2344 2610 2448 2626"
                         HPOS="777"
                         VPOS="2485"
                         WIDTH="1674"
                         HEIGHT="156"
                         TAGREFS="LT118">
                  <Shape>
                     <Polygon POINTS="783 2573 777 2514 858 2485 861 2485 864 2485 868 2485 927 2514 1124 2495 1127 2495 1130 2495 1202 2520 1270 2495 1273 2495 1277 2495 1280 2495 1283 2495 1327 2523 1401 2498 1405 2498 1408 2498 1598 2507 1601 2507 1604 2507 1604 2510 1608 2510 1620 2529 1664 2507 1667 2507 1670 2507 1673 2507 1676 2507 1711 2529 1714 2532 1726 2529 1801 2517 1804 2517 1807 2517 1811 2517 1811 2520 1826 2532 1829 2535 1851 2532 1926 2523 1929 2523 1995 2535 2013 2539 2017 2535 2032 2523 2035 2523 2038 2523 2042 2523 2045 2523 2092 2539 2104 2542 2113 2539 2145 2523 2148 2523 2151 2523 2154 2523 2157 2523 2157 2526 2173 2539 2173 2542 2313 2545 2329 2542 2394 2523 2398 2523 2401 2523 2404 2523 2451 2545 2448 2626 2441 2641 2166 2620 2142 2635 2126 2641 2123 2641 2120 2641 2117 2641 2092 2632 2051 2616 1967 2629 1954 2629 1951 2629 1926 2629 1779 2610 1720 2623 1664 2632 1661 2632 1658 2632 1611 2616 1573 2607 1545 2616 1523 2623 1520 2623 1517 2623 1514 2623 1511 2623 1501 2613 1489 2604 1461 2613 1420 2626 1417 2626 1414 2626 1411 2626 1408 2626 1408 2623 1395 2610 1392 2610 1389 2610 1348 2623 1345 2623 1342 2623 1261 2607 1208 2598 1099 2604 877 2613 874 2613 777 2592"/>
                  </Shape>
                  <String CONTENT="conseille daller de pourter ledit enfant"
                          HPOS="777"
                          VPOS="2485"
                          WIDTH="1674"
                          HEIGHT="156"/>
               </TextLine>
               <TextLine ID="eSc_line_00a4d4c7"
                         BASELINE="780 2673 1976 2682 2488 2707"
                         HPOS="777"
                         VPOS="2592"
                         WIDTH="1711"
                         HEIGHT="140"
                         TAGREFS="LT118">
                  <Shape>
                     <Polygon POINTS="780 2673 777 2620 955 2616 986 2592 989 2592 992 2592 996 2592 999 2592 1086 2620 1155 2592 1158 2592 1161 2592 1164 2592 1167 2592 1167 2595 1195 2616 1302 2595 1305 2595 1445 2610 1483 2598 1486 2598 1489 2598 1492 2598 1495 2598 1523 2620 1595 2598 1598 2598 1601 2598 1604 2598 1608 2598 1639 2623 1683 2601 1686 2601 1689 2601 1773 2616 1839 2601 1842 2601 1845 2601 2007 2632 2042 2604 2045 2604 2048 2604 2051 2604 2054 2604 2057 2604 2057 2607 2085 2635 2085 2638 2201 2638 2201 2635 2260 2607 2263 2607 2266 2607 2270 2607 2273 2607 2273 2610 2276 2610 2298 2638 2363 2616 2366 2616 2369 2616 2373 2616 2376 2616 2376 2620 2401 2638 2401 2641 2485 2641 2488 2707 2485 2719 2295 2732 2291 2732 2288 2732 2260 2719 2238 2710 2216 2719 2195 2729 2191 2729 2188 2729 2185 2729 2182 2729 2170 2719 2160 2713 2123 2719 2051 2729 2048 2729 2045 2729 2023 2719 1989 2701 1870 2701 1845 2716 1842 2719 1839 2719 1836 2719 1832 2719 1829 2719 1826 2719 1826 2716 1823 2716 1807 2698 1714 2710 1711 2710 1601 2694 1467 2694 1451 2707 1451 2710 1448 2710 1445 2710 1442 2710 1383 2698 1361 2713 1361 2716 1358 2716 1355 2716 1352 2716 1330 2713 1239 2701 1205 2713 1195 2716 1192 2716 1189 2716 1186 2716 1183 2716 1180 2713 1149 2688 1036 2713 1024 2713 1021 2713 1005 2713 849 2685 780 2710"/>
                  </Shape>
                  <String CONTENT="a galfinguen vers une femme pour le"
                          HPOS="777"
                          VPOS="2592"
                          WIDTH="1711"
                          HEIGHT="140"/>
               </TextLine>
               <TextLine ID="eSc_line_253fb93e"
                         BASELINE="774 2782 1408 2776 2463 2797"
                         HPOS="765"
                         VPOS="2698"
                         WIDTH="1701"
                         HEIGHT="124"
                         TAGREFS="LT118">
                  <Shape>
                     <Polygon POINTS="774 2782 765 2723 858 2698 861 2698 864 2698 868 2698 871 2698 902 2723 1167 2726 1220 2726 1264 2710 1267 2710 1270 2710 1273 2710 1327 2726 1361 2698 1364 2698 1367 2698 1370 2698 1476 2719 1498 2701 1501 2701 1505 2701 1508 2701 1511 2701 1579 2719 1717 2701 1720 2701 1914 2719 1960 2704 1964 2704 1967 2704 1970 2704 1973 2704 2017 2735 2067 2707 2070 2707 2073 2707 2076 2707 2079 2707 2120 2735 2407 2710 2410 2710 2413 2710 2416 2710 2466 2741 2463 2797 2457 2819 2204 2801 2166 2819 2157 2822 2154 2822 2151 2822 2120 2816 2042 2804 1995 2816 1973 2822 1970 2822 1967 2822 1964 2822 1948 2816 1901 2797 1876 2816 1873 2819 1870 2819 1867 2819 1867 2822 1723 2822 1720 2819 1717 2819 1698 2813 1648 2794 1420 2791 1252 2807 1248 2807 1245 2807 1208 2788 1130 2810 1120 2810 1117 2810 1114 2810 1111 2810 1105 2807 1074 2794 771 2804"/>
                  </Shape>
                  <String CONTENT="faire a guerir Aussy tost quicelle"
                          HPOS="765"
                          VPOS="2698"
                          WIDTH="1701"
                          HEIGHT="124"/>
               </TextLine>
               <TextLine ID="eSc_line_a7ef4105"
                         BASELINE="755 2888 1714 2882 2354 2903"
                         HPOS="743"
                         VPOS="2788"
                         WIDTH="1611"
                         HEIGHT="140"
                         TAGREFS="LT118">
                  <Shape>
                     <Polygon POINTS="755 2888 743 2816 789 2788 793 2788 796 2788 799 2788 802 2788 889 2810 936 2788 939 2788 942 2788 946 2788 1036 2816 1071 2788 1074 2788 1077 2788 1080 2788 1283 2788 1395 2810 1420 2791 1423 2791 1426 2791 1430 2791 1583 2791 1586 2791 1645 2819 1754 2807 1757 2807 1873 2822 1882 2822 1885 2822 1904 2804 1907 2804 1910 2804 1914 2804 1917 2804 1920 2804 1920 2807 1939 2822 1939 2825 2113 2825 2120 2822 2210 2804 2213 2804 2216 2804 2220 2804 2220 2807 2223 2807 2235 2822 2235 2825 2351 2825 2354 2903 2348 2925 2163 2903 2135 2922 2132 2925 2129 2925 2126 2925 2126 2928 1860 2928 1857 2925 1854 2925 1851 2925 1851 2922 1845 2919 1826 2894 1773 2894 1679 2894 1654 2916 1651 2919 1648 2919 1645 2919 1642 2919 1639 2919 1636 2919 1636 2916 1633 2913 1611 2894 1486 2897 1461 2910 1436 2922 1433 2922 1430 2922 1426 2922 1377 2910 1317 2894 1289 2910 1286 2910 1283 2910 1280 2910 1277 2910 1273 2910 1273 2907 1252 2894 1005 2894 980 2903 942 2916 939 2916 936 2916 933 2916 930 2916 911 2900 905 2900 752 2900"/>
                  </Shape>
                  <String CONTENT="le veit elle dit que ledit enffant"
                          HPOS="743"
                          VPOS="2788"
                          WIDTH="1611"
                          HEIGHT="140"/>
               </TextLine>
               <TextLine ID="eSc_line_0b206e59"
                         BASELINE="771 2969 1567 2966 2432 3000"
                         HPOS="761"
                         VPOS="2875"
                         WIDTH="1671"
                         HEIGHT="147"
                         TAGREFS="LT118">
                  <Shape>
                     <Polygon POINTS="771 2969 761 2891 789 2875 793 2875 796 2875 874 2894 911 2900 927 2894 967 2875 971 2875 974 2875 977 2875 1014 2894 1027 2900 1055 2894 1136 2878 1139 2878 1142 2878 1177 2897 1186 2900 1208 2897 1302 2882 1305 2882 1308 2882 1348 2900 1355 2900 1377 2900 1526 2888 1530 2888 1533 2888 1589 2903 1645 2919 1711 2919 1732 2903 1751 2891 1754 2891 1757 2891 1761 2891 1860 2907 1964 2925 2038 2925 2054 2910 2057 2907 2057 2903 2060 2903 2063 2903 2067 2903 2070 2903 2095 2910 2148 2925 2188 2910 2195 2910 2198 2910 2201 2910 2204 2910 2213 2913 2279 2928 2429 2916 2432 3000 2429 3019 2276 3022 2273 3022 2270 3022 2266 3022 2266 3019 2263 3019 2245 3000 2204 3016 2201 3016 2198 3016 2195 3016 2138 2997 2092 3013 2088 3013 2085 3013 1892 2997 1826 3009 1807 3013 1804 3013 1801 3013 1798 3013 1798 3009 1795 3009 1779 2994 1667 3006 1642 3009 1639 3009 1636 3009 1633 3009 1633 3006 1608 2985 1439 3003 1430 3003 1426 3003 1423 3003 1420 3003 1420 3000 1398 2978 1311 2978 1208 3000 1199 3000 1195 3000 1192 3000 1189 3000 1158 2978 768 2991"/>
                  </Shape>
                  <String CONTENT="estoit engenauche par des mauvaises gens"
                          HPOS="761"
                          VPOS="2875"
                          WIDTH="1671"
                          HEIGHT="147"/>
               </TextLine>
               <TextLine ID="eSc_line_cf254ac8"
                         BASELINE="774 3069 1642 3053 2419 3081"
                         HPOS="771"
                         VPOS="2966"
                         WIDTH="1648"
                         HEIGHT="146"
                         TAGREFS="LT118">
                  <Shape>
                     <Polygon POINTS="774 3069 771 2997 811 2997 814 2997 849 2966 852 2966 855 2966 858 2966 861 2966 936 2991 980 2969 983 2969 986 2969 989 2969 1049 2997 1127 2969 1130 2969 1133 2969 1245 2991 1267 2972 1267 2969 1270 2969 1273 2969 1277 2969 1373 2969 1377 2969 1380 2969 1380 2972 1411 3000 1414 3003 1436 3000 1617 2972 1620 2972 1623 2972 1626 2972 1626 2975 1654 2997 1711 2985 1714 2985 1717 2985 1720 2985 1739 3003 1742 3003 1751 3003 1948 2978 1951 2978 1954 2978 1998 3003 2126 3006 2191 3006 2195 3006 2238 2975 2241 2975 2245 2975 2248 2975 2251 2975 2254 2975 2291 3006 2291 3009 2416 3009 2419 3081 2410 3106 2348 3087 2285 3106 2263 3112 2260 3112 2257 3112 2254 3112 2235 3106 2198 3091 2135 3103 2110 3109 2107 3109 2104 3109 2101 3109 2101 3106 2098 3103 2073 3081 2020 3097 2017 3097 2013 3097 1898 3072 1842 3103 1826 3109 1823 3109 1823 3112 1661 3112 1658 3109 1654 3109 1651 3109 1639 3100 1592 3072 1401 3072 1373 3097 1370 3100 1370 3103 1367 3103 1364 3103 1361 3103 1358 3103 1342 3097 1283 3075 1233 3097 1230 3097 1227 3097 1224 3097 1220 3097 1217 3097 1217 3094 1192 3069 1152 3084 1149 3084 1145 3084 1030 3072 999 3094 989 3103 986 3103 983 3103 980 3103 977 3103 974 3103 961 3094 930 3075 771 3091"/>
                  </Shape>
                  <String CONTENT="Et que feroit tant quelles yroyent"
                          HPOS="771"
                          VPOS="2966"
                          WIDTH="1648"
                          HEIGHT="146"/>
               </TextLine>
               <TextLine ID="eSc_line_0f639ceb"
                         BASELINE="783 3144 1345 3141 2273 3169"
                         HPOS="774"
                         VPOS="3053"
                         WIDTH="1499"
                         HEIGHT="141"
                         TAGREFS="LT118">
                  <Shape>
                     <Polygon POINTS="783 3144 774 3078 843 3056 846 3056 849 3056 852 3056 927 3078 952 3056 952 3053 955 3053 958 3053 961 3053 964 3053 996 3069 1046 3053 1049 3053 1052 3053 1055 3053 1114 3081 1186 3059 1189 3059 1192 3059 1195 3059 1199 3059 1236 3084 1426 3087 1476 3063 1480 3063 1483 3063 1486 3063 1586 3091 1629 3069 1633 3069 1636 3069 1729 3069 1732 3069 1736 3069 1767 3094 1904 3072 1907 3072 1910 3072 1914 3072 1914 3075 1935 3097 1985 3100 2001 3100 2026 3078 2026 3075 2029 3075 2032 3075 2035 3075 2101 3075 2104 3075 2107 3075 2107 3078 2129 3100 2182 3084 2185 3084 2188 3084 2191 3084 2273 3106 2273 3169 2263 3194 2207 3175 2113 3190 2107 3190 2104 3190 2101 3190 2098 3190 2098 3187 2079 3169 1929 3165 1779 3181 1754 3184 1751 3184 1748 3184 1745 3184 1742 3181 1714 3165 1636 3178 1614 3181 1611 3181 1608 3181 1604 3181 1604 3178 1601 3178 1579 3156 1520 3156 1430 3175 1405 3178 1401 3178 1333 3175 1330 3175 1327 3175 1327 3172 1323 3172 1305 3153 780 3156"/>
                  </Shape>
                  <String CONTENT="en leur maisons Et surce sen"
                          HPOS="774"
                          VPOS="3053"
                          WIDTH="1499"
                          HEIGHT="141"/>
               </TextLine>
               <TextLine ID="eSc_line_4eee684d"
                         BASELINE="777 3234 2260 3253"
                         HPOS="771"
                         VPOS="3150"
                         WIDTH="1495"
                         HEIGHT="168"
                         TAGREFS="LT118">
                  <Shape>
                     <Polygon POINTS="777 3234 774 3178 971 3150 974 3150 977 3150 980 3150 1024 3181 1030 3184 1130 3184 1133 3181 1236 3153 1239 3153 1242 3153 1245 3153 1361 3184 1392 3156 1395 3156 1398 3156 1401 3156 1517 3156 1520 3156 1589 3187 1670 3159 1673 3159 1676 3159 1679 3159 1726 3181 1786 3162 1789 3162 1792 3162 1795 3162 1798 3162 1798 3165 1814 3178 1832 3165 1836 3165 1839 3165 1842 3165 1845 3165 1926 3190 1995 3169 1998 3169 2001 3169 2004 3169 2007 3169 2042 3194 2223 3165 2226 3165 2229 3165 2232 3165 2232 3169 2266 3200 2260 3253 2257 3318 2048 3318 2045 3315 2042 3315 2032 3312 1976 3290 1895 3309 1876 3312 1873 3312 1870 3312 1867 3312 1864 3309 1804 3272 1654 3303 1626 3309 1623 3309 1620 3309 1617 3309 1611 3303 1561 3262 1517 3262 1317 3275 1314 3275 1164 3259 1130 3275 1127 3275 1124 3275 983 3256 939 3275 936 3275 933 3275 883 3265 858 3287 843 3300 839 3300 836 3300 833 3300 771 3284"/>
                  </Shape>
                  <String CONTENT="retourna. Et tost apres ladite"
                          HPOS="771"
                          VPOS="3150"
                          WIDTH="1495"
                          HEIGHT="168"/>
               </TextLine>
            </TextBlock>
            <TextBlock HPOS="199"
                       VPOS="1908"
                       WIDTH="472"
                       HEIGHT="122"
                       ID="eSc_textblock_d552383b"
                       TAGREFS="BT368">
               <Shape>
                  <Polygon POINTS="633 1908 671 2005 199 2030 212 1908"/>
               </Shape>
               <TextLine ID="eSc_line_78e77a1e"
                         BASELINE="193 1999 655 1983"
                         HPOS="184"
                         VPOS="1905"
                         WIDTH="471"
                         HEIGHT="153"
                         TAGREFS="LT118">
                  <Shape>
                     <Polygon POINTS="193 1999 184 1921 646 1905 655 1983 649 2043 583 2021 552 2046 549 2049 546 2049 543 2049 540 2049 508 2046 380 2027 315 2049 287 2058 284 2058 281 2058 190 2049"/>
                  </Shape>
                  <String CONTENT="+ par ses voisins"
                          HPOS="184"
                          VPOS="1905"
                          WIDTH="471"
                          HEIGHT="153"/>
               </TextLine>
            </TextBlock>
            <TextBlock HPOS="2344"
                       VPOS="3580"
                       WIDTH="85"
                       HEIGHT="97"
                       ID="eSc_textblock_8a6dc5ef"
                       TAGREFS="BT371">
               <Shape>
                  <Polygon POINTS="2429 3605 2404 3677 2344 3665 2357 3580"/>
               </Shape>
               <TextLine ID="eSc_line_1ff5d541"
                         BASELINE="2357 3655 2407 3661"
                         HPOS="2351"
                         VPOS="3574"
                         WIDTH="59"
                         HEIGHT="103"
                         TAGREFS="LT118">
                  <Shape>
                     <Polygon POINTS="2357 3655 2360 3574 2410 3580 2407 3661 2401 3677 2351 3665"/>
                  </Shape>
                  <String CONTENT="8" HPOS="2351" VPOS="3574" WIDTH="59" HEIGHT="103"/>
               </TextLine>
            </TextBlock>
         </PrintSpace>
      </Page>
   </Layout>
</alto>
