<alto xmlns:xsi="http://www.w3.org/2001/XMLSchema-instance"
      xmlns="http://www.loc.gov/standards/alto/ns-v4#"
      xsi:schemaLocation="http://www.loc.gov/standards/alto/ns-v4# http://www.loc.gov/standards/alto/v4/alto-4-2.xsd">
   <Description>
      <MeasurementUnit>pixel</MeasurementUnit>
      <sourceImageInformation>
         <fileName>B_168_15-2-1_0001.jpg</fileName>
      </sourceImageInformation>
   </Description>
   <Tags>
      <OtherTag ID="BT365"
                LABEL="MainZone:column"
                DESCRIPTION="block type MainZone:column"/>
      <OtherTag ID="BT367" LABEL="MainZone" DESCRIPTION="block type MainZone"/>
      <OtherTag ID="BT368"
                LABEL="MarginTextZone"
                DESCRIPTION="block type MarginTextZone"/>
      <OtherTag ID="BT369"
                LABEL="MarginTextZone:note"
                DESCRIPTION="block type MarginTextZone:note"/>
      <OtherTag ID="BT370"
                LABEL="NumberingZone:other"
                DESCRIPTION="block type NumberingZone:other"/>
      <OtherTag ID="BT371"
                LABEL="NumberingZone:page"
                DESCRIPTION="block type NumberingZone:page"/>
      <OtherTag ID="BT379"
                LABEL="DecorationZone"
                DESCRIPTION="block type DecorationZone"/>
      <OtherTag ID="BT380"
                LABEL="CustomZone:signature"
                DESCRIPTION="block type CustomZone:signature"/>
      <OtherTag ID="LT118" LABEL="DefaultLine" DESCRIPTION="line type DefaultLine"/>
      <OtherTag ID="LT119" LABEL="HeadingLine" DESCRIPTION="line type HeadingLine"/>
      <OtherTag ID="LT120"
                LABEL="InterlinearLine"
                DESCRIPTION="line type InterlinearLine"/>
   </Tags>
   <Layout>
      <Page WIDTH="2617"
            HEIGHT="4010"
            PHYSICAL_IMG_NR="0"
            ID="eSc_dummypage_">
         <PrintSpace HPOS="0" VPOS="0" WIDTH="2617" HEIGHT="4010">
            <TextBlock HPOS="340"
                       VPOS="224"
                       WIDTH="220"
                       HEIGHT="182"
                       ID="eSc_textblock_27addcc8"
                       TAGREFS="BT370">
               <Shape>
                  <Polygon POINTS="340 224 340 406 504 406 560 406 560 224"/>
               </Shape>
               <TextLine ID="eSc_line_e9f86609"
                         BASELINE="371 371 546 375"
                         HPOS="364"
                         VPOS="213"
                         WIDTH="184"
                         HEIGHT="224"
                         TAGREFS="LT118">
                  <Shape>
                     <Polygon POINTS="370 370 374 213 548 213 544 374 538 437 364 427"/>
                  </Shape>
                  <String CONTENT="21" HPOS="364" VPOS="213" WIDTH="184" HEIGHT="224"/>
               </TextLine>
            </TextBlock>
            <TextBlock HPOS="334"
                       VPOS="467"
                       WIDTH="429"
                       HEIGHT="228"
                       ID="eSc_textblock_adc60b15"
                       TAGREFS="BT369">
               <Shape>
                  <Polygon POINTS="347 678 334 641 427 571 414 481 625 467 668 561 763 583 763 695 559 687"/>
               </Shape>
               <TextLine ID="eSc_line_bb8e8004"
                         BASELINE="414 521 641 514"
                         HPOS="407"
                         VPOS="421"
                         WIDTH="234"
                         HEIGHT="117"
                         TAGREFS="LT118">
                  <Shape>
                     <Polygon POINTS="414 521 407 421 635 441 641 514 638 531 414 538"/>
                  </Shape>
                  <String CONTENT="Anne"
                          HPOS="407"
                          VPOS="421"
                          WIDTH="234"
                          HEIGHT="117"/>
               </TextLine>
               <TextLine ID="eSc_line_2d793958"
                         BASELINE="360 661 731 641"
                         HPOS="347"
                         VPOS="548"
                         WIDTH="384"
                         HEIGHT="170"
                         TAGREFS="LT118">
                  <Shape>
                     <Polygon POINTS="360 661 347 584 454 554 457 554 461 554 464 554 511 578 521 584 578 584 584 578 611 551 611 548 614 548 618 548 621 548 725 574 731 641 728 691 618 688 584 701 564 708 561 708 558 708 554 708 538 705 487 688 444 708 424 718 421 718 417 718 357 711"/>
                  </Shape>
                  <String CONTENT="Boulay"
                          HPOS="347"
                          VPOS="548"
                          WIDTH="384"
                          HEIGHT="170"/>
               </TextLine>
            </TextBlock>
            <TextBlock HPOS="681"
                       VPOS="147"
                       WIDTH="1895"
                       HEIGHT="2964"
                       ID="eSc_textblock_dce4e4e9"
                       TAGREFS="BT367">
               <Shape>
                  <Polygon POINTS="2523 571 2469 611 1657 598 1173 654 2336 735 2496 855 2510 945 2416 1136 2536 1350 2523 1600 2443 1710 2496 1894 1975 2071 2456 2152 2496 2429 2576 2526 2510 2780 2523 3017 2456 3097 1604 3044 1413 3111 775 3111 802 2686 695 2629 695 2579 788 2536 762 2098 949 2068 788 2015 775 1844 681 1801 748 1654 774 718 788 718 788 660 794 660 788 668 1092 681 1106 638 922 611 1002 147 1333 213 1493 228 1594 246 2056 222 2112 200 2336 213 2523 427"/>
               </Shape>
               <TextLine ID="eSc_line_54850879"
                         TAGREFS="LT119"
                         BASELINE="982 317 2339 280"
                         HPOS="972"
                         VPOS="187"
                         WIDTH="1367"
                         HEIGHT="170">
                  <Shape>
                     <Polygon POINTS="982 317 972 207 1186 203 1189 203 1193 203 1203 207 1296 247 1346 217 1350 217 1353 217 1356 217 1463 237 1524 210 1527 210 1530 210 1534 210 1537 210 1540 210 1621 237 1697 217 1701 217 1704 217 1828 230 1861 213 1895 197 1898 197 1901 197 2022 213 2058 200 2062 200 2065 200 2068 200 2102 217 2115 223 2142 217 2249 187 2252 187 2256 187 2259 187 2262 187 2262 190 2296 217 2299 220 2329 220 2339 280 2336 294 2098 324 2095 324 1981 304 1971 304 1951 330 1948 330 1948 334 1945 334 1941 334 1838 337 1834 337 1631 314 1617 314 1614 314 1590 334 1590 337 1587 337 1584 337 1580 337 1577 337 1520 324 1477 347 1473 347 1470 347 1250 324 1229 324 1219 324 1109 357 1106 357 1102 357 979 330"/>
                  </Shape>
                  <String CONTENT="Information secrete prinse doffice,"
                          HPOS="972"
                          VPOS="187"
                          WIDTH="1367"
                          HEIGHT="170"/>
               </TextLine>
               <TextLine ID="eSc_line_ebc68d6b"
                         TAGREFS="LT119"
                         BASELINE="1002 407 2409 374"
                         HPOS="999"
                         VPOS="294"
                         WIDTH="1410"
                         HEIGHT="153">
                  <Shape>
                     <Polygon POINTS="1002 407 999 327 1330 337 1377 324 1403 314 1407 314 1410 314 1413 314 1447 324 1493 334 1527 320 1564 307 1567 307 1781 304 1784 304 1788 304 1821 320 1834 327 1848 320 1878 300 1881 300 1885 300 1888 300 1891 300 1961 317 1985 324 2022 317 2169 294 2172 294 2175 294 2239 317 2242 317 2399 317 2409 374 2406 414 2219 417 2215 417 2212 417 2162 390 2129 417 2125 417 2122 417 2119 417 2115 417 2068 397 2015 421 2012 421 2008 421 2005 421 2002 421 1971 397 1788 414 1784 414 1781 414 1724 401 1684 431 1681 431 1677 431 1674 431 1143 414 1006 447"/>
                  </Shape>
                  <String CONTENT="Contre Annelin fille henrisat Boulai"
                          HPOS="999"
                          VPOS="294"
                          WIDTH="1410"
                          HEIGHT="153"/>
               </TextLine>
               <TextLine ID="eSc_line_e2fdb365"
                         TAGREFS="LT119"
                         BASELINE="1052 491 1925 467 2500 474"
                         HPOS="1046"
                         VPOS="387"
                         WIDTH="1454"
                         HEIGHT="134">
                  <Shape>
                     <Polygon POINTS="1052 491 1046 424 2493 387 2500 474 2493 497 2336 481 2249 501 2229 504 2225 504 2222 504 2212 501 2152 481 2095 501 2088 504 2085 504 2082 504 2078 504 2075 504 2075 501 2048 484 1958 484 1941 504 1935 507 1935 511 1931 511 1928 511 1928 514 1768 514 1764 511 1761 511 1748 504 1714 487 1641 504 1610 511 1607 511 1557 504 1463 494 1447 507 1430 517 1427 517 1423 517 1423 521 1296 521 1293 517 1290 517 1286 517 1286 514 1276 507 1266 497 1233 507 1196 517 1193 517 1189 517 1186 517 1183 517 1183 514 1173 507 1166 497 1146 507 1119 521 1116 521 1112 521 1049 507"/>
                  </Shape>
                  <String CONTENT="de Couurthedoubs et vefve de feu Pierrat"
                          HPOS="1046"
                          VPOS="387"
                          WIDTH="1454"
                          HEIGHT="134"/>
               </TextLine>
               <TextLine ID="eSc_line_4df96530"
                         TAGREFS="LT119"
                         BASELINE="979 581 1731 561 2496 571"
                         HPOS="972"
                         VPOS="481"
                         WIDTH="1524"
                         HEIGHT="147">
                  <Shape>
                     <Polygon POINTS="979 581 972 514 1163 514 1163 511 1189 491 1189 487 1193 487 1196 487 1199 487 1393 511 1403 511 1413 511 1567 484 1570 484 1574 484 1627 507 1647 491 1651 491 1654 491 1657 491 1774 507 1811 484 1814 484 1818 484 1821 484 1824 484 1881 501 2008 481 2012 481 2088 481 2092 481 2095 481 2125 507 2366 507 2426 481 2429 481 2433 481 2436 481 2496 507 2496 571 2496 604 2426 618 2423 618 2419 618 2396 608 2362 588 2125 598 2122 598 2119 598 2055 581 2002 601 1998 601 1995 601 1677 584 1560 611 1493 624 1493 628 1430 628 1427 624 1423 624 1420 624 1420 621 1407 611 1400 604 1387 611 1366 624 1363 624 1360 624 1356 624 975 611"/>
                  </Shape>
                  <String CONTENT="Vauthier dudit lieu, ce 16 dapvril 1603."
                          HPOS="972"
                          VPOS="481"
                          WIDTH="1524"
                          HEIGHT="147"/>
               </TextLine>
               <TextLine ID="eSc_line_8653c3b4"
                         BASELINE="788 788 1654 798 2349 828"
                         HPOS="782"
                         VPOS="671"
                         WIDTH="1567"
                         HEIGHT="187"
                         TAGREFS="LT118">
                  <Shape>
                     <Polygon POINTS="788 788 788 671 942 678 945 678 949 678 985 708 1089 685 1112 681 1116 681 1229 681 1233 681 1236 681 1246 691 1273 715 1316 695 1336 688 1340 688 1343 688 1346 688 1350 688 1363 698 1390 715 1493 705 1624 691 1627 691 1631 691 1717 715 1754 728 1898 731 1911 725 1948 708 1951 708 1955 708 1958 708 2005 728 2018 735 2032 731 2068 718 2072 718 2075 718 2349 748 2349 828 2342 858 2018 828 1971 852 1968 852 1965 852 1961 852 1958 852 1955 852 1908 825 1737 845 1731 845 1727 845 1724 845 1651 818 1590 842 1587 842 1587 845 1517 845 1514 842 1510 842 1507 842 1507 838 1477 815 1310 832 1306 832 1303 832 1260 812 1022 822 1019 822 1016 822 965 805 945 825 942 825 939 825 935 825 932 825 868 802 845 822 845 825 842 825 838 825 835 825 782 822"/>
                  </Shape>
                  <String CONTENT="Jehan villain dudit Courthedoubs, Par serement"
                          HPOS="782"
                          VPOS="671"
                          WIDTH="1567"
                          HEIGHT="187"/>
               </TextLine>
               <TextLine ID="eSc_line_3e5ebaab"
                         BASELINE="768 892 1664 882 2489 928"
                         HPOS="765.0"
                         VPOS="791.0"
                         WIDTH="1724.0"
                         HEIGHT="161.0"
                         TAGREFS="LT118">
                  <Shape>
                     <Polygon POINTS="768 892 765 818 962 818 992 802 995 802 995 802 999 802 999 802 999 802 1002 802 1002 802 1006 802 1006 802 1059 822 1143 791 1143 791 1146 791 1146 791 1149 791 1149 791 1420 815 1447 798 1450 798 1450 798 1450 798 1453 798 1453 798 1457 798 1457 798 1457 798 1460 798 1460 798 1460 798 1463 798 1463 798 1500 832 1564 832 1644 802 1644 802 1647 802 1647 802 1651 802 1651 802 1651 802 1654 802 1654 802 1734 835 1921 808 1921 808 1925 808 1925 808 1925 808 2065 842 2142 812 2142 812 2145 812 2145 812 2149 812 2149 812 2149 812 2152 812 2152 812 2152 812 2155 812 2155 812 2192 842 2312 828 2312 828 2316 828 2316 828 2319 828 2319 828 2319 828 2322 828 2322 828 2322 832 2326 832 2326 832 2339 852 2486 855 2489 928 2483 952 2379 935 2235 949 2222 949 2222 949 2219 949 2219 949 2215 949 2215 949 2212 949 2135 918 2065 932 2065 932 2065 932 2062 932 2062 932 2058 932 1998 915 1931 942 1931 942 1931 942 1928 942 1928 942 1928 942 1925 942 1925 942 1921 942 1921 942 1921 942 1921 942 1918 942 1918 942 1918 939 1888 912 1834 942 1831 942 1831 942 1831 942 1828 942 1828 942 1824 942 1824 942 1824 942 1811 942 1734 925 1694 939 1691 939 1687 939 1687 939 1687 939 1684 939 1684 939 1684 939 1681 939 1681 939 1677 939 1597 905 1534 922 1530 922 1530 922 1527 922 1527 922 1527 922 1407 902 1377 922 1373 922 1373 922 1373 922 1370 922 1370 922 1366 922 1366 922 1366 922 1363 922 1363 922 1363 922 1313 895 1156 895 765 918"/>
                  </Shape>
                  <String CONTENT="depose, Que Ilz avoyent par ci devant du bestial"
                          HPOS="765.0"
                          VPOS="791.0"
                          WIDTH="1724.0"
                          HEIGHT="161.0"/>
               </TextLine>
               <TextLine ID="eSc_line_25189a30"
                         BASELINE="782 982 1714 972 2389 1002"
                         HPOS="778.0"
                         VPOS="895.0"
                         WIDTH="1611.0"
                         HEIGHT="130.0"
                         TAGREFS="LT118">
                  <Shape>
                     <Polygon POINTS="782 982 785 898 812 918 835 902 842 895 845 895 845 895 845 895 848 895 848 895 848 895 852 895 852 895 855 895 855 895 855 895 858 895 865 902 895 918 955 902 972 898 975 898 975 898 979 898 979 898 979 898 1009 905 1079 918 1123 905 1159 895 1163 895 1163 895 1166 895 1166 895 1286 908 1377 918 1447 912 1577 898 1577 898 1580 898 1580 898 1580 898 1664 915 1707 925 1771 918 1908 902 1908 902 1911 902 1911 902 1915 902 1915 902 1915 902 1918 902 1918 902 1941 922 1948 925 1975 922 2085 908 2085 908 2088 908 2088 908 2092 908 2152 925 2165 932 2386 932 2389 1002 2383 1022 2189 1005 2048 1022 2015 1025 2015 1025 2012 1025 2012 1025 2008 1025 2008 1025 2008 1025 2005 1025 2005 1025 2005 1022 2002 1022 1975 995 1885 1015 1885 1015 1885 1015 1881 1015 1584 992 1550 1012 1547 1012 1547 1012 1547 1012 1544 1012 1544 1012 1540 1012 1540 1012 1540 1012 1537 1012 1537 1012 1534 1012 1500 992 1163 1012 1159 1012 1159 1012 1159 1012 1156 1012 1156 1012 1153 1012 1116 992 1002 992 778 1015"/>
                  </Shape>
                  <String CONTENT="questoit malade et signament ung juvencel"
                          HPOS="778.0"
                          VPOS="895.0"
                          WIDTH="1611.0"
                          HEIGHT="130.0"/>
               </TextLine>
               <TextLine ID="eSc_line_99615eb7"
                         BASELINE="798 1086 1356 1069 2376 1069"
                         HPOS="792"
                         VPOS="985"
                         WIDTH="1584"
                         HEIGHT="121"
                         TAGREFS="LT118">
                  <Shape>
                     <Polygon POINTS="798 1086 792 1022 1059 1019 1099 989 1102 989 1106 989 1109 989 1193 989 1196 989 1243 1015 1290 985 1293 985 1296 985 1300 985 1604 985 1721 1009 1758 992 1761 992 1764 992 1768 992 1771 992 1771 995 1788 1012 2015 1012 2072 1012 2075 1009 2192 985 2195 985 2199 985 2202 985 2239 1009 2242 1009 2299 992 2302 992 2306 992 2373 1009 2376 1069 2369 1082 1654 1082 1607 1096 1594 1099 1590 1099 1587 1099 1537 1096 1356 1082 1293 1099 1283 1102 1280 1102 1276 1102 1273 1102 1263 1099 1209 1086 982 1102 979 1102 975 1102 939 1086 798 1106"/>
                  </Shape>
                  <String CONTENT="dont estant aux Lovres entre aultres une"
                          HPOS="792"
                          VPOS="985"
                          WIDTH="1584"
                          HEIGHT="121"/>
               </TextLine>
               <TextLine ID="eSc_line_580b4ea6"
                         BASELINE="772 1179 2346 1162"
                         HPOS="762.0"
                         VPOS="1079.0"
                         WIDTH="1584.0"
                         HEIGHT="134.0"
                         TAGREFS="LT118">
                  <Shape>
                     <Polygon POINTS="772 1179 762 1122 838 1092 838 1092 842 1092 842 1092 842 1092 845 1092 845 1092 982 1116 989 1116 995 1116 1092 1089 1096 1089 1096 1089 1099 1089 1099 1089 1206 1102 1457 1086 1460 1086 1460 1086 1460 1086 1463 1086 1463 1086 1497 1102 1514 1109 1527 1099 1547 1086 1550 1086 1550 1086 1550 1086 1554 1086 1554 1086 1557 1086 1557 1086 1557 1086 1614 1099 1664 1109 1687 1096 1707 1082 1711 1082 1711 1082 1714 1082 1714 1082 1714 1082 1717 1082 1717 1082 1721 1082 1764 1092 1811 1109 1998 1109 2139 1106 2182 1082 2189 1079 2189 1079 2189 1079 2192 1079 2192 1079 2195 1079 2195 1079 2195 1079 2199 1079 2209 1082 2269 1099 2332 1079 2346 1162 2342 1176 2199 1203 2199 1203 2199 1203 2195 1203 2195 1203 2192 1203 2112 1179 2098 1179 2082 1182 1948 1206 1948 1206 1948 1209 1838 1209 1834 1206 1834 1206 1831 1206 1831 1206 1781 1186 1764 1179 1744 1186 1674 1209 1671 1209 1671 1209 1671 1213 1457 1213 1453 1209 1453 1209 1450 1209 1450 1209 1450 1209 1447 1209 1447 1209 1423 1192 1413 1182 1393 1192 1340 1213 1340 1213 1336 1213 1336 1213 1336 1213 1333 1213 1333 1213 1330 1213 1256 1192 1219 1186 772 1199"/>
                  </Shape>
                  <String CONTENT="femme ou fille dit que sil avoyent malle"
                          HPOS="762.0"
                          VPOS="1079.0"
                          WIDTH="1584.0"
                          HEIGHT="134.0"/>
               </TextLine>
               <TextLine ID="eSc_line_0c44832d"
                         BASELINE="772 1276 2449 1266"
                         HPOS="758.0"
                         VPOS="1182.0"
                         WIDTH="1691.0"
                         HEIGHT="131.0"
                         TAGREFS="LT118">
                  <Shape>
                     <Polygon POINTS="772 1276 758 1209 788 1186 788 1186 792 1186 792 1186 792 1186 795 1186 795 1186 798 1186 982 1186 982 1186 982 1186 985 1186 985 1186 1039 1209 1056 1213 1219 1206 1250 1206 1270 1186 1270 1186 1273 1186 1273 1186 1273 1186 1276 1186 1276 1186 1280 1186 1280 1186 1280 1186 1283 1186 1343 1206 1356 1209 1360 1206 1387 1182 1387 1182 1390 1182 1390 1182 1390 1182 1393 1182 1393 1182 1397 1182 1397 1182 1397 1182 1400 1182 1470 1203 1480 1206 1493 1203 1557 1182 1560 1182 1560 1182 1560 1182 1564 1182 1564 1182 1564 1182 1651 1203 1687 1209 1741 1203 1854 1182 1854 1182 1858 1182 1858 1182 1858 1182 1861 1182 1861 1182 1864 1182 1864 1182 1885 1199 1895 1206 1911 1199 1941 1189 1941 1189 1945 1189 1945 1189 1948 1189 1948 1189 1948 1189 1951 1189 1951 1189 1975 1199 1995 1206 2439 1196 2449 1266 2446 1283 2292 1306 2292 1306 2289 1306 2289 1306 2289 1306 2286 1306 2286 1306 2286 1306 2282 1306 2282 1306 2282 1303 2262 1286 2259 1283 2235 1286 2132 1299 2132 1299 2129 1299 1978 1286 1915 1283 1888 1286 1794 1309 1794 1309 1794 1309 1791 1309 1366 1289 1306 1289 1303 1293 1263 1313 1263 1313 1263 1313 1260 1313 1260 1313 1260 1313 1256 1313 1256 1313 1256 1313 1169 1293 1153 1289 929 1289 922 1293 905 1309 905 1313 905 1313 902 1313 902 1313 902 1313 899 1313 899 1313 899 1313 895 1313 895 1313 892 1313 892 1313 892 1313 852 1293 842 1289 772 1293"/>
                  </Shape>
                  <String CONTENT="mescreance que les bestes fusent grevees que"
                          HPOS="758.0"
                          VPOS="1182.0"
                          WIDTH="1691.0"
                          HEIGHT="131.0"/>
               </TextLine>
               <TextLine ID="eSc_line_1d69e21e"
                         BASELINE="802 1373 1838 1366 2506 1390"
                         HPOS="792.0"
                         VPOS="1286.0"
                         WIDTH="1714.0"
                         HEIGHT="140.0"
                         TAGREFS="LT118">
                  <Shape>
                     <Polygon POINTS="802 1373 792 1309 855 1286 855 1286 858 1286 858 1286 862 1286 1029 1286 1029 1286 1029 1286 1032 1286 1032 1286 1032 1286 1036 1286 1066 1306 1313 1286 1313 1286 1316 1286 1316 1286 1320 1286 1320 1286 1390 1309 1440 1293 1443 1293 1443 1293 1443 1293 1447 1293 1667 1309 1915 1289 1918 1289 1918 1289 1918 1289 1921 1289 1921 1289 1925 1289 1925 1289 1955 1313 1958 1313 1965 1313 2095 1293 2095 1293 2098 1293 2098 1293 2102 1293 2185 1313 2185 1313 2185 1313 2219 1293 2222 1293 2222 1293 2225 1293 2225 1293 2225 1293 2229 1293 2229 1293 2232 1293 2232 1293 2232 1293 2235 1293 2235 1293 2259 1313 2332 1293 2336 1293 2336 1293 2339 1293 2339 1293 2339 1293 2342 1293 2342 1293 2346 1293 2379 1313 2383 1316 2503 1316 2506 1390 2500 1423 2309 1390 2155 1416 2155 1416 2152 1416 2152 1416 2152 1416 2149 1416 2149 1416 2088 1390 1938 1406 1938 1406 1935 1406 1935 1406 1781 1386 1744 1413 1744 1413 1741 1413 1741 1413 1737 1413 1737 1413 1737 1413 1734 1413 1734 1413 1734 1413 1731 1413 1731 1413 1727 1413 1727 1413 1727 1410 1704 1390 1597 1423 1594 1423 1590 1423 1590 1423 1590 1423 1587 1423 1587 1423 1584 1423 1584 1423 1584 1423 1580 1423 1514 1386 1457 1423 1457 1423 1453 1423 1453 1423 1453 1423 1450 1423 1450 1423 1450 1426 1380 1426 1377 1423 1377 1423 1373 1423 1373 1423 1370 1423 1370 1423 1300 1383 1193 1383 1059 1420 1056 1420 1056 1420 1056 1420 1056 1423 895 1423 892 1420 892 1420 889 1420 889 1420 889 1420 889 1420 885 1420 885 1420 865 1400 802 1420"/>
                  </Shape>
                  <String CONTENT="sil sy elle mouroyent quon debvoit baptre le"
                          HPOS="792.0"
                          VPOS="1286.0"
                          WIDTH="1714.0"
                          HEIGHT="140.0"/>
               </TextLine>
               <TextLine ID="eSc_line_88888552"
                         BASELINE="755 1483 1397 1466 2493 1466"
                         HPOS="752.0"
                         VPOS="1383.0"
                         WIDTH="1741.0"
                         HEIGHT="134.0"
                         TAGREFS="LT118">
                  <Shape>
                     <Polygon POINTS="755 1483 752 1400 805 1413 855 1400 885 1390 889 1390 889 1390 889 1390 892 1390 892 1390 895 1390 895 1390 895 1390 899 1390 899 1390 899 1393 905 1400 922 1416 1019 1416 1046 1400 1066 1390 1066 1390 1066 1390 1069 1390 1069 1390 1069 1390 1363 1386 1366 1386 1366 1386 1370 1386 1370 1386 1370 1386 1400 1400 1420 1410 1450 1400 1504 1386 1507 1386 1507 1386 1510 1386 1510 1386 1510 1386 1587 1403 1631 1410 1644 1403 1674 1386 1674 1386 1674 1386 1677 1386 1677 1386 1677 1386 1761 1383 1764 1383 1764 1383 1764 1383 1768 1383 1768 1383 1768 1383 1771 1383 1798 1403 1798 1403 1798 1403 1834 1383 1834 1383 1834 1383 1838 1383 1838 1383 1838 1383 1841 1383 1841 1383 1844 1383 1844 1383 1844 1383 1848 1383 1848 1383 1871 1403 1878 1410 1945 1410 1955 1403 1991 1383 1991 1383 1991 1383 1995 1383 1995 1383 1995 1383 1998 1383 1998 1383 2002 1383 2002 1383 2002 1383 2045 1403 2052 1406 2359 1406 2359 1403 2376 1390 2376 1386 2376 1386 2379 1386 2379 1386 2379 1386 2383 1386 2383 1386 2383 1386 2386 1386 2386 1386 2489 1406 2493 1466 2489 1483 2376 1480 2346 1487 2292 1503 2289 1503 2289 1503 2289 1503 2286 1503 2085 1490 1901 1480 1868 1493 1841 1507 1841 1507 1838 1507 1838 1507 1838 1507 1681 1510 1677 1510 1677 1510 1674 1510 1674 1510 1644 1497 1600 1480 1397 1480 1346 1500 1346 1500 1343 1500 1343 1500 1343 1500 1340 1500 1340 1500 1336 1500 1336 1500 1336 1500 1300 1480 1270 1503 1260 1513 1260 1513 1256 1513 1256 1513 1256 1513 1253 1513 1253 1513 1250 1513 1159 1510 1159 1510 1159 1510 1156 1510 1156 1510 1156 1510 1146 1507 1106 1483 1019 1507 995 1513 992 1513 992 1513 992 1517 912 1517 909 1513 909 1513 905 1513 905 1513 905 1513 902 1513 902 1510 899 1510 875 1490 755 1510"/>
                  </Shape>
                  <String CONTENT="Ling et quon verroit bien qui auroit causse"
                          HPOS="752.0"
                          VPOS="1383.0"
                          WIDTH="1741.0"
                          HEIGHT="134.0"/>
               </TextLine>
               <TextLine ID="eSc_line_d9906128"
                         BASELINE="782 1573 1828 1567 2503 1593"
                         HPOS="775.0"
                         VPOS="1477.0"
                         WIDTH="1731.0"
                         HEIGHT="140.0"
                         TAGREFS="LT118">
                  <Shape>
                     <Polygon POINTS="782 1573 775 1493 889 1477 889 1477 892 1477 892 1477 892 1477 979 1493 1006 1500 1012 1493 1029 1480 1029 1477 1029 1477 1032 1477 1032 1477 1032 1477 1036 1477 1036 1477 1039 1477 1099 1477 1099 1477 1280 1497 1326 1503 1333 1500 1353 1483 1353 1480 1356 1480 1356 1480 1356 1480 1360 1480 1360 1480 1363 1480 1540 1480 1540 1480 1540 1480 1544 1480 1544 1480 1594 1503 1604 1507 1610 1503 1637 1483 1641 1483 1641 1483 1641 1483 1644 1483 1644 1483 1644 1483 1647 1483 1647 1483 1771 1503 1791 1507 1811 1503 1928 1483 1928 1483 1928 1483 1931 1483 1931 1483 1935 1483 2025 1507 2038 1510 2105 1510 2463 1493 2466 1493 2466 1493 2466 1493 2469 1493 2469 1493 2473 1493 2506 1513 2503 1593 2500 1610 2242 1617 2239 1617 2239 1617 2235 1617 2235 1617 2215 1610 2172 1590 2135 1607 2115 1617 2115 1617 2115 1617 2112 1617 2112 1617 2108 1617 2108 1617 2042 1607 1911 1587 1791 1604 1791 1604 1791 1604 1788 1604 1788 1604 1788 1604 1788 1604 1784 1604 1784 1604 1784 1604 1781 1604 1781 1604 1761 1587 1600 1587 1567 1604 1550 1610 1550 1610 1550 1610 1547 1610 1547 1610 1544 1610 1544 1610 1544 1610 1540 1610 1514 1604 1447 1583 1330 1583 1290 1600 1266 1610 1266 1610 1263 1610 1263 1610 1263 1610 1260 1610 1260 1610 1199 1600 1119 1583 778 1593"/>
                  </Shape>
                  <String CONTENT="cela. Et estant ledit juvencel mort deposant"
                          HPOS="775.0"
                          VPOS="1477.0"
                          WIDTH="1731.0"
                          HEIGHT="140.0"/>
               </TextLine>
               <TextLine ID="eSc_line_24e76596"
                         BASELINE="785 1670 2062 1670 2362 1684"
                         HPOS="785.0"
                         VPOS="1580.0"
                         WIDTH="1581.0"
                         HEIGHT="127.0"
                         TAGREFS="LT118">
                  <Shape>
                     <Polygon POINTS="785 1670 785 1610 939 1610 975 1580 975 1580 979 1580 979 1580 982 1580 982 1580 982 1580 985 1580 1233 1597 1336 1580 1336 1580 1336 1580 1340 1580 1340 1580 1343 1580 1343 1580 1343 1580 1346 1580 1346 1580 1383 1610 1383 1610 1387 1610 1493 1580 1497 1580 1497 1580 1500 1580 1500 1580 1500 1580 1504 1580 1504 1580 1504 1580 1507 1580 1507 1580 1507 1583 1534 1607 1567 1583 1570 1583 1570 1583 1570 1583 1574 1583 1574 1583 1574 1583 1577 1583 1577 1583 1580 1583 1580 1583 1651 1610 1654 1614 1721 1614 1724 1610 1751 1587 1751 1587 1754 1587 1754 1587 1754 1587 1758 1587 1758 1587 1758 1587 1761 1587 1761 1587 1764 1587 1848 1610 1898 1580 1901 1580 1901 1580 1905 1580 1905 1580 1905 1580 1908 1580 1908 1580 2042 1604 2075 1580 2078 1580 2078 1580 2078 1580 2082 1580 2082 1580 2085 1580 2085 1580 2085 1580 2088 1580 2088 1580 2088 1580 2092 1580 2092 1580 2092 1583 2122 1610 2192 1587 2195 1587 2195 1587 2195 1587 2199 1587 2199 1587 2202 1587 2202 1587 2202 1587 2205 1587 2205 1587 2235 1610 2235 1614 2359 1614 2362 1684 2366 1684 2336 1704 2332 1704 2332 1704 2332 1704 2329 1704 2329 1704 2329 1707 2169 1707 2165 1704 2165 1704 2162 1704 2162 1704 2162 1704 2159 1704 2135 1687 2129 1684 1928 1684 1915 1687 1881 1704 1881 1704 1878 1704 1878 1704 1878 1704 1875 1704 1647 1690 1490 1684 1467 1694 1443 1704 1443 1704 1440 1704 1440 1704 1440 1704 1437 1704 1437 1704 1437 1704 1433 1704 1433 1704 1430 1704 1417 1694 1397 1684 1266 1697 1179 1704 1179 1704 1176 1704 1176 1704 1173 1704 1173 1704 1156 1697 1116 1684 858 1684 785 1700"/>
                  </Shape>
                  <String CONTENT="print ung fleau et baptit fort le ling"
                          HPOS="785.0"
                          VPOS="1580.0"
                          WIDTH="1581.0"
                          HEIGHT="127.0"/>
               </TextLine>
               <TextLine ID="eSc_line_ef6b736d"
                         BASELINE="731 1764 2373 1774"
                         HPOS="728"
                         VPOS="1677"
                         WIDTH="1645"
                         HEIGHT="137"
                         TAGREFS="LT118">
                  <Shape>
                     <Polygon POINTS="731 1764 728 1710 842 1690 845 1690 965 1704 1016 1677 1019 1677 1022 1677 1280 1707 1316 1714 1417 1714 1427 1707 1467 1680 1470 1680 1473 1680 1477 1680 1654 1680 1657 1680 1711 1700 1814 1680 1818 1680 1821 1680 1871 1707 1888 1717 2008 1717 2018 1707 2032 1694 2032 1690 2035 1690 2038 1690 2042 1690 2045 1690 2048 1690 2068 1707 2082 1714 2159 1714 2165 1707 2185 1687 2185 1684 2189 1684 2192 1684 2195 1684 2199 1684 2202 1684 2235 1707 2249 1714 2366 1707 2373 1774 2369 1784 2256 1811 2252 1811 2152 1787 2145 1787 2139 1787 2052 1814 2048 1814 2045 1814 1871 1791 1804 1784 1637 1784 1600 1794 1550 1811 1547 1811 1544 1811 1540 1811 1497 1797 1460 1784 1400 1784 1380 1797 1366 1811 1363 1811 1360 1811 1356 1811 1353 1811 1316 1797 1293 1791 1263 1797 1233 1807 1229 1807 1226 1807 1223 1807 1206 1801 1163 1781 1049 1801 1009 1807 1006 1807 952 1804 808 1787 728 1804"/>
                  </Shape>
                  <String CONTENT="dicelui. Surquoi la feue femme de Ge"
                          HPOS="728"
                          VPOS="1677"
                          WIDTH="1645"
                          HEIGHT="137"/>
               </TextLine>
               <TextLine ID="eSc_line_50ded12d"
                         BASELINE="805 1874 1801 1861 2476 1878"
                         HPOS="788.0"
                         VPOS="1784.0"
                         WIDTH="1688.0"
                         HEIGHT="147.0"
                         TAGREFS="LT118">
                  <Shape>
                     <Polygon POINTS="805 1874 788 1811 802 1791 802 1791 805 1791 805 1787 805 1787 808 1787 808 1787 808 1787 812 1787 812 1787 812 1787 815 1787 815 1787 818 1787 868 1801 902 1784 902 1784 902 1784 905 1784 905 1784 909 1784 909 1784 909 1784 912 1784 912 1784 912 1784 915 1784 942 1804 999 1784 999 1784 1002 1784 1002 1784 1006 1784 1006 1784 1006 1784 1112 1807 1243 1807 1270 1784 1270 1784 1273 1784 1273 1784 1273 1784 1276 1784 1276 1784 1276 1784 1280 1784 1560 1804 1624 1784 1627 1784 1627 1784 1627 1784 1631 1784 1631 1784 1631 1784 1734 1804 1798 1784 1801 1784 1801 1784 1801 1784 1804 1784 1804 1784 1804 1784 1901 1804 1978 1784 1981 1784 1981 1784 1981 1784 1985 1784 1985 1784 2129 1804 2366 1787 2369 1787 2369 1787 2369 1787 2473 1807 2476 1878 2473 1898 2336 1928 2336 1928 2336 1931 2095 1931 2092 1928 2092 1928 2088 1928 2088 1928 2088 1928 2045 1908 1975 1874 1748 1874 1704 1894 1704 1894 1704 1894 1701 1894 1701 1894 1701 1894 1697 1894 1697 1894 1694 1894 1694 1894 1694 1894 1691 1894 1691 1894 1691 1891 1674 1878 1600 1891 1600 1891 1600 1891 1597 1891 1597 1891 1597 1891 1520 1874 1443 1921 1443 1921 1440 1921 1440 1921 1440 1921 1437 1921 1437 1921 1433 1921 1433 1921 1433 1921 1430 1921 1430 1921 1430 1921 1427 1921 1427 1921 1427 1921 1373 1874 1233 1874 1179 1904 1176 1904 1176 1904 1173 1904 1173 1904 1173 1904 1169 1904 919 1898 808 1931"/>
                  </Shape>
                  <String CONTENT="Jehan Burin dit que Ladite Annelin estoit fort"
                          HPOS="788.0"
                          VPOS="1784.0"
                          WIDTH="1688.0"
                          HEIGHT="147.0"/>
               </TextLine>
               <TextLine ID="eSc_line_f4319ac0"
                         BASELINE="785 1961 2058 1968"
                         HPOS="782.0"
                         VPOS="1864.0"
                         WIDTH="1276.0"
                         HEIGHT="171.0"
                         TAGREFS="LT118">
                  <Shape>
                     <Polygon POINTS="785 1961 795 1881 808 1901 992 1901 1019 1884 1046 1871 1046 1871 1046 1871 1049 1871 1049 1871 1049 1871 1052 1871 1052 1871 1176 1888 1179 1888 1179 1888 1213 1864 1216 1864 1216 1864 1216 1864 1219 1864 1219 1864 1219 1864 1223 1864 1223 1864 1383 1891 1433 1901 1443 1894 1467 1871 1467 1867 1467 1867 1470 1867 1470 1867 1470 1867 1473 1867 1473 1867 1477 1867 1477 1867 1477 1867 1624 1894 1681 1867 1681 1867 1681 1867 1684 1867 1684 1867 1687 1867 1985 1867 1985 1867 1985 1867 1988 1867 1988 1867 1988 1867 2058 1904 2058 1968 2052 2035 1961 2018 1901 2031 1881 2035 1881 2035 1881 2035 1878 2035 1878 2035 1875 2035 1875 2035 1875 2035 1871 2035 1871 2035 1871 2031 1868 2031 1824 1988 1674 1988 1607 2025 1587 2035 1587 2035 1587 2035 1584 2035 1584 2035 1580 2035 1263 2031 1263 2031 1263 2031 1260 2031 1260 2031 1260 2031 1223 2011 1169 1984 1016 1984 992 2005 969 2028 969 2031 969 2031 965 2031 965 2031 965 2031 962 2031 962 2031 962 2031 959 2031 959 2031 955 2031 955 2031 955 2031 952 2031 952 2031 915 2005 889 1984 782 1998"/>
                  </Shape>
                  <String CONTENT="marquee et blessee par le visaige."
                          HPOS="782.0"
                          VPOS="1864.0"
                          WIDTH="1276.0"
                          HEIGHT="171.0"/>
               </TextLine>
               <TextLine ID="eSc_line_494f1c76"
                         BASELINE="775 2178 1721 2175 2419 2202"
                         HPOS="768.0"
                         VPOS="2065.0"
                         WIDTH="1651.0"
                         HEIGHT="167.0"
                         TAGREFS="LT118">
                  <Shape>
                     <Polygon POINTS="775 2178 772 2065 848 2065 848 2065 848 2065 852 2065 852 2065 852 2065 855 2065 915 2098 949 2078 952 2078 952 2078 955 2078 955 2078 955 2078 959 2078 959 2078 962 2078 962 2078 1046 2108 1176 2091 1176 2091 1179 2091 1179 2091 1350 2115 1393 2088 1417 2071 1420 2071 1420 2071 1420 2071 1423 2071 1423 2071 1427 2071 1524 2071 1524 2071 1524 2071 1527 2071 1610 2095 1687 2118 1741 2101 1814 2075 1818 2075 1818 2075 1818 2075 1821 2075 1821 2075 1824 2075 1931 2105 1995 2081 1995 2081 1998 2081 1998 2081 1998 2081 2002 2081 2002 2081 2005 2081 2005 2081 2092 2115 2122 2128 2416 2128 2419 2202 2416 2218 2129 2228 2125 2228 2125 2228 2122 2228 2122 2228 2122 2228 2119 2228 2119 2228 2108 2218 2088 2202 1791 2195 1727 2215 1677 2232 1674 2232 1674 2232 1674 2232 1671 2232 1497 2228 1497 2228 1497 2228 1493 2228 1450 2215 1413 2202 1377 2215 1333 2228 1330 2228 1330 2228 1330 2228 1326 2228 1326 2228 1326 2228 1323 2228 1276 2212 1233 2198 1112 2208 1112 2208 1109 2208 1109 2208 1106 2208 1106 2208 1106 2208 1102 2208 1102 2208 1076 2188 865 2188 842 2212 832 2218 832 2222 832 2222 828 2222 828 2222 828 2222 825 2222 825 2222 822 2222 822 2222 822 2222 768 2208"/>
                  </Shape>
                  <String CONTENT="Claude vefve de feu Jehan maillat jadis Mayre"
                          HPOS="768.0"
                          VPOS="2065.0"
                          WIDTH="1651.0"
                          HEIGHT="167.0"/>
               </TextLine>
               <TextLine ID="eSc_line_09adaa0d"
                         BASELINE="822 2255 2436 2272"
                         HPOS="812.0"
                         VPOS="2175.0"
                         WIDTH="1624.0"
                         HEIGHT="127.0"
                         TAGREFS="LT118">
                  <Shape>
                     <Polygon POINTS="822 2255 818 2198 1099 2175 1102 2175 1102 2175 1102 2175 1106 2175 1106 2175 1106 2175 1159 2202 1159 2202 1159 2202 1179 2182 1179 2182 1183 2182 1183 2182 1183 2182 1186 2182 1186 2182 1186 2182 1189 2182 1189 2182 1193 2182 1193 2182 1193 2182 1196 2182 1196 2182 1219 2202 1223 2205 1356 2205 1356 2202 1400 2182 1400 2182 1400 2182 1403 2182 1403 2182 1407 2182 1407 2182 1410 2182 1493 2205 1504 2208 1671 2208 1674 2205 1778 2182 1778 2182 1778 2182 1781 2182 1781 2182 1781 2182 1784 2182 1784 2182 1844 2208 1844 2208 1844 2208 1868 2188 1868 2185 1871 2185 1871 2185 1871 2185 1875 2185 1875 2185 1878 2185 2105 2185 2105 2185 2105 2185 2108 2185 2108 2185 2108 2185 2112 2185 2112 2185 2112 2188 2112 2188 2132 2212 2135 2215 2219 2215 2219 2212 2242 2192 2242 2188 2242 2188 2246 2188 2246 2188 2246 2188 2249 2188 2249 2188 2252 2188 2252 2188 2436 2215 2436 2272 2429 2302 2316 2282 2296 2299 2296 2299 2292 2299 2292 2299 2292 2299 2289 2299 2289 2299 2289 2299 2289 2299 2286 2299 2286 2299 2286 2299 2169 2282 2132 2295 2119 2302 2119 2302 2115 2302 2115 2302 2115 2302 2112 2302 2112 2302 2108 2302 2108 2302 2088 2295 2038 2279 1935 2292 1921 2292 1921 2292 1918 2292 1918 2292 1898 2292 1784 2275 1577 2275 1567 2282 1550 2299 1550 2302 1550 2302 1547 2302 1547 2302 1547 2302 1544 2302 1544 2302 1540 2302 1540 2302 1540 2302 1430 2279 1420 2279 1410 2279 1320 2299 1320 2299 1320 2299 1316 2299 1316 2299 1199 2279 999 2295 995 2295 995 2295 995 2295 992 2295 992 2295 992 2295 989 2295 989 2295 972 2279 942 2295 942 2295 942 2295 939 2295 939 2295 939 2295 935 2295 935 2295 932 2295 932 2295 932 2295 929 2295 929 2295 895 2268 855 2285 855 2285 852 2285 852 2285 852 2285 848 2285 848 2285 845 2285 845 2285 845 2285 842 2285 812 2265"/>
                  </Shape>
                  <String CONTENT="a Courthedoubs depose, Quelle deposante"
                          HPOS="812.0"
                          VPOS="2175.0"
                          WIDTH="1624.0"
                          HEIGHT="127.0"/>
               </TextLine>
               <TextLine ID="eSc_line_9b415ce1"
                         BASELINE="825 2342 2463 2362"
                         HPOS="815"
                         VPOS="2265"
                         WIDTH="1648"
                         HEIGHT="134"
                         TAGREFS="LT118">
                  <Shape>
                     <Polygon POINTS="825 2342 825 2282 1149 2289 1186 2279 1243 2265 1246 2265 1250 2265 1253 2265 1286 2279 1303 2289 1310 2279 1323 2268 1323 2265 1326 2265 1330 2265 1333 2265 1423 2279 1504 2292 1534 2279 1560 2268 1564 2268 1567 2268 1570 2268 1590 2279 1617 2292 1641 2279 1651 2275 1654 2275 1657 2275 1661 2275 1671 2279 1701 2295 1861 2279 1908 2275 1911 2275 1915 2275 1928 2279 1985 2295 2022 2279 2028 2275 2032 2275 2035 2275 2192 2275 2195 2275 2199 2275 2202 2279 2225 2299 2256 2282 2259 2282 2262 2282 2266 2282 2269 2282 2292 2305 2389 2305 2456 2279 2463 2362 2459 2382 2336 2399 2332 2399 2329 2399 2279 2382 2262 2375 2235 2379 2182 2389 2179 2389 2175 2389 2135 2379 2112 2372 2105 2379 2085 2392 2082 2392 2078 2392 1918 2395 1915 2395 1911 2395 1908 2395 1881 2375 1875 2369 1861 2372 1808 2392 1804 2392 1801 2392 1798 2392 1758 2372 1751 2369 1731 2372 1667 2382 1664 2382 1594 2369 1570 2365 1557 2369 1490 2389 1487 2389 1483 2389 1480 2389 1477 2389 1477 2385 1457 2365 1453 2365 1443 2365 1340 2385 1336 2385 1333 2385 1330 2385 1303 2365 1300 2362 1283 2365 1163 2385 1159 2385 1052 2365 885 2382 882 2382 879 2382 815 2355"/>
                  </Shape>
                  <String CONTENT="a heu mauvaise opinion depuis quelle a ouys"
                          HPOS="815"
                          VPOS="2265"
                          WIDTH="1648"
                          HEIGHT="134"/>
               </TextLine>
               <TextLine ID="eSc_line_67aa8f4f"
                         BASELINE="795 2436 2439 2449"
                         HPOS="788.0"
                         VPOS="2352.0"
                         WIDTH="1651.0"
                         HEIGHT="117.0"
                         TAGREFS="LT118">
                  <Shape>
                     <Polygon POINTS="795 2436 795 2375 989 2375 989 2372 1009 2355 1009 2352 1009 2352 1012 2352 1012 2352 1012 2352 1016 2352 1016 2352 1016 2352 1019 2352 1019 2352 1133 2372 1166 2375 1209 2369 1320 2355 1320 2355 1323 2355 1323 2355 1323 2355 1326 2355 1326 2355 1330 2355 1330 2355 1330 2355 1343 2369 1350 2375 1370 2369 1410 2355 1413 2355 1413 2355 1413 2355 1417 2355 1417 2355 1420 2355 1420 2355 1453 2369 1483 2379 1544 2369 1614 2355 1614 2355 1617 2355 1617 2355 1617 2355 1674 2365 1751 2382 2152 2362 2195 2362 2199 2362 2199 2362 2199 2362 2202 2362 2202 2362 2202 2362 2205 2362 2205 2362 2205 2362 2205 2365 2229 2389 2272 2389 2312 2362 2316 2362 2316 2362 2316 2362 2316 2362 2319 2362 2319 2362 2322 2362 2439 2362 2439 2449 2433 2469 788 2462"/>
                  </Shape>
                  <String CONTENT="dire que ladite Annelin avoit greve a la fille"
                          HPOS="788.0"
                          VPOS="2352.0"
                          WIDTH="1651.0"
                          HEIGHT="117.0"/>
               </TextLine>
               <TextLine ID="eSc_line_e9fe51c4"
                         BASELINE="812 2532 1370 2529 2560 2559"
                         HPOS="802.0"
                         VPOS="2439.0"
                         WIDTH="1758.0"
                         HEIGHT="150.0"
                         TAGREFS="LT118">
                  <Shape>
                     <Polygon POINTS="812 2532 802 2462 852 2439 852 2439 855 2439 855 2439 855 2439 858 2439 858 2439 1029 2466 1052 2469 1059 2466 1099 2449 1099 2449 1102 2449 1102 2449 1102 2449 1106 2449 1106 2449 1106 2449 1203 2469 1223 2472 1270 2469 1550 2452 1554 2452 1554 2452 1554 2452 1557 2452 1557 2452 1557 2452 1560 2452 1560 2452 1587 2476 1590 2479 1604 2476 1674 2459 1677 2459 1677 2459 1681 2459 1681 2459 1681 2459 1684 2459 1684 2459 1687 2459 1687 2459 1687 2459 1707 2479 1711 2482 1831 2482 1838 2482 1895 2459 1895 2459 1898 2459 1898 2459 1901 2459 1901 2459 1901 2459 1905 2459 1981 2482 1988 2486 1991 2482 2032 2462 2032 2462 2032 2462 2035 2462 2035 2462 2035 2462 2038 2462 2038 2462 2038 2462 2042 2462 2042 2462 2042 2462 2085 2486 2092 2489 2115 2486 2239 2466 2239 2466 2242 2466 2242 2466 2560 2496 2560 2559 2553 2586 2215 2569 2155 2583 2119 2589 2119 2589 2119 2589 2115 2589 2115 2589 2115 2589 2112 2589 2112 2589 2092 2583 2045 2563 1925 2563 1891 2579 1888 2583 1885 2583 1885 2583 1881 2583 1881 2583 1881 2586 1714 2586 1711 2583 1711 2583 1707 2583 1707 2583 1687 2576 1644 2559 1617 2576 1610 2579 1607 2579 1607 2579 1604 2579 1604 2579 1604 2579 1600 2579 1600 2579 1600 2579 1570 2576 1497 2559 1373 2573 1350 2573 1350 2573 1346 2573 1346 2573 1343 2573 1343 2573 1343 2573 1340 2573 1340 2573 1340 2573 1320 2556 1253 2569 1233 2573 1233 2573 1233 2573 1229 2573 1229 2573 1226 2573 1226 2573 1216 2569 1153 2546 1096 2569 1089 2569 1089 2569 1086 2569 1086 2569 1082 2569 1082 2569 1082 2569 1079 2569 1079 2569 1076 2569 1019 2543 975 2563 975 2563 972 2563 972 2563 972 2563 969 2563 969 2563 965 2563 965 2563 915 2546 808 2563"/>
                  </Shape>
                  <String CONTENT="Pierre Broingne. En ce quelle deposante avoit"
                          HPOS="802.0"
                          VPOS="2439.0"
                          WIDTH="1758.0"
                          HEIGHT="150.0"/>
               </TextLine>
               <TextLine ID="eSc_line_b7a69f42"
                         BASELINE="701 2619 2500 2636"
                         HPOS="698.0"
                         VPOS="2539.0"
                         WIDTH="1802.0"
                         HEIGHT="137.0"
                         TAGREFS="LT118">
                  <Shape>
                     <Polygon POINTS="701 2619 701 2539 808 2566 1009 2566 1059 2546 1072 2543 1076 2543 1076 2543 1076 2543 1079 2543 1079 2543 1079 2543 1109 2549 1193 2566 1306 2553 1397 2543 1397 2543 1400 2543 1400 2543 1400 2543 1403 2543 1443 2556 1483 2569 1564 2559 1664 2546 1664 2546 1667 2546 1667 2546 1671 2546 1671 2546 1671 2546 1674 2546 1674 2546 1694 2563 1701 2569 1731 2563 1764 2556 1764 2556 1764 2556 1768 2556 1768 2556 1768 2556 1814 2566 1858 2573 1911 2566 2062 2549 2062 2549 2065 2549 2065 2549 2068 2549 2068 2549 2129 2573 2139 2576 2149 2573 2195 2553 2195 2553 2199 2553 2199 2553 2199 2553 2202 2553 2202 2553 2205 2553 2205 2553 2205 2553 2209 2553 2242 2576 2246 2576 2249 2576 2322 2556 2326 2556 2326 2556 2329 2556 2329 2556 2329 2556 2332 2556 2332 2556 2332 2556 2336 2556 2362 2576 2386 2556 2389 2556 2389 2556 2389 2556 2393 2556 2393 2556 2393 2556 2396 2556 2396 2556 2399 2556 2500 2583 2500 2636 2496 2666 2192 2676 2189 2676 2189 2676 2185 2676 2185 2676 2159 2666 2125 2653 2105 2666 2102 2666 2102 2666 2102 2666 2102 2666 2098 2666 2098 2666 2095 2666 2095 2666 2085 2666 1968 2649 1941 2666 1931 2673 1928 2673 1928 2673 1928 2673 1925 2673 1925 2673 1925 2676 1814 2676 1811 2673 1811 2673 1808 2673 1808 2673 1808 2673 1804 2673 1804 2673 1798 2666 1771 2643 1390 2643 1300 2663 1280 2666 1280 2666 1280 2669 1092 2669 1089 2666 1089 2666 1086 2666 1086 2666 1072 2663 1006 2639 698 2659"/>
                  </Shape>
                  <String CONTENT="Une fille que devint tout enflee de laquelle"
                          HPOS="698.0"
                          VPOS="2539.0"
                          WIDTH="1802.0"
                          HEIGHT="137.0"/>
               </TextLine>
               <TextLine ID="eSc_line_9bdd465c"
                         BASELINE="808 2703 1691 2710 2513 2733"
                         HPOS="805.0"
                         VPOS="2629.0"
                         WIDTH="1708.0"
                         HEIGHT="141.0"
                         TAGREFS="LT118">
                  <Shape>
                     <Polygon POINTS="808 2703 808 2649 1039 2649 1123 2629 1126 2629 1126 2629 1129 2629 1129 2629 1133 2629 1219 2653 1243 2633 1243 2629 1243 2629 1246 2629 1246 2629 1246 2629 1250 2629 1250 2629 1253 2629 1350 2629 1350 2629 1350 2629 1487 2653 1520 2633 1524 2633 1524 2633 1527 2633 1527 2633 1527 2633 1530 2633 1530 2633 1534 2633 1594 2649 1677 2636 1677 2636 1681 2636 1681 2636 1681 2636 1684 2636 1684 2636 1684 2636 1687 2636 1687 2639 1714 2659 1811 2646 1811 2646 1814 2646 1814 2646 1814 2646 1818 2646 1818 2646 1818 2646 1821 2646 1821 2646 1841 2663 1938 2643 1938 2643 1938 2643 1941 2643 1941 2643 1945 2643 1945 2643 2002 2666 2005 2669 2135 2669 2152 2669 2316 2646 2316 2646 2319 2646 2319 2646 2513 2676 2513 2733 2510 2746 2322 2770 2319 2770 2125 2766 2125 2766 2125 2766 2122 2766 2122 2766 2058 2743 2055 2743 2048 2743 1951 2763 1951 2763 1951 2763 1948 2763 1948 2763 1948 2763 1945 2763 1945 2763 1941 2763 1908 2743 1891 2733 1828 2740 1781 2746 1781 2746 1778 2746 1778 2746 1778 2746 1774 2746 1774 2746 1761 2740 1734 2726 1457 2726 1430 2736 1403 2750 1403 2750 1400 2750 1400 2750 1400 2750 1397 2750 1397 2750 1273 2736 1129 2720 1096 2733 1066 2746 1066 2746 1062 2746 1062 2746 1062 2746 1059 2746 1059 2746 1059 2746 995 2733 945 2723 805 2730"/>
                  </Shape>
                  <String CONTENT="elle mourut. Et ce doultant que sadite fille"
                          HPOS="805.0"
                          VPOS="2629.0"
                          WIDTH="1708.0"
                          HEIGHT="141.0"/>
               </TextLine>
               <TextLine ID="eSc_line_aa18d98c"
                         BASELINE="812 2790 2426 2817"
                         HPOS="802.0"
                         VPOS="2713.0"
                         WIDTH="1624.0"
                         HEIGHT="147.0"
                         TAGREFS="LT118">
                  <Shape>
                     <Polygon POINTS="812 2790 808 2733 1209 2713 1213 2713 1213 2713 1213 2713 1310 2736 1330 2740 1336 2736 1373 2716 1373 2716 1373 2716 1377 2716 1377 2716 1377 2716 1380 2716 1380 2716 1383 2716 1383 2716 1383 2716 1387 2716 1387 2716 1410 2736 1420 2743 1433 2736 1470 2720 1470 2720 1470 2720 1473 2720 1473 2720 1477 2720 1477 2720 1664 2740 1687 2740 1694 2740 1734 2723 1734 2723 1737 2723 1737 2723 1741 2723 1741 2723 1741 2723 1744 2723 1794 2740 1828 2750 1864 2740 1915 2726 1918 2726 1918 2726 1921 2726 1921 2726 1921 2726 1925 2726 1925 2726 1928 2726 1948 2740 1965 2750 1991 2740 2032 2730 2035 2730 2035 2730 2035 2730 2038 2730 2038 2730 2042 2730 2085 2743 2125 2753 2419 2746 2426 2817 2419 2840 2339 2833 2309 2840 2229 2860 2225 2860 2225 2860 2222 2860 2222 2860 2219 2860 2139 2840 2055 2853 2055 2853 2052 2853 2052 2853 2052 2853 2048 2853 2048 2853 2002 2833 1988 2827 1965 2833 1868 2853 1868 2853 1868 2853 1864 2853 1864 2853 1861 2853 1861 2853 1861 2853 1858 2853 1821 2830 1814 2823 1798 2827 1741 2847 1737 2847 1737 2847 1737 2847 1734 2847 1734 2847 1580 2823 1554 2820 1547 2823 1517 2847 1517 2847 1514 2847 1514 2847 1514 2847 1510 2847 1510 2847 1510 2850 1440 2850 1437 2847 1437 2847 1433 2847 1433 2847 1433 2847 1430 2847 1430 2847 1430 2843 1403 2820 1397 2813 1109 2813 1106 2813 1019 2840 1016 2840 1016 2840 1016 2840 1012 2840 855 2833 855 2833 855 2833 852 2833 852 2833 852 2833 802 2807"/>
                  </Shape>
                  <String CONTENT="avoit perdus sa coiffe aux Lovres et parce"
                          HPOS="802.0"
                          VPOS="2713.0"
                          WIDTH="1624.0"
                          HEIGHT="147.0"/>
               </TextLine>
               <TextLine ID="eSc_line_c2009cf1"
                         BASELINE="825 2887 1888 2893 2479 2923"
                         HPOS="818"
                         VPOS="2803"
                         WIDTH="1661"
                         HEIGHT="151"
                         TAGREFS="LT118">
                  <Shape>
                     <Polygon POINTS="825 2887 818 2830 865 2813 868 2813 872 2813 1032 2830 1082 2803 1086 2803 1089 2803 1092 2803 1096 2803 1146 2833 1280 2807 1283 2807 1413 2810 1417 2810 1420 2810 1463 2837 1527 2813 1530 2813 1534 2813 1674 2813 1768 2833 1854 2817 1858 2817 2065 2843 2095 2823 2098 2823 2102 2823 2105 2823 2108 2823 2112 2823 2152 2850 2155 2853 2242 2853 2242 2850 2269 2830 2272 2830 2276 2830 2279 2830 2282 2830 2326 2853 2332 2857 2479 2857 2479 2923 2473 2954 2349 2930 2299 2954 2296 2954 2292 2954 2289 2954 2286 2954 2279 2950 2215 2927 2155 2950 2152 2950 2149 2950 2145 2950 2142 2950 2139 2950 2078 2917 1901 2947 1885 2947 1881 2947 1814 2944 1811 2944 1808 2944 1808 2940 1778 2910 1500 2910 1440 2937 1437 2937 1433 2937 1430 2937 1370 2907 1316 2920 1313 2920 1310 2920 1306 2920 1303 2920 1283 2903 1163 2933 1156 2933 1153 2933 1143 2933 975 2913 822 2927"/>
                  </Shape>
                  <String CONTENT="quon chargeoit La fille de ladite Annelin lavoir"
                          HPOS="818"
                          VPOS="2803"
                          WIDTH="1661"
                          HEIGHT="151"/>
               </TextLine>
               <TextLine ID="eSc_line_ac4ea978"
                         BASELINE="822 2997 1808 2990 2489 3024"
                         HPOS="812.0"
                         VPOS="2903.0"
                         WIDTH="1677.0"
                         HEIGHT="164.0"
                         TAGREFS="LT118">
                  <Shape>
                     <Polygon POINTS="822 2997 812 2937 872 2903 872 2903 872 2903 875 2903 875 2903 875 2903 879 2903 879 2903 882 2903 882 2903 882 2903 885 2903 919 2927 1086 2907 1086 2907 1089 2907 1089 2907 1089 2907 1092 2907 1092 2907 1092 2907 1139 2933 1253 2937 1310 2910 1310 2910 1310 2910 1313 2910 1313 2910 1316 2910 1316 2910 1320 2910 1403 2930 1597 2910 1600 2910 1741 2913 1741 2913 1741 2913 1744 2913 1744 2913 1744 2913 1801 2944 1988 2917 1988 2917 1991 2917 1991 2917 1991 2917 1995 2917 2075 2944 2105 2923 2108 2923 2108 2923 2108 2923 2112 2923 2112 2923 2115 2923 2115 2923 2115 2923 2119 2923 2202 2950 2209 2954 2489 2954 2489 3024 2486 3067 2222 3067 2219 3064 2219 3064 2215 3064 2215 3064 2215 3064 2212 3064 2212 3064 2212 3060 2175 3034 2095 3050 2095 3050 2095 3050 2092 3050 2092 3050 2092 3050 2088 3050 2088 3050 2088 3050 2085 3050 2032 3014 1958 3014 1898 3047 1895 3047 1895 3047 1891 3047 1891 3047 1891 3047 1888 3047 1888 3047 1885 3047 1885 3047 1794 3010 1661 3027 1661 3027 1657 3027 1657 3027 1654 3027 1654 3027 1597 3007 1360 3024 1356 3024 1356 3024 1356 3024 1353 3024 1286 3007 1239 3047 1239 3047 1236 3047 1236 3047 1236 3047 1236 3047 1233 3047 1233 3047 1229 3047 1229 3047 1229 3047 1226 3047 1226 3047 1226 3047 1146 3014 1109 3030 1109 3030 1109 3030 1106 3030 1106 3030 1102 3030 1102 3030 1099 3030 1032 3014 975 3044 975 3044 975 3044 975 3044 972 3044 972 3044 969 3044 815 3040"/>
                  </Shape>
                  <String CONTENT="cache, deposante dit avoir heu ceste opinion"
                          HPOS="812.0"
                          VPOS="2903.0"
                          WIDTH="1677.0"
                          HEIGHT="164.0"/>
               </TextLine>
               <TextLine ID="eSc_line_454492e5"
                         BASELINE="855 3091 1417 3081"
                         HPOS="848.0"
                         VPOS="3007.0"
                         WIDTH="569.0"
                         HEIGHT="127.0"
                         TAGREFS="LT118">
                  <Shape>
                     <Polygon POINTS="855 3091 848 3020 1407 3007 1417 3081 1417 3111 1186 3127 1183 3127 1183 3127 1149 3124 1056 3111 855 3134"/>
                  </Shape>
                  <String CONTENT="depuis delle."
                          HPOS="848.0"
                          VPOS="3007.0"
                          WIDTH="569.0"
                          HEIGHT="127.0"/>
               </TextLine>
            </TextBlock>
            <TextBlock HPOS="1523"
                       VPOS="122"
                       WIDTH="539"
                       HEIGHT="100"
                       ID="eSc_textblock_31cef78a"
                       TAGREFS="BT369">
               <Shape>
                  <Polygon POINTS="1523 135 1523 222 2062 207 2058 122"/>
               </Shape>
               <TextLine ID="eSc_line_85fa6bc9"
                         BASELINE="1540 207 2045 197"
                         HPOS="1530"
                         VPOS="110"
                         WIDTH="515"
                         HEIGHT="130"
                         TAGREFS="LT118">
                  <Shape>
                     <Polygon POINTS="1540 207 1530 130 1604 113 1607 113 1610 113 1647 123 1697 137 1861 137 1905 113 1915 110 1918 110 1921 110 2038 110 2045 197 2045 220 1704 240 1701 240 1537 223"/>
                  </Shape>
                  <String CONTENT="1603, avril 16"
                          HPOS="1530"
                          VPOS="110"
                          WIDTH="515"
                          HEIGHT="130"/>
               </TextLine>
            </TextBlock>
            <TextBlock HPOS="1363"
                       VPOS="3715"
                       WIDTH="117"
                       HEIGHT="157"
                       ID="eSc_textblock_a91265a4"
                       TAGREFS="BT370">
               <Shape>
                  <Polygon POINTS="1480 3742 1453 3872 1363 3859 1377 3715"/>
               </Shape>
               <TextLine ID="eSc_line_2e818291"
                         BASELINE="1374 3815 1450 3813"
                         HPOS="1366"
                         VPOS="3732"
                         WIDTH="81"
                         HEIGHT="164"
                         TAGREFS="LT118">
                  <Shape>
                     <Polygon POINTS="1373 3812 1366 3762 1440 3732 1447 3812 1443 3896 1370 3879"/>
                  </Shape>
                  <String CONTENT="1" HPOS="1366" VPOS="3732" WIDTH="81" HEIGHT="164"/>
               </TextLine>
            </TextBlock>
            <TextBlock HPOS="2348"
                       VPOS="3761"
                       WIDTH="64"
                       HEIGHT="80"
                       ID="eSc_textblock_f7759937"
                       TAGREFS="BT371">
               <Shape>
                  <Polygon POINTS="2348 3761 2348 3841 2412 3841 2412 3761"/>
               </Shape>
               <TextLine ID="eSc_line_a2212792"
                         BASELINE="2360 3818 2403 3818"
                         HPOS="2359"
                         VPOS="3749"
                         WIDTH="40"
                         HEIGHT="97"
                         TAGREFS="LT118">
                  <Shape>
                     <Polygon POINTS="2359 3816 2359 3749 2399 3749 2399 3816 2399 3836 2359 3846"/>
                  </Shape>
                  <String CONTENT="1" HPOS="2359" VPOS="3749" WIDTH="40" HEIGHT="97"/>
               </TextLine>
            </TextBlock>
            <TextBlock HPOS="1324"
                       VPOS="128"
                       WIDTH="76"
                       HEIGHT="39"
                       ID="eSc_textblock_31fd551b"
                       TAGREFS="BT379">
               <Shape>
                  <Polygon POINTS="1324 166 1346 128 1400 133 1400 167 1398 167"/>
               </Shape>
            </TextBlock>
         </PrintSpace>
      </Page>
   </Layout>
</alto>
