<alto xmlns:xsi="http://www.w3.org/2001/XMLSchema-instance"
      xmlns="http://www.loc.gov/standards/alto/ns-v4#"
      xsi:schemaLocation="http://www.loc.gov/standards/alto/ns-v4# http://www.loc.gov/standards/alto/v4/alto-4-2.xsd">
   <Description>
      <MeasurementUnit>pixel</MeasurementUnit>
      <sourceImageInformation>
         <fileName>B_168_15-9-2_0007.jpg</fileName>
      </sourceImageInformation>
   </Description>
   <Tags>
      <OtherTag ID="BT365"
                LABEL="MainZone:column"
                DESCRIPTION="block type MainZone:column"/>
      <OtherTag ID="BT367" LABEL="MainZone" DESCRIPTION="block type MainZone"/>
      <OtherTag ID="BT368"
                LABEL="MarginTextZone"
                DESCRIPTION="block type MarginTextZone"/>
      <OtherTag ID="BT369"
                LABEL="MarginTextZone:note"
                DESCRIPTION="block type MarginTextZone:note"/>
      <OtherTag ID="BT370"
                LABEL="NumberingZone:other"
                DESCRIPTION="block type NumberingZone:other"/>
      <OtherTag ID="BT371"
                LABEL="NumberingZone:page"
                DESCRIPTION="block type NumberingZone:page"/>
      <OtherTag ID="BT379"
                LABEL="DecorationZone"
                DESCRIPTION="block type DecorationZone"/>
      <OtherTag ID="BT380"
                LABEL="CustomZone:signature"
                DESCRIPTION="block type CustomZone:signature"/>
      <OtherTag ID="LT118" LABEL="DefaultLine" DESCRIPTION="line type DefaultLine"/>
      <OtherTag ID="LT119" LABEL="HeadingLine" DESCRIPTION="line type HeadingLine"/>
      <OtherTag ID="LT120"
                LABEL="InterlinearLine"
                DESCRIPTION="line type InterlinearLine"/>
   </Tags>
   <Layout>
      <Page WIDTH="2754"
            HEIGHT="3743"
            PHYSICAL_IMG_NR="28"
            ID="eSc_dummypage_">
         <PrintSpace HPOS="0" VPOS="0" WIDTH="2754" HEIGHT="3743">
            <TextBlock HPOS="332"
                       VPOS="151"
                       WIDTH="306"
                       HEIGHT="394"
                       ID="eSc_textblock_cd6dbaaf"
                       TAGREFS="BT370">
               <Shape>
                  <Polygon POINTS="332 151 332 545 638 545 638 151"/>
               </Shape>
               <TextLine ID="eSc_line_e9864a7f"
                         BASELINE="386 461 620 434"
                         HPOS="359"
                         VPOS="205"
                         WIDTH="262"
                         HEIGHT="365"
                         TAGREFS="LT118">
                  <Shape>
                     <Polygon POINTS="384 458 359 258 590 205 618 433 621 492 565 499 524 527 471 564 468 564 465 564 396 570"/>
                  </Shape>
                  <String CONTENT="76" HPOS="359" VPOS="205" WIDTH="262" HEIGHT="365"/>
               </TextLine>
            </TextBlock>
            <TextBlock HPOS="230"
                       VPOS="576"
                       WIDTH="164"
                       HEIGHT="133"
                       ID="eSc_textblock_f203357f"
                       TAGREFS="BT368">
               <Shape>
                  <Polygon POINTS="230 576 230 709 394 709 394 576"/>
               </Shape>
               <TextLine ID="eSc_line_a63ef594"
                         BASELINE="277 668 309 677 331 675"
                         HPOS="268"
                         VPOS="580"
                         WIDTH="66"
                         HEIGHT="115"
                         TAGREFS="LT118">
                  <Shape>
                     <Polygon POINTS="274 667 287 580 334 586 330 673 324 695 268 692"/>
                  </Shape>
                  <String CONTENT="7" HPOS="268" VPOS="580" WIDTH="66" HEIGHT="115"/>
               </TextLine>
            </TextBlock>
            <TextBlock HPOS="649"
                       VPOS="124"
                       WIDTH="1880"
                       HEIGHT="3191"
                       ID="eSc_textblock_b22ce45a"
                       TAGREFS="BT367">
               <Shape>
                  <Polygon POINTS="2479 1394 2191 1494 1592 1497 2067 1509 2229 1547 2195 1572 2454 1597 2441 1943 2316 2018 2045 2030 2092 2068 2042 2080 1345 2092 2179 2121 2229 2133 2282 2283 2516 2333 2529 2479 2416 3006 2454 3265 2092 3315 1530 3253 774 3278 749 3081 649 3066 661 2994 749 2991 761 2445 699 2354 749 2108 999 2068 761 2018 761 1734 674 1693 661 1606 749 1543 661 1497 724 1481 761 1344 774 761 724 658 736 461 699 446 761 333 761 124 2441 199 2404 358 2154 446 2466 536 2441 845 2516 1110"/>
               </Shape>
               <TextLine ID="eSc_line_60593f1a"
                         BASELINE="768 227 2429 258"
                         HPOS="761"
                         VPOS="143"
                         WIDTH="1668"
                         HEIGHT="150"
                         TAGREFS="LT118">
                  <Shape>
                     <Polygon POINTS="768 227 765 171 896 143 899 143 1017 165 1042 146 1046 146 1049 146 1052 146 1055 146 1111 168 1167 159 1170 159 1174 159 1177 159 1189 171 1195 177 1211 171 1261 152 1264 152 1267 152 1433 152 1436 152 1439 152 1464 171 1480 187 1598 187 1620 174 1636 162 1639 162 1642 162 1645 162 1648 162 1695 174 1761 190 1811 174 1845 162 1848 162 1851 162 1854 162 1882 174 1929 196 2104 196 2176 174 2201 168 2204 168 2207 168 2210 168 2226 174 2266 199 2307 174 2313 171 2316 171 2319 171 2323 171 2426 177 2429 258 2426 274 2301 293 2298 293 2295 293 2257 274 2254 271 2032 271 2029 271 1932 293 1929 293 1648 268 1620 286 1617 286 1614 286 1611 286 1430 262 1414 262 1401 262 1302 280 1298 280 1295 280 1239 258 1224 255 1205 258 1127 277 1124 277 1120 277 1055 258 1033 252 999 255 902 271 899 271 761 252"/>
                  </Shape>
                  <String CONTENT="enffans bastien Simon, une jument au voueble"
                          HPOS="761"
                          VPOS="143"
                          WIDTH="1668"
                          HEIGHT="150"/>
               </TextLine>
               <TextLine ID="eSc_line_fe51630a"
                         BASELINE="783 321 2348 343"
                         HPOS="777"
                         VPOS="249"
                         WIDTH="1571"
                         HEIGHT="122"
                         TAGREFS="LT118">
                  <Shape>
                     <Polygon POINTS="783 321 783 249 1149 274 1202 258 1211 255 1214 255 1217 255 1220 255 1224 255 1227 258 1255 277 1280 258 1283 258 1286 258 1289 258 1292 258 1298 258 1339 277 1405 262 1430 258 1433 258 1436 258 1439 258 1439 262 1442 262 1442 265 1458 280 1567 268 1592 265 1595 265 1636 268 1779 283 1798 271 1807 265 1811 265 1814 265 1817 265 1820 265 1851 274 1904 290 2048 290 2070 277 2098 268 2101 268 2104 268 2107 268 2132 280 2154 290 2341 286 2348 343 2341 371 2120 355 1898 361 1689 368 1686 368 1683 368 1679 368 1679 364 1670 355 1664 352 1648 355 1604 364 1601 364 1539 352 1511 349 1464 352 1323 361 1320 361 1317 361 1280 346 1273 346 1267 346 1205 358 1202 358 1199 358 1164 343 1158 343 1149 343 1077 358 1074 358 777 333"/>
                  </Shape>
                  <String CONTENT="et ung veau au claivier et donne le mal"
                          HPOS="777"
                          VPOS="249"
                          WIDTH="1571"
                          HEIGHT="122"/>
               </TextLine>
               <TextLine ID="eSc_line_0774d18b"
                         BASELINE="777 414 1130 402 1892 405"
                         HPOS="771"
                         VPOS="333"
                         WIDTH="1121"
                         HEIGHT="103"
                         TAGREFS="LT118">
                  <Shape>
                     <Polygon POINTS="777 414 771 361 861 358 883 336 883 333 886 333 889 333 893 333 1036 333 1039 333 1042 333 1067 352 1136 333 1139 333 1142 333 1145 333 1149 333 1149 336 1170 355 1208 333 1211 333 1214 333 1336 333 1339 333 1342 333 1373 355 1533 333 1536 333 1539 333 1608 355 1611 355 1645 339 1648 339 1651 339 1889 355 1892 405 1889 414 1798 436 1795 436 1567 417 1542 417 1536 417 1511 436 1508 436 1505 436 1501 436 1423 421 1395 414 1267 414 1261 421 1242 436 1239 436 1236 436 1233 436 1230 436 1186 421 1164 414 1145 421 1117 433 1114 433 1111 433 1108 433 1086 424 1077 417 1074 424 1061 433 1061 436 1058 436 1055 436 1052 436 774 424"/>
                  </Shape>
                  <String CONTENT="a Richard chavanne de Cueve."
                          HPOS="771"
                          VPOS="333"
                          WIDTH="1121"
                          HEIGHT="103"/>
               </TextLine>
               <TextLine ID="eSc_line_faf25669"
                         BASELINE="732 580 1137 567"
                         HPOS="721"
                         VPOS="458"
                         WIDTH="415"
                         HEIGHT="147"
                         TAGREFS="LT118">
                  <Shape>
                     <Polygon POINTS="730 577 721 495 852 461 855 461 858 461 861 461 911 480 989 458 992 458 996 458 1130 483 1136 564 1136 580 730 605"/>
                  </Shape>
                  <String CONTENT="Bernard"
                          HPOS="721"
                          VPOS="458"
                          WIDTH="415"
                          HEIGHT="147"/>
               </TextLine>
               <TextLine ID="eSc_line_33076fd0"
                         TAGREFS="LT120"
                         BASELINE="1186 511 1286 513"
                         HPOS="1177"
                         VPOS="446"
                         WIDTH="106"
                         HEIGHT="74">
                  <Shape>
                     <Polygon POINTS="1183 508 1183 446 1283 449 1283 511 1277 520 1177 517"/>
                  </Shape>
                  <String CONTENT="fils"
                          HPOS="1177"
                          VPOS="446"
                          WIDTH="106"
                          HEIGHT="74"/>
               </TextLine>
               <TextLine ID="eSc_line_d88b3035"
                         BASELINE="1188 562 2431 580"
                         HPOS="1186"
                         VPOS="467"
                         WIDTH="1243"
                         HEIGHT="144"
                         TAGREFS="LT118">
                  <Shape>
                     <Polygon POINTS="1186 561 1186 467 1401 470 1405 470 1408 470 1414 477 1445 499 1564 511 1633 492 1636 492 1639 492 1795 514 1842 495 1857 489 1860 489 1864 489 1939 499 2032 514 2060 505 2088 495 2092 495 2095 495 2098 495 2129 508 2148 517 2160 511 2201 486 2204 486 2207 486 2210 486 2213 486 2276 514 2316 502 2319 502 2323 502 2429 524 2429 577 2423 601 2295 586 2251 601 2226 611 2223 611 2220 611 2216 611 2198 601 2170 586 2132 601 2113 608 2110 608 2107 608 2104 608 2101 608 2095 601 2076 586 2057 601 2054 601 2051 601 2048 601 2032 601 1882 580 1839 598 1829 605 1826 605 1823 605 1820 605 1817 605 1814 598 1786 580 1695 592 1692 592 1589 577 1464 598 1436 601 1433 601 1327 598 1323 598 1320 598 1273 573 1186 595"/>
                  </Shape>
                  <String CONTENT="gui Jehan Noel mahon depose avoir"
                          HPOS="1186"
                          VPOS="467"
                          WIDTH="1243"
                          HEIGHT="144"/>
               </TextLine>
               <TextLine ID="eSc_line_2cda1816"
                         BASELINE="740 639 2423 645"
                         HPOS="733"
                         VPOS="570"
                         WIDTH="1690"
                         HEIGHT="128"
                         TAGREFS="LT118">
                  <Shape>
                     <Polygon POINTS="740 639 740 580 1480 586 1539 577 1570 570 1573 570 1576 570 1579 570 1579 573 1583 573 1583 577 1595 589 1667 573 1679 573 1683 573 1686 573 1689 573 1707 589 1742 573 1745 573 1748 573 1751 573 1767 573 1857 589 1942 573 1951 573 1954 573 1957 573 1960 573 1989 589 2076 573 2082 573 2085 573 2088 573 2123 592 2316 592 2419 573 2423 645 2423 655 2348 679 2344 679 2341 679 2338 679 2248 655 2241 655 2232 655 2145 670 2142 670 2138 670 2110 655 2104 655 1873 655 1870 655 1779 695 1776 695 1776 698 1583 698 1579 695 1514 692 1511 692 1508 692 1461 655 1458 651 1442 655 1305 683 1302 683 1298 683 1295 683 1270 664 1230 692 1227 692 1224 692 1220 692 1217 692 1214 692 1161 655 1136 655 996 655 886 692 883 692 880 692 877 692 874 692 874 689 849 664 733 651"/>
                  </Shape>
                  <String CONTENT="ouys dire en presentce de plusieurs Quil avoit oys"
                          HPOS="733"
                          VPOS="570"
                          WIDTH="1690"
                          HEIGHT="128"/>
               </TextLine>
               <TextLine ID="eSc_line_c8455541"
                         BASELINE="783 729 2351 708"
                         HPOS="774"
                         VPOS="639"
                         WIDTH="1577"
                         HEIGHT="134"
                         TAGREFS="LT118">
                  <Shape>
                     <Polygon POINTS="783 729 774 683 836 664 839 664 843 664 952 673 996 655 999 655 1002 655 1102 673 1286 658 1289 658 1292 658 1327 670 1358 651 1361 651 1364 651 1367 651 1370 651 1439 670 1536 648 1539 648 1542 648 1545 648 1576 670 1670 670 1739 645 1742 645 1745 645 1842 658 1895 642 1898 642 1901 642 1904 642 1907 642 1942 664 2092 664 2120 639 2123 639 2126 639 2129 639 2344 661 2351 708 2351 723 2263 745 2260 745 2257 745 2254 745 2232 726 2229 723 2138 723 2088 729 1901 757 1901 761 1820 761 1817 757 1814 757 1811 757 1811 754 1789 736 1782 729 1639 729 1623 739 1589 761 1586 761 1583 761 1579 761 1576 761 1511 742 1483 733 1473 742 1455 761 1455 764 1451 764 1448 764 1448 767 1389 767 1386 764 1383 764 1380 764 1348 745 1330 736 1270 736 1258 745 1236 764 1236 767 1233 767 1230 767 1230 770 1117 770 1114 767 1111 767 1108 767 1108 764 1089 748 1077 739 1021 739 1005 751 986 767 986 770 983 770 980 770 980 773 902 773 899 770 896 770 864 754 839 742 786 754"/>
                  </Shape>
                  <String CONTENT="audit henri que il se vouloir descharger Que"
                          HPOS="774"
                          VPOS="639"
                          WIDTH="1577"
                          HEIGHT="134"/>
               </TextLine>
               <TextLine ID="eSc_line_a5d99e94"
                         BASELINE="799 810 2382 798"
                         HPOS="789"
                         VPOS="726"
                         WIDTH="1593"
                         HEIGHT="116"
                         TAGREFS="LT118">
                  <Shape>
                     <Polygon POINTS="799 810 789 764 855 736 858 736 861 736 955 757 1005 733 1008 733 1011 733 1014 733 1061 757 1064 757 1236 757 1236 754 1261 733 1261 729 1264 729 1267 729 1270 729 1367 729 1370 729 1373 729 1401 751 1405 754 1411 751 1455 729 1458 729 1461 729 1523 742 1698 726 1701 726 1704 726 1707 726 1707 729 1723 745 1729 751 1745 745 1789 726 1792 726 1795 726 1798 726 1851 742 1885 751 1907 742 1920 736 1923 736 1926 736 1929 736 1942 739 1979 751 2017 739 2026 736 2029 736 2032 736 2051 739 2117 748 2135 736 2145 726 2148 726 2151 726 2154 726 2157 726 2160 726 2173 736 2195 748 2373 733 2382 798 2379 820 2223 829 2220 829 2216 829 2198 823 2163 814 2142 826 2132 829 2129 829 2126 829 2123 829 2120 829 2113 826 2095 814 1923 826 1854 832 1851 832 1848 832 1845 832 1842 829 1826 817 1807 829 1804 832 1801 832 1798 832 1795 832 1792 832 1789 832 1789 829 1786 829 1770 810 1664 810 1508 832 1483 835 1480 835 1476 835 1473 832 1436 814 1295 835 1289 835 1286 835 1283 835 1195 814 1180 826 1180 829 1177 829 1174 829 1170 829 1036 820 1008 839 1005 839 1002 839 999 839 893 820 802 842"/>
                  </Shape>
                  <String CONTENT="sa femme estoit resolue et en volonte de"
                          HPOS="789"
                          VPOS="726"
                          WIDTH="1593"
                          HEIGHT="116"/>
               </TextLine>
               <TextLine ID="eSc_line_fe4faa8f"
                         BASELINE="783 888 1701 879 2419 898"
                         HPOS="780"
                         VPOS="807"
                         WIDTH="1639"
                         HEIGHT="106"
                         TAGREFS="LT118">
                  <Shape>
                     <Polygon POINTS="783 888 780 835 886 835 886 832 914 810 914 807 918 807 921 807 924 807 927 807 1021 832 1021 835 1202 835 1202 832 1236 807 1239 807 1242 807 1245 807 1330 807 1333 807 1336 807 1336 810 1352 823 1364 810 1364 807 1367 807 1370 807 1373 807 1480 807 1483 807 1542 832 1551 839 1707 839 1714 832 1761 810 1764 810 1767 810 1770 810 1848 832 1864 839 1954 839 1960 832 1992 810 1995 810 1998 810 2001 810 2060 810 2063 810 2067 810 2067 814 2085 832 2142 810 2145 810 2148 810 2151 810 2210 832 2223 835 2245 832 2354 810 2357 810 2360 810 2419 832 2419 898 2413 913 1879 895 1736 913 1726 913 1723 913 1720 913 1676 892 1514 892 1423 910 1420 910 1292 892 1214 910 1211 910 1211 913 780 913"/>
                  </Shape>
                  <String CONTENT="mectre le feu en la maison de ses freres et"
                          HPOS="780"
                          VPOS="807"
                          WIDTH="1639"
                          HEIGHT="106"/>
               </TextLine>
               <TextLine ID="eSc_line_330e2450"
                         BASELINE="793 966 2351 973"
                         HPOS="786"
                         VPOS="888"
                         WIDTH="1565"
                         HEIGHT="116"
                         TAGREFS="LT118">
                  <Shape>
                     <Polygon POINTS="793 966 793 917 880 917 886 917 927 888 930 888 933 888 936 888 939 888 942 888 977 917 1055 917 1061 917 1133 888 1136 888 1139 888 1142 888 1145 888 1177 917 1180 920 1317 920 1323 917 1358 898 1361 898 1364 898 1367 898 1414 910 1439 892 1439 888 1442 888 1445 888 1448 888 1451 888 1551 917 1570 920 1573 917 1601 892 1604 892 1608 892 1611 892 1754 913 1782 892 1786 892 1789 892 1792 892 1795 892 1798 892 1798 895 1820 917 1826 920 1867 920 1870 917 1892 895 1892 892 1895 892 1898 892 1901 892 1904 892 1970 910 1995 892 1998 892 2001 892 2004 892 2117 892 2120 892 2123 892 2123 895 2145 917 2151 920 2176 917 2238 904 2241 904 2348 917 2351 973 2348 982 2241 998 2238 998 2235 998 2232 998 2232 995 2229 995 2223 985 2216 979 2004 979 1957 988 1876 1004 1873 1004 1870 1004 1829 988 1811 982 1792 988 1776 995 1773 995 1770 995 1667 991 1439 979 1383 995 1355 1001 1352 1001 1348 1001 1345 1001 1342 1001 1333 995 1308 979 1230 979 1049 998 996 1001 992 1001 989 1001 980 998 949 979 930 998 927 998 927 1001 924 1001 921 1001 918 1001 786 998"/>
                  </Shape>
                  <String CONTENT="que si cela ne se faisoit ceste fois la"
                          HPOS="786"
                          VPOS="888"
                          WIDTH="1565"
                          HEIGHT="116"/>
               </TextLine>
               <TextLine ID="eSc_line_190dc464"
                         BASELINE="783 1060 1233 1048 2441 1054"
                         HPOS="780"
                         VPOS="973"
                         WIDTH="1661"
                         HEIGHT="112"
                         TAGREFS="LT118">
                  <Shape>
                     <Polygon POINTS="783 1060 780 1001 905 1001 908 998 955 973 958 973 961 973 964 973 1017 998 1017 1001 1114 1001 1117 998 1177 973 1180 973 1183 973 1186 973 1189 973 1227 998 1230 998 1236 998 1317 973 1320 973 1323 973 1327 973 1370 995 1377 998 1389 995 1501 973 1505 973 1508 973 1558 995 1567 998 1576 995 1639 976 1642 976 1645 976 1648 976 1651 976 1673 995 1679 1001 1770 1001 1779 995 1807 973 1811 973 1814 973 1817 973 1820 973 1876 995 1885 995 1898 991 1995 973 1998 973 2438 991 2441 1054 2438 1072 2313 1085 2310 1085 2307 1085 2304 1085 2291 1076 2273 1063 2017 1076 2013 1076 1926 1060 1907 1076 1907 1079 1904 1079 1901 1079 1898 1079 1876 1079 1658 1060 1561 1079 1558 1079 1554 1079 1505 1060 1448 1079 1445 1079 1442 1079 1439 1079 1401 1063 1330 1076 1327 1076 1323 1076 1320 1076 1302 1060 1061 1060 780 1085"/>
                  </Shape>
                  <String CONTENT="quelle se feroit une aultre fois. Et quon"
                          HPOS="780"
                          VPOS="973"
                          WIDTH="1661"
                          HEIGHT="112"/>
               </TextLine>
               <TextLine ID="eSc_line_f7cc69e5"
                         BASELINE="771 1150 1180 1138 2166 1141 2504 1163"
                         HPOS="768"
                         VPOS="1057"
                         WIDTH="1736"
                         HEIGHT="137"
                         TAGREFS="LT118">
                  <Shape>
                     <Polygon POINTS="771 1150 768 1088 839 1088 877 1063 880 1063 883 1063 886 1063 889 1063 936 1088 1036 1088 1152 1088 1224 1057 1227 1057 1230 1057 1311 1072 1327 1060 1327 1057 1330 1057 1333 1057 1336 1057 1498 1057 1501 1057 1611 1088 1673 1069 1676 1069 1679 1069 1683 1069 1720 1088 1761 1060 1764 1060 1767 1060 1770 1060 1773 1060 1776 1060 1776 1063 1804 1091 1804 1094 1839 1094 1839 1091 1904 1060 1907 1060 1910 1060 2051 1076 2113 1060 2117 1060 2120 1060 2123 1060 2126 1060 2145 1079 2182 1060 2185 1060 2188 1060 2191 1060 2195 1060 2223 1082 2304 1060 2307 1060 2310 1060 2313 1060 2316 1060 2316 1063 2344 1091 2504 1097 2504 1163 2497 1191 2373 1175 2226 1188 2185 1191 2182 1191 2179 1191 2176 1191 2176 1188 2173 1188 2148 1163 2110 1188 2104 1191 2101 1191 2098 1191 2095 1191 2092 1191 2079 1188 2020 1160 1929 1160 1895 1185 1889 1191 1885 1191 1882 1191 1882 1194 1820 1194 1817 1191 1814 1191 1811 1191 1811 1188 1804 1182 1782 1163 1620 1163 1601 1179 1592 1185 1592 1188 1589 1188 1586 1188 1586 1191 1505 1191 1501 1188 1498 1188 1495 1188 1483 1179 1455 1157 1227 1157 1186 1172 1155 1188 1152 1188 1152 1191 1042 1191 1039 1188 1036 1188 1005 1172 971 1154 933 1169 911 1179 908 1179 905 1179 902 1179 899 1179 889 1169 877 1160 768 1166"/>
                  </Shape>
                  <String CONTENT="debvoit faire bon guaict quil sen deschargeoit"
                          HPOS="768"
                          VPOS="1057"
                          WIDTH="1736"
                          HEIGHT="137"/>
               </TextLine>
               <TextLine ID="eSc_line_484e93ce"
                         BASELINE="771 1238 2441 1232"
                         HPOS="758"
                         VPOS="1160"
                         WIDTH="1683"
                         HEIGHT="112"
                         TAGREFS="LT118">
                  <Shape>
                     <Polygon POINTS="771 1238 758 1191 786 1166 786 1163 789 1163 793 1163 796 1163 1086 1163 1089 1163 1092 1163 1092 1166 1108 1182 1158 1163 1161 1163 1164 1163 1167 1163 1230 1179 1483 1163 1486 1163 1489 1163 1492 1163 1511 1175 1517 1182 1548 1175 1633 1160 1636 1160 1639 1160 1683 1175 1695 1179 1707 1172 1742 1160 1745 1160 1748 1160 1751 1160 1786 1172 1804 1182 1917 1182 1929 1169 1942 1160 1945 1160 1948 1160 1951 1160 2035 1169 2142 1179 2432 1163 2441 1232 2438 1244 2335 1266 2332 1266 2010 1250 1892 1247 1882 1253 1867 1266 1864 1266 1860 1266 1857 1266 1854 1266 1829 1253 1811 1247 1776 1257 1732 1266 1729 1266 1726 1266 1723 1266 1720 1266 1704 1257 1689 1247 1648 1257 1614 1266 1611 1266 1608 1266 1604 1266 1579 1257 1558 1250 1536 1260 1511 1269 1508 1269 1505 1269 1501 1269 1467 1260 1445 1253 1433 1260 1420 1269 1417 1269 1414 1269 1414 1272 1195 1272 1192 1269 1189 1269 1174 1263 1130 1250 839 1250 774 1269"/>
                  </Shape>
                  <String CONTENT="Et lavoit empeiche par deux ou trois nuit de"
                          HPOS="758"
                          VPOS="1160"
                          WIDTH="1683"
                          HEIGHT="112"/>
               </TextLine>
               <TextLine ID="eSc_line_e3e50469"
                         BASELINE="774 1322 2476 1328"
                         HPOS="771"
                         VPOS="1244"
                         WIDTH="1705"
                         HEIGHT="119"
                         TAGREFS="LT118">
                  <Shape>
                     <Polygon POINTS="774 1322 774 1263 896 1263 902 1260 930 1244 933 1244 936 1244 939 1244 1011 1260 1027 1266 1111 1266 1117 1260 1133 1244 1136 1244 1139 1244 1142 1244 1145 1244 1186 1260 1195 1266 1258 1266 1261 1260 1277 1247 1277 1244 1280 1244 1283 1244 1286 1244 1358 1244 1361 1244 1364 1244 1364 1247 1377 1260 1383 1263 1417 1260 1533 1244 1536 1244 1539 1244 1592 1260 1623 1266 1636 1257 1648 1247 1651 1247 1654 1247 1658 1247 1789 1247 1792 1247 1795 1247 1795 1250 1804 1257 1814 1266 1860 1257 1923 1247 1926 1247 1929 1247 1932 1247 1945 1257 1964 1269 2185 1269 2195 1257 2204 1250 2204 1247 2207 1247 2210 1247 2213 1247 2338 1247 2341 1247 2344 1247 2354 1257 2369 1266 2469 1257 2476 1328 2469 1353 2291 1335 2107 1356 2035 1363 2032 1363 2029 1363 2026 1363 2026 1359 2020 1356 2007 1344 1942 1353 1939 1353 1854 1335 1836 1350 1832 1350 1829 1350 1826 1350 1658 1338 1636 1356 1633 1356 1629 1356 1508 1359 1505 1359 1501 1359 1498 1359 1498 1356 1495 1356 1470 1335 1401 1335 1330 1356 1320 1359 1317 1359 1314 1359 1311 1359 1302 1356 1245 1338 1161 1356 1145 1359 1142 1359 1139 1359 1136 1359 1136 1356 1102 1335 958 1335 771 1356"/>
                  </Shape>
                  <String CONTENT="mectre en execution tel fait et quil navoit"
                          HPOS="771"
                          VPOS="1244"
                          WIDTH="1705"
                          HEIGHT="119"/>
               </TextLine>
               <TextLine ID="eSc_line_a263c63c"
                         BASELINE="780 1403 2313 1416"
                         HPOS="777"
                         VPOS="1328"
                         WIDTH="1536"
                         HEIGHT="116"
                         TAGREFS="LT118">
                  <Shape>
                     <Polygon POINTS="780 1403 780 1344 936 1353 946 1344 961 1331 961 1328 964 1328 967 1328 971 1328 1092 1328 1095 1328 1155 1347 1186 1356 1224 1347 1295 1331 1298 1331 1302 1331 1361 1350 1377 1353 1389 1350 1458 1331 1461 1331 1464 1331 1467 1331 1470 1331 1495 1350 1501 1356 1611 1359 1626 1353 1667 1335 1670 1335 1673 1335 1736 1335 1739 1335 1742 1335 1742 1338 1764 1353 1764 1356 1770 1353 1836 1335 1839 1335 1842 1335 1845 1335 1910 1356 1932 1366 2191 1366 2198 1359 2213 1344 2216 1344 2220 1344 2223 1344 2310 1363 2313 1416 2310 1431 1224 1444 1220 1444 1217 1444 1214 1444 1214 1441 1208 1437 1189 1419 1117 1419 1086 1437 1083 1441 1080 1441 1077 1441 1077 1444 1074 1441 1071 1441 1067 1441 1064 1437 1033 1419 883 1419 777 1437"/>
                  </Shape>
                  <String CONTENT="point dormis parce quil ne la pouvoit"
                          HPOS="777"
                          VPOS="1328"
                          WIDTH="1536"
                          HEIGHT="116"/>
               </TextLine>
               <TextLine ID="eSc_line_9f3a1380"
                         BASELINE="730 1487 1202 1487"
                         HPOS="730"
                         VPOS="1406"
                         WIDTH="472"
                         HEIGHT="137"
                         TAGREFS="LT118">
                  <Shape>
                     <Polygon POINTS="730 1487 730 1406 811 1406 814 1406 818 1406 818 1409 821 1409 849 1434 955 1419 974 1419 977 1419 980 1419 986 1422 1011 1434 1030 1425 1061 1409 1064 1409 1067 1409 1071 1409 1074 1409 1105 1428 1117 1437 1202 1437 1202 1487 1199 1515 1124 1515 1117 1519 1083 1543 1080 1543 1077 1543 1074 1543 933 1528 914 1543 911 1543 908 1543 905 1543 902 1543 899 1543 871 1519 858 1512 730 1519"/>
                  </Shape>
                  <String CONTENT="empeicher."
                          HPOS="730"
                          VPOS="1406"
                          WIDTH="472"
                          HEIGHT="137"/>
               </TextLine>
               <TextLine ID="eSc_line_bbf18d88"
                         BASELINE="768 1671 886 1656 1448 1650 2448 1671"
                         HPOS="758"
                         VPOS="1565"
                         WIDTH="1690"
                         HEIGHT="144"
                         TAGREFS="LT118">
                  <Shape>
                     <Polygon POINTS="768 1671 758 1587 880 1565 883 1565 1024 1587 1049 1568 1049 1565 1052 1565 1055 1565 1058 1565 1139 1565 1142 1565 1214 1587 1236 1572 1239 1572 1242 1572 1420 1568 1423 1568 1426 1568 1470 1593 1473 1593 1511 1593 1873 1575 1876 1575 1879 1575 1939 1597 1948 1600 1964 1597 2032 1584 2035 1584 2095 1597 2138 1578 2142 1578 2145 1578 2148 1578 2213 1600 2226 1603 2238 1600 2288 1581 2291 1581 2295 1581 2444 1603 2448 1671 2441 1684 2182 1674 2157 1687 2123 1709 2120 1709 2117 1709 2113 1709 2110 1709 2107 1709 2082 1687 2063 1671 1932 1671 1892 1687 1879 1693 1876 1693 1873 1693 1845 1690 1811 1681 1798 1690 1779 1706 1776 1706 1773 1706 1773 1709 1692 1709 1689 1706 1636 1703 1633 1703 1629 1703 1617 1690 1589 1668 1439 1690 1373 1699 1370 1699 1367 1699 1342 1690 1273 1668 1242 1690 1239 1690 1236 1690 1233 1690 1230 1690 1227 1690 1180 1662 1130 1662 1008 1671 986 1693 983 1693 983 1696 980 1696 977 1696 974 1696 971 1696 961 1693 902 1671 765 1693"/>
                  </Shape>
                  <String CONTENT="Dit quelle est chargee et suspitionnee destre une"
                          HPOS="758"
                          VPOS="1565"
                          WIDTH="1690"
                          HEIGHT="144"/>
               </TextLine>
               <TextLine ID="eSc_line_c5cb641a"
                         BASELINE="789 1734 2398 1740"
                         HPOS="786"
                         VPOS="1662"
                         WIDTH="1612"
                         HEIGHT="109"
                         TAGREFS="LT118">
                  <Shape>
                     <Polygon POINTS="789 1734 789 1687 1002 1687 1008 1684 1039 1662 1042 1662 1046 1662 1049 1662 1052 1662 1133 1684 1155 1687 1180 1684 1255 1668 1258 1668 1261 1668 1264 1668 1286 1681 1292 1687 1302 1681 1317 1671 1320 1671 1323 1671 1327 1671 1458 1681 1480 1681 1483 1681 1530 1662 1533 1662 1536 1662 1626 1665 1629 1665 1633 1665 1633 1668 1645 1678 1658 1690 1782 1678 1826 1674 1829 1674 1832 1674 1839 1678 1860 1690 1876 1678 1885 1668 1889 1668 1892 1668 1895 1668 1939 1678 1960 1681 1967 1678 1979 1665 1982 1665 1985 1665 1989 1665 2035 1665 2038 1665 2042 1665 2042 1668 2051 1674 2070 1690 2123 1674 2163 1665 2166 1665 2170 1665 2173 1665 2210 1674 2273 1690 2391 1674 2398 1740 2394 1749 2173 1749 2166 1749 2126 1771 2123 1771 2120 1771 2117 1771 2079 1752 2067 1746 2038 1752 1992 1762 1989 1762 1914 1752 1851 1746 1820 1756 1761 1771 1757 1771 1754 1771 1683 1756 1639 1746 1595 1756 1576 1762 1573 1762 1570 1762 1567 1762 1554 1759 1533 1746 1523 1759 1514 1765 1514 1768 1511 1768 1508 1768 1505 1768 1501 1768 1470 1759 1426 1746 1380 1759 1370 1762 1367 1762 1364 1762 1348 1759 1292 1746 1261 1762 1245 1768 1242 1768 1239 1768 1236 1768 1208 1762 1155 1749 1092 1762 1064 1768 1061 1768 1005 1765 877 1752 786 1765"/>
                  </Shape>
                  <String CONTENT="genauche Et avoir fait a mourir ung veau"
                          HPOS="786"
                          VPOS="1662"
                          WIDTH="1612"
                          HEIGHT="109"/>
               </TextLine>
               <TextLine ID="eSc_line_64203f28"
                         BASELINE="786 1821 2426 1799"
                         HPOS="780"
                         VPOS="1743"
                         WIDTH="1649"
                         HEIGHT="109"
                         TAGREFS="LT118">
                  <Shape>
                     <Polygon POINTS="786 1821 780 1774 902 1749 905 1749 1011 1768 1061 1746 1064 1746 1067 1746 1205 1765 1245 1743 1248 1743 1252 1743 2419 1752 2426 1799 2429 1809 2354 1830 2351 1830 2348 1830 2344 1830 2285 1815 2257 1815 1957 1815 1926 1821 1851 1837 1689 1840 1686 1840 1683 1840 1639 1827 1617 1821 1573 1827 1483 1843 1480 1843 1395 1830 1339 1824 1273 1834 1195 1846 1192 1846 1189 1846 1152 1837 1111 1827 1064 1840 1021 1849 1017 1849 1017 1852 952 1852 949 1849 946 1849 942 1849 942 1846 936 1840 924 1830 786 1843"/>
                  </Shape>
                  <String CONTENT="au tixerain Mesme avoir fait a mourir le"
                          HPOS="780"
                          VPOS="1743"
                          WIDTH="1649"
                          HEIGHT="109"/>
               </TextLine>
               <TextLine ID="eSc_line_a291c58d"
                         BASELINE="793 1887 2429 1893"
                         HPOS="789"
                         VPOS="1812"
                         WIDTH="1640"
                         HEIGHT="140"
                         TAGREFS="LT118">
                  <Shape>
                     <Polygon POINTS="793 1887 789 1837 930 1812 933 1812 936 1812 939 1812 939 1815 964 1837 967 1840 1017 1840 1021 1837 1086 1812 1089 1812 1092 1812 1095 1812 1152 1837 1155 1837 1158 1837 1280 1812 1283 1812 1286 1812 1383 1837 1386 1837 1389 1837 1564 1812 1567 1812 1717 1840 1732 1843 1811 1843 1814 1840 1842 1815 1845 1815 1848 1815 1851 1815 1967 1840 1970 1840 1973 1840 2017 1818 2020 1818 2023 1818 2026 1818 2067 1840 2113 1815 2117 1815 2120 1815 2123 1815 2207 1840 2260 1821 2263 1821 2266 1821 2270 1821 2310 1840 2310 1843 2426 1843 2429 1893 2423 1918 2038 1902 1979 1924 1976 1924 1973 1924 1767 1902 1679 1933 1620 1952 1617 1952 1614 1952 1611 1952 1608 1952 1608 1949 1589 1933 1561 1902 1508 1899 1451 1937 1436 1949 1433 1949 1430 1949 1430 1952 1149 1952 1145 1949 1142 1949 1139 1949 1130 1943 1083 1908 1049 1937 1046 1937 1042 1937 1039 1937 933 1912 893 1943 889 1943 886 1943 789 1946"/>
                  </Shape>
                  <String CONTENT="fils de Jaicque chevrolet son frere Et avoir"
                          HPOS="789"
                          VPOS="1812"
                          WIDTH="1640"
                          HEIGHT="140"/>
               </TextLine>
               <TextLine ID="eSc_line_22709040"
                         BASELINE="777 1965 2316 1974"
                         HPOS="774"
                         VPOS="1899"
                         WIDTH="1542"
                         HEIGHT="125"
                         TAGREFS="LT118">
                  <Shape>
                     <Polygon POINTS="777 1965 777 1918 1027 1918 1033 1915 1052 1899 1055 1899 1058 1899 1061 1899 1064 1899 1117 1915 1133 1918 1202 1915 1405 1902 1408 1902 1411 1902 1414 1902 1433 1915 1445 1921 1492 1915 1545 1905 1548 1905 1604 1912 1661 1921 1676 1912 1698 1902 1701 1902 1704 1902 1789 1912 1885 1924 2313 1912 2316 1974 2313 1986 2088 1986 2085 1990 2051 2018 2051 2021 2048 2021 2045 2021 2045 2024 1942 2024 1939 2021 1935 2021 1932 2021 1889 1993 1876 1986 1864 1993 1807 2021 1804 2021 1801 2021 1561 2018 1558 2018 1554 2018 1533 1999 1511 1980 1286 1980 1205 1980 1174 2005 1164 2014 1161 2014 1158 2014 1158 2018 1055 2018 1052 2014 1049 2014 1046 2014 1039 2008 999 1980 774 2011"/>
                  </Shape>
                  <String CONTENT="greve et fait borne le fils Henri guenat"
                          HPOS="774"
                          VPOS="1899"
                          WIDTH="1542"
                          HEIGHT="125"/>
               </TextLine>
               <TextLine ID="eSc_line_7a08d99a"
                         BASELINE="761 2214 1339 2202 2204 2217"
                         HPOS="755"
                         VPOS="2092"
                         WIDTH="1449"
                         HEIGHT="178"
                         TAGREFS="LT118">
                  <Shape>
                     <Polygon POINTS="761 2214 758 2092 1030 2099 1033 2099 1036 2099 1036 2102 1039 2102 1074 2136 1111 2105 1117 2099 1120 2099 1124 2099 1127 2099 1130 2099 1133 2099 1142 2108 1189 2145 1227 2145 1258 2111 1264 2108 1264 2105 1267 2105 1270 2105 1273 2105 1330 2108 1333 2108 1336 2108 1345 2114 1383 2142 1489 2121 1570 2105 1573 2105 1576 2105 1636 2127 1686 2145 1729 2130 1742 2127 1745 2127 1748 2127 1779 2133 1798 2136 1804 2133 1845 2111 1848 2111 1851 2111 1854 2111 1932 2139 1935 2142 2204 2152 2204 2217 2204 2230 2157 2255 2154 2255 2151 2255 2042 2233 2023 2230 2013 2233 1932 2267 1929 2267 1929 2270 1864 2270 1860 2267 1857 2267 1854 2267 1823 2242 1770 2267 1767 2267 1767 2270 1670 2270 1667 2267 1664 2267 1614 2239 1592 2230 1508 2242 1370 2264 1367 2264 1364 2264 1330 2245 1289 2223 1120 2223 1024 2223 992 2248 992 2252 989 2252 986 2252 983 2252 980 2252 952 2239 905 2255 880 2261 877 2261 874 2261 755 2255"/>
                  </Shape>
                  <String CONTENT="Groz Jehan vouelin frere dudit henri vouelin"
                          HPOS="755"
                          VPOS="2092"
                          WIDTH="1449"
                          HEIGHT="178"/>
               </TextLine>
               <TextLine ID="eSc_line_ea45fffd"
                         BASELINE="752 2364 1014 2354 2501 2386"
                         HPOS="746"
                         VPOS="2270"
                         WIDTH="1755"
                         HEIGHT="156"
                         TAGREFS="LT118">
                  <Shape>
                     <Polygon POINTS="752 2364 749 2270 899 2270 902 2270 905 2270 908 2273 946 2301 1014 2276 1024 2273 1027 2273 1030 2273 1033 2273 1036 2273 1039 2276 1061 2295 1111 2280 1124 2276 1127 2276 1130 2276 1133 2276 1149 2280 1227 2311 1417 2311 1464 2289 1467 2289 1470 2289 1473 2289 1476 2289 1486 2292 1558 2314 1595 2295 1614 2286 1617 2286 1620 2286 1623 2286 1651 2295 1711 2320 1811 2320 1839 2301 1854 2292 1857 2292 1860 2292 1864 2292 1867 2292 1870 2292 1885 2305 1917 2323 2010 2323 2032 2308 2051 2295 2054 2295 2057 2295 2060 2295 2063 2295 2107 2311 2148 2323 2185 2311 2232 2298 2235 2298 2238 2298 2344 2298 2348 2298 2351 2298 2351 2301 2366 2317 2376 2326 2494 2323 2501 2386 2494 2407 2426 2398 2404 2407 2363 2426 2360 2426 2357 2426 2354 2426 2316 2407 2291 2395 2138 2392 2113 2407 2104 2414 2101 2414 2098 2414 2095 2414 2092 2414 2088 2414 2088 2411 2082 2407 2070 2392 1957 2389 1864 2404 1807 2414 1804 2414 1801 2414 1798 2414 1782 2404 1751 2383 1545 2383 1464 2401 1461 2401 1458 2401 1455 2401 1414 2386 1386 2401 1373 2407 1370 2407 1367 2407 1364 2407 1348 2401 1330 2392 1295 2401 1289 2401 1286 2401 1283 2401 1280 2401 1277 2401 1239 2376 1214 2395 1211 2395 1208 2395 1136 2398 1046 2401 1042 2401 1039 2401 1030 2398 949 2373 924 2395 924 2398 921 2398 918 2398 914 2398 746 2395"/>
                  </Shape>
                  <String CONTENT="Richard chavanne de Cueve Par serement depose"
                          HPOS="746"
                          VPOS="2270"
                          WIDTH="1755"
                          HEIGHT="156"/>
               </TextLine>
               <TextLine ID="eSc_line_ddfd1aa3"
                         BASELINE="793 2454 2513 2464"
                         HPOS="789"
                         VPOS="2376"
                         WIDTH="1724"
                         HEIGHT="125"
                         TAGREFS="LT118">
                  <Shape>
                     <Polygon POINTS="793 2454 789 2398 942 2395 958 2379 958 2376 961 2376 964 2376 967 2376 971 2376 1011 2395 1017 2401 1092 2401 1095 2395 1111 2383 1111 2379 1114 2379 1117 2379 1120 2379 1124 2379 1161 2395 1170 2398 1180 2395 1227 2376 1230 2376 1233 2376 1236 2376 1239 2376 1264 2395 1273 2401 1367 2401 1405 2392 1464 2379 1467 2379 1548 2392 1604 2401 1629 2392 1661 2379 1664 2379 1667 2379 1748 2392 1820 2401 1935 2392 2026 2383 2029 2383 2032 2383 2035 2383 2045 2389 2067 2407 2198 2407 2223 2389 2229 2383 2232 2383 2235 2383 2238 2383 2332 2383 2335 2383 2338 2383 2344 2389 2366 2404 2507 2389 2513 2464 2510 2482 2348 2482 2329 2498 2329 2501 2326 2501 2323 2501 2319 2501 2316 2501 2279 2482 2270 2479 2235 2482 2088 2501 2085 2501 1989 2485 1939 2476 1907 2485 1870 2498 1867 2498 1864 2498 1860 2498 1817 2485 1792 2479 1782 2485 1770 2498 1767 2498 1764 2498 1761 2498 1711 2485 1664 2476 1611 2489 1558 2498 1554 2498 1551 2498 1548 2498 1536 2489 1523 2476 1320 2473 1277 2489 1261 2495 1258 2495 1255 2495 1252 2495 1233 2489 1180 2473 1161 2492 1158 2492 1158 2495 1155 2495 1152 2495 1152 2498 1067 2498 1064 2495 1061 2495 1058 2495 1058 2492 1055 2492 1039 2476 789 2492"/>
                  </Shape>
                  <String CONTENT="que trois sepmaines apres Pasques passes que deposant"
                          HPOS="789"
                          VPOS="2376"
                          WIDTH="1724"
                          HEIGHT="125"/>
               </TextLine>
               <TextLine ID="eSc_line_34e01cb1"
                         BASELINE="796 2548 2472 2579"
                         HPOS="793"
                         VPOS="2467"
                         WIDTH="1679"
                         HEIGHT="146"
                         TAGREFS="LT118">
                  <Shape>
                     <Polygon POINTS="796 2548 793 2489 880 2467 883 2467 1092 2489 1161 2495 1192 2489 1261 2473 1264 2473 1267 2473 1308 2489 1333 2498 1373 2489 1436 2476 1439 2476 1614 2479 1617 2479 1620 2479 1633 2492 1645 2498 1714 2492 1798 2482 1801 2482 1857 2492 1973 2514 2048 2514 2067 2495 2067 2492 2070 2492 2073 2492 2076 2492 2079 2492 2082 2492 2082 2495 2101 2514 2201 2514 2241 2492 2245 2492 2248 2492 2251 2492 2254 2492 2257 2492 2307 2517 2466 2495 2472 2579 2469 2604 2326 2613 2323 2613 2319 2613 2316 2613 2304 2604 2279 2588 2151 2588 2135 2601 2129 2607 2126 2607 2123 2607 2120 2607 2117 2607 2101 2601 2070 2585 2007 2601 1970 2607 1967 2607 1926 2598 1857 2582 1720 2592 1717 2592 1629 2576 1233 2588 1136 2592 1133 2592 1130 2592 1117 2588 1052 2567 1002 2585 996 2588 992 2588 989 2588 986 2588 980 2585 952 2573 793 2582"/>
                  </Shape>
                  <String CONTENT="sortit de son service de Beurnevesain A raison"
                          HPOS="793"
                          VPOS="2467"
                          WIDTH="1679"
                          HEIGHT="146"/>
               </TextLine>
               <TextLine ID="eSc_line_9448e9df"
                         BASELINE="799 2638 2476 2670"
                         HPOS="793"
                         VPOS="2567"
                         WIDTH="1683"
                         HEIGHT="140"
                         TAGREFS="LT118">
                  <Shape>
                     <Polygon POINTS="799 2638 799 2576 1055 2585 1064 2579 1074 2570 1077 2570 1080 2570 1083 2570 1177 2582 1227 2588 1242 2582 1292 2567 1295 2567 1298 2567 1302 2567 1305 2567 1305 2570 1308 2570 1320 2585 1323 2588 1330 2585 1373 2570 1377 2570 1380 2570 1383 2570 1448 2588 1473 2595 1489 2588 1520 2573 1523 2573 1526 2573 1789 2576 1792 2576 1848 2595 1864 2601 1882 2598 1957 2579 1960 2579 1964 2579 1967 2579 1967 2582 1985 2598 1992 2604 2023 2601 2138 2582 2142 2582 2145 2582 2207 2604 2223 2610 2476 2610 2476 2670 2472 2685 2332 2707 2329 2707 2326 2707 2248 2685 2245 2685 2235 2685 2020 2698 2017 2698 1948 2682 1932 2679 1923 2682 1882 2698 1879 2698 1876 2698 1798 2679 1773 2676 1745 2679 1651 2694 1648 2694 1645 2694 1642 2694 1623 2679 1614 2673 1508 2679 1305 2688 1302 2688 1298 2688 1295 2688 1295 2685 1292 2685 1286 2676 1280 2670 1264 2676 1236 2685 1233 2685 1230 2685 1180 2676 1127 2663 1077 2673 1036 2682 1033 2682 793 2670"/>
                  </Shape>
                  <String CONTENT="questant audit Beurnevesain Il devint malade"
                          HPOS="793"
                          VPOS="2567"
                          WIDTH="1683"
                          HEIGHT="140"/>
               </TextLine>
               <TextLine ID="eSc_line_f4d00bb6"
                         BASELINE="783 2744 1199 2744 2454 2788"
                         HPOS="777"
                         VPOS="2660"
                         WIDTH="1680"
                         HEIGHT="159"
                         TAGREFS="LT118">
                  <Shape>
                     <Polygon POINTS="783 2744 783 2660 877 2679 946 2666 949 2666 952 2666 955 2666 955 2670 958 2670 967 2682 1005 2666 1008 2666 1011 2666 1014 2666 1017 2666 1021 2666 1061 2685 1111 2673 1149 2660 1152 2660 1155 2660 1158 2660 1161 2660 1161 2663 1174 2673 1186 2688 1236 2676 1255 2673 1258 2673 1286 2679 1358 2694 1398 2682 1420 2676 1423 2676 1426 2676 1430 2676 1433 2676 1442 2682 1461 2698 1511 2685 1545 2679 1548 2679 1551 2679 1554 2679 1567 2688 1589 2701 1645 2691 1686 2685 1689 2685 1692 2685 1707 2694 1714 2698 1720 2694 1745 2679 1748 2679 1751 2679 1754 2679 1876 2701 1954 2713 1998 2704 2032 2698 2035 2698 2123 2710 2182 2716 2198 2713 2248 2694 2251 2694 2254 2694 2257 2694 2326 2716 2354 2726 2369 2719 2391 2707 2394 2707 2398 2707 2401 2707 2457 2723 2454 2788 2448 2819 1948 2785 1789 2804 1764 2804 1761 2804 1726 2801 1520 2776 1480 2794 1476 2794 1473 2794 1470 2794 1467 2794 1464 2794 1464 2791 1436 2769 1364 2782 1361 2782 1180 2763 1067 2782 1061 2782 1058 2782 1052 2782 936 2757 896 2776 893 2776 889 2776 777 2772"/>
                  </Shape>
                  <String CONTENT="dune Jambe laquelle sest ouverte Et est"
                          HPOS="777"
                          VPOS="2660"
                          WIDTH="1680"
                          HEIGHT="159"/>
               </TextLine>
               <TextLine ID="eSc_line_6dbb9ec3"
                         BASELINE="808 2832 2376 2875"
                         HPOS="799"
                         VPOS="2751"
                         WIDTH="1577"
                         HEIGHT="156"
                         TAGREFS="LT118">
                  <Shape>
                     <Polygon POINTS="808 2832 799 2769 827 2751 830 2751 833 2751 836 2751 839 2751 843 2751 843 2754 861 2772 864 2772 886 2772 1005 2763 1008 2763 1011 2763 1014 2763 1030 2776 1036 2782 1252 2785 1261 2779 1283 2763 1286 2763 1289 2763 1292 2763 1467 2763 1592 2769 1595 2769 1598 2769 1620 2788 1629 2794 1673 2788 1811 2772 1814 2772 1920 2794 1967 2807 2063 2807 2073 2797 2088 2785 2088 2782 2092 2782 2095 2782 2098 2782 2376 2807 2376 2875 2373 2888 2266 2907 2263 2907 2173 2903 2170 2903 2166 2903 2166 2900 2151 2885 2145 2882 2135 2885 2088 2900 2085 2900 2082 2900 2079 2900 2048 2885 2035 2878 1979 2882 1851 2894 1848 2894 1661 2878 1551 2869 1433 2875 1327 2878 1323 2878 1320 2878 1298 2872 1252 2857 1192 2869 1164 2875 1161 2875 1158 2875 1155 2875 1149 2869 1124 2854 1067 2869 1049 2872 1046 2872 1042 2872 1005 2866 886 2847 805 2863"/>
                  </Shape>
                  <String CONTENT="encore presentement toute noire Et fust"
                          HPOS="799"
                          VPOS="2751"
                          WIDTH="1577"
                          HEIGHT="156"/>
               </TextLine>
               <TextLine ID="eSc_line_1cbf739e"
                         BASELINE="758 2913 1464 2925 2394 2960"
                         HPOS="749"
                         VPOS="2841"
                         WIDTH="1645"
                         HEIGHT="156"
                         TAGREFS="LT118">
                  <Shape>
                     <Polygon POINTS="758 2913 758 2857 1077 2863 1130 2841 1133 2841 1136 2841 1139 2841 1186 2866 1236 2844 1239 2844 1242 2844 1245 2844 1305 2869 1352 2850 1355 2850 1358 2850 1361 2850 1364 2850 1398 2872 1551 2854 1554 2854 1720 2882 1867 2863 1870 2863 1873 2863 1957 2888 2020 2869 2023 2869 2026 2869 2029 2869 2079 2894 2148 2872 2151 2872 2154 2872 2157 2872 2160 2872 2195 2897 2348 2888 2351 2888 2354 2888 2394 2907 2394 2960 2391 2997 2241 2997 2238 2994 2235 2994 2223 2988 2176 2963 2073 2963 2032 2978 2010 2988 2007 2988 2004 2988 2001 2988 1998 2988 1989 2978 1964 2960 1892 2972 1842 2981 1839 2981 1757 2969 1661 2950 1598 2960 1530 2972 1526 2972 1370 2950 1336 2947 1295 2947 1095 2953 1092 2953 1089 2953 1046 2935 1033 2932 1002 2935 843 2953 839 2953 836 2953 749 2922"/>
                  </Shape>
                  <String CONTENT="remene sur ung cheval dillec en la maison"
                          HPOS="749"
                          VPOS="2841"
                          WIDTH="1645"
                          HEIGHT="156"/>
               </TextLine>
               <TextLine ID="eSc_line_603dccd6"
                         BASELINE="671 3038 939 3022 1554 3022 2338 3044"
                         HPOS="668"
                         VPOS="2932"
                         WIDTH="1670"
                         HEIGHT="149"
                         TAGREFS="LT118">
                  <Shape>
                     <Polygon POINTS="671 3038 668 2953 793 2953 796 2953 836 2935 839 2935 843 2935 942 2953 977 2932 980 2932 983 2932 986 2932 989 2932 1036 2956 1039 2956 1083 2935 1086 2935 1089 2935 1236 2956 1280 2935 1283 2935 1286 2935 2338 2972 2338 3044 2335 3053 2207 3081 2204 3081 2095 3078 2092 3078 2088 3078 2054 3056 2045 3050 2004 3056 1879 3078 1876 3078 1873 3078 1870 3078 1870 3075 1851 3056 1842 3050 1773 3056 1673 3069 1670 3069 1667 3069 1664 3069 1664 3066 1654 3059 1642 3044 1551 3044 1358 3044 1339 3059 1330 3069 1330 3072 1327 3072 1323 3072 1320 3072 1248 3069 1245 3069 1242 3069 1233 3059 1205 3041 1092 3041 1067 3063 1061 3066 1061 3069 1058 3069 1055 3069 1052 3069 1049 3069 1046 3069 1039 3063 1027 3053 911 3063 858 3066 855 3066 852 3066 843 3063 780 3041 668 3063"/>
                  </Shape>
                  <String CONTENT="de son frere Estienne A Cueve Ou Il est"
                          HPOS="668"
                          VPOS="2932"
                          WIDTH="1670"
                          HEIGHT="149"/>
               </TextLine>
               <TextLine ID="eSc_line_17121ddc"
                         BASELINE="793 3122 1714 3122 2376 3141"
                         HPOS="789"
                         VPOS="3038"
                         WIDTH="1587"
                         HEIGHT="131"
                         TAGREFS="LT118">
                  <Shape>
                     <Polygon POINTS="793 3122 789 3063 899 3044 902 3044 989 3059 992 3059 996 3059 1014 3041 1017 3041 1021 3041 1024 3041 1027 3041 1089 3059 1108 3063 1127 3056 1192 3038 1195 3038 1199 3038 1202 3038 1205 3038 1236 3056 1245 3063 1327 3056 1489 3041 1492 3041 1495 3041 1523 3053 1548 3066 1567 3053 1583 3041 1586 3041 1589 3041 1592 3041 1714 3041 1717 3041 1720 3041 1720 3044 1729 3053 1745 3069 1807 3050 1836 3044 1839 3044 1842 3044 1845 3044 1848 3044 1857 3050 1885 3069 1929 3053 1932 3053 1935 3053 1939 3053 1985 3069 2029 3050 2042 3044 2045 3044 2048 3044 2051 3044 2054 3044 2057 3047 2092 3075 2185 3075 2213 3050 2213 3047 2216 3047 2220 3047 2223 3047 2373 3047 2376 3141 2373 3141 2344 3165 2344 3169 2341 3169 2338 3169 2335 3169 2151 3144 2145 3141 1892 3141 1867 3144 1786 3159 1782 3159 1779 3159 1776 3159 1776 3156 1773 3156 1764 3144 1757 3137 1717 3144 1598 3165 1595 3165 1592 3165 1589 3165 1589 3162 1567 3144 1554 3134 1311 3147 1214 3150 1211 3150 1208 3150 1205 3150 1202 3147 1189 3134 1158 3147 1120 3162 1117 3162 1114 3162 958 3159 955 3159 930 3147 899 3134 789 3147"/>
                  </Shape>
                  <String CONTENT="encore par lui entretenu honestement. Dit"
                          HPOS="789"
                          VPOS="3038"
                          WIDTH="1587"
                          HEIGHT="131"/>
               </TextLine>
               <TextLine ID="eSc_line_0c3b9cbb"
                         BASELINE="777 3218 1383 3215 2435 3243"
                         HPOS="771"
                         VPOS="3119"
                         WIDTH="1667"
                         HEIGHT="187"
                         TAGREFS="LT118">
                  <Shape>
                     <Polygon POINTS="777 3218 771 3150 893 3119 896 3119 899 3119 902 3119 939 3150 946 3153 983 3150 1258 3125 1261 3125 1264 3125 1267 3125 1311 3153 1314 3153 1405 3128 1408 3128 1411 3128 1414 3128 1473 3153 1486 3162 1608 3165 1636 3156 1689 3134 1692 3134 1695 3134 1786 3156 1801 3159 1811 3156 1864 3137 1867 3137 1870 3137 1873 3137 1929 3156 1973 3172 2013 3159 2067 3141 2070 3141 2073 3141 2076 3141 2123 3159 2163 3178 2232 3178 2248 3159 2260 3150 2260 3147 2263 3147 2266 3147 2270 3147 2307 3147 2310 3147 2313 3147 2313 3150 2326 3159 2344 3178 2429 3162 2435 3243 2438 3256 2394 3284 2391 3284 2388 3284 2385 3284 2382 3284 2335 3259 2310 3275 2307 3275 2304 3275 2301 3275 2241 3268 2188 3306 2185 3306 2182 3306 2179 3306 2038 3303 2035 3303 2032 3303 2004 3284 1820 3296 1817 3296 1814 3296 1811 3296 1767 3265 1736 3243 1426 3240 1220 3243 1155 3275 1130 3287 1127 3287 1124 3287 992 3284 989 3284 986 3284 980 3278 933 3250 774 3281"/>
                  </Shape>
                  <String CONTENT="que a raison de telle maladie que sondit frere"
                          HPOS="771"
                          VPOS="3119"
                          WIDTH="1667"
                          HEIGHT="187"/>
               </TextLine>
            </TextBlock>
            <TextBlock HPOS="2369"
                       VPOS="3555"
                       WIDTH="72"
                       HEIGHT="122"
                       ID="eSc_textblock_ef7a4fea"
                       TAGREFS="BT371">
               <Shape>
                  <Polygon POINTS="2369 3665 2394 3555 2441 3568 2433 3640 2429 3677"/>
               </Shape>
               <TextLine ID="eSc_line_cbbea0f2"
                         BASELINE="2379 3671 2423 3671"
                         HPOS="2376"
                         VPOS="3537"
                         WIDTH="47"
                         HEIGHT="187"
                         TAGREFS="LT118">
                  <Shape>
                     <Polygon POINTS="2379 3671 2376 3543 2419 3537 2423 3671 2419 3724 2376 3718"/>
                  </Shape>
                  <String CONTENT="7" HPOS="2376" VPOS="3537" WIDTH="47" HEIGHT="187"/>
               </TextLine>
            </TextBlock>
         </PrintSpace>
      </Page>
   </Layout>
</alto>
