<alto xmlns:xsi="http://www.w3.org/2001/XMLSchema-instance"
      xmlns="http://www.loc.gov/standards/alto/ns-v4#"
      xsi:schemaLocation="http://www.loc.gov/standards/alto/ns-v4# http://www.loc.gov/standards/alto/v4/alto-4-2.xsd">
   <Description>
      <MeasurementUnit>pixel</MeasurementUnit>
      <sourceImageInformation>
         <fileName>B_168_15-2-2_0006.jpg</fileName>
      </sourceImageInformation>
   </Description>
   <Tags>
      <OtherTag ID="BT365"
                LABEL="MainZone:column"
                DESCRIPTION="block type MainZone:column"/>
      <OtherTag ID="BT367" LABEL="MainZone" DESCRIPTION="block type MainZone"/>
      <OtherTag ID="BT368"
                LABEL="MarginTextZone"
                DESCRIPTION="block type MarginTextZone"/>
      <OtherTag ID="BT369"
                LABEL="MarginTextZone:note"
                DESCRIPTION="block type MarginTextZone:note"/>
      <OtherTag ID="BT370"
                LABEL="NumberingZone:other"
                DESCRIPTION="block type NumberingZone:other"/>
      <OtherTag ID="BT371"
                LABEL="NumberingZone:page"
                DESCRIPTION="block type NumberingZone:page"/>
      <OtherTag ID="BT379"
                LABEL="DecorationZone"
                DESCRIPTION="block type DecorationZone"/>
      <OtherTag ID="BT380"
                LABEL="CustomZone:signature"
                DESCRIPTION="block type CustomZone:signature"/>
      <OtherTag ID="LT118" LABEL="DefaultLine" DESCRIPTION="line type DefaultLine"/>
      <OtherTag ID="LT119" LABEL="HeadingLine" DESCRIPTION="line type HeadingLine"/>
      <OtherTag ID="LT120"
                LABEL="InterlinearLine"
                DESCRIPTION="line type InterlinearLine"/>
   </Tags>
   <Layout>
      <Page WIDTH="2560"
            HEIGHT="3735"
            PHYSICAL_IMG_NR="8"
            ID="eSc_dummypage_">
         <PrintSpace HPOS="0" VPOS="0" WIDTH="2560" HEIGHT="3735">
            <TextBlock HPOS="622"
                       VPOS="199"
                       WIDTH="1800"
                       HEIGHT="1254"
                       ID="eSc_textblock_7f8bc652"
                       TAGREFS="BT367">
               <Shape>
                  <Polygon POINTS="2373 560 2385 918 2323 1055 2422 1157 2410 1241 2285 1304 1678 1329 1055 1453 622 1403 672 756 622 560 734 494 672 283 710 199 2310 211 2348 261 2323 457 2061 494"/>
               </Shape>
               <TextLine ID="eSc_line_5f8663b8"
                         BASELINE="722 286 1974 277 2320 295"
                         HPOS="713"
                         VPOS="183"
                         WIDTH="1607"
                         HEIGHT="140"
                         TAGREFS="LT118">
                  <Shape>
                     <Polygon POINTS="722 286 713 208 778 186 781 186 784 186 787 186 843 208 853 211 862 208 884 196 887 196 890 196 893 196 924 208 928 208 949 189 949 186 952 186 956 186 959 186 1192 186 1295 208 1314 211 1332 208 1432 189 1435 189 1438 189 1441 189 1469 208 1519 196 1522 196 1526 196 1529 196 1532 196 1532 199 1544 208 1547 214 1659 214 1669 208 1709 192 1712 192 1716 192 1719 192 1722 192 1747 208 1750 208 1877 192 1881 192 1884 192 1915 208 1990 183 1993 183 1996 183 1999 183 2002 183 2002 186 2021 202 2158 186 2161 186 2317 211 2320 295 2313 320 2211 305 2117 320 2102 320 2099 320 2095 320 2092 320 2033 292 1806 292 1775 314 1775 317 1772 317 1768 317 1697 323 1694 323 1691 323 1656 314 1588 295 1413 295 1398 311 1385 320 1385 323 1382 323 1379 323 1376 323 1373 323 1370 323 1357 311 1348 301 1242 295 1217 308 1186 323 1183 323 1180 323 1083 308 1015 295 990 305 949 323 946 323 943 323 940 323 900 305 896 305 893 305 781 323 778 323 775 323 716 301"/>
                  </Shape>
                  <String CONTENT="ungs qui alloyent de travers les aultres qui sont"
                          HPOS="713"
                          VPOS="183"
                          WIDTH="1607"
                          HEIGHT="140"/>
               </TextLine>
               <TextLine ID="eSc_line_ddb27ff7"
                         BASELINE="734 373 1607 364 2304 376"
                         HPOS="731"
                         VPOS="289"
                         WIDTH="1573"
                         HEIGHT="128"
                         TAGREFS="LT118">
                  <Shape>
                     <Polygon POINTS="734 373 731 314 837 314 837 311 865 289 868 289 872 289 875 289 1083 289 1086 289 1090 289 1090 292 1108 311 1111 314 1214 314 1217 308 1230 298 1230 295 1233 295 1236 295 1239 295 1308 308 1326 311 1329 308 1354 289 1357 289 1360 289 1364 289 1547 295 1550 295 1554 295 1554 298 1563 305 1569 311 1613 305 1697 295 1700 295 1703 295 1740 305 1765 311 1790 305 1837 289 1840 289 1843 289 1905 305 1940 311 1949 301 1958 295 1962 295 1965 295 1968 295 1971 295 1990 301 2011 311 2018 301 2030 292 2030 289 2033 289 2036 289 2039 289 2095 301 2136 311 2298 301 2304 376 2301 385 2189 413 2186 413 1983 392 1958 389 1955 392 1921 413 1918 413 1915 413 1915 417 1607 417 1603 413 1600 413 1597 413 1569 395 1547 382 1432 398 1410 398 1407 398 1404 398 1401 398 1401 395 1385 382 1012 382 949 401 915 413 912 413 909 413 850 404 772 389 734 404"/>
                  </Shape>
                  <String CONTENT="mortz. Mais ne scait dou procedoyent telles"
                          HPOS="731"
                          VPOS="289"
                          WIDTH="1573"
                          HEIGHT="128"/>
               </TextLine>
               <TextLine ID="eSc_line_c2d828bb"
                         BASELINE="756 448 1613 454"
                         HPOS="753"
                         VPOS="385"
                         WIDTH="860"
                         HEIGHT="103"
                         TAGREFS="LT118">
                  <Shape>
                     <Polygon POINTS="756 448 756 385 1610 385 1613 454 1607 488 1429 469 1320 488 1308 488 1304 488 1292 488 1161 466 753 482"/>
                  </Shape>
                  <String CONTENT="Inconveniens et maladies"
                          HPOS="753"
                          VPOS="385"
                          WIDTH="860"
                          HEIGHT="103"/>
               </TextLine>
               <TextLine ID="eSc_line_1f17d5c1"
                         BASELINE="666 610 2335 610"
                         HPOS="666"
                         VPOS="522"
                         WIDTH="1672"
                         HEIGHT="128"
                         TAGREFS="LT118">
                  <Shape>
                     <Polygon POINTS="666 610 666 522 850 538 875 526 881 522 884 522 887 522 1074 522 1077 522 1080 522 1090 529 1127 550 1410 547 1420 535 1426 532 1426 529 1429 529 1432 529 1435 529 1438 529 1457 535 1491 550 1519 538 1541 526 1544 526 1547 526 1550 526 1578 538 1607 554 1874 554 1893 544 1927 532 1930 532 1934 532 2095 547 2130 550 2136 547 2164 529 2167 529 2170 529 2173 529 2335 554 2335 610 2338 625 2295 650 2292 650 2289 650 2152 628 2142 628 2061 628 2058 628 2039 647 2039 650 2036 650 2033 650 2030 650 1949 631 1943 631 1937 631 1834 650 1831 650 1828 650 1787 634 1772 628 1659 634 1463 650 1460 650 1457 650 1426 641 1395 628 1311 641 1248 650 1245 650 1208 644 1139 628 1111 644 1105 650 1102 650 1099 650 1096 650 1093 650 1090 650 1090 647 1086 644 1065 628 915 628 878 647 878 650 875 650 872 650 868 650 865 650 859 647 794 628 666 650"/>
                  </Shape>
                  <String CONTENT="Semon villain dudit Courthedoubs depose, que sont,"
                          HPOS="666"
                          VPOS="522"
                          WIDTH="1672"
                          HEIGHT="128"/>
               </TextLine>
               <TextLine ID="eSc_line_4ecb0169"
                         BASELINE="747 687 2373 712"
                         HPOS="741"
                         VPOS="619"
                         WIDTH="1632"
                         HEIGHT="131"
                         TAGREFS="LT118">
                  <Shape>
                     <Polygon POINTS="747 687 747 619 952 644 1118 644 1139 625 1142 625 1146 625 1149 625 1155 625 1367 650 1404 631 1407 631 1410 631 1413 631 1417 631 1448 653 1563 656 1694 656 1709 641 1709 638 1712 638 1716 638 1719 638 1722 638 1765 656 1921 638 1934 638 1937 638 1949 638 2099 659 2366 647 2373 712 2366 740 2130 725 2117 734 2108 743 2108 747 2105 747 2102 747 2102 750 1968 750 1965 747 1962 747 1958 747 1934 731 1918 722 1865 728 1772 743 1768 743 1454 737 1451 737 1373 718 1348 712 1326 715 1239 734 1236 734 1233 734 1230 734 1199 715 952 731 949 731 946 731 890 706 890 703 741 700"/>
                  </Shape>
                  <String CONTENT="environ, quatre ans quilz avoyent deux Juvencelx"
                          HPOS="741"
                          VPOS="619"
                          WIDTH="1632"
                          HEIGHT="131"/>
               </TextLine>
               <TextLine ID="eSc_line_993d8be5"
                         BASELINE="741 793 2335 803"
                         HPOS="728"
                         VPOS="715"
                         WIDTH="1607"
                         HEIGHT="122"
                         TAGREFS="LT118">
                  <Shape>
                     <Polygon POINTS="741 793 741 715 1286 737 1476 728 1641 718 1644 718 1740 731 1806 743 1899 743 1909 734 1921 722 1924 722 1927 722 1930 722 2014 737 2036 740 2043 737 2061 722 2064 722 2067 722 2071 722 2264 722 2267 722 2335 743 2335 803 2332 821 2257 834 2254 834 2251 834 2248 834 2232 821 2223 812 2083 812 2046 818 2002 827 1999 827 1996 827 1968 818 1949 812 1943 818 1927 831 1927 834 1924 834 1921 834 1921 837 1856 837 1853 834 1849 834 1846 834 1825 815 1818 812 1750 812 1725 815 1622 831 1619 831 1616 831 1578 812 1569 809 1538 812 1410 831 1407 831 1211 809 1180 806 1161 809 1046 827 1043 827 843 806 775 827 772 827 769 827 766 827 763 827 728 803"/>
                  </Shape>
                  <String CONTENT="que vindrent malades Et estant estes conseilles"
                          HPOS="728"
                          VPOS="715"
                          WIDTH="1607"
                          HEIGHT="122"/>
               </TextLine>
               <TextLine ID="eSc_line_b9b5c158"
                         BASELINE="657 902 2370 887"
                         HPOS="647"
                         VPOS="809"
                         WIDTH="1723"
                         HEIGHT="130"
                         TAGREFS="LT118">
                  <Shape>
                     <Polygon POINTS="657 902 647 840 990 821 993 821 996 821 999 821 1021 837 1027 840 1037 837 1065 824 1068 824 1071 824 1074 824 1077 824 1077 827 1086 834 1093 840 1111 834 1152 824 1155 824 1158 824 1223 834 1264 840 1283 834 1329 815 1332 815 1336 815 1339 815 1382 834 1392 837 1404 834 1457 815 1460 815 1463 815 1466 815 1501 834 1510 840 1659 840 1672 831 1697 812 1700 812 1703 812 1706 812 1709 812 1778 831 1781 831 1806 812 1809 812 1812 812 1815 812 1818 812 1874 831 1881 831 1887 831 1946 812 1949 812 1952 812 1955 812 2008 827 2018 831 2024 827 2086 809 2089 809 2092 809 2095 809 2099 809 2120 827 2127 831 2360 827 2370 887 2366 908 2273 924 2270 924 2267 924 2229 911 2198 902 2064 902 2046 915 2030 927 2027 927 2024 927 2024 930 1871 930 1868 927 1865 927 1862 927 1862 924 1856 918 1840 905 1597 905 1569 924 1554 930 1550 930 1547 930 1544 930 1522 924 1476 908 1445 924 1432 930 1429 930 1242 933 1239 933 1236 933 1220 930 1164 911 1030 911 987 933 977 936 974 936 974 939 657 939"/>
                  </Shape>
                  <String CONTENT="de baptre les lings diceulx, deposant print"
                          HPOS="647"
                          VPOS="809"
                          WIDTH="1723"
                          HEIGHT="130"/>
               </TextLine>
               <TextLine ID="eSc_line_57baf879"
                         BASELINE="700 996 2307 986"
                         HPOS="691"
                         VPOS="899"
                         WIDTH="1616"
                         HEIGHT="134"
                         TAGREFS="LT118">
                  <Shape>
                     <Polygon POINTS="700 996 691 930 738 905 741 905 744 905 900 930 1205 930 1258 930 1258 927 1314 911 1317 911 1320 911 1323 911 1379 927 1429 902 1432 902 1435 902 1438 902 1441 902 1473 927 1473 930 1560 930 1560 927 1622 902 1625 902 1628 902 1631 902 1700 924 1762 899 1765 899 1768 899 2033 902 2036 902 2095 924 2127 902 2130 902 2133 902 2136 902 2139 902 2142 902 2142 905 2167 927 2301 927 2307 986 2304 1008 2195 1027 2192 1027 2189 1027 2155 1011 2142 1005 2055 1005 2043 1011 2024 1027 2021 1027 2018 1027 2014 1027 2011 1027 1974 1011 1965 1008 1952 1011 1921 1027 1918 1027 1915 1027 1837 1014 1834 1014 1734 1030 1731 1030 1728 1030 1672 1014 1644 1008 1491 1008 1469 1017 1435 1030 1432 1030 1432 1033 1342 1033 1339 1030 1336 1030 1332 1030 1332 1027 1320 1017 1311 1008 1276 1017 1239 1027 1236 1027 1233 1027 1142 1017 1090 1014 1080 1020 1052 1033 1049 1033 1046 1033 1043 1033 993 1020 956 1011 918 1020 862 1033 859 1033 697 1020"/>
                  </Shape>
                  <String CONTENT="Lesdits Lings les baptirent avec des fleu dont"
                          HPOS="691"
                          VPOS="899"
                          WIDTH="1616"
                          HEIGHT="134"/>
               </TextLine>
               <TextLine ID="eSc_line_a9aff2d8"
                         BASELINE="669 1108 934 1086 2245 1070"
                         HPOS="660"
                         VPOS="996"
                         WIDTH="1585"
                         HEIGHT="146"
                         TAGREFS="LT118">
                  <Shape>
                     <Polygon POINTS="669 1108 660 1033 872 1008 875 1008 1015 1024 1058 1027 1071 1020 1111 1005 1114 1005 1118 1005 1289 1017 1357 1020 1410 1014 1510 999 1513 999 1619 1008 1709 1017 1725 1005 1737 996 1740 996 1744 996 1747 996 1856 996 1859 996 1862 996 1862 999 1868 1002 1881 1014 2236 996 2245 1070 2242 1086 2127 1095 2105 1117 2105 1120 2102 1120 2099 1120 2095 1120 1958 1101 1868 1123 1865 1123 1862 1123 1859 1123 1856 1123 1825 1101 1821 1101 1781 1123 1778 1123 1775 1123 1772 1123 1768 1123 1747 1104 1744 1101 1603 1098 1582 1111 1563 1123 1560 1123 1557 1123 1554 1123 1550 1123 1522 1114 1488 1101 1448 1117 1432 1120 1429 1120 1426 1120 1401 1117 1308 1101 1174 1126 1127 1132 1124 1132 1096 1129 996 1108 949 1132 943 1136 940 1136 865 1139 862 1139 859 1139 853 1136 784 1111 672 1142"/>
                  </Shape>
                  <String CONTENT="Ladite Annelin se trouvat tout blessee par le"
                          HPOS="660"
                          VPOS="996"
                          WIDTH="1585"
                          HEIGHT="146"/>
               </TextLine>
               <TextLine ID="eSc_line_2542854a"
                         BASELINE="675 1173 1937 1185 2261 1195 2401 1213"
                         HPOS="666"
                         VPOS="1095"
                         WIDTH="1735"
                         HEIGHT="134"
                         TAGREFS="LT118">
                  <Shape>
                     <Polygon POINTS="675 1173 675 1117 931 1117 934 1117 974 1095 977 1095 981 1095 1133 1117 1158 1123 1345 1123 1348 1120 1364 1104 1364 1101 1367 1101 1370 1101 1373 1101 1454 1120 1476 1123 1507 1120 1644 1101 1647 1101 1815 1104 1818 1104 1821 1104 1840 1120 2002 1108 2005 1108 2008 1108 2011 1108 2027 1123 2030 1126 2046 1123 2089 1111 2092 1111 2095 1111 2099 1111 2133 1123 2158 1132 2401 1126 2401 1213 2394 1229 1899 1204 1762 1216 1669 1223 1666 1223 1516 1210 1389 1198 1367 1207 1339 1216 1336 1216 1332 1216 1329 1216 1326 1216 1308 1204 1295 1198 1264 1204 1189 1216 1186 1216 1183 1216 1180 1216 1155 1201 1146 1195 1083 1198 912 1213 909 1213 906 1213 903 1213 903 1210 900 1210 887 1195 884 1192 856 1195 713 1207 710 1207 706 1207 666 1188"/>
                  </Shape>
                  <String CONTENT="visaige. Non pourtant lesdits Juvencelx morurent"
                          HPOS="666"
                          VPOS="1095"
                          WIDTH="1735"
                          HEIGHT="134"/>
               </TextLine>
               <TextLine ID="eSc_line_6461c258"
                         BASELINE="691 1263 2267 1269"
                         HPOS="688"
                         VPOS="1185"
                         WIDTH="1579"
                         HEIGHT="134"
                         TAGREFS="LT118">
                  <Shape>
                     <Polygon POINTS="691 1263 688 1201 819 1185 822 1185 825 1185 828 1185 843 1198 856 1210 934 1210 946 1198 959 1188 959 1185 962 1185 965 1185 968 1185 1058 1185 1061 1185 1090 1198 1114 1207 1146 1198 1170 1188 1174 1188 1177 1188 1180 1188 1183 1188 1192 1198 1211 1207 1417 1195 1494 1192 1498 1192 1501 1192 1510 1195 1541 1207 1554 1198 1554 1195 1557 1195 1560 1195 1563 1195 1566 1195 1613 1213 1868 1213 1887 1192 1890 1192 1890 1188 1893 1188 1896 1188 1899 1188 2074 1188 2077 1188 2080 1188 2083 1192 2102 1204 2261 1192 2267 1269 2264 1291 2211 1291 2183 1313 2183 1316 2180 1316 2176 1316 2176 1319 2074 1319 2071 1316 2067 1316 2064 1316 2024 1291 2014 1291 1828 1316 1825 1316 1669 1294 1650 1291 1641 1294 1585 1316 1582 1316 1582 1319 1482 1319 1479 1316 1476 1316 1473 1316 1445 1297 1167 1313 1164 1313 1096 1297 1058 1288 1033 1297 993 1313 990 1313 990 1316 924 1316 921 1313 918 1313 915 1313 915 1310 900 1297 887 1288 688 1297"/>
                  </Shape>
                  <String CONTENT="Et a opinion deposant que ladite Annelin les"
                          HPOS="688"
                          VPOS="1185"
                          WIDTH="1579"
                          HEIGHT="134"/>
               </TextLine>
               <TextLine ID="eSc_line_b35ba451"
                         BASELINE="713 1369 1460 1353"
                         HPOS="706"
                         VPOS="1276"
                         WIDTH="754"
                         HEIGHT="158"
                         TAGREFS="LT118">
                  <Shape>
                     <Polygon POINTS="713 1369 706 1285 847 1282 850 1282 853 1282 856 1282 862 1288 903 1310 965 1291 1012 1276 1015 1276 1018 1276 1086 1276 1090 1276 1093 1276 1118 1294 1124 1301 1133 1294 1149 1282 1152 1282 1155 1282 1158 1282 1161 1282 1164 1282 1164 1285 1177 1294 1186 1304 1239 1297 1308 1288 1311 1288 1454 1304 1460 1353 1457 1381 1242 1372 1211 1397 1208 1400 1205 1400 1202 1400 1199 1400 1174 1400 1086 1391 1058 1406 1012 1431 1009 1431 1009 1434 887 1434 884 1431 881 1431 847 1419 778 1388 719 1425"/>
                  </Shape>
                  <String CONTENT="Leur feist mourir"
                          HPOS="706"
                          VPOS="1276"
                          WIDTH="754"
                          HEIGHT="158"/>
               </TextLine>
            </TextBlock>
            <TextBlock HPOS="473"
                       VPOS="1494"
                       WIDTH="1937"
                       HEIGHT="1615"
                       ID="eSc_textblock_f0062bd0"
                       TAGREFS="BT367">
               <Shape>
                  <Polygon POINTS="2348 2191 2335 2461 2385 2527 2360 2636 2410 2885 2335 2984 2248 3059 1986 3109 710 3072 672 2564 523 2536 560 2427 672 2325 672 2178 610 2066 697 2013 697 1643 657 1553 485 1565 473 1531 896 1494 2385 1543 2410 2013"/>
               </Shape>
               <TextLine ID="eSc_line_76cb0f66"
                         BASELINE="706 1609 1619 1587 2360 1590"
                         HPOS="700"
                         VPOS="1490"
                         WIDTH="1660"
                         HEIGHT="144"
                         TAGREFS="LT118">
                  <Shape>
                     <Polygon POINTS="706 1609 700 1506 837 1528 881 1509 884 1509 912 1506 1161 1500 1164 1500 1208 1509 1292 1531 1317 1509 1323 1506 1323 1503 1326 1503 1329 1503 1332 1503 1522 1503 1526 1503 1560 1512 1613 1528 1656 1512 1712 1494 1716 1494 1719 1494 1809 1515 1849 1525 1874 1515 1934 1490 1937 1490 1940 1490 2039 1494 2043 1494 2092 1518 2102 1522 2354 1522 2360 1590 2360 1606 2167 1618 2164 1618 2083 1612 1940 1599 1865 1615 1849 1618 1846 1618 1843 1618 1837 1615 1796 1602 1756 1618 1744 1621 1740 1621 1737 1621 1734 1621 1722 1618 1672 1606 1491 1621 1420 1627 1417 1627 1413 1627 1410 1627 1410 1624 1407 1624 1392 1609 1301 1609 1280 1624 1280 1627 1276 1627 1273 1627 1270 1627 1245 1627 1133 1615 1118 1627 1118 1630 1114 1630 1111 1630 1108 1630 1083 1627 949 1612 706 1634"/>
                  </Shape>
                  <String CONTENT="Vaulbert Jordain dudit lieu Par serement depose"
                          HPOS="700"
                          VPOS="1490"
                          WIDTH="1660"
                          HEIGHT="144"/>
               </TextLine>
               <TextLine ID="eSc_line_fb99a6a1"
                         BASELINE="706 1693 2345 1665"
                         HPOS="697"
                         VPOS="1587"
                         WIDTH="1648"
                         HEIGHT="118"
                         TAGREFS="LT118">
                  <Shape>
                     <Polygon POINTS="706 1693 697 1637 753 1609 756 1609 759 1609 763 1609 806 1630 896 1630 918 1609 918 1606 921 1606 924 1606 928 1606 1061 1627 1099 1609 1102 1609 1105 1609 1233 1624 1276 1602 1280 1602 1283 1602 1286 1602 1360 1621 1616 1593 1619 1593 1737 1612 1812 1590 1815 1590 1818 1590 1934 1612 2133 1590 2136 1590 2139 1590 2170 1606 2198 1587 2201 1587 2204 1587 2208 1587 2338 1609 2345 1665 2345 1686 706 1705"/>
                  </Shape>
                  <String CONTENT="Que la premiere femme de Estienne doland"
                          HPOS="697"
                          VPOS="1587"
                          WIDTH="1648"
                          HEIGHT="118"/>
               </TextLine>
               <TextLine ID="eSc_line_97eb3bb2"
                         BASELINE="722 1767 2394 1749"
                         HPOS="719"
                         VPOS="1671"
                         WIDTH="1675"
                         HEIGHT="121"
                         TAGREFS="LT118">
                  <Shape>
                     <Polygon POINTS="722 1767 719 1690 1090 1702 1108 1686 1108 1683 1111 1683 1114 1683 1118 1683 1121 1683 1124 1683 1180 1702 1230 1683 1233 1683 1236 1683 1239 1683 1276 1702 1379 1680 1389 1680 1392 1680 1401 1680 1510 1699 1557 1680 1563 1677 1566 1677 1569 1677 1737 1677 1740 1677 1787 1696 1803 1680 1803 1677 1806 1677 1809 1677 1812 1677 1818 1677 2108 1693 2139 1674 2142 1674 2145 1674 2148 1674 2152 1674 2155 1674 2176 1693 2313 1693 2382 1671 2394 1749 2391 1771 722 1792"/>
                  </Shape>
                  <String CONTENT="devint malade sont plus de huit ans de sorte"
                          HPOS="719"
                          VPOS="1671"
                          WIDTH="1675"
                          HEIGHT="121"/>
               </TextLine>
               <TextLine ID="eSc_line_0aaf9b36"
                         BASELINE="719 1842 2192 1836 2370 1848"
                         HPOS="713"
                         VPOS="1758"
                         WIDTH="1657"
                         HEIGHT="121"
                         TAGREFS="LT118">
                  <Shape>
                     <Polygon POINTS="719 1842 713 1789 825 1761 828 1761 831 1761 906 1783 1030 1761 1033 1761 1208 1777 1301 1761 1304 1761 1308 1761 1311 1761 1311 1764 1332 1783 1401 1761 1404 1761 1407 1761 1410 1761 1413 1761 1451 1786 1554 1786 1578 1764 1578 1761 1582 1761 1585 1761 1697 1758 1700 1758 1862 1780 1977 1758 1980 1758 2189 1780 2245 1758 2248 1758 2251 1758 2254 1758 2257 1758 2257 1761 2279 1783 2366 1783 2370 1848 2363 1873 2217 1858 2120 1873 2117 1873 2114 1873 2111 1873 2111 1870 2086 1848 1965 1848 1831 1873 1828 1873 1703 1848 1631 1870 1628 1870 1625 1870 1522 1851 1304 1876 1301 1876 1146 1851 1012 1876 1009 1876 843 1851 812 1873 809 1873 806 1873 719 1879"/>
                  </Shape>
                  <String CONTENT="quil La failloit tenir dont deposant y estant"
                          HPOS="713"
                          VPOS="1758"
                          WIDTH="1657"
                          HEIGHT="121"/>
               </TextLine>
               <TextLine ID="eSc_line_a0e385b4"
                         BASELINE="719 1929 2304 1914"
                         HPOS="710"
                         VPOS="1830"
                         WIDTH="1594"
                         HEIGHT="133"
                         TAGREFS="LT118">
                  <Shape>
                     <Polygon POINTS="719 1929 710 1870 794 1848 797 1848 800 1848 872 1864 934 1842 937 1842 940 1842 943 1842 1018 1864 1027 1864 1174 1864 1180 1861 1233 1839 1236 1839 1239 1839 1242 1839 1276 1858 1283 1861 1317 1858 1473 1836 1476 1836 1578 1851 1619 1858 1669 1851 1765 1833 1768 1833 1772 1833 1815 1848 1840 1855 1893 1845 1980 1830 1983 1830 2099 1830 2102 1830 2105 1830 2105 1833 2114 1842 2127 1851 2295 1839 2304 1914 2301 1954 2036 1954 2033 1951 2030 1951 2027 1951 2027 1948 2008 1932 1958 1951 1946 1954 1943 1954 1940 1954 1937 1954 1934 1954 1930 1951 1902 1932 1694 1932 1669 1948 1666 1951 1663 1951 1659 1951 1656 1951 1653 1951 1650 1951 1647 1948 1631 1935 1560 1948 1535 1951 1532 1951 1529 1951 1516 1948 1476 1935 1451 1948 1429 1957 1426 1957 1423 1957 1261 1945 1152 1939 1142 1945 1130 1957 1130 1960 1127 1960 1124 1960 1121 1960 1040 1945 1018 1942 996 1945 921 1957 918 1957 915 1957 862 1945 853 1942 843 1945 791 1963 787 1963 784 1963 781 1963 713 1942"/>
                  </Shape>
                  <String CONTENT="et laidant a tenir, Icelle femme dudit Doland"
                          HPOS="710"
                          VPOS="1830"
                          WIDTH="1594"
                          HEIGHT="133"/>
               </TextLine>
               <TextLine ID="eSc_line_50a4c392"
                         BASELINE="719 2029 2391 2029"
                         HPOS="716"
                         VPOS="1948"
                         WIDTH="1678"
                         HEIGHT="109"
                         TAGREFS="LT118">
                  <Shape>
                     <Polygon POINTS="719 2029 719 1957 974 1967 993 1957 1002 1951 1005 1951 1009 1951 1012 1951 1015 1951 1030 1957 1052 1967 1086 1957 1136 1948 1139 1948 1142 1948 1146 1948 1146 1951 1155 1960 1164 1970 1345 1970 1354 1960 1367 1948 1370 1948 1373 1948 1376 1948 1379 1948 1432 1960 1454 1967 1466 1960 1494 1948 1498 1948 1501 1948 1504 1948 1507 1948 1529 1963 1541 1970 1656 1970 1691 1963 1812 1948 1815 1948 1962 1967 1977 1967 1980 1967 1996 1951 1996 1948 1999 1948 2002 1948 2005 1948 2323 1948 2326 1948 2394 1970 2391 2029 2388 2057 716 2054"/>
                  </Shape>
                  <String CONTENT="present plusieurs aultres personnes dit qui la Baillie"
                          HPOS="716"
                          VPOS="1948"
                          WIDTH="1678"
                          HEIGHT="109"/>
               </TextLine>
               <TextLine ID="eSc_line_2ab9d49d"
                         TAGREFS="LT120"
                         BASELINE="637 2099 1061 2080"
                         HPOS="625"
                         VPOS="2023"
                         WIDTH="433"
                         HEIGHT="99">
                  <Shape>
                     <Polygon POINTS="635 2097 625 2029 1049 2023 1058 2079 1055 2094 635 2122"/>
                  </Shape>
                  <String CONTENT="entendant et nommant"
                          HPOS="625"
                          VPOS="2023"
                          WIDTH="433"
                          HEIGHT="99"/>
               </TextLine>
               <TextLine ID="eSc_line_d255db60"
                         BASELINE="735 2146 774 2134 826 2141 840 2137 872 2137 927 2132 1000 2128 1073 2128 1123 2114 1173 2114 1173 2109 1178 2109 1265 2109 1269 2114 1347 2114 1402 2118 1516 2128 1698 2123 1785 2123 1845 2118 2059 2109 2187 2109 2201 2118 2315 2118"
                         HPOS="722"
                         VPOS="2032"
                         WIDTH="1591"
                         HEIGHT="137"
                         TAGREFS="LT118">
                  <Shape>
                     <Polygon POINTS="734 2144 722 2085 1090 2072 1111 2051 1114 2051 1118 2051 1121 2051 1236 2069 1292 2048 1295 2048 1298 2048 1301 2048 1364 2066 1445 2044 1448 2044 1641 2041 1644 2041 1647 2041 1719 2060 1731 2063 1734 2060 1750 2048 1753 2048 1756 2048 1759 2048 1762 2048 1784 2057 1796 2063 1868 2057 1993 2044 1996 2044 2083 2051 2148 2057 2161 2051 2183 2032 2186 2032 2189 2032 2192 2032 2310 2048 2313 2116 2310 2128 2030 2144 2027 2144 2024 2144 2021 2144 2014 2138 1999 2125 1887 2141 1812 2150 1809 2150 1806 2150 1803 2150 1793 2144 1781 2135 1600 2135 1498 2150 1457 2156 1454 2156 1451 2156 1438 2153 1404 2138 1332 2156 1320 2156 1317 2156 1298 2156 1158 2141 1080 2163 1074 2163 1071 2163 1068 2163 1058 2163 962 2144 946 2156 946 2160 943 2160 940 2160 937 2160 865 2147 843 2166 840 2166 837 2166 734 2169"/>
                  </Shape>
                  <String CONTENT="quest Ladite Annelin lui avoit donne la maladie."
                          HPOS="722"
                          VPOS="2032"
                          WIDTH="1591"
                          HEIGHT="137"/>
               </TextLine>
               <TextLine ID="eSc_line_a8d15d15"
                         BASELINE="694 2231 1398 2216 2295 2228"
                         HPOS="691"
                         VPOS="2141"
                         WIDTH="1604"
                         HEIGHT="121"
                         TAGREFS="LT118">
                  <Shape>
                     <Polygon POINTS="694 2231 691 2166 921 2166 949 2141 952 2141 956 2141 959 2141 962 2141 1030 2163 1083 2141 1086 2141 1090 2141 1301 2141 1304 2141 1357 2163 1404 2144 1407 2144 1572 2141 1575 2141 1578 2141 1582 2141 1616 2163 1765 2144 1768 2144 1772 2144 1834 2163 1874 2141 1877 2141 1881 2141 2074 2141 2077 2141 2080 2141 2080 2144 2099 2163 2292 2166 2295 2228 2289 2256 1638 2234 1569 2259 1566 2259 1563 2259 1560 2259 1550 2259 1448 2241 1423 2259 1420 2259 1417 2259 1417 2262 1323 2262 1320 2259 1317 2259 1267 2234 1105 2234 1046 2259 1043 2259 1043 2262 903 2262 900 2259 896 2259 850 2234 691 2259"/>
                  </Shape>
                  <String CONTENT="de laquelle ayant quelquement trayne ladite"
                          HPOS="691"
                          VPOS="2141"
                          WIDTH="1604"
                          HEIGHT="121"/>
               </TextLine>
               <TextLine ID="eSc_line_91e1f35e"
                         BASELINE="694 2321 2298 2312"
                         HPOS="688"
                         VPOS="2228"
                         WIDTH="1610"
                         HEIGHT="134"
                         TAGREFS="LT118">
                  <Shape>
                     <Polygon POINTS="694 2321 688 2256 819 2234 822 2234 918 2250 1099 2234 1102 2234 1105 2234 1164 2253 1167 2253 1245 2231 1248 2231 1251 2231 1348 2253 1351 2253 1354 2253 1417 2231 1420 2231 1423 2231 1498 2231 1501 2231 1504 2231 1504 2234 1526 2253 1575 2231 1578 2231 1582 2231 1716 2231 1719 2231 1762 2250 1856 2231 1859 2231 1862 2231 1912 2250 1930 2231 1930 2228 1934 2228 1937 2228 1940 2228 1943 2228 2005 2253 2292 2253 2298 2312 2298 2331 2217 2356 2214 2356 2211 2356 2089 2334 2071 2331 2055 2334 1983 2356 1980 2356 1980 2359 1793 2359 1790 2356 1675 2337 1613 2328 1482 2328 1454 2340 1392 2359 1389 2359 1389 2362 1273 2362 1270 2359 1267 2359 1230 2340 1208 2331 694 2343"/>
                  </Shape>
                  <String CONTENT="de telle maladie finablement en est morte"
                          HPOS="688"
                          VPOS="2228"
                          WIDTH="1610"
                          HEIGHT="134"/>
               </TextLine>
               <TextLine ID="eSc_line_5b23b58b"
                         BASELINE="700 2511 915 2490 2276 2493"
                         HPOS="694"
                         VPOS="2399"
                         WIDTH="1582"
                         HEIGHT="137"
                         TAGREFS="LT118">
                  <Shape>
                     <Polygon POINTS="700 2511 694 2402 893 2399 896 2399 900 2399 924 2405 1012 2430 1061 2415 1065 2415 1068 2415 1071 2415 1105 2433 1438 2433 1457 2415 1476 2399 1479 2399 1482 2399 1485 2399 1625 2399 1628 2399 1675 2421 1678 2421 1684 2421 1765 2399 1768 2399 1772 2399 1775 2399 1828 2424 1846 2430 1890 2424 1999 2409 2002 2409 2273 2433 2276 2493 2270 2511 1990 2505 1902 2518 1809 2533 1806 2533 1803 2533 1800 2533 1781 2521 1753 2505 1647 2505 1607 2524 1582 2533 1578 2533 1575 2533 1516 2524 1429 2511 1407 2527 1398 2533 1395 2533 1392 2533 1392 2536 1202 2536 1199 2533 1195 2533 1192 2533 1192 2530 1189 2530 1164 2505 1105 2524 1102 2524 1099 2524 1096 2524 1093 2524 1093 2521 1074 2505 940 2521 937 2521 934 2521 890 2505 853 2533 850 2533 847 2533 843 2533 840 2533 772 2511 703 2536"/>
                  </Shape>
                  <String CONTENT="Theunat guenin par serement depose, Que"
                          HPOS="694"
                          VPOS="2399"
                          WIDTH="1582"
                          HEIGHT="137"/>
               </TextLine>
               <TextLine ID="eSc_line_03aab47c"
                         BASELINE="697 2580 2360 2574"
                         HPOS="694"
                         VPOS="2502"
                         WIDTH="1666"
                         HEIGHT="115"
                         TAGREFS="LT118">
                  <Shape>
                     <Polygon POINTS="697 2580 694 2530 763 2530 763 2527 794 2505 797 2505 800 2505 803 2505 806 2505 887 2527 890 2527 893 2527 1043 2505 1046 2505 1049 2505 1093 2527 1096 2527 1099 2527 1158 2505 1161 2505 1164 2505 1167 2505 1233 2527 1239 2530 1370 2530 1379 2524 1438 2505 1441 2505 1445 2505 1448 2505 1510 2524 1526 2508 1529 2508 1532 2508 1535 2508 1684 2524 1697 2524 1700 2524 1725 2502 1728 2502 1731 2502 1734 2502 1737 2502 1778 2524 1784 2527 1871 2527 1874 2524 1899 2502 1902 2502 1905 2502 1909 2502 2136 2518 2304 2502 2307 2502 2310 2502 2357 2521 2360 2574 2357 2602 1887 2611 1884 2611 1881 2611 1877 2611 1874 2608 1859 2595 1768 2608 1740 2611 1737 2611 1734 2611 1728 2608 1691 2592 1563 2611 1526 2614 1522 2614 1519 2614 1504 2611 1445 2595 1417 2611 1413 2614 1410 2614 1407 2614 1404 2614 1401 2614 1398 2614 1395 2611 1370 2595 1180 2595 1052 2614 1046 2614 1043 2614 1040 2614 1002 2595 971 2611 968 2611 965 2611 744 2595 700 2617"/>
                  </Shape>
                  <String CONTENT="Lannée passee, Ladite Annelin fust interpeller"
                          HPOS="694"
                          VPOS="2502"
                          WIDTH="1666"
                          HEIGHT="115"/>
               </TextLine>
               <TextLine ID="eSc_line_47958121"
                         BASELINE="700 2682 2282 2654"
                         HPOS="694"
                         VPOS="2574"
                         WIDTH="1588"
                         HEIGHT="146"
                         TAGREFS="LT118">
                  <Shape>
                     <Polygon POINTS="700 2682 694 2611 781 2598 784 2598 787 2598 828 2608 868 2617 952 2608 1071 2592 1074 2592 1133 2605 1146 2608 1161 2605 1223 2589 1227 2589 1230 2589 1317 2605 1345 2608 1360 2605 1404 2586 1407 2586 1410 2586 1526 2602 1560 2605 1616 2602 1853 2580 1856 2580 1859 2580 1915 2595 1940 2580 1943 2580 1946 2580 1949 2580 1952 2580 1983 2595 2167 2595 2198 2574 2201 2574 2204 2574 2208 2574 2211 2574 2279 2595 2282 2654 2279 2673 2204 2689 2201 2689 2198 2689 2148 2676 2133 2673 2127 2676 2099 2695 2095 2695 2092 2695 2089 2695 2014 2679 1999 2676 1990 2679 1934 2704 1930 2704 1930 2707 1871 2707 1868 2704 1865 2704 1862 2704 1837 2682 1828 2676 1641 2676 1625 2686 1575 2710 1572 2710 1572 2714 1401 2714 1398 2710 1395 2710 1342 2689 1329 2686 1314 2689 1230 2717 1227 2717 1227 2720 1146 2720 1142 2717 1139 2717 1136 2717 1105 2695 1090 2695 1058 2695 1033 2714 1033 2717 1030 2717 1027 2717 1024 2717 1021 2717 956 2695 940 2692 847 2692 840 2698 815 2720 812 2720 809 2720 806 2720 803 2720 800 2720 772 2698 766 2695 700 2698"/>
                  </Shape>
                  <String CONTENT="deposant de lui aller querir une charree de"
                          HPOS="694"
                          VPOS="2574"
                          WIDTH="1588"
                          HEIGHT="146"/>
               </TextLine>
               <TextLine ID="eSc_line_9e92cc24"
                         BASELINE="719 2773 2335 2745"
                         HPOS="710"
                         VPOS="2670"
                         WIDTH="1631"
                         HEIGHT="143"
                         TAGREFS="LT118">
                  <Shape>
                     <Polygon POINTS="719 2773 710 2720 791 2695 794 2695 797 2695 1236 2707 1345 2686 1432 2682 1435 2682 1438 2682 1441 2682 1469 2701 1610 2679 1613 2679 1616 2679 1619 2679 1650 2698 1790 2676 1793 2676 1952 2695 1993 2673 1996 2673 1999 2673 2145 2692 2248 2670 2251 2670 2254 2670 2332 2692 2335 2745 2341 2760 2310 2785 2307 2785 2304 2785 2152 2798 2148 2798 2145 2798 2067 2770 1962 2770 1909 2798 1905 2798 1902 2798 1899 2798 1828 2776 1635 2776 1550 2807 1547 2807 1429 2810 1426 2810 1242 2788 1186 2813 1183 2813 1180 2813 1021 2788 934 2807 931 2807 928 2807 924 2807 903 2788 900 2788 847 2810 843 2810 840 2810 716 2791"/>
                  </Shape>
                  <String CONTENT="feuille ce que nayant, peu faire pource que"
                          HPOS="710"
                          VPOS="2670"
                          WIDTH="1631"
                          HEIGHT="143"/>
               </TextLine>
               <TextLine ID="eSc_line_110b7a06"
                         BASELINE="697 2863 1881 2841 2232 2844 2398 2860"
                         HPOS="691"
                         VPOS="2757"
                         WIDTH="1707"
                         HEIGHT="150"
                         TAGREFS="LT118">
                  <Shape>
                     <Polygon POINTS="697 2863 691 2776 787 2788 890 2776 918 2773 921 2773 924 2773 928 2773 928 2776 931 2776 956 2801 1111 2801 1230 2776 1258 2773 1261 2773 1264 2773 1280 2776 1329 2795 1529 2795 1554 2779 1569 2767 1572 2767 1575 2767 1768 2760 1772 2760 1890 2779 1934 2785 1943 2779 1962 2763 1965 2763 1968 2763 2092 2757 2095 2757 2099 2757 2186 2779 2201 2782 2214 2779 2301 2757 2304 2757 2307 2757 2310 2757 2313 2757 2313 2760 2338 2779 2338 2782 2394 2782 2398 2860 2398 2875 2102 2885 2099 2885 2095 2885 2092 2885 2092 2882 2089 2879 2067 2860 2008 2860 1871 2875 1868 2875 1641 2866 1613 2885 1607 2891 1603 2891 1600 2891 1597 2891 1557 2885 1473 2869 1389 2885 1329 2897 1326 2897 1280 2888 1211 2872 1167 2872 1149 2888 1136 2897 1136 2900 1133 2900 1130 2900 1127 2900 990 2894 987 2894 984 2894 977 2891 956 2875 934 2891 915 2903 912 2903 909 2903 909 2907 794 2907 791 2903 787 2903 784 2903 784 2900 775 2891 763 2882 697 2891"/>
                  </Shape>
                  <String CONTENT="Lui convenoit aller querir de lavenne lui refusa"
                          HPOS="691"
                          VPOS="2757"
                          WIDTH="1707"
                          HEIGHT="150"/>
               </TextLine>
               <TextLine ID="eSc_line_c1ce759e"
                         BASELINE="697 2972 1485 2947 2329 2941"
                         HPOS="694"
                         VPOS="2863"
                         WIDTH="1635"
                         HEIGHT="140"
                         TAGREFS="LT118">
                  <Shape>
                     <Polygon POINTS="697 2972 694 2897 1005 2903 1024 2891 1040 2882 1043 2882 1046 2882 1049 2882 1052 2882 1086 2891 1108 2897 1158 2891 1258 2879 1261 2879 1264 2879 1286 2891 1298 2897 1485 2897 1498 2888 1532 2872 1535 2872 1538 2872 1666 2888 1687 2888 1716 2885 1877 2866 1881 2866 2136 2882 2148 2882 2170 2863 2173 2863 2176 2863 2180 2863 2323 2882 2329 2941 2329 2963 1849 2963 1828 2972 1818 2981 1815 2981 1812 2981 1694 2984 1691 2984 1578 2978 1364 2969 1329 2984 1317 2991 1314 2991 1311 2991 1308 2991 1298 2988 1261 2972 1136 2988 1133 2988 915 2978 872 2997 865 3000 862 3000 862 3003 697 3003"/>
                  </Shape>
                  <String CONTENT="Et le lendemain ayant deposant mene une"
                          HPOS="694"
                          VPOS="2863"
                          WIDTH="1635"
                          HEIGHT="140"/>
               </TextLine>
               <TextLine ID="eSc_line_ed191b31"
                         BASELINE="725 3050 2217 3031"
                         HPOS="716"
                         VPOS="2956"
                         WIDTH="1501"
                         HEIGHT="153"
                         TAGREFS="LT118">
                  <Shape>
                     <Polygon POINTS="725 3050 716 3000 766 2972 769 2972 772 2972 887 2994 965 2969 968 2969 971 2969 974 2969 977 2969 996 2981 1227 2966 1230 2966 1233 2966 1236 2966 1236 2969 1261 2988 1585 2966 1588 2966 1591 2966 1594 2966 1619 2984 1622 2984 1675 2969 1678 2969 1681 2969 1843 2981 1874 2981 1881 2978 1909 2959 1912 2959 1915 2959 1918 2959 1996 2975 2021 2956 2024 2956 2027 2956 2030 2956 2211 2975 2217 3031 2217 3053 2055 3056 1968 3103 1965 3103 1962 3103 1734 3068 1697 3103 1697 3106 1694 3106 1691 3106 1687 3106 1547 3093 1445 3109 1441 3109 1308 3078 1211 3087 1208 3087 1205 3087 1158 3075 1146 3072 999 3075 996 3078 959 3096 956 3096 952 3096 949 3096 946 3096 946 3093 931 3078 924 3075 725 3081"/>
                  </Shape>
                  <String CONTENT="charree de boihin pour son frere Caspar,"
                          HPOS="716"
                          VPOS="2956"
                          WIDTH="1501"
                          HEIGHT="153"/>
               </TextLine>
            </TextBlock>
            <TextBlock HPOS="2313"
                       VPOS="3498"
                       WIDTH="60"
                       HEIGHT="84"
                       ID="eSc_textblock_9f6e866c"
                       TAGREFS="BT371">
               <Shape>
                  <Polygon POINTS="2373 3510 2360 3582 2313 3582 2313 3498"/>
               </Shape>
               <TextLine ID="eSc_line_52885347"
                         BASELINE="2324 3572 2358 3570"
                         HPOS="2313"
                         VPOS="3486"
                         WIDTH="57"
                         HEIGHT="220"
                         TAGREFS="LT118">
                  <Shape>
                     <Polygon POINTS="2323 3570 2313 3489 2348 3486 2357 3566 2370 3697 2338 3706"/>
                  </Shape>
                  <String CONTENT="6" HPOS="2313" VPOS="3486" WIDTH="57" HEIGHT="220"/>
               </TextLine>
            </TextBlock>
         </PrintSpace>
      </Page>
   </Layout>
</alto>
