<alto xmlns:xsi="http://www.w3.org/2001/XMLSchema-instance"
      xmlns="http://www.loc.gov/standards/alto/ns-v4#"
      xsi:schemaLocation="http://www.loc.gov/standards/alto/ns-v4# http://www.loc.gov/standards/alto/v4/alto-4-2.xsd">
   <Description>
      <MeasurementUnit>pixel</MeasurementUnit>
      <sourceImageInformation>
         <fileName>B_168_15-23-5_0003.jpg</fileName>
      </sourceImageInformation>
   </Description>
   <Tags>
      <OtherTag ID="BT365"
                LABEL="MainZone:column"
                DESCRIPTION="block type MainZone:column"/>
      <OtherTag ID="BT367" LABEL="MainZone" DESCRIPTION="block type MainZone"/>
      <OtherTag ID="BT368"
                LABEL="MarginTextZone"
                DESCRIPTION="block type MarginTextZone"/>
      <OtherTag ID="BT369"
                LABEL="MarginTextZone:note"
                DESCRIPTION="block type MarginTextZone:note"/>
      <OtherTag ID="BT370"
                LABEL="NumberingZone:other"
                DESCRIPTION="block type NumberingZone:other"/>
      <OtherTag ID="BT371"
                LABEL="NumberingZone:page"
                DESCRIPTION="block type NumberingZone:page"/>
      <OtherTag ID="BT379"
                LABEL="DecorationZone"
                DESCRIPTION="block type DecorationZone"/>
      <OtherTag ID="BT380"
                LABEL="CustomZone:signature"
                DESCRIPTION="block type CustomZone:signature"/>
      <OtherTag ID="LT118" LABEL="DefaultLine" DESCRIPTION="line type DefaultLine"/>
      <OtherTag ID="LT119" LABEL="HeadingLine" DESCRIPTION="line type HeadingLine"/>
      <OtherTag ID="LT120"
                LABEL="InterlinearLine"
                DESCRIPTION="line type InterlinearLine"/>
   </Tags>
   <Layout>
      <Page WIDTH="2581"
            HEIGHT="3823"
            PHYSICAL_IMG_NR="56"
            ID="eSc_dummypage_">
         <PrintSpace HPOS="0" VPOS="0" WIDTH="2581" HEIGHT="3823">
            <TextBlock HPOS="1424"
                       VPOS="2000"
                       WIDTH="1080"
                       HEIGHT="430"
                       ID="eSc_textblock_ea82e1b7"
                       TAGREFS="BT367">
               <Shape>
                  <Polygon POINTS="2198 2026 2214 2128 2440 2153 2440 2277 2504 2367 1918 2430 1539 2405 1513 2306 1424 2252 1424 2166 1612 2140 1666 2000"/>
               </Shape>
               <TextLine ID="eSc_line_cb40ec8e"
                         BASELINE="1644 2109 2179 2096"
                         HPOS="1634"
                         VPOS="2000"
                         WIDTH="545"
                         HEIGHT="153"
                         TAGREFS="LT118">
                  <Shape>
                     <Polygon POINTS="1644 2109 1634 2010 2169 2000 2179 2096 2179 2118 2071 2140 2067 2140 2001 2128 1988 2128 1975 2131 1911 2153 1908 2153 1905 2153 1641 2147"/>
                  </Shape>
                  <String CONTENT="Reconfessions"
                          HPOS="1634"
                          VPOS="2000"
                          WIDTH="545"
                          HEIGHT="153"/>
               </TextLine>
               <TextLine ID="eSc_line_5b87f6c3"
                         BASELINE="1430 2230 2418 2210"
                         HPOS="1424"
                         VPOS="2115"
                         WIDTH="994"
                         HEIGHT="140"
                         TAGREFS="LT118">
                  <Shape>
                     <Polygon POINTS="1430 2230 1424 2153 1529 2153 1532 2150 1599 2124 1602 2124 1605 2124 1717 2147 1727 2147 1730 2147 1762 2124 1765 2124 1768 2124 1927 2118 1930 2118 2026 2140 2032 2140 2042 2140 2160 2118 2163 2118 2166 2118 2169 2118 2169 2121 2189 2137 2192 2137 2306 2115 2310 2115 2412 2134 2418 2210 2418 2220 2252 2246 2249 2246 2246 2246 2192 2230 2036 2249 2032 2249 2029 2249 1972 2233 1879 2252 1876 2252 1781 2239 1762 2255 1758 2255 1755 2255 1752 2255 1427 2239"/>
                  </Shape>
                  <String CONTENT="Des actes crimes et delictz de"
                          HPOS="1424"
                          VPOS="2115"
                          WIDTH="994"
                          HEIGHT="140"/>
               </TextLine>
               <TextLine ID="eSc_line_08440add"
                         BASELINE="1532 2312 2396 2281"
                         HPOS="1529"
                         VPOS="2210"
                         WIDTH="867"
                         HEIGHT="128"
                         TAGREFS="LT118">
                  <Shape>
                     <Polygon POINTS="1532 2312 1529 2236 2007 2236 2048 2230 2138 2210 2141 2210 2144 2210 2147 2210 2173 2226 2182 2230 2386 2226 2396 2281 2393 2312 2160 2303 2115 2319 2093 2325 2090 2325 2087 2325 2083 2325 2080 2325 2080 2322 2074 2319 2061 2306 1969 2306 1943 2322 1921 2332 1918 2332 1915 2332 1911 2332 1908 2332 1892 2322 1876 2312 1844 2322 1790 2338 1787 2338 1784 2338 1781 2338 1739 2325 1736 2322 1727 2325 1688 2338 1685 2338 1682 2338 1529 2325"/>
                  </Shape>
                  <String CONTENT="Sortilege de Alix vefve"
                          HPOS="1529"
                          VPOS="2210"
                          WIDTH="867"
                          HEIGHT="128"/>
               </TextLine>
               <TextLine ID="eSc_line_2f4d7715"
                         BASELINE="1554 2386 2488 2367"
                         HPOS="1548"
                         VPOS="2296"
                         WIDTH="940"
                         HEIGHT="125"
                         TAGREFS="LT118">
                  <Shape>
                     <Polygon POINTS="1554 2386 1548 2316 2479 2296 2488 2367 2482 2389 2252 2389 2236 2392 2176 2414 2173 2414 2169 2414 2017 2395 1997 2395 1981 2395 1860 2421 1857 2421 1634 2402 1628 2402 1625 2402 1602 2421 1599 2421 1596 2421 1593 2421 1590 2421 1548 2402"/>
                  </Shape>
                  <String CONTENT="George Rossel de Boncourt"
                          HPOS="1548"
                          VPOS="2296"
                          WIDTH="940"
                          HEIGHT="125"/>
               </TextLine>
            </TextBlock>
            <TextBlock HPOS="2359"
                       VPOS="3625"
                       WIDTH="75"
                       HEIGHT="104"
                       ID="eSc_textblock_0fd05bb7"
                       TAGREFS="BT371">
               <Shape>
                  <Polygon POINTS="2359 3625 2359 3729 2434 3729 2434 3625"/>
               </Shape>
               <TextLine ID="eSc_line_9dbb039a"
                         BASELINE="2384 3704 2421 3704"
                         HPOS="2380"
                         VPOS="3619"
                         WIDTH="38"
                         HEIGHT="108"
                         TAGREFS="LT118">
                  <Shape>
                     <Polygon POINTS="2383 3701 2383 3619 2418 3619 2418 3701 2415 3727 2380 3721"/>
                  </Shape>
                  <String CONTENT="4" HPOS="2380" VPOS="3619" WIDTH="38" HEIGHT="108"/>
               </TextLine>
            </TextBlock>
         </PrintSpace>
      </Page>
   </Layout>
</alto>
